
build/debug/BMS-Firmware-RTOS.elf:     file format elf32-littlearm

Sections:
Idx Name          Size      VMA       LMA       File off  Algn
  0 .isr_vector   00000190  08008000  08008000  00001000  2**0
                  CONTENTS, ALLOC, LOAD, READONLY, DATA
  1 .text         00009640  08008190  08008190  00001190  2**4
                  CONTENTS, ALLOC, LOAD, READONLY, CODE
  2 .rodata       00000288  080117d0  080117d0  0000a7d0  2**2
                  CONTENTS, ALLOC, LOAD, READONLY, DATA
  3 .ARM.extab    00000000  08011a58  08011a58  0000b0a8  2**0
                  CONTENTS, READONLY
  4 .ARM          00000000  08011a58  08011a58  0000b0a8  2**0
                  CONTENTS, READONLY
  5 .preinit_array 00000000  08011a58  08011a58  0000b0a8  2**0
                  CONTENTS, ALLOC, LOAD, DATA
  6 .init_array   00000008  08011a58  08011a58  0000aa58  2**2
                  CONTENTS, ALLOC, LOAD, READONLY, DATA
  7 .fini_array   00000008  08011a60  08011a60  0000aa60  2**2
                  CONTENTS, ALLOC, LOAD, READONLY, DATA
  8 .data         000000a8  20000000  08011a68  0000b000  2**3
                  CONTENTS, ALLOC, LOAD, DATA
  9 .bss          000045c0  200000a8  08011b10  0000b0a8  2**2
                  ALLOC
 10 ._user_heap_stack 00000600  20004668  08011b10  0000b668  2**0
                  ALLOC
 11 .ARM.attributes 00000030  00000000  00000000  0000b0a8  2**0
                  CONTENTS, READONLY
 12 .comment      00000039  00000000  00000000  0000b0d8  2**0
                  CONTENTS, READONLY
 13 .debug_info   00032fa7  00000000  00000000  0000b111  2**0
                  CONTENTS, READONLY, DEBUGGING, OCTETS
 14 .debug_abbrev 0000626b  00000000  00000000  0003e0b8  2**0
                  CONTENTS, READONLY, DEBUGGING, OCTETS
 15 .debug_loclists 000197f9  00000000  00000000  00044323  2**0
                  CONTENTS, READONLY, DEBUGGING, OCTETS
 16 .debug_aranges 00002048  00000000  00000000  0005db20  2**3
                  CONTENTS, READONLY, DEBUGGING, OCTETS
 17 .debug_rnglists 00001d2b  00000000  00000000  0005fb68  2**0
                  CONTENTS, READONLY, DEBUGGING, OCTETS
 18 .debug_line   00026b39  00000000  00000000  00061893  2**0
                  CONTENTS, READONLY, DEBUGGING, OCTETS
 19 .debug_str    0000b6f2  00000000  00000000  000883cc  2**0
                  CONTENTS, READONLY, DEBUGGING, OCTETS
 20 .debug_frame  00005c3c  00000000  00000000  00093ac0  2**2
                  CONTENTS, READONLY, DEBUGGING, OCTETS
 21 .debug_line_str 00000041  00000000  00000000  000996fc  2**0
                  CONTENTS, READONLY, DEBUGGING, OCTETS

Disassembly of section .text:

08008190 <__do_global_dtors_aux>:
 8008190:	b510      	push	{r4, lr}
 8008192:	4c05      	ldr	r4, [pc, #20]	@ (80081a8 <__do_global_dtors_aux+0x18>)
 8008194:	7823      	ldrb	r3, [r4, #0]
 8008196:	b933      	cbnz	r3, 80081a6 <__do_global_dtors_aux+0x16>
 8008198:	4b04      	ldr	r3, [pc, #16]	@ (80081ac <__do_global_dtors_aux+0x1c>)
 800819a:	b113      	cbz	r3, 80081a2 <__do_global_dtors_aux+0x12>
 800819c:	4804      	ldr	r0, [pc, #16]	@ (80081b0 <__do_global_dtors_aux+0x20>)
 800819e:	f3af 8000 	nop.w
 80081a2:	2301      	movs	r3, #1
 80081a4:	7023      	strb	r3, [r4, #0]
 80081a6:	bd10      	pop	{r4, pc}
 80081a8:	200000a8 	.word	0x200000a8
 80081ac:	00000000 	.word	0x00000000
 80081b0:	080117b8 	.word	0x080117b8

080081b4 <frame_dummy>:
 80081b4:	b508      	push	{r3, lr}
 80081b6:	4b03      	ldr	r3, [pc, #12]	@ (80081c4 <frame_dummy+0x10>)
 80081b8:	b11b      	cbz	r3, 80081c2 <frame_dummy+0xe>
 80081ba:	4903      	ldr	r1, [pc, #12]	@ (80081c8 <frame_dummy+0x14>)
 80081bc:	4803      	ldr	r0, [pc, #12]	@ (80081cc <frame_dummy+0x18>)
 80081be:	f3af 8000 	nop.w
 80081c2:	bd08      	pop	{r3, pc}
 80081c4:	00000000 	.word	0x00000000
 80081c8:	200000ac 	.word	0x200000ac
 80081cc:	080117b8 	.word	0x080117b8

080081d0 <CountBits>:

/**
  * @brief  Count number of set bits in a 16-bit value
  */
static uint8_t CountBits(uint16_t value)
{
 80081d0:	4603      	mov	r3, r0
    uint8_t count = 0;
 80081d2:	2000      	movs	r0, #0
    while (value) {
 80081d4:	e004      	b.n	80081e0 <CountBits+0x10>
        count += value & 1;
 80081d6:	f003 0201 	and.w	r2, r3, #1
 80081da:	4410      	add	r0, r2
 80081dc:	b2c0      	uxtb	r0, r0
        value >>= 1;
 80081de:	085b      	lsrs	r3, r3, #1
    while (value) {
 80081e0:	2b00      	cmp	r3, #0
 80081e2:	d1f8      	bne.n	80081d6 <CountBits+0x6>
    }
    return count;
}
 80081e4:	4770      	bx	lr

080081e6 <SelectCellsToBalance>:
  * @param  max_cells: Maximum number of cells to select
  * @retval uint16_t: Bitmask of cells to balance (bit 0 = cell 1)
  */
static uint16_t SelectCellsToBalance(uint16_t *voltages, uint8_t num_cells, 
                                      uint16_t target_mv, uint8_t max_cells)
{
 80081e6:	b570      	push	{r4, r5, r6, lr}
 80081e8:	b08a      	sub	sp, #40	@ 0x28
 80081ea:	461c      	mov	r4, r3
    
    CellInfo_t candidates[BALANCE_MAX_CELLS_PER_CHIP];  // Max 9 cells per chip
    uint8_t candidate_count = 0;
    
    // Find all cells above target voltage
    for (uint8_t i = 0; i < num_cells && i < BALANCE_MAX_CELLS_PER_CHIP; i++) {
 80081ec:	2300      	movs	r3, #0
    uint8_t candidate_count = 0;
 80081ee:	469e      	mov	lr, r3
    for (uint8_t i = 0; i < num_cells && i < BALANCE_MAX_CELLS_PER_CHIP; i++) {
 80081f0:	e001      	b.n	80081f6 <SelectCellsToBalance+0x10>
 80081f2:	3301      	adds	r3, #1
 80081f4:	b2db      	uxtb	r3, r3
 80081f6:	428b      	cmp	r3, r1
 80081f8:	d23a      	bcs.n	8008270 <SelectCellsToBalance+0x8a>
 80081fa:	2b08      	cmp	r3, #8
 80081fc:	d80f      	bhi.n	800821e <SelectCellsToBalance+0x38>
        if (voltages[i] > target_mv) {
 80081fe:	f830 5013 	ldrh.w	r5, [r0, r3, lsl #1]
 8008202:	4295      	cmp	r5, r2
 8008204:	d9f5      	bls.n	80081f2 <SelectCellsToBalance+0xc>
            candidates[candidate_count].index = i;
 8008206:	ae0a      	add	r6, sp, #40	@ 0x28
 8008208:	eb06 068e 	add.w	r6, r6, lr, lsl #2
 800820c:	f806 3c24 	strb.w	r3, [r6, #-36]
            candidates[candidate_count].voltage = voltages[i];
 8008210:	f826 5c22 	strh.w	r5, [r6, #-34]
            candidate_count++;
 8008214:	f10e 0e01 	add.w	lr, lr, #1
 8008218:	fa5f fe8e 	uxtb.w	lr, lr
 800821c:	e7e9      	b.n	80081f2 <SelectCellsToBalance+0xc>
 800821e:	f04f 0c00 	mov.w	ip, #0
 8008222:	e01e      	b.n	8008262 <SelectCellsToBalance+0x7c>
        }
    }
    
    // Sort candidates by voltage (descending) - simple bubble sort
    for (uint8_t i = 0; i < candidate_count; i++) {
        for (uint8_t j = i + 1; j < candidate_count; j++) {
 8008224:	3201      	adds	r2, #1
 8008226:	b2d2      	uxtb	r2, r2
 8008228:	4596      	cmp	lr, r2
 800822a:	d919      	bls.n	8008260 <SelectCellsToBalance+0x7a>
            if (candidates[j].voltage > candidates[i].voltage) {
 800822c:	ab0a      	add	r3, sp, #40	@ 0x28
 800822e:	eb03 0182 	add.w	r1, r3, r2, lsl #2
 8008232:	f831 0c22 	ldrh.w	r0, [r1, #-34]
 8008236:	eb03 018c 	add.w	r1, r3, ip, lsl #2
 800823a:	f831 1c22 	ldrh.w	r1, [r1, #-34]
 800823e:	4288      	cmp	r0, r1
 8008240:	d9f0      	bls.n	8008224 <SelectCellsToBalance+0x3e>
                CellInfo_t temp = candidates[i];
 8008242:	eb03 038c 	add.w	r3, r3, ip, lsl #2
 8008246:	f853 0c24 	ldr.w	r0, [r3, #-36]
 800824a:	9000      	str	r0, [sp, #0]
                candidates[i] = candidates[j];
 800824c:	a90a      	add	r1, sp, #40	@ 0x28
 800824e:	eb01 0182 	add.w	r1, r1, r2, lsl #2
 8008252:	f851 6c24 	ldr.w	r6, [r1, #-36]
 8008256:	f843 6c24 	str.w	r6, [r3, #-36]
                candidates[j] = temp;
 800825a:	f841 0c24 	str.w	r0, [r1, #-36]
 800825e:	e7e1      	b.n	8008224 <SelectCellsToBalance+0x3e>
    for (uint8_t i = 0; i < candidate_count; i++) {
 8008260:	46ac      	mov	ip, r5
 8008262:	45e6      	cmp	lr, ip
 8008264:	d907      	bls.n	8008276 <SelectCellsToBalance+0x90>
        for (uint8_t j = i + 1; j < candidate_count; j++) {
 8008266:	f10c 0501 	add.w	r5, ip, #1
 800826a:	b2ed      	uxtb	r5, r5
 800826c:	462a      	mov	r2, r5
 800826e:	e7db      	b.n	8008228 <SelectCellsToBalance+0x42>
 8008270:	f04f 0c00 	mov.w	ip, #0
 8008274:	e7f5      	b.n	8008262 <SelectCellsToBalance+0x7c>
        }
    }
    
    // Select cells with spacing (try to avoid adjacent)
    // First pass: select non-adjacent cells
    for (uint8_t i = 0; i < candidate_count && selected_count < max_cells; i++) {
 8008276:	2200      	movs	r2, #0
    uint8_t selected_count = 0;
 8008278:	4615      	mov	r5, r2
    uint16_t cell_mask = 0;
 800827a:	4610      	mov	r0, r2
 800827c:	e012      	b.n	80082a4 <SelectCellsToBalance+0xbe>
        uint8_t cell_idx = candidates[i].index;
        
        // Check if this would create adjacent balancing
        bool has_adjacent = false;
        if (cell_idx > 0 && (cell_mask & (1 << (cell_idx - 1)))) {
            has_adjacent = true;
 800827e:	2601      	movs	r6, #1
 8008280:	e022      	b.n	80082c8 <SelectCellsToBalance+0xe2>
        bool has_adjacent = false;
 8008282:	2600      	movs	r6, #0
        }
        if (cell_idx < (BALANCE_MAX_CELLS_PER_CHIP - 1) && (cell_mask & (1 << (cell_idx + 1)))) {
 8008284:	1c59      	adds	r1, r3, #1
 8008286:	fa40 f101 	asr.w	r1, r0, r1
 800828a:	f011 0f01 	tst.w	r1, #1
 800828e:	d107      	bne.n	80082a0 <SelectCellsToBalance+0xba>
            has_adjacent = true;
        }
        
        // Skip if adjacent (first pass)
        if (!has_adjacent) {
 8008290:	b936      	cbnz	r6, 80082a0 <SelectCellsToBalance+0xba>
            cell_mask |= (1 << cell_idx);
 8008292:	2101      	movs	r1, #1
 8008294:	fa01 f303 	lsl.w	r3, r1, r3
 8008298:	4303      	orrs	r3, r0
 800829a:	b298      	uxth	r0, r3
            selected_count++;
 800829c:	440d      	add	r5, r1
 800829e:	b2ed      	uxtb	r5, r5
    for (uint8_t i = 0; i < candidate_count && selected_count < max_cells; i++) {
 80082a0:	3201      	adds	r2, #1
 80082a2:	b2d2      	uxtb	r2, r2
 80082a4:	4596      	cmp	lr, r2
 80082a6:	d912      	bls.n	80082ce <SelectCellsToBalance+0xe8>
 80082a8:	42a5      	cmp	r5, r4
 80082aa:	d210      	bcs.n	80082ce <SelectCellsToBalance+0xe8>
        uint8_t cell_idx = candidates[i].index;
 80082ac:	ab0a      	add	r3, sp, #40	@ 0x28
 80082ae:	eb03 0382 	add.w	r3, r3, r2, lsl #2
 80082b2:	f813 3c24 	ldrb.w	r3, [r3, #-36]
        if (cell_idx > 0 && (cell_mask & (1 << (cell_idx - 1)))) {
 80082b6:	2b00      	cmp	r3, #0
 80082b8:	d0e3      	beq.n	8008282 <SelectCellsToBalance+0x9c>
 80082ba:	1e59      	subs	r1, r3, #1
 80082bc:	fa40 f101 	asr.w	r1, r0, r1
 80082c0:	f011 0f01 	tst.w	r1, #1
 80082c4:	d1db      	bne.n	800827e <SelectCellsToBalance+0x98>
        bool has_adjacent = false;
 80082c6:	2600      	movs	r6, #0
        if (cell_idx < (BALANCE_MAX_CELLS_PER_CHIP - 1) && (cell_mask & (1 << (cell_idx + 1)))) {
 80082c8:	2b07      	cmp	r3, #7
 80082ca:	d8e1      	bhi.n	8008290 <SelectCellsToBalance+0xaa>
 80082cc:	e7da      	b.n	8008284 <SelectCellsToBalance+0x9e>
        }
    }
    
    // Second pass: if we haven't selected enough, allow adjacent
    if (selected_count < max_cells) {
 80082ce:	42a5      	cmp	r5, r4
 80082d0:	d318      	bcc.n	8008304 <SelectCellsToBalance+0x11e>
            selected_count++;
        }
    }
    
    return cell_mask;
}
 80082d2:	b00a      	add	sp, #40	@ 0x28
 80082d4:	bd70      	pop	{r4, r5, r6, pc}
        for (uint8_t i = 0; i < candidate_count && selected_count < max_cells; i++) {
 80082d6:	3301      	adds	r3, #1
 80082d8:	b2db      	uxtb	r3, r3
 80082da:	459e      	cmp	lr, r3
 80082dc:	d9f9      	bls.n	80082d2 <SelectCellsToBalance+0xec>
 80082de:	42a5      	cmp	r5, r4
 80082e0:	d2f7      	bcs.n	80082d2 <SelectCellsToBalance+0xec>
            uint8_t cell_idx = candidates[i].index;
 80082e2:	aa0a      	add	r2, sp, #40	@ 0x28
 80082e4:	eb02 0283 	add.w	r2, r2, r3, lsl #2
 80082e8:	f812 1c24 	ldrb.w	r1, [r2, #-36]
            if (cell_mask & (1 << cell_idx)) {
 80082ec:	fa40 f201 	asr.w	r2, r0, r1
 80082f0:	f012 0f01 	tst.w	r2, #1
 80082f4:	d1ef      	bne.n	80082d6 <SelectCellsToBalance+0xf0>
            cell_mask |= (1 << cell_idx);
 80082f6:	2201      	movs	r2, #1
 80082f8:	408a      	lsls	r2, r1
 80082fa:	4302      	orrs	r2, r0
 80082fc:	b290      	uxth	r0, r2
            selected_count++;
 80082fe:	3501      	adds	r5, #1
 8008300:	b2ed      	uxtb	r5, r5
 8008302:	e7e8      	b.n	80082d6 <SelectCellsToBalance+0xf0>
        for (uint8_t i = 0; i < candidate_count && selected_count < max_cells; i++) {
 8008304:	2300      	movs	r3, #0
 8008306:	e7e8      	b.n	80082da <SelectCellsToBalance+0xf4>

08008308 <BalanceMgr_Init>:
{
 8008308:	b508      	push	{r3, lr}
    last_balance_cmd_tick = 0;
 800830a:	2300      	movs	r3, #0
 800830c:	4a11      	ldr	r2, [pc, #68]	@ (8008354 <BalanceMgr_Init+0x4c>)
 800830e:	6013      	str	r3, [r2, #0]
    last_balance_cfg_tick = 0;
 8008310:	4a11      	ldr	r2, [pc, #68]	@ (8008358 <BalanceMgr_Init+0x50>)
 8008312:	6013      	str	r3, [r2, #0]
    last_reevaluate_tick = 0;
 8008314:	4a11      	ldr	r2, [pc, #68]	@ (800835c <BalanceMgr_Init+0x54>)
 8008316:	6013      	str	r3, [r2, #0]
    last_refresh_tick = 0;
 8008318:	4a11      	ldr	r2, [pc, #68]	@ (8008360 <BalanceMgr_Init+0x58>)
 800831a:	6013      	str	r3, [r2, #0]
    last_status_tick = 0;
 800831c:	4a11      	ldr	r2, [pc, #68]	@ (8008364 <BalanceMgr_Init+0x5c>)
 800831e:	6013      	str	r3, [r2, #0]
    balance_timeout_active = false;
 8008320:	4a11      	ldr	r2, [pc, #68]	@ (8008368 <BalanceMgr_Init+0x60>)
 8008322:	7013      	strb	r3, [r2, #0]
    config_received = false;
 8008324:	4a11      	ldr	r2, [pc, #68]	@ (800836c <BalanceMgr_Init+0x64>)
 8008326:	7013      	strb	r3, [r2, #0]
    balance_config.target_voltage_mv = BALANCE_DEFAULT_TARGET_MV;
 8008328:	4a11      	ldr	r2, [pc, #68]	@ (8008370 <BalanceMgr_Init+0x68>)
 800832a:	f640 51ac 	movw	r1, #3500	@ 0xdac
 800832e:	8011      	strh	r1, [r2, #0]
    balance_config.max_cells_per_chip = BALANCE_DEFAULT_MAX_CELLS;
 8008330:	2104      	movs	r1, #4
 8008332:	7091      	strb	r1, [r2, #2]
    balance_config.config_valid = false;
 8008334:	7213      	strb	r3, [r2, #8]
    memset(&balance_status, 0, sizeof(Balance_Status_t));
 8008336:	4a0f      	ldr	r2, [pc, #60]	@ (8008374 <BalanceMgr_Init+0x6c>)
 8008338:	6013      	str	r3, [r2, #0]
 800833a:	6053      	str	r3, [r2, #4]
 800833c:	6093      	str	r3, [r2, #8]
 800833e:	8193      	strh	r3, [r2, #12]
    balance_mutex = osMutexNew(&balance_mutex_attributes);
 8008340:	480d      	ldr	r0, [pc, #52]	@ (8008378 <BalanceMgr_Init+0x70>)
 8008342:	f002 f98b 	bl	800a65c <osMutexNew>
 8008346:	4b0d      	ldr	r3, [pc, #52]	@ (800837c <BalanceMgr_Init+0x74>)
 8008348:	6018      	str	r0, [r3, #0]
    if (balance_mutex == NULL) {
 800834a:	b108      	cbz	r0, 8008350 <BalanceMgr_Init+0x48>
    return HAL_OK;
 800834c:	2000      	movs	r0, #0
}
 800834e:	bd08      	pop	{r3, pc}
        return HAL_ERROR;
 8008350:	2001      	movs	r0, #1
 8008352:	e7fc      	b.n	800834e <BalanceMgr_Init+0x46>
 8008354:	200000e8 	.word	0x200000e8
 8008358:	200000e4 	.word	0x200000e4
 800835c:	200000e0 	.word	0x200000e0
 8008360:	200000dc 	.word	0x200000dc
 8008364:	200000d8 	.word	0x200000d8
 8008368:	200000d7 	.word	0x200000d7
 800836c:	200000d6 	.word	0x200000d6
 8008370:	20000000 	.word	0x20000000
 8008374:	200000c8 	.word	0x200000c8
 8008378:	080118d8 	.word	0x080118d8
 800837c:	200000c4 	.word	0x200000c4

08008380 <BalanceMgr_ProcessCommand>:
{
 8008380:	b510      	push	{r4, lr}
    if (osMutexAcquire(balance_mutex, osWaitForever) != osOK) {
 8008382:	f04f 31ff 	mov.w	r1, #4294967295
 8008386:	4b20      	ldr	r3, [pc, #128]	@ (8008408 <BalanceMgr_ProcessCommand+0x88>)
 8008388:	6818      	ldr	r0, [r3, #0]
 800838a:	f002 f9b2 	bl	800a6f2 <osMutexAcquire>
 800838e:	b110      	cbz	r0, 8008396 <BalanceMgr_ProcessCommand+0x16>
        return BALANCE_STATUS_FAULT;
 8008390:	2401      	movs	r4, #1
}
 8008392:	4620      	mov	r0, r4
 8008394:	bd10      	pop	{r4, pc}
    if (ErrorMgr_HasErrors()) {
 8008396:	f002 ff23 	bl	800b1e0 <ErrorMgr_HasErrors>
 800839a:	b968      	cbnz	r0, 80083b8 <BalanceMgr_ProcessCommand+0x38>
    current_state = StateMachine_GetState();
 800839c:	f004 fb4a 	bl	800ca34 <StateMachine_GetState>
    if (current_state == BMS_STATE_BALANCING) {
 80083a0:	2804      	cmp	r0, #4
 80083a2:	d00f      	beq.n	80083c4 <BalanceMgr_ProcessCommand+0x44>
    else if (current_state == BMS_STATE_IDLE || current_state == BMS_STATE_CHARGING) {
 80083a4:	3801      	subs	r0, #1
 80083a6:	b2c0      	uxtb	r0, r0
 80083a8:	2801      	cmp	r0, #1
 80083aa:	d914      	bls.n	80083d6 <BalanceMgr_ProcessCommand+0x56>
        status = BALANCE_STATUS_WRONG_STATE;
 80083ac:	2402      	movs	r4, #2
    osMutexRelease(balance_mutex);
 80083ae:	4b16      	ldr	r3, [pc, #88]	@ (8008408 <BalanceMgr_ProcessCommand+0x88>)
 80083b0:	6818      	ldr	r0, [r3, #0]
 80083b2:	f002 f9cd 	bl	800a750 <osMutexRelease>
    return status;
 80083b6:	e7ec      	b.n	8008392 <BalanceMgr_ProcessCommand+0x12>
        osMutexRelease(balance_mutex);
 80083b8:	4b13      	ldr	r3, [pc, #76]	@ (8008408 <BalanceMgr_ProcessCommand+0x88>)
 80083ba:	6818      	ldr	r0, [r3, #0]
 80083bc:	f002 f9c8 	bl	800a750 <osMutexRelease>
        return BALANCE_STATUS_FAULT;
 80083c0:	2401      	movs	r4, #1
 80083c2:	e7e6      	b.n	8008392 <BalanceMgr_ProcessCommand+0x12>
        last_balance_cmd_tick = osKernelGetTickCount();
 80083c4:	f002 f8d8 	bl	800a578 <osKernelGetTickCount>
 80083c8:	4b10      	ldr	r3, [pc, #64]	@ (800840c <BalanceMgr_ProcessCommand+0x8c>)
 80083ca:	6018      	str	r0, [r3, #0]
        balance_timeout_active = true;
 80083cc:	4b10      	ldr	r3, [pc, #64]	@ (8008410 <BalanceMgr_ProcessCommand+0x90>)
 80083ce:	2201      	movs	r2, #1
 80083d0:	701a      	strb	r2, [r3, #0]
        status = BALANCE_STATUS_SUCCESS;
 80083d2:	2400      	movs	r4, #0
 80083d4:	e7eb      	b.n	80083ae <BalanceMgr_ProcessCommand+0x2e>
        BQ_ConfigureBalancingSpeed(&hi2c1, BQ76952_I2C_ADDR_BMS1);
 80083d6:	2108      	movs	r1, #8
 80083d8:	480e      	ldr	r0, [pc, #56]	@ (8008414 <BalanceMgr_ProcessCommand+0x94>)
 80083da:	f001 f8d5 	bl	8009588 <BQ_ConfigureBalancingSpeed>
        BQ_ConfigureBalancingSpeed(&hi2c3, BQ76952_I2C_ADDR_BMS2);
 80083de:	2108      	movs	r1, #8
 80083e0:	480d      	ldr	r0, [pc, #52]	@ (8008418 <BalanceMgr_ProcessCommand+0x98>)
 80083e2:	f001 f8d1 	bl	8009588 <BQ_ConfigureBalancingSpeed>
        StateMachine_SetState(BMS_STATE_BALANCING);
 80083e6:	2004      	movs	r0, #4
 80083e8:	f004 fb00 	bl	800c9ec <StateMachine_SetState>
        last_balance_cmd_tick = osKernelGetTickCount();
 80083ec:	f002 f8c4 	bl	800a578 <osKernelGetTickCount>
 80083f0:	4b06      	ldr	r3, [pc, #24]	@ (800840c <BalanceMgr_ProcessCommand+0x8c>)
 80083f2:	6018      	str	r0, [r3, #0]
        last_reevaluate_tick = 0;  // Force immediate evaluation
 80083f4:	2400      	movs	r4, #0
 80083f6:	4b09      	ldr	r3, [pc, #36]	@ (800841c <BalanceMgr_ProcessCommand+0x9c>)
 80083f8:	601c      	str	r4, [r3, #0]
        last_refresh_tick = 0;     // Force immediate refresh
 80083fa:	4b09      	ldr	r3, [pc, #36]	@ (8008420 <BalanceMgr_ProcessCommand+0xa0>)
 80083fc:	601c      	str	r4, [r3, #0]
        balance_timeout_active = true;
 80083fe:	4b04      	ldr	r3, [pc, #16]	@ (8008410 <BalanceMgr_ProcessCommand+0x90>)
 8008400:	2201      	movs	r2, #1
 8008402:	701a      	strb	r2, [r3, #0]
        status = BALANCE_STATUS_SUCCESS;
 8008404:	e7d3      	b.n	80083ae <BalanceMgr_ProcessCommand+0x2e>
 8008406:	bf00      	nop
 8008408:	200000c4 	.word	0x200000c4
 800840c:	200000e8 	.word	0x200000e8
 8008410:	200000d7 	.word	0x200000d7
 8008414:	20003d60 	.word	0x20003d60
 8008418:	20003d0c 	.word	0x20003d0c
 800841c:	200000e0 	.word	0x200000e0
 8008420:	200000dc 	.word	0x200000dc

08008424 <BalanceMgr_ProcessConfig>:
{
 8008424:	b5f8      	push	{r3, r4, r5, r6, r7, lr}
 8008426:	4607      	mov	r7, r0
 8008428:	460c      	mov	r4, r1
    if (osMutexAcquire(balance_mutex, osWaitForever) != osOK) {
 800842a:	f04f 31ff 	mov.w	r1, #4294967295
 800842e:	4b1a      	ldr	r3, [pc, #104]	@ (8008498 <BalanceMgr_ProcessConfig+0x74>)
 8008430:	6818      	ldr	r0, [r3, #0]
 8008432:	f002 f95e 	bl	800a6f2 <osMutexAcquire>
 8008436:	bb68      	cbnz	r0, 8008494 <BalanceMgr_ProcessConfig+0x70>
 8008438:	4603      	mov	r3, r0
    if (max_cells_per_chip == 0) {
 800843a:	b11c      	cbz	r4, 8008444 <BalanceMgr_ProcessConfig+0x20>
    } else if (max_cells_per_chip > BALANCE_MAX_CELLS_PER_CHIP) {
 800843c:	2c09      	cmp	r4, #9
 800843e:	d902      	bls.n	8008446 <BalanceMgr_ProcessConfig+0x22>
        max_cells_per_chip = BALANCE_MAX_CELLS_PER_CHIP;
 8008440:	2409      	movs	r4, #9
 8008442:	e000      	b.n	8008446 <BalanceMgr_ProcessConfig+0x22>
        max_cells_per_chip = 1;
 8008444:	2401      	movs	r4, #1
    bool config_changed = (balance_config.target_voltage_mv != target_voltage_mv) ||
 8008446:	4a15      	ldr	r2, [pc, #84]	@ (800849c <BalanceMgr_ProcessConfig+0x78>)
 8008448:	8812      	ldrh	r2, [r2, #0]
                          (balance_config.max_cells_per_chip != max_cells_per_chip) ||
 800844a:	42ba      	cmp	r2, r7
 800844c:	d016      	beq.n	800847c <BalanceMgr_ProcessConfig+0x58>
 800844e:	2301      	movs	r3, #1
    bool config_changed = (balance_config.target_voltage_mv != target_voltage_mv) ||
 8008450:	f003 0501 	and.w	r5, r3, #1
    balance_config.target_voltage_mv = target_voltage_mv;
 8008454:	4e11      	ldr	r6, [pc, #68]	@ (800849c <BalanceMgr_ProcessConfig+0x78>)
 8008456:	8037      	strh	r7, [r6, #0]
    balance_config.max_cells_per_chip = max_cells_per_chip;
 8008458:	70b4      	strb	r4, [r6, #2]
    balance_config.last_config_tick = osKernelGetTickCount();
 800845a:	f002 f88d 	bl	800a578 <osKernelGetTickCount>
 800845e:	6070      	str	r0, [r6, #4]
    balance_config.config_valid = true;
 8008460:	2301      	movs	r3, #1
 8008462:	7233      	strb	r3, [r6, #8]
    config_received = true;
 8008464:	4a0e      	ldr	r2, [pc, #56]	@ (80084a0 <BalanceMgr_ProcessConfig+0x7c>)
 8008466:	7013      	strb	r3, [r2, #0]
    if (config_changed) {
 8008468:	b115      	cbz	r5, 8008470 <BalanceMgr_ProcessConfig+0x4c>
        last_reevaluate_tick = 0;
 800846a:	4b0e      	ldr	r3, [pc, #56]	@ (80084a4 <BalanceMgr_ProcessConfig+0x80>)
 800846c:	2200      	movs	r2, #0
 800846e:	601a      	str	r2, [r3, #0]
    osMutexRelease(balance_mutex);
 8008470:	4b09      	ldr	r3, [pc, #36]	@ (8008498 <BalanceMgr_ProcessConfig+0x74>)
 8008472:	6818      	ldr	r0, [r3, #0]
 8008474:	f002 f96c 	bl	800a750 <osMutexRelease>
    return BALANCE_STATUS_SUCCESS;
 8008478:	2000      	movs	r0, #0
}
 800847a:	bdf8      	pop	{r3, r4, r5, r6, r7, pc}
                          (balance_config.max_cells_per_chip != max_cells_per_chip) ||
 800847c:	4a07      	ldr	r2, [pc, #28]	@ (800849c <BalanceMgr_ProcessConfig+0x78>)
 800847e:	7892      	ldrb	r2, [r2, #2]
    bool config_changed = (balance_config.target_voltage_mv != target_voltage_mv) ||
 8008480:	42a2      	cmp	r2, r4
 8008482:	d001      	beq.n	8008488 <BalanceMgr_ProcessConfig+0x64>
                          (balance_config.max_cells_per_chip != max_cells_per_chip) ||
 8008484:	2301      	movs	r3, #1
 8008486:	e7e3      	b.n	8008450 <BalanceMgr_ProcessConfig+0x2c>
                          (!balance_config.config_valid);
 8008488:	4a04      	ldr	r2, [pc, #16]	@ (800849c <BalanceMgr_ProcessConfig+0x78>)
 800848a:	7a12      	ldrb	r2, [r2, #8]
                          (balance_config.max_cells_per_chip != max_cells_per_chip) ||
 800848c:	2a00      	cmp	r2, #0
 800848e:	d1df      	bne.n	8008450 <BalanceMgr_ProcessConfig+0x2c>
 8008490:	2301      	movs	r3, #1
 8008492:	e7dd      	b.n	8008450 <BalanceMgr_ProcessConfig+0x2c>
        return BALANCE_STATUS_FAULT;
 8008494:	2001      	movs	r0, #1
 8008496:	e7f0      	b.n	800847a <BalanceMgr_ProcessConfig+0x56>
 8008498:	200000c4 	.word	0x200000c4
 800849c:	20000000 	.word	0x20000000
 80084a0:	200000d6 	.word	0x200000d6
 80084a4:	200000e0 	.word	0x200000e0

080084a8 <BalanceMgr_Execute>:
  *         Re-evaluates cell selection every 40 seconds
  *         Refreshes CB_ACTIVE_CELLS command every 5 seconds to prevent BQ76952 timeout
  * @retval None
  */
void BalanceMgr_Execute(void)
{
 80084a8:	b570      	push	{r4, r5, r6, lr}
 80084aa:	b08e      	sub	sp, #56	@ 0x38
    if (StateMachine_GetState() != BMS_STATE_BALANCING) {
 80084ac:	f004 fac2 	bl	800ca34 <StateMachine_GetState>
 80084b0:	2804      	cmp	r0, #4
 80084b2:	d001      	beq.n	80084b8 <BalanceMgr_Execute+0x10>
    balance_status.max_cells_per_chip = balance_config.max_cells_per_chip;
    balance_status.bms1_ic_temp = BQ_GetBMS1InternalTemp();
    balance_status.bms2_ic_temp = BQ_GetBMS2InternalTemp();
    
    osMutexRelease(balance_mutex);
}
 80084b4:	b00e      	add	sp, #56	@ 0x38
 80084b6:	bd70      	pop	{r4, r5, r6, pc}
    if (osMutexAcquire(balance_mutex, osWaitForever) != osOK) {
 80084b8:	f04f 31ff 	mov.w	r1, #4294967295
 80084bc:	4b43      	ldr	r3, [pc, #268]	@ (80085cc <BalanceMgr_Execute+0x124>)
 80084be:	6818      	ldr	r0, [r3, #0]
 80084c0:	f002 f917 	bl	800a6f2 <osMutexAcquire>
 80084c4:	2800      	cmp	r0, #0
 80084c6:	d1f5      	bne.n	80084b4 <BalanceMgr_Execute+0xc>
    uint32_t current_tick = osKernelGetTickCount();
 80084c8:	f002 f856 	bl	800a578 <osKernelGetTickCount>
 80084cc:	4604      	mov	r4, r0
    if (!balance_config.config_valid) {
 80084ce:	4b40      	ldr	r3, [pc, #256]	@ (80085d0 <BalanceMgr_Execute+0x128>)
 80084d0:	7a1b      	ldrb	r3, [r3, #8]
 80084d2:	b14b      	cbz	r3, 80084e8 <BalanceMgr_Execute+0x40>
    if (last_reevaluate_tick == 0) {
 80084d4:	4a3f      	ldr	r2, [pc, #252]	@ (80085d4 <BalanceMgr_Execute+0x12c>)
 80084d6:	6812      	ldr	r2, [r2, #0]
 80084d8:	b15a      	cbz	r2, 80084f2 <BalanceMgr_Execute+0x4a>
        uint32_t elapsed = current_tick - last_reevaluate_tick;
 80084da:	1a82      	subs	r2, r0, r2
        if (elapsed >= BALANCE_REEVALUATE_MS) {
 80084dc:	f649 413f 	movw	r1, #39999	@ 0x9c3f
 80084e0:	428a      	cmp	r2, r1
 80084e2:	d824      	bhi.n	800852e <BalanceMgr_Execute+0x86>
    bool should_evaluate = false;
 80084e4:	2100      	movs	r1, #0
 80084e6:	e005      	b.n	80084f4 <BalanceMgr_Execute+0x4c>
        osMutexRelease(balance_mutex);
 80084e8:	4b38      	ldr	r3, [pc, #224]	@ (80085cc <BalanceMgr_Execute+0x124>)
 80084ea:	6818      	ldr	r0, [r3, #0]
 80084ec:	f002 f930 	bl	800a750 <osMutexRelease>
        return;
 80084f0:	e7e0      	b.n	80084b4 <BalanceMgr_Execute+0xc>
        should_evaluate = true;  // First run
 80084f2:	4619      	mov	r1, r3
    if (last_refresh_tick == 0) {
 80084f4:	4a38      	ldr	r2, [pc, #224]	@ (80085d8 <BalanceMgr_Execute+0x130>)
 80084f6:	6812      	ldr	r2, [r2, #0]
 80084f8:	b12a      	cbz	r2, 8008506 <BalanceMgr_Execute+0x5e>
        uint32_t elapsed = current_tick - last_refresh_tick;
 80084fa:	1aa2      	subs	r2, r4, r2
        if (elapsed >= BALANCE_REFRESH_MS) {
 80084fc:	f241 3087 	movw	r0, #4999	@ 0x1387
 8008500:	4282      	cmp	r2, r0
 8008502:	d800      	bhi.n	8008506 <BalanceMgr_Execute+0x5e>
    bool should_refresh = false;
 8008504:	2300      	movs	r3, #0
    if (should_evaluate) {
 8008506:	b9a1      	cbnz	r1, 8008532 <BalanceMgr_Execute+0x8a>
    else if (should_refresh) {
 8008508:	2b00      	cmp	r3, #0
 800850a:	d151      	bne.n	80085b0 <BalanceMgr_Execute+0x108>
    balance_status.target_voltage_mv = balance_config.target_voltage_mv;
 800850c:	4b30      	ldr	r3, [pc, #192]	@ (80085d0 <BalanceMgr_Execute+0x128>)
 800850e:	881a      	ldrh	r2, [r3, #0]
 8008510:	4c32      	ldr	r4, [pc, #200]	@ (80085dc <BalanceMgr_Execute+0x134>)
 8008512:	8022      	strh	r2, [r4, #0]
    balance_status.max_cells_per_chip = balance_config.max_cells_per_chip;
 8008514:	789b      	ldrb	r3, [r3, #2]
 8008516:	70a3      	strb	r3, [r4, #2]
    balance_status.bms1_ic_temp = BQ_GetBMS1InternalTemp();
 8008518:	f001 f812 	bl	8009540 <BQ_GetBMS1InternalTemp>
 800851c:	8120      	strh	r0, [r4, #8]
    balance_status.bms2_ic_temp = BQ_GetBMS2InternalTemp();
 800851e:	f001 f815 	bl	800954c <BQ_GetBMS2InternalTemp>
 8008522:	8160      	strh	r0, [r4, #10]
    osMutexRelease(balance_mutex);
 8008524:	4b29      	ldr	r3, [pc, #164]	@ (80085cc <BalanceMgr_Execute+0x124>)
 8008526:	6818      	ldr	r0, [r3, #0]
 8008528:	f002 f912 	bl	800a750 <osMutexRelease>
 800852c:	e7c2      	b.n	80084b4 <BalanceMgr_Execute+0xc>
            should_evaluate = true;
 800852e:	4619      	mov	r1, r3
 8008530:	e7e0      	b.n	80084f4 <BalanceMgr_Execute+0x4c>
        if (BQ_GetData(&bms1_data) == HAL_OK && bms1_data.valid) {
 8008532:	4668      	mov	r0, sp
 8008534:	f000 fc0c 	bl	8008d50 <BQ_GetData>
 8008538:	b910      	cbnz	r0, 8008540 <BalanceMgr_Execute+0x98>
 800853a:	f89d 3018 	ldrb.w	r3, [sp, #24]
 800853e:	b95b      	cbnz	r3, 8008558 <BalanceMgr_Execute+0xb0>
        if (BQ_GetData_BMS2(&bms2_data) == HAL_OK && bms2_data.valid) {
 8008540:	a807      	add	r0, sp, #28
 8008542:	f000 fe95 	bl	8009270 <BQ_GetData_BMS2>
 8008546:	b910      	cbnz	r0, 800854e <BalanceMgr_Execute+0xa6>
 8008548:	f89d 3034 	ldrb.w	r3, [sp, #52]	@ 0x34
 800854c:	b9d3      	cbnz	r3, 8008584 <BalanceMgr_Execute+0xdc>
        last_reevaluate_tick = current_tick;
 800854e:	4b21      	ldr	r3, [pc, #132]	@ (80085d4 <BalanceMgr_Execute+0x12c>)
 8008550:	601c      	str	r4, [r3, #0]
        last_refresh_tick = current_tick;  // Also counts as a refresh
 8008552:	4b21      	ldr	r3, [pc, #132]	@ (80085d8 <BalanceMgr_Execute+0x130>)
 8008554:	601c      	str	r4, [r3, #0]
 8008556:	e7d9      	b.n	800850c <BalanceMgr_Execute+0x64>
            uint16_t bms1_mask = SelectCellsToBalance(
 8008558:	4a1d      	ldr	r2, [pc, #116]	@ (80085d0 <BalanceMgr_Execute+0x128>)
 800855a:	7893      	ldrb	r3, [r2, #2]
 800855c:	8812      	ldrh	r2, [r2, #0]
 800855e:	2109      	movs	r1, #9
 8008560:	4668      	mov	r0, sp
 8008562:	f7ff fe40 	bl	80081e6 <SelectCellsToBalance>
 8008566:	4605      	mov	r5, r0
            if (BQ_SetBalanceCells(&hi2c1, BQ76952_I2C_ADDR_BMS1, bms1_mask) == HAL_OK) {
 8008568:	4602      	mov	r2, r0
 800856a:	2108      	movs	r1, #8
 800856c:	481c      	ldr	r0, [pc, #112]	@ (80085e0 <BalanceMgr_Execute+0x138>)
 800856e:	f001 f857 	bl	8009620 <BQ_SetBalanceCells>
 8008572:	2800      	cmp	r0, #0
 8008574:	d1e4      	bne.n	8008540 <BalanceMgr_Execute+0x98>
                balance_status.bms1_active_cells = bms1_mask;
 8008576:	4e19      	ldr	r6, [pc, #100]	@ (80085dc <BalanceMgr_Execute+0x134>)
 8008578:	80b5      	strh	r5, [r6, #4]
                balance_status.bms1_cell_count = CountBits(bms1_mask);
 800857a:	4628      	mov	r0, r5
 800857c:	f7ff fe28 	bl	80081d0 <CountBits>
 8008580:	7330      	strb	r0, [r6, #12]
 8008582:	e7dd      	b.n	8008540 <BalanceMgr_Execute+0x98>
            uint16_t bms2_mask = SelectCellsToBalance(
 8008584:	4a12      	ldr	r2, [pc, #72]	@ (80085d0 <BalanceMgr_Execute+0x128>)
 8008586:	7893      	ldrb	r3, [r2, #2]
 8008588:	8812      	ldrh	r2, [r2, #0]
 800858a:	2109      	movs	r1, #9
 800858c:	a807      	add	r0, sp, #28
 800858e:	f7ff fe2a 	bl	80081e6 <SelectCellsToBalance>
 8008592:	4605      	mov	r5, r0
            if (BQ_SetBalanceCells(&hi2c3, BQ76952_I2C_ADDR_BMS2, bms2_mask) == HAL_OK) {
 8008594:	4602      	mov	r2, r0
 8008596:	2108      	movs	r1, #8
 8008598:	4812      	ldr	r0, [pc, #72]	@ (80085e4 <BalanceMgr_Execute+0x13c>)
 800859a:	f001 f841 	bl	8009620 <BQ_SetBalanceCells>
 800859e:	2800      	cmp	r0, #0
 80085a0:	d1d5      	bne.n	800854e <BalanceMgr_Execute+0xa6>
                balance_status.bms2_active_cells = bms2_mask;
 80085a2:	4e0e      	ldr	r6, [pc, #56]	@ (80085dc <BalanceMgr_Execute+0x134>)
 80085a4:	80f5      	strh	r5, [r6, #6]
                balance_status.bms2_cell_count = CountBits(bms2_mask);
 80085a6:	4628      	mov	r0, r5
 80085a8:	f7ff fe12 	bl	80081d0 <CountBits>
 80085ac:	7370      	strb	r0, [r6, #13]
 80085ae:	e7ce      	b.n	800854e <BalanceMgr_Execute+0xa6>
        BQ_SetBalanceCells(&hi2c1, BQ76952_I2C_ADDR_BMS1, balance_status.bms1_active_cells);
 80085b0:	4d0a      	ldr	r5, [pc, #40]	@ (80085dc <BalanceMgr_Execute+0x134>)
 80085b2:	88aa      	ldrh	r2, [r5, #4]
 80085b4:	2108      	movs	r1, #8
 80085b6:	480a      	ldr	r0, [pc, #40]	@ (80085e0 <BalanceMgr_Execute+0x138>)
 80085b8:	f001 f832 	bl	8009620 <BQ_SetBalanceCells>
        BQ_SetBalanceCells(&hi2c3, BQ76952_I2C_ADDR_BMS2, balance_status.bms2_active_cells);
 80085bc:	88ea      	ldrh	r2, [r5, #6]
 80085be:	2108      	movs	r1, #8
 80085c0:	4808      	ldr	r0, [pc, #32]	@ (80085e4 <BalanceMgr_Execute+0x13c>)
 80085c2:	f001 f82d 	bl	8009620 <BQ_SetBalanceCells>
        last_refresh_tick = current_tick;
 80085c6:	4b04      	ldr	r3, [pc, #16]	@ (80085d8 <BalanceMgr_Execute+0x130>)
 80085c8:	601c      	str	r4, [r3, #0]
 80085ca:	e79f      	b.n	800850c <BalanceMgr_Execute+0x64>
 80085cc:	200000c4 	.word	0x200000c4
 80085d0:	20000000 	.word	0x20000000
 80085d4:	200000e0 	.word	0x200000e0
 80085d8:	200000dc 	.word	0x200000dc
 80085dc:	200000c8 	.word	0x200000c8
 80085e0:	20003d60 	.word	0x20003d60
 80085e4:	20003d0c 	.word	0x20003d0c

080085e8 <BalanceMgr_SendStatus>:
  *         Byte 3: BMS1 active cell count | BMS2 active cell count (4 bits each)
  *         Bytes 4-5: BMS1 IC temperature (0.1°C, signed, little-endian)
  *         Bytes 6-7: BMS2 IC temperature (0.1°C, signed, little-endian)
  */
HAL_StatusTypeDef BalanceMgr_SendStatus(void)
{
 80085e8:	b500      	push	{lr}
 80085ea:	b083      	sub	sp, #12
    if (StateMachine_GetState() != BMS_STATE_BALANCING) {
 80085ec:	f004 fa22 	bl	800ca34 <StateMachine_GetState>
 80085f0:	2804      	cmp	r0, #4
 80085f2:	d003      	beq.n	80085fc <BalanceMgr_SendStatus+0x14>
        return HAL_OK;  // Not in balancing mode, don't send
 80085f4:	2000      	movs	r0, #0
    data[7] = (uint8_t)((balance_status.bms2_ic_temp >> 8) & 0xFF);
    
    osMutexRelease(balance_mutex);
    
    return CAN_SendMessage(CAN_BALANCE_STATUS_ID, data, 8, CAN_PRIORITY_NORMAL);
}
 80085f6:	b003      	add	sp, #12
 80085f8:	f85d fb04 	ldr.w	pc, [sp], #4
    if (osMutexAcquire(balance_mutex, osWaitForever) != osOK) {
 80085fc:	f04f 31ff 	mov.w	r1, #4294967295
 8008600:	4b1a      	ldr	r3, [pc, #104]	@ (800866c <BalanceMgr_SendStatus+0x84>)
 8008602:	6818      	ldr	r0, [r3, #0]
 8008604:	f002 f875 	bl	800a6f2 <osMutexAcquire>
 8008608:	b108      	cbz	r0, 800860e <BalanceMgr_SendStatus+0x26>
        return HAL_ERROR;
 800860a:	2001      	movs	r0, #1
 800860c:	e7f3      	b.n	80085f6 <BalanceMgr_SendStatus+0xe>
    data[0] = (uint8_t)(balance_status.target_voltage_mv & 0xFF);
 800860e:	4b18      	ldr	r3, [pc, #96]	@ (8008670 <BalanceMgr_SendStatus+0x88>)
 8008610:	881a      	ldrh	r2, [r3, #0]
 8008612:	f88d 2000 	strb.w	r2, [sp]
    data[1] = (uint8_t)((balance_status.target_voltage_mv >> 8) & 0xFF);
 8008616:	0a12      	lsrs	r2, r2, #8
 8008618:	f88d 2001 	strb.w	r2, [sp, #1]
    data[2] = balance_status.max_cells_per_chip;
 800861c:	789a      	ldrb	r2, [r3, #2]
 800861e:	f88d 2002 	strb.w	r2, [sp, #2]
    data[3] = (balance_status.bms1_cell_count & 0x0F) | ((balance_status.bms2_cell_count & 0x0F) << 4);
 8008622:	7b1a      	ldrb	r2, [r3, #12]
 8008624:	7b59      	ldrb	r1, [r3, #13]
 8008626:	f002 020f 	and.w	r2, r2, #15
 800862a:	ea42 1201 	orr.w	r2, r2, r1, lsl #4
 800862e:	f88d 2003 	strb.w	r2, [sp, #3]
    data[4] = (uint8_t)(balance_status.bms1_ic_temp & 0xFF);
 8008632:	f9b3 2008 	ldrsh.w	r2, [r3, #8]
 8008636:	f88d 2004 	strb.w	r2, [sp, #4]
    data[5] = (uint8_t)((balance_status.bms1_ic_temp >> 8) & 0xFF);
 800863a:	f3c2 2207 	ubfx	r2, r2, #8, #8
 800863e:	f88d 2005 	strb.w	r2, [sp, #5]
    data[6] = (uint8_t)(balance_status.bms2_ic_temp & 0xFF);
 8008642:	f9b3 300a 	ldrsh.w	r3, [r3, #10]
 8008646:	f88d 3006 	strb.w	r3, [sp, #6]
    data[7] = (uint8_t)((balance_status.bms2_ic_temp >> 8) & 0xFF);
 800864a:	f3c3 2307 	ubfx	r3, r3, #8, #8
 800864e:	f88d 3007 	strb.w	r3, [sp, #7]
    osMutexRelease(balance_mutex);
 8008652:	4b06      	ldr	r3, [pc, #24]	@ (800866c <BalanceMgr_SendStatus+0x84>)
 8008654:	6818      	ldr	r0, [r3, #0]
 8008656:	f002 f87b 	bl	800a750 <osMutexRelease>
    return CAN_SendMessage(CAN_BALANCE_STATUS_ID, data, 8, CAN_PRIORITY_NORMAL);
 800865a:	2302      	movs	r3, #2
 800865c:	2208      	movs	r2, #8
 800865e:	4669      	mov	r1, sp
 8008660:	4804      	ldr	r0, [pc, #16]	@ (8008674 <BalanceMgr_SendStatus+0x8c>)
 8008662:	6800      	ldr	r0, [r0, #0]
 8008664:	f001 f8ea 	bl	800983c <CAN_SendMessage>
 8008668:	e7c5      	b.n	80085f6 <BalanceMgr_SendStatus+0xe>
 800866a:	bf00      	nop
 800866c:	200000c4 	.word	0x200000c4
 8008670:	200000c8 	.word	0x200000c8
 8008674:	20000d70 	.word	0x20000d70

08008678 <BalanceMgr_GetTimeRemaining>:
/**
  * @brief  Get time remaining before balance timeout (in ms)
  * @retval uint32_t: Time remaining in ms, 0 if not balancing
  */
uint32_t BalanceMgr_GetTimeRemaining(void)
{
 8008678:	b510      	push	{r4, lr}
    uint32_t remaining = 0;
    
    if (osMutexAcquire(balance_mutex, osWaitForever) != osOK) {
 800867a:	f04f 31ff 	mov.w	r1, #4294967295
 800867e:	4b13      	ldr	r3, [pc, #76]	@ (80086cc <BalanceMgr_GetTimeRemaining+0x54>)
 8008680:	6818      	ldr	r0, [r3, #0]
 8008682:	f002 f836 	bl	800a6f2 <osMutexAcquire>
 8008686:	b9f8      	cbnz	r0, 80086c8 <BalanceMgr_GetTimeRemaining+0x50>
        return 0;
    }
    
    if (balance_timeout_active && StateMachine_GetState() == BMS_STATE_BALANCING) {
 8008688:	4b11      	ldr	r3, [pc, #68]	@ (80086d0 <BalanceMgr_GetTimeRemaining+0x58>)
 800868a:	781b      	ldrb	r3, [r3, #0]
 800868c:	b933      	cbnz	r3, 800869c <BalanceMgr_GetTimeRemaining+0x24>
    uint32_t remaining = 0;
 800868e:	2400      	movs	r4, #0
        if (elapsed < BALANCE_CMD_TIMEOUT_MS) {
            remaining = BALANCE_CMD_TIMEOUT_MS - elapsed;
        }
    }
    
    osMutexRelease(balance_mutex);
 8008690:	4b0e      	ldr	r3, [pc, #56]	@ (80086cc <BalanceMgr_GetTimeRemaining+0x54>)
 8008692:	6818      	ldr	r0, [r3, #0]
 8008694:	f002 f85c 	bl	800a750 <osMutexRelease>
    return remaining;
}
 8008698:	4620      	mov	r0, r4
 800869a:	bd10      	pop	{r4, pc}
    if (balance_timeout_active && StateMachine_GetState() == BMS_STATE_BALANCING) {
 800869c:	f004 f9ca 	bl	800ca34 <StateMachine_GetState>
 80086a0:	2804      	cmp	r0, #4
 80086a2:	d001      	beq.n	80086a8 <BalanceMgr_GetTimeRemaining+0x30>
    uint32_t remaining = 0;
 80086a4:	2400      	movs	r4, #0
 80086a6:	e7f3      	b.n	8008690 <BalanceMgr_GetTimeRemaining+0x18>
        uint32_t current_tick = osKernelGetTickCount();
 80086a8:	f001 ff66 	bl	800a578 <osKernelGetTickCount>
        uint32_t elapsed = current_tick - last_balance_cmd_tick;
 80086ac:	4b09      	ldr	r3, [pc, #36]	@ (80086d4 <BalanceMgr_GetTimeRemaining+0x5c>)
 80086ae:	681c      	ldr	r4, [r3, #0]
 80086b0:	1b02      	subs	r2, r0, r4
        if (elapsed < BALANCE_CMD_TIMEOUT_MS) {
 80086b2:	f241 3387 	movw	r3, #4999	@ 0x1387
 80086b6:	429a      	cmp	r2, r3
 80086b8:	d804      	bhi.n	80086c4 <BalanceMgr_GetTimeRemaining+0x4c>
            remaining = BALANCE_CMD_TIMEOUT_MS - elapsed;
 80086ba:	1a24      	subs	r4, r4, r0
 80086bc:	f504 549c 	add.w	r4, r4, #4992	@ 0x1380
 80086c0:	3408      	adds	r4, #8
 80086c2:	e7e5      	b.n	8008690 <BalanceMgr_GetTimeRemaining+0x18>
    uint32_t remaining = 0;
 80086c4:	2400      	movs	r4, #0
 80086c6:	e7e3      	b.n	8008690 <BalanceMgr_GetTimeRemaining+0x18>
        return 0;
 80086c8:	2400      	movs	r4, #0
 80086ca:	e7e5      	b.n	8008698 <BalanceMgr_GetTimeRemaining+0x20>
 80086cc:	200000c4 	.word	0x200000c4
 80086d0:	200000d7 	.word	0x200000d7
 80086d4:	200000e8 	.word	0x200000e8

080086d8 <BalanceMgr_StopBalancing>:
  * @brief  Stop all cell balancing immediately
  * @note   Called when exiting balance mode or on error
  * @retval None
  */
void BalanceMgr_StopBalancing(void)
{
 80086d8:	b508      	push	{r3, lr}
    // Stop balancing on both chips (no mutex needed, BQ functions have their own)
    BQ_StopBalancing(&hi2c1, BQ76952_I2C_ADDR_BMS1);
 80086da:	2108      	movs	r1, #8
 80086dc:	480e      	ldr	r0, [pc, #56]	@ (8008718 <BalanceMgr_StopBalancing+0x40>)
 80086de:	f000 ffc5 	bl	800966c <BQ_StopBalancing>
    BQ_StopBalancing(&hi2c3, BQ76952_I2C_ADDR_BMS2);
 80086e2:	2108      	movs	r1, #8
 80086e4:	480d      	ldr	r0, [pc, #52]	@ (800871c <BalanceMgr_StopBalancing+0x44>)
 80086e6:	f000 ffc1 	bl	800966c <BQ_StopBalancing>
    
    // Clear status
    if (osMutexAcquire(balance_mutex, osWaitForever) == osOK) {
 80086ea:	f04f 31ff 	mov.w	r1, #4294967295
 80086ee:	4b0c      	ldr	r3, [pc, #48]	@ (8008720 <BalanceMgr_StopBalancing+0x48>)
 80086f0:	6818      	ldr	r0, [r3, #0]
 80086f2:	f001 fffe 	bl	800a6f2 <osMutexAcquire>
 80086f6:	b100      	cbz	r0, 80086fa <BalanceMgr_StopBalancing+0x22>
        balance_status.bms2_cell_count = 0;
        balance_config.config_valid = false;
        config_received = false;
        osMutexRelease(balance_mutex);
    }
}
 80086f8:	bd08      	pop	{r3, pc}
        balance_status.bms1_active_cells = 0;
 80086fa:	4a0a      	ldr	r2, [pc, #40]	@ (8008724 <BalanceMgr_StopBalancing+0x4c>)
 80086fc:	2300      	movs	r3, #0
 80086fe:	8093      	strh	r3, [r2, #4]
        balance_status.bms2_active_cells = 0;
 8008700:	80d3      	strh	r3, [r2, #6]
        balance_status.bms1_cell_count = 0;
 8008702:	7313      	strb	r3, [r2, #12]
        balance_status.bms2_cell_count = 0;
 8008704:	7353      	strb	r3, [r2, #13]
        balance_config.config_valid = false;
 8008706:	4a08      	ldr	r2, [pc, #32]	@ (8008728 <BalanceMgr_StopBalancing+0x50>)
 8008708:	7213      	strb	r3, [r2, #8]
        config_received = false;
 800870a:	4a08      	ldr	r2, [pc, #32]	@ (800872c <BalanceMgr_StopBalancing+0x54>)
 800870c:	7013      	strb	r3, [r2, #0]
        osMutexRelease(balance_mutex);
 800870e:	4b04      	ldr	r3, [pc, #16]	@ (8008720 <BalanceMgr_StopBalancing+0x48>)
 8008710:	6818      	ldr	r0, [r3, #0]
 8008712:	f002 f81d 	bl	800a750 <osMutexRelease>
}
 8008716:	e7ef      	b.n	80086f8 <BalanceMgr_StopBalancing+0x20>
 8008718:	20003d60 	.word	0x20003d60
 800871c:	20003d0c 	.word	0x20003d0c
 8008720:	200000c4 	.word	0x200000c4
 8008724:	200000c8 	.word	0x200000c8
 8008728:	20000000 	.word	0x20000000
 800872c:	200000d6 	.word	0x200000d6

08008730 <BalanceMgr_CheckTimeout>:
{
 8008730:	b538      	push	{r3, r4, r5, lr}
    if (osMutexAcquire(balance_mutex, osWaitForever) != osOK) {
 8008732:	f04f 31ff 	mov.w	r1, #4294967295
 8008736:	4b33      	ldr	r3, [pc, #204]	@ (8008804 <BalanceMgr_CheckTimeout+0xd4>)
 8008738:	6818      	ldr	r0, [r3, #0]
 800873a:	f001 ffda 	bl	800a6f2 <osMutexAcquire>
 800873e:	b100      	cbz	r0, 8008742 <BalanceMgr_CheckTimeout+0x12>
}
 8008740:	bd38      	pop	{r3, r4, r5, pc}
    uint32_t current_tick = osKernelGetTickCount();
 8008742:	f001 ff19 	bl	800a578 <osKernelGetTickCount>
 8008746:	4604      	mov	r4, r0
    if (balance_timeout_active && StateMachine_GetState() == BMS_STATE_BALANCING) {
 8008748:	4b2f      	ldr	r3, [pc, #188]	@ (8008808 <BalanceMgr_CheckTimeout+0xd8>)
 800874a:	781b      	ldrb	r3, [r3, #0]
 800874c:	b943      	cbnz	r3, 8008760 <BalanceMgr_CheckTimeout+0x30>
    else if (!balance_timeout_active && StateMachine_GetState() != BMS_STATE_BALANCING) {
 800874e:	4b2e      	ldr	r3, [pc, #184]	@ (8008808 <BalanceMgr_CheckTimeout+0xd8>)
 8008750:	781b      	ldrb	r3, [r3, #0]
 8008752:	2b00      	cmp	r3, #0
 8008754:	d049      	beq.n	80087ea <BalanceMgr_CheckTimeout+0xba>
    osMutexRelease(balance_mutex);
 8008756:	4b2b      	ldr	r3, [pc, #172]	@ (8008804 <BalanceMgr_CheckTimeout+0xd4>)
 8008758:	6818      	ldr	r0, [r3, #0]
 800875a:	f001 fff9 	bl	800a750 <osMutexRelease>
 800875e:	e7ef      	b.n	8008740 <BalanceMgr_CheckTimeout+0x10>
    if (balance_timeout_active && StateMachine_GetState() == BMS_STATE_BALANCING) {
 8008760:	f004 f968 	bl	800ca34 <StateMachine_GetState>
 8008764:	2804      	cmp	r0, #4
 8008766:	d1f2      	bne.n	800874e <BalanceMgr_CheckTimeout+0x1e>
        uint32_t cmd_elapsed = current_tick - last_balance_cmd_tick;
 8008768:	4b28      	ldr	r3, [pc, #160]	@ (800880c <BalanceMgr_CheckTimeout+0xdc>)
 800876a:	681b      	ldr	r3, [r3, #0]
 800876c:	1ae3      	subs	r3, r4, r3
        if (cmd_elapsed >= BALANCE_CMD_TIMEOUT_MS) {
 800876e:	f241 3287 	movw	r2, #4999	@ 0x1387
 8008772:	4293      	cmp	r3, r2
 8008774:	d81f      	bhi.n	80087b6 <BalanceMgr_CheckTimeout+0x86>
        if (config_received && balance_config.config_valid) {
 8008776:	4b26      	ldr	r3, [pc, #152]	@ (8008810 <BalanceMgr_CheckTimeout+0xe0>)
 8008778:	781b      	ldrb	r3, [r3, #0]
 800877a:	2b00      	cmp	r3, #0
 800877c:	d0eb      	beq.n	8008756 <BalanceMgr_CheckTimeout+0x26>
 800877e:	4b25      	ldr	r3, [pc, #148]	@ (8008814 <BalanceMgr_CheckTimeout+0xe4>)
 8008780:	7a1b      	ldrb	r3, [r3, #8]
 8008782:	2b00      	cmp	r3, #0
 8008784:	d0e7      	beq.n	8008756 <BalanceMgr_CheckTimeout+0x26>
            uint32_t cfg_elapsed = current_tick - balance_config.last_config_tick;
 8008786:	4b23      	ldr	r3, [pc, #140]	@ (8008814 <BalanceMgr_CheckTimeout+0xe4>)
 8008788:	6858      	ldr	r0, [r3, #4]
 800878a:	1a20      	subs	r0, r4, r0
            if (cfg_elapsed >= BALANCE_CFG_TIMEOUT_MS) {
 800878c:	f241 3387 	movw	r3, #4999	@ 0x1387
 8008790:	4298      	cmp	r0, r3
 8008792:	d9e0      	bls.n	8008756 <BalanceMgr_CheckTimeout+0x26>
                BQ_StopBalancing(&hi2c1, BQ76952_I2C_ADDR_BMS1);
 8008794:	2108      	movs	r1, #8
 8008796:	4820      	ldr	r0, [pc, #128]	@ (8008818 <BalanceMgr_CheckTimeout+0xe8>)
 8008798:	f000 ff68 	bl	800966c <BQ_StopBalancing>
                BQ_StopBalancing(&hi2c3, BQ76952_I2C_ADDR_BMS2);
 800879c:	2108      	movs	r1, #8
 800879e:	481f      	ldr	r0, [pc, #124]	@ (800881c <BalanceMgr_CheckTimeout+0xec>)
 80087a0:	f000 ff64 	bl	800966c <BQ_StopBalancing>
                balance_config.config_valid = false;
 80087a4:	2300      	movs	r3, #0
 80087a6:	4a1b      	ldr	r2, [pc, #108]	@ (8008814 <BalanceMgr_CheckTimeout+0xe4>)
 80087a8:	7213      	strb	r3, [r2, #8]
                balance_status.bms1_active_cells = 0;
 80087aa:	4a1d      	ldr	r2, [pc, #116]	@ (8008820 <BalanceMgr_CheckTimeout+0xf0>)
 80087ac:	8093      	strh	r3, [r2, #4]
                balance_status.bms2_active_cells = 0;
 80087ae:	80d3      	strh	r3, [r2, #6]
                balance_status.bms1_cell_count = 0;
 80087b0:	7313      	strb	r3, [r2, #12]
                balance_status.bms2_cell_count = 0;
 80087b2:	7353      	strb	r3, [r2, #13]
 80087b4:	e7cf      	b.n	8008756 <BalanceMgr_CheckTimeout+0x26>
            osMutexRelease(balance_mutex);
 80087b6:	4d13      	ldr	r5, [pc, #76]	@ (8008804 <BalanceMgr_CheckTimeout+0xd4>)
 80087b8:	6828      	ldr	r0, [r5, #0]
 80087ba:	f001 ffc9 	bl	800a750 <osMutexRelease>
            BalanceMgr_StopBalancing();
 80087be:	f7ff ff8b 	bl	80086d8 <BalanceMgr_StopBalancing>
            if (osMutexAcquire(balance_mutex, osWaitForever) != osOK) {
 80087c2:	f04f 31ff 	mov.w	r1, #4294967295
 80087c6:	6828      	ldr	r0, [r5, #0]
 80087c8:	f001 ff93 	bl	800a6f2 <osMutexAcquire>
 80087cc:	2800      	cmp	r0, #0
 80087ce:	d1b7      	bne.n	8008740 <BalanceMgr_CheckTimeout+0x10>
            StateMachine_SetState(BMS_STATE_IDLE);
 80087d0:	2001      	movs	r0, #1
 80087d2:	f004 f90b 	bl	800c9ec <StateMachine_SetState>
            balance_timeout_active = false;
 80087d6:	2300      	movs	r3, #0
 80087d8:	4a0b      	ldr	r2, [pc, #44]	@ (8008808 <BalanceMgr_CheckTimeout+0xd8>)
 80087da:	7013      	strb	r3, [r2, #0]
            config_received = false;
 80087dc:	4a0c      	ldr	r2, [pc, #48]	@ (8008810 <BalanceMgr_CheckTimeout+0xe0>)
 80087de:	7013      	strb	r3, [r2, #0]
            last_balance_cmd_tick = 0;
 80087e0:	4a0a      	ldr	r2, [pc, #40]	@ (800880c <BalanceMgr_CheckTimeout+0xdc>)
 80087e2:	6013      	str	r3, [r2, #0]
            last_balance_cfg_tick = 0;
 80087e4:	4a0f      	ldr	r2, [pc, #60]	@ (8008824 <BalanceMgr_CheckTimeout+0xf4>)
 80087e6:	6013      	str	r3, [r2, #0]
 80087e8:	e7c5      	b.n	8008776 <BalanceMgr_CheckTimeout+0x46>
    else if (!balance_timeout_active && StateMachine_GetState() != BMS_STATE_BALANCING) {
 80087ea:	f004 f923 	bl	800ca34 <StateMachine_GetState>
 80087ee:	2804      	cmp	r0, #4
 80087f0:	d0b1      	beq.n	8008756 <BalanceMgr_CheckTimeout+0x26>
        last_balance_cmd_tick = 0;
 80087f2:	2300      	movs	r3, #0
 80087f4:	4a05      	ldr	r2, [pc, #20]	@ (800880c <BalanceMgr_CheckTimeout+0xdc>)
 80087f6:	6013      	str	r3, [r2, #0]
        last_balance_cfg_tick = 0;
 80087f8:	4a0a      	ldr	r2, [pc, #40]	@ (8008824 <BalanceMgr_CheckTimeout+0xf4>)
 80087fa:	6013      	str	r3, [r2, #0]
        config_received = false;
 80087fc:	4a04      	ldr	r2, [pc, #16]	@ (8008810 <BalanceMgr_CheckTimeout+0xe0>)
 80087fe:	7013      	strb	r3, [r2, #0]
 8008800:	e7a9      	b.n	8008756 <BalanceMgr_CheckTimeout+0x26>
 8008802:	bf00      	nop
 8008804:	200000c4 	.word	0x200000c4
 8008808:	200000d7 	.word	0x200000d7
 800880c:	200000e8 	.word	0x200000e8
 8008810:	200000d6 	.word	0x200000d6
 8008814:	20000000 	.word	0x20000000
 8008818:	20003d60 	.word	0x20003d60
 800881c:	20003d0c 	.word	0x20003d0c
 8008820:	200000c8 	.word	0x200000c8
 8008824:	200000e4 	.word	0x200000e4

08008828 <BalanceMgr_SendDetailedStatus>:
  *   Byte 2: CBSTATUS3 (balance status flags: OTPW, OT, UT, PAUSE)
  *   Byte 3-4: AlarmRawStatus (16-bit, little-endian)
  *   Byte 5-7: Reserved
  */
HAL_StatusTypeDef BalanceMgr_SendDetailedStatus(void)
{
 8008828:	b510      	push	{r4, lr}
 800882a:	b086      	sub	sp, #24
    uint8_t data[8];
    uint16_t alarm_raw = 0;
 800882c:	2300      	movs	r3, #0
 800882e:	f8ad 300e 	strh.w	r3, [sp, #14]
    uint8_t cbstatus1 = 0, cbstatus2 = 0, cbstatus3 = 0;
 8008832:	f88d 300d 	strb.w	r3, [sp, #13]
 8008836:	f88d 300c 	strb.w	r3, [sp, #12]
 800883a:	f88d 300b 	strb.w	r3, [sp, #11]
    //   Byte 0: CBSTATUS1 (cells 1-8 ACTUALLY balancing, read back from BMS)
    //   Byte 1: CBSTATUS2 (cell 9 actually balancing in bit 0)
    //   Byte 2: CBSTATUS3 (balance status flags: OTPW, OT, UT, PAUSE)
    //   Byte 3-4: AlarmRawStatus (16-bit, little-endian)
    //   Byte 5-7: Reserved
    memset(data, 0, 8);
 800883e:	9304      	str	r3, [sp, #16]
 8008840:	9305      	str	r3, [sp, #20]
    
    // Read CBSTATUS from BMS1 - shows which cells are ACTUALLY balancing
    status = BQ_GetCBStatus(&hi2c1, BQ76952_I2C_ADDR_BMS1, &cbstatus1, &cbstatus2, &cbstatus3);
 8008842:	f10d 030b 	add.w	r3, sp, #11
 8008846:	9300      	str	r3, [sp, #0]
 8008848:	ab03      	add	r3, sp, #12
 800884a:	f10d 020d 	add.w	r2, sp, #13
 800884e:	2108      	movs	r1, #8
 8008850:	482f      	ldr	r0, [pc, #188]	@ (8008910 <BalanceMgr_SendDetailedStatus+0xe8>)
 8008852:	f000 ff11 	bl	8009678 <BQ_GetCBStatus>
    if (status == HAL_OK) {
 8008856:	b958      	cbnz	r0, 8008870 <BalanceMgr_SendDetailedStatus+0x48>
        data[0] = cbstatus1;  // Cells 1-8 actually balancing (bit per cell)
 8008858:	f89d 300d 	ldrb.w	r3, [sp, #13]
 800885c:	f88d 3010 	strb.w	r3, [sp, #16]
        data[1] = cbstatus2;  // Cell 9 in bit 0
 8008860:	f89d 300c 	ldrb.w	r3, [sp, #12]
 8008864:	f88d 3011 	strb.w	r3, [sp, #17]
        data[2] = cbstatus3;  // Status flags
 8008868:	f89d 300b 	ldrb.w	r3, [sp, #11]
 800886c:	f88d 3012 	strb.w	r3, [sp, #18]
    }
    
    // Read AlarmRawStatus from BMS1
    status = BQ_GetAlarmRawStatus(&hi2c1, BQ76952_I2C_ADDR_BMS1, &alarm_raw);
 8008870:	f10d 020e 	add.w	r2, sp, #14
 8008874:	2108      	movs	r1, #8
 8008876:	4826      	ldr	r0, [pc, #152]	@ (8008910 <BalanceMgr_SendDetailedStatus+0xe8>)
 8008878:	f000 ff5e 	bl	8009738 <BQ_GetAlarmRawStatus>
    if (status == HAL_OK) {
 800887c:	b930      	cbnz	r0, 800888c <BalanceMgr_SendDetailedStatus+0x64>
        data[3] = (uint8_t)(alarm_raw & 0xFF);
 800887e:	f8bd 300e 	ldrh.w	r3, [sp, #14]
 8008882:	f88d 3013 	strb.w	r3, [sp, #19]
        data[4] = (uint8_t)((alarm_raw >> 8) & 0xFF);
 8008886:	0a1b      	lsrs	r3, r3, #8
 8008888:	f88d 3014 	strb.w	r3, [sp, #20]
    }
    
    // Send BMS1 detail message
    CAN_SendMessage(CAN_BMS1_BAL_DETAIL_ID, data, 8, CAN_PRIORITY_NORMAL);
 800888c:	ac04      	add	r4, sp, #16
 800888e:	2302      	movs	r3, #2
 8008890:	2208      	movs	r2, #8
 8008892:	4621      	mov	r1, r4
 8008894:	481f      	ldr	r0, [pc, #124]	@ (8008914 <BalanceMgr_SendDetailedStatus+0xec>)
 8008896:	6800      	ldr	r0, [r0, #0]
 8008898:	f000 ffd0 	bl	800983c <CAN_SendMessage>
    
    // --- BMS2 Detail ---
    memset(data, 0, 8);
 800889c:	2300      	movs	r3, #0
 800889e:	9304      	str	r3, [sp, #16]
 80088a0:	9305      	str	r3, [sp, #20]
    alarm_raw = 0;
 80088a2:	f8ad 300e 	strh.w	r3, [sp, #14]
    cbstatus1 = cbstatus2 = cbstatus3 = 0;
 80088a6:	f88d 300b 	strb.w	r3, [sp, #11]
 80088aa:	f88d 300c 	strb.w	r3, [sp, #12]
 80088ae:	f88d 300d 	strb.w	r3, [sp, #13]
    
    // Read CBSTATUS from BMS2 - shows which cells are ACTUALLY balancing
    status = BQ_GetCBStatus(&hi2c3, BQ76952_I2C_ADDR_BMS2, &cbstatus1, &cbstatus2, &cbstatus3);
 80088b2:	f10d 030b 	add.w	r3, sp, #11
 80088b6:	9300      	str	r3, [sp, #0]
 80088b8:	ab03      	add	r3, sp, #12
 80088ba:	f10d 020d 	add.w	r2, sp, #13
 80088be:	2108      	movs	r1, #8
 80088c0:	4815      	ldr	r0, [pc, #84]	@ (8008918 <BalanceMgr_SendDetailedStatus+0xf0>)
 80088c2:	f000 fed9 	bl	8009678 <BQ_GetCBStatus>
    if (status == HAL_OK) {
 80088c6:	b958      	cbnz	r0, 80088e0 <BalanceMgr_SendDetailedStatus+0xb8>
        data[0] = cbstatus1;  // Cells 10-17 actually balancing (bit per cell)
 80088c8:	f89d 300d 	ldrb.w	r3, [sp, #13]
 80088cc:	f88d 3010 	strb.w	r3, [sp, #16]
        data[1] = cbstatus2;  // Cell 18 in bit 0
 80088d0:	f89d 300c 	ldrb.w	r3, [sp, #12]
 80088d4:	f88d 3011 	strb.w	r3, [sp, #17]
        data[2] = cbstatus3;  // Status flags
 80088d8:	f89d 300b 	ldrb.w	r3, [sp, #11]
 80088dc:	f88d 3012 	strb.w	r3, [sp, #18]
    }
    
    // Read AlarmRawStatus from BMS2
    status = BQ_GetAlarmRawStatus(&hi2c3, BQ76952_I2C_ADDR_BMS2, &alarm_raw);
 80088e0:	f10d 020e 	add.w	r2, sp, #14
 80088e4:	2108      	movs	r1, #8
 80088e6:	480c      	ldr	r0, [pc, #48]	@ (8008918 <BalanceMgr_SendDetailedStatus+0xf0>)
 80088e8:	f000 ff26 	bl	8009738 <BQ_GetAlarmRawStatus>
    if (status == HAL_OK) {
 80088ec:	b930      	cbnz	r0, 80088fc <BalanceMgr_SendDetailedStatus+0xd4>
        data[3] = (uint8_t)(alarm_raw & 0xFF);
 80088ee:	f8bd 300e 	ldrh.w	r3, [sp, #14]
 80088f2:	f88d 3013 	strb.w	r3, [sp, #19]
        data[4] = (uint8_t)((alarm_raw >> 8) & 0xFF);
 80088f6:	0a1b      	lsrs	r3, r3, #8
 80088f8:	f88d 3014 	strb.w	r3, [sp, #20]
    }
    
    // Send BMS2 detail message
    CAN_SendMessage(CAN_BMS2_BAL_DETAIL_ID, data, 8, CAN_PRIORITY_NORMAL);
 80088fc:	2302      	movs	r3, #2
 80088fe:	2208      	movs	r2, #8
 8008900:	a904      	add	r1, sp, #16
 8008902:	4806      	ldr	r0, [pc, #24]	@ (800891c <BalanceMgr_SendDetailedStatus+0xf4>)
 8008904:	6800      	ldr	r0, [r0, #0]
 8008906:	f000 ff99 	bl	800983c <CAN_SendMessage>
    
    return HAL_OK;
}
 800890a:	2000      	movs	r0, #0
 800890c:	b006      	add	sp, #24
 800890e:	bd10      	pop	{r4, pc}
 8008910:	20003d60 	.word	0x20003d60
 8008914:	20000d6c 	.word	0x20000d6c
 8008918:	20003d0c 	.word	0x20003d0c
 800891c:	20000d68 	.word	0x20000d68

08008920 <BQ76952_WriteDataMemoryWord>:
  * @retval HAL_StatusTypeDef
  * @note   Uses indirect addressing: write addr to 0x3E/0x3F, data to 0x40/0x41, checksum+length to 0x60/0x61
  */
static HAL_StatusTypeDef BQ76952_WriteDataMemoryWord(I2C_HandleTypeDef *hi2c, uint8_t device_addr, 
                                                      uint16_t addr, uint16_t data)
{
 8008920:	e92d 43f0 	stmdb	sp!, {r4, r5, r6, r7, r8, r9, lr}
 8008924:	b085      	sub	sp, #20
 8008926:	4606      	mov	r6, r0
 8008928:	461f      	mov	r7, r3
    HAL_StatusTypeDef status;
    uint8_t tx_buf[4];
    uint8_t checksum;
    
    // Step 1: Write data memory address to 0x3E/0x3F
    tx_buf[0] = 0x3E;                           // Register address for subcommand
 800892a:	233e      	movs	r3, #62	@ 0x3e
 800892c:	f88d 300c 	strb.w	r3, [sp, #12]
    tx_buf[1] = (uint8_t)(addr & 0xFF);         // Address LSB
 8008930:	fa5f f882 	uxtb.w	r8, r2
 8008934:	f88d 800d 	strb.w	r8, [sp, #13]
    tx_buf[2] = (uint8_t)((addr >> 8) & 0xFF);  // Address MSB
 8008938:	0a14      	lsrs	r4, r2, #8
 800893a:	f88d 400e 	strb.w	r4, [sp, #14]
    
    status = HAL_I2C_Master_Transmit(hi2c, (device_addr << 1), tx_buf, 3, I2C_TIMEOUT_MS);
 800893e:	004d      	lsls	r5, r1, #1
 8008940:	2364      	movs	r3, #100	@ 0x64
 8008942:	9300      	str	r3, [sp, #0]
 8008944:	2303      	movs	r3, #3
 8008946:	aa03      	add	r2, sp, #12
 8008948:	4629      	mov	r1, r5
 800894a:	f006 f82b 	bl	800e9a4 <HAL_I2C_Master_Transmit>
    if (status != HAL_OK) {
 800894e:	4603      	mov	r3, r0
 8008950:	b118      	cbz	r0, 800895a <BQ76952_WriteDataMemoryWord+0x3a>
    tx_buf[2] = 0x06;
    
    status = HAL_I2C_Master_Transmit(hi2c, (device_addr << 1), tx_buf, 3, I2C_TIMEOUT_MS);
    
    return status;
}
 8008952:	4618      	mov	r0, r3
 8008954:	b005      	add	sp, #20
 8008956:	e8bd 83f0 	ldmia.w	sp!, {r4, r5, r6, r7, r8, r9, pc}
    tx_buf[0] = 0x40;
 800895a:	2340      	movs	r3, #64	@ 0x40
 800895c:	f88d 300c 	strb.w	r3, [sp, #12]
    tx_buf[1] = (uint8_t)(data & 0xFF);         // Data LSB
 8008960:	fa5f f987 	uxtb.w	r9, r7
 8008964:	f88d 900d 	strb.w	r9, [sp, #13]
    tx_buf[2] = (uint8_t)((data >> 8) & 0xFF);  // Data MSB
 8008968:	0a3f      	lsrs	r7, r7, #8
 800896a:	f88d 700e 	strb.w	r7, [sp, #14]
    status = HAL_I2C_Master_Transmit(hi2c, (device_addr << 1), tx_buf, 3, I2C_TIMEOUT_MS);
 800896e:	2364      	movs	r3, #100	@ 0x64
 8008970:	9300      	str	r3, [sp, #0]
 8008972:	2303      	movs	r3, #3
 8008974:	aa03      	add	r2, sp, #12
 8008976:	4629      	mov	r1, r5
 8008978:	4630      	mov	r0, r6
 800897a:	f006 f813 	bl	800e9a4 <HAL_I2C_Master_Transmit>
    if (status != HAL_OK) {
 800897e:	4603      	mov	r3, r0
 8008980:	2800      	cmp	r0, #0
 8008982:	d1e6      	bne.n	8008952 <BQ76952_WriteDataMemoryWord+0x32>
    checksum += (uint8_t)((addr >> 8) & 0xFF);
 8008984:	eb08 0304 	add.w	r3, r8, r4
    checksum += (uint8_t)(data & 0xFF);
 8008988:	fa59 f383 	uxtab	r3, r9, r3
    checksum += (uint8_t)((data >> 8) & 0xFF);
 800898c:	fa57 f383 	uxtab	r3, r7, r3
 8008990:	b2db      	uxtb	r3, r3
    checksum = ~checksum;
 8008992:	43db      	mvns	r3, r3
    tx_buf[0] = 0x60;
 8008994:	2260      	movs	r2, #96	@ 0x60
 8008996:	f88d 200c 	strb.w	r2, [sp, #12]
    tx_buf[1] = checksum;
 800899a:	f88d 300d 	strb.w	r3, [sp, #13]
    tx_buf[2] = 0x06;
 800899e:	2306      	movs	r3, #6
 80089a0:	f88d 300e 	strb.w	r3, [sp, #14]
    status = HAL_I2C_Master_Transmit(hi2c, (device_addr << 1), tx_buf, 3, I2C_TIMEOUT_MS);
 80089a4:	2364      	movs	r3, #100	@ 0x64
 80089a6:	9300      	str	r3, [sp, #0]
 80089a8:	2303      	movs	r3, #3
 80089aa:	aa03      	add	r2, sp, #12
 80089ac:	4629      	mov	r1, r5
 80089ae:	4630      	mov	r0, r6
 80089b0:	f005 fff8 	bl	800e9a4 <HAL_I2C_Master_Transmit>
 80089b4:	4603      	mov	r3, r0
    return status;
 80089b6:	e7cc      	b.n	8008952 <BQ76952_WriteDataMemoryWord+0x32>

080089b8 <BQ76952_SendSubcommand>:
{
 80089b8:	b500      	push	{lr}
 80089ba:	b085      	sub	sp, #20
    tx_buf[0] = 0x3E;                           // Register address for subcommand
 80089bc:	233e      	movs	r3, #62	@ 0x3e
 80089be:	f88d 300c 	strb.w	r3, [sp, #12]
    tx_buf[1] = (uint8_t)(subcmd & 0xFF);       // Subcommand LSB
 80089c2:	f88d 200d 	strb.w	r2, [sp, #13]
    tx_buf[2] = (uint8_t)((subcmd >> 8) & 0xFF); // Subcommand MSB
 80089c6:	0a12      	lsrs	r2, r2, #8
 80089c8:	f88d 200e 	strb.w	r2, [sp, #14]
    return HAL_I2C_Master_Transmit(hi2c, (device_addr << 1), tx_buf, 3, I2C_TIMEOUT_MS);
 80089cc:	2364      	movs	r3, #100	@ 0x64
 80089ce:	9300      	str	r3, [sp, #0]
 80089d0:	2303      	movs	r3, #3
 80089d2:	aa03      	add	r2, sp, #12
 80089d4:	0049      	lsls	r1, r1, #1
 80089d6:	f005 ffe5 	bl	800e9a4 <HAL_I2C_Master_Transmit>
}
 80089da:	b005      	add	sp, #20
 80089dc:	f85d fb04 	ldr.w	pc, [sp], #4

080089e0 <BQ76952_WriteSubcommand>:
{
 80089e0:	e92d 43f0 	stmdb	sp!, {r4, r5, r6, r7, r8, r9, lr}
 80089e4:	b085      	sub	sp, #20
 80089e6:	4606      	mov	r6, r0
 80089e8:	461f      	mov	r7, r3
    tx_buf[0] = 0x3E;                           // Register address for subcommand
 80089ea:	233e      	movs	r3, #62	@ 0x3e
 80089ec:	f88d 300c 	strb.w	r3, [sp, #12]
    tx_buf[1] = (uint8_t)(subcmd & 0xFF);       // Subcommand LSB
 80089f0:	fa5f f882 	uxtb.w	r8, r2
 80089f4:	f88d 800d 	strb.w	r8, [sp, #13]
    tx_buf[2] = (uint8_t)((subcmd >> 8) & 0xFF); // Subcommand MSB
 80089f8:	0a14      	lsrs	r4, r2, #8
 80089fa:	f88d 400e 	strb.w	r4, [sp, #14]
    status = HAL_I2C_Master_Transmit(hi2c, (device_addr << 1), tx_buf, 3, I2C_TIMEOUT_MS);
 80089fe:	004d      	lsls	r5, r1, #1
 8008a00:	2364      	movs	r3, #100	@ 0x64
 8008a02:	9300      	str	r3, [sp, #0]
 8008a04:	2303      	movs	r3, #3
 8008a06:	aa03      	add	r2, sp, #12
 8008a08:	4629      	mov	r1, r5
 8008a0a:	f005 ffcb 	bl	800e9a4 <HAL_I2C_Master_Transmit>
    if (status != HAL_OK) {
 8008a0e:	4603      	mov	r3, r0
 8008a10:	b118      	cbz	r0, 8008a1a <BQ76952_WriteSubcommand+0x3a>
}
 8008a12:	4618      	mov	r0, r3
 8008a14:	b005      	add	sp, #20
 8008a16:	e8bd 83f0 	ldmia.w	sp!, {r4, r5, r6, r7, r8, r9, pc}
    tx_buf[0] = 0x40;                           // Data buffer register
 8008a1a:	2340      	movs	r3, #64	@ 0x40
 8008a1c:	f88d 300c 	strb.w	r3, [sp, #12]
    tx_buf[1] = (uint8_t)(data & 0xFF);         // Data LSB
 8008a20:	fa5f f987 	uxtb.w	r9, r7
 8008a24:	f88d 900d 	strb.w	r9, [sp, #13]
    tx_buf[2] = (uint8_t)((data >> 8) & 0xFF);  // Data MSB
 8008a28:	0a3f      	lsrs	r7, r7, #8
 8008a2a:	f88d 700e 	strb.w	r7, [sp, #14]
    status = HAL_I2C_Master_Transmit(hi2c, (device_addr << 1), tx_buf, 3, I2C_TIMEOUT_MS);
 8008a2e:	2364      	movs	r3, #100	@ 0x64
 8008a30:	9300      	str	r3, [sp, #0]
 8008a32:	2303      	movs	r3, #3
 8008a34:	aa03      	add	r2, sp, #12
 8008a36:	4629      	mov	r1, r5
 8008a38:	4630      	mov	r0, r6
 8008a3a:	f005 ffb3 	bl	800e9a4 <HAL_I2C_Master_Transmit>
    if (status != HAL_OK) {
 8008a3e:	4603      	mov	r3, r0
 8008a40:	2800      	cmp	r0, #0
 8008a42:	d1e6      	bne.n	8008a12 <BQ76952_WriteSubcommand+0x32>
    checksum += (uint8_t)((subcmd >> 8) & 0xFF);
 8008a44:	eb08 0304 	add.w	r3, r8, r4
    checksum += (uint8_t)(data & 0xFF);
 8008a48:	fa59 f383 	uxtab	r3, r9, r3
    checksum += (uint8_t)((data >> 8) & 0xFF);
 8008a4c:	fa57 f383 	uxtab	r3, r7, r3
 8008a50:	b2db      	uxtb	r3, r3
    checksum = ~checksum;
 8008a52:	43db      	mvns	r3, r3
    tx_buf[0] = 0x60;
 8008a54:	2260      	movs	r2, #96	@ 0x60
 8008a56:	f88d 200c 	strb.w	r2, [sp, #12]
    tx_buf[1] = checksum;
 8008a5a:	f88d 300d 	strb.w	r3, [sp, #13]
    tx_buf[2] = 0x06;  // Length: 2 (subcmd) + 2 (data) + 2 (checksum+length) = 6
 8008a5e:	2306      	movs	r3, #6
 8008a60:	f88d 300e 	strb.w	r3, [sp, #14]
    status = HAL_I2C_Master_Transmit(hi2c, (device_addr << 1), tx_buf, 3, I2C_TIMEOUT_MS);
 8008a64:	2364      	movs	r3, #100	@ 0x64
 8008a66:	9300      	str	r3, [sp, #0]
 8008a68:	2303      	movs	r3, #3
 8008a6a:	aa03      	add	r2, sp, #12
 8008a6c:	4629      	mov	r1, r5
 8008a6e:	4630      	mov	r0, r6
 8008a70:	f005 ff98 	bl	800e9a4 <HAL_I2C_Master_Transmit>
 8008a74:	4603      	mov	r3, r0
    return status;
 8008a76:	e7cc      	b.n	8008a12 <BQ76952_WriteSubcommand+0x32>

08008a78 <BQ76952_ReadRegister16>:
{
 8008a78:	b570      	push	{r4, r5, r6, lr}
 8008a7a:	b084      	sub	sp, #16
 8008a7c:	4605      	mov	r5, r0
 8008a7e:	461e      	mov	r6, r3
    uint8_t reg_byte = (uint8_t)(reg_addr & 0xFF);  // Direct commands are 8-bit addresses
 8008a80:	f88d 200f 	strb.w	r2, [sp, #15]
    status = HAL_I2C_Master_Transmit(hi2c, (device_addr << 1), &reg_byte, 1, I2C_TIMEOUT_MS);
 8008a84:	004c      	lsls	r4, r1, #1
 8008a86:	2264      	movs	r2, #100	@ 0x64
 8008a88:	9200      	str	r2, [sp, #0]
 8008a8a:	2301      	movs	r3, #1
 8008a8c:	f10d 020f 	add.w	r2, sp, #15
 8008a90:	4621      	mov	r1, r4
 8008a92:	f005 ff87 	bl	800e9a4 <HAL_I2C_Master_Transmit>
    if (status != HAL_OK) {
 8008a96:	b108      	cbz	r0, 8008a9c <BQ76952_ReadRegister16+0x24>
}
 8008a98:	b004      	add	sp, #16
 8008a9a:	bd70      	pop	{r4, r5, r6, pc}
    status = HAL_I2C_Master_Receive(hi2c, (device_addr << 1), data, 2, I2C_TIMEOUT_MS);
 8008a9c:	2364      	movs	r3, #100	@ 0x64
 8008a9e:	9300      	str	r3, [sp, #0]
 8008aa0:	2302      	movs	r3, #2
 8008aa2:	aa03      	add	r2, sp, #12
 8008aa4:	4621      	mov	r1, r4
 8008aa6:	4628      	mov	r0, r5
 8008aa8:	f006 f84e 	bl	800eb48 <HAL_I2C_Master_Receive>
    if (status != HAL_OK) {
 8008aac:	2800      	cmp	r0, #0
 8008aae:	d1f3      	bne.n	8008a98 <BQ76952_ReadRegister16+0x20>
    *value = (uint16_t)data[0] | ((uint16_t)data[1] << 8);
 8008ab0:	f89d 300c 	ldrb.w	r3, [sp, #12]
 8008ab4:	f89d 200d 	ldrb.w	r2, [sp, #13]
 8008ab8:	ea43 2302 	orr.w	r3, r3, r2, lsl #8
 8008abc:	8033      	strh	r3, [r6, #0]
    return HAL_OK;
 8008abe:	e7eb      	b.n	8008a98 <BQ76952_ReadRegister16+0x20>

08008ac0 <BQ76952_ReadSubcommand>:
{
 8008ac0:	b570      	push	{r4, r5, r6, lr}
 8008ac2:	b086      	sub	sp, #24
 8008ac4:	4605      	mov	r5, r0
 8008ac6:	461e      	mov	r6, r3
    tx_buf[0] = 0x3E;                           // Register address for subcommand
 8008ac8:	233e      	movs	r3, #62	@ 0x3e
 8008aca:	f88d 3014 	strb.w	r3, [sp, #20]
    tx_buf[1] = (uint8_t)(subcmd & 0xFF);       // Subcommand LSB
 8008ace:	f88d 2015 	strb.w	r2, [sp, #21]
    tx_buf[2] = (uint8_t)((subcmd >> 8) & 0xFF); // Subcommand MSB
 8008ad2:	0a12      	lsrs	r2, r2, #8
 8008ad4:	f88d 2016 	strb.w	r2, [sp, #22]
    status = HAL_I2C_Master_Transmit(hi2c, (device_addr << 1), tx_buf, 3, I2C_TIMEOUT_MS);
 8008ad8:	004c      	lsls	r4, r1, #1
 8008ada:	2364      	movs	r3, #100	@ 0x64
 8008adc:	9300      	str	r3, [sp, #0]
 8008ade:	2303      	movs	r3, #3
 8008ae0:	aa05      	add	r2, sp, #20
 8008ae2:	4621      	mov	r1, r4
 8008ae4:	f005 ff5e 	bl	800e9a4 <HAL_I2C_Master_Transmit>
    if (status != HAL_OK) {
 8008ae8:	b108      	cbz	r0, 8008aee <BQ76952_ReadSubcommand+0x2e>
}
 8008aea:	b006      	add	sp, #24
 8008aec:	bd70      	pop	{r4, r5, r6, pc}
    osDelay(2);
 8008aee:	2002      	movs	r0, #2
 8008af0:	f001 fda6 	bl	800a640 <osDelay>
    reg_addr = 0x40;
 8008af4:	2340      	movs	r3, #64	@ 0x40
 8008af6:	f88d 300f 	strb.w	r3, [sp, #15]
    status = HAL_I2C_Master_Transmit(hi2c, (device_addr << 1), &reg_addr, 1, I2C_TIMEOUT_MS);
 8008afa:	2364      	movs	r3, #100	@ 0x64
 8008afc:	9300      	str	r3, [sp, #0]
 8008afe:	2301      	movs	r3, #1
 8008b00:	f10d 020f 	add.w	r2, sp, #15
 8008b04:	4621      	mov	r1, r4
 8008b06:	4628      	mov	r0, r5
 8008b08:	f005 ff4c 	bl	800e9a4 <HAL_I2C_Master_Transmit>
    if (status != HAL_OK) {
 8008b0c:	2800      	cmp	r0, #0
 8008b0e:	d1ec      	bne.n	8008aea <BQ76952_ReadSubcommand+0x2a>
    status = HAL_I2C_Master_Receive(hi2c, (device_addr << 1), rx_buf, 2, I2C_TIMEOUT_MS);
 8008b10:	2364      	movs	r3, #100	@ 0x64
 8008b12:	9300      	str	r3, [sp, #0]
 8008b14:	2302      	movs	r3, #2
 8008b16:	aa04      	add	r2, sp, #16
 8008b18:	4621      	mov	r1, r4
 8008b1a:	4628      	mov	r0, r5
 8008b1c:	f006 f814 	bl	800eb48 <HAL_I2C_Master_Receive>
    if (status != HAL_OK) {
 8008b20:	2800      	cmp	r0, #0
 8008b22:	d1e2      	bne.n	8008aea <BQ76952_ReadSubcommand+0x2a>
    *data = (uint16_t)rx_buf[0] | ((uint16_t)rx_buf[1] << 8);
 8008b24:	f89d 3010 	ldrb.w	r3, [sp, #16]
 8008b28:	f89d 2011 	ldrb.w	r2, [sp, #17]
 8008b2c:	ea43 2302 	orr.w	r3, r3, r2, lsl #8
 8008b30:	8033      	strh	r3, [r6, #0]
    return HAL_OK;
 8008b32:	e7da      	b.n	8008aea <BQ76952_ReadSubcommand+0x2a>

08008b34 <BQ_ReadCell>:
    if (hi2c == NULL || voltage_mv == NULL || cell_num < 1 || cell_num > 16) {
 8008b34:	2800      	cmp	r0, #0
 8008b36:	d03f      	beq.n	8008bb8 <BQ_ReadCell+0x84>
{
 8008b38:	b510      	push	{r4, lr}
 8008b3a:	b082      	sub	sp, #8
 8008b3c:	461c      	mov	r4, r3
 8008b3e:	4684      	mov	ip, r0
    if (hi2c == NULL || voltage_mv == NULL || cell_num < 1 || cell_num > 16) {
 8008b40:	2b00      	cmp	r3, #0
 8008b42:	d03b      	beq.n	8008bbc <BQ_ReadCell+0x88>
 8008b44:	2a00      	cmp	r2, #0
 8008b46:	d03b      	beq.n	8008bc0 <BQ_ReadCell+0x8c>
 8008b48:	2a10      	cmp	r2, #16
 8008b4a:	d83c      	bhi.n	8008bc6 <BQ_ReadCell+0x92>
    switch (cell_num) {
 8008b4c:	3a01      	subs	r2, #1
 8008b4e:	2a0f      	cmp	r2, #15
 8008b50:	d83b      	bhi.n	8008bca <BQ_ReadCell+0x96>
 8008b52:	e8df f002 	tbb	[pc, r2]
 8008b56:	2f08      	.short	0x2f08
 8008b58:	19171513 	.word	0x19171513
 8008b5c:	211f1d1b 	.word	0x211f1d1b
 8008b60:	29272523 	.word	0x29272523
 8008b64:	2d2b      	.short	0x2d2b
 8008b66:	2214      	movs	r2, #20
    status = BQ76952_ReadRegister16(hi2c, device_addr, reg_addr, &raw_value);
 8008b68:	f10d 0306 	add.w	r3, sp, #6
 8008b6c:	4660      	mov	r0, ip
 8008b6e:	f7ff ff83 	bl	8008a78 <BQ76952_ReadRegister16>
    if (status == HAL_OK) {
 8008b72:	bb30      	cbnz	r0, 8008bc2 <BQ_ReadCell+0x8e>
        *voltage_mv = raw_value;
 8008b74:	f8bd 3006 	ldrh.w	r3, [sp, #6]
 8008b78:	8023      	strh	r3, [r4, #0]
 8008b7a:	e022      	b.n	8008bc2 <BQ_ReadCell+0x8e>
        case 3:  reg_addr = Cell3Voltage;  break;
 8008b7c:	2218      	movs	r2, #24
 8008b7e:	e7f3      	b.n	8008b68 <BQ_ReadCell+0x34>
        case 4:  reg_addr = Cell4Voltage;  break;
 8008b80:	221a      	movs	r2, #26
 8008b82:	e7f1      	b.n	8008b68 <BQ_ReadCell+0x34>
        case 5:  reg_addr = Cell5Voltage;  break;
 8008b84:	221c      	movs	r2, #28
 8008b86:	e7ef      	b.n	8008b68 <BQ_ReadCell+0x34>
        case 6:  reg_addr = Cell6Voltage;  break;
 8008b88:	221e      	movs	r2, #30
 8008b8a:	e7ed      	b.n	8008b68 <BQ_ReadCell+0x34>
        case 7:  reg_addr = Cell7Voltage;  break;
 8008b8c:	2220      	movs	r2, #32
 8008b8e:	e7eb      	b.n	8008b68 <BQ_ReadCell+0x34>
        case 8:  reg_addr = Cell8Voltage;  break;
 8008b90:	2222      	movs	r2, #34	@ 0x22
 8008b92:	e7e9      	b.n	8008b68 <BQ_ReadCell+0x34>
        case 9:  reg_addr = Cell9Voltage;  break;
 8008b94:	2224      	movs	r2, #36	@ 0x24
 8008b96:	e7e7      	b.n	8008b68 <BQ_ReadCell+0x34>
        case 10: reg_addr = Cell10Voltage; break;
 8008b98:	2226      	movs	r2, #38	@ 0x26
 8008b9a:	e7e5      	b.n	8008b68 <BQ_ReadCell+0x34>
        case 11: reg_addr = Cell11Voltage; break;
 8008b9c:	2228      	movs	r2, #40	@ 0x28
 8008b9e:	e7e3      	b.n	8008b68 <BQ_ReadCell+0x34>
        case 12: reg_addr = Cell12Voltage; break;
 8008ba0:	222a      	movs	r2, #42	@ 0x2a
 8008ba2:	e7e1      	b.n	8008b68 <BQ_ReadCell+0x34>
        case 13: reg_addr = Cell13Voltage; break;
 8008ba4:	222c      	movs	r2, #44	@ 0x2c
 8008ba6:	e7df      	b.n	8008b68 <BQ_ReadCell+0x34>
        case 14: reg_addr = Cell14Voltage; break;
 8008ba8:	222e      	movs	r2, #46	@ 0x2e
 8008baa:	e7dd      	b.n	8008b68 <BQ_ReadCell+0x34>
        case 15: reg_addr = Cell15Voltage; break;
 8008bac:	2230      	movs	r2, #48	@ 0x30
 8008bae:	e7db      	b.n	8008b68 <BQ_ReadCell+0x34>
        case 16: reg_addr = Cell16Voltage; break;
 8008bb0:	2232      	movs	r2, #50	@ 0x32
 8008bb2:	e7d9      	b.n	8008b68 <BQ_ReadCell+0x34>
        case 2:  reg_addr = Cell2Voltage;  break;
 8008bb4:	2216      	movs	r2, #22
 8008bb6:	e7d7      	b.n	8008b68 <BQ_ReadCell+0x34>
        return HAL_ERROR;
 8008bb8:	2001      	movs	r0, #1
}
 8008bba:	4770      	bx	lr
        return HAL_ERROR;
 8008bbc:	2001      	movs	r0, #1
 8008bbe:	e000      	b.n	8008bc2 <BQ_ReadCell+0x8e>
 8008bc0:	2001      	movs	r0, #1
}
 8008bc2:	b002      	add	sp, #8
 8008bc4:	bd10      	pop	{r4, pc}
        return HAL_ERROR;
 8008bc6:	2001      	movs	r0, #1
 8008bc8:	e7fb      	b.n	8008bc2 <BQ_ReadCell+0x8e>
    switch (cell_num) {
 8008bca:	2001      	movs	r0, #1
 8008bcc:	e7f9      	b.n	8008bc2 <BQ_ReadCell+0x8e>
	...

08008bd0 <BQ_ReadBMS1>:
    if (data == NULL) {
 8008bd0:	2800      	cmp	r0, #0
 8008bd2:	d042      	beq.n	8008c5a <BQ_ReadBMS1+0x8a>
{
 8008bd4:	b570      	push	{r4, r5, r6, lr}
 8008bd6:	b082      	sub	sp, #8
 8008bd8:	4606      	mov	r6, r0
    if (I2C1Handle != NULL) {
 8008bda:	4b23      	ldr	r3, [pc, #140]	@ (8008c68 <BQ_ReadBMS1+0x98>)
 8008bdc:	6818      	ldr	r0, [r3, #0]
 8008bde:	b120      	cbz	r0, 8008bea <BQ_ReadBMS1+0x1a>
        if (osMutexAcquire(I2C1Handle, I2C_TIMEOUT_MS) != osOK) {
 8008be0:	2164      	movs	r1, #100	@ 0x64
 8008be2:	f001 fd86 	bl	800a6f2 <osMutexAcquire>
 8008be6:	2800      	cmp	r0, #0
 8008be8:	d139      	bne.n	8008c5e <BQ_ReadBMS1+0x8e>
{
 8008bea:	2500      	movs	r5, #0
    for (uint8_t i = 0; i < BMS1_NUM_CELLS; i++) {
 8008bec:	2d08      	cmp	r5, #8
 8008bee:	d81b      	bhi.n	8008c28 <BQ_ReadBMS1+0x58>
        uint16_t voltage_mv = 0;
 8008bf0:	2300      	movs	r3, #0
 8008bf2:	f8ad 3006 	strh.w	r3, [sp, #6]
        status = BQ_ReadCell(&hi2c1, BQ76952_I2C_ADDR_BMS1, i + 1, &voltage_mv);
 8008bf6:	1c6c      	adds	r4, r5, #1
 8008bf8:	b2e4      	uxtb	r4, r4
 8008bfa:	f10d 0306 	add.w	r3, sp, #6
 8008bfe:	4622      	mov	r2, r4
 8008c00:	2108      	movs	r1, #8
 8008c02:	481a      	ldr	r0, [pc, #104]	@ (8008c6c <BQ_ReadBMS1+0x9c>)
 8008c04:	f7ff ff96 	bl	8008b34 <BQ_ReadCell>
        if (status == HAL_OK) {
 8008c08:	b928      	cbnz	r0, 8008c16 <BQ_ReadBMS1+0x46>
            data->cell_voltage_mv[i] = voltage_mv;
 8008c0a:	f8bd 3006 	ldrh.w	r3, [sp, #6]
 8008c0e:	f826 3015 	strh.w	r3, [r6, r5, lsl #1]
    for (uint8_t i = 0; i < BMS1_NUM_CELLS; i++) {
 8008c12:	4625      	mov	r5, r4
 8008c14:	e7ea      	b.n	8008bec <BQ_ReadBMS1+0x1c>
            data->valid = 0;
 8008c16:	2300      	movs	r3, #0
 8008c18:	7633      	strb	r3, [r6, #24]
            if (I2C1Handle != NULL) {
 8008c1a:	4b13      	ldr	r3, [pc, #76]	@ (8008c68 <BQ_ReadBMS1+0x98>)
 8008c1c:	6818      	ldr	r0, [r3, #0]
 8008c1e:	b108      	cbz	r0, 8008c24 <BQ_ReadBMS1+0x54>
                osMutexRelease(I2C1Handle);
 8008c20:	f001 fd96 	bl	800a750 <osMutexRelease>
            return HAL_ERROR;
 8008c24:	2001      	movs	r0, #1
 8008c26:	e016      	b.n	8008c56 <BQ_ReadBMS1+0x86>
    if (I2C1Handle != NULL) {
 8008c28:	4b0f      	ldr	r3, [pc, #60]	@ (8008c68 <BQ_ReadBMS1+0x98>)
 8008c2a:	6818      	ldr	r0, [r3, #0]
 8008c2c:	b108      	cbz	r0, 8008c32 <BQ_ReadBMS1+0x62>
        osMutexRelease(I2C1Handle);
 8008c2e:	f001 fd8f 	bl	800a750 <osMutexRelease>
    if (voltage_mutex != NULL) {
 8008c32:	4b0f      	ldr	r3, [pc, #60]	@ (8008c70 <BQ_ReadBMS1+0xa0>)
 8008c34:	6818      	ldr	r0, [r3, #0]
 8008c36:	b118      	cbz	r0, 8008c40 <BQ_ReadBMS1+0x70>
        osMutexAcquire(voltage_mutex, osWaitForever);
 8008c38:	f04f 31ff 	mov.w	r1, #4294967295
 8008c3c:	f001 fd59 	bl	800a6f2 <osMutexAcquire>
    data->last_update_tick = osKernelGetTickCount();
 8008c40:	f001 fc9a 	bl	800a578 <osKernelGetTickCount>
 8008c44:	6170      	str	r0, [r6, #20]
    data->valid = 1;
 8008c46:	2301      	movs	r3, #1
 8008c48:	7633      	strb	r3, [r6, #24]
    if (voltage_mutex != NULL) {
 8008c4a:	4b09      	ldr	r3, [pc, #36]	@ (8008c70 <BQ_ReadBMS1+0xa0>)
 8008c4c:	6818      	ldr	r0, [r3, #0]
 8008c4e:	b140      	cbz	r0, 8008c62 <BQ_ReadBMS1+0x92>
        osMutexRelease(voltage_mutex);
 8008c50:	f001 fd7e 	bl	800a750 <osMutexRelease>
    return HAL_OK;
 8008c54:	2000      	movs	r0, #0
}
 8008c56:	b002      	add	sp, #8
 8008c58:	bd70      	pop	{r4, r5, r6, pc}
        return HAL_ERROR;
 8008c5a:	2001      	movs	r0, #1
}
 8008c5c:	4770      	bx	lr
            return HAL_ERROR;
 8008c5e:	2001      	movs	r0, #1
 8008c60:	e7f9      	b.n	8008c56 <BQ_ReadBMS1+0x86>
    return HAL_OK;
 8008c62:	2000      	movs	r0, #0
 8008c64:	e7f7      	b.n	8008c56 <BQ_ReadBMS1+0x86>
 8008c66:	bf00      	nop
 8008c68:	20003cf4 	.word	0x20003cf4
 8008c6c:	20003d60 	.word	0x20003d60
 8008c70:	200000f8 	.word	0x200000f8

08008c74 <BQ_SendCANMessage>:
    if (data == NULL) {
 8008c74:	2800      	cmp	r0, #0
 8008c76:	d062      	beq.n	8008d3e <BQ_SendCANMessage+0xca>
{
 8008c78:	b510      	push	{r4, lr}
 8008c7a:	b082      	sub	sp, #8
 8008c7c:	4604      	mov	r4, r0
    can_data[0] = (uint8_t)(data->cell_voltage_mv[0] & 0xFF);
 8008c7e:	8803      	ldrh	r3, [r0, #0]
 8008c80:	f88d 3000 	strb.w	r3, [sp]
    can_data[1] = (uint8_t)((data->cell_voltage_mv[0] >> 8) & 0xFF);
 8008c84:	0a1b      	lsrs	r3, r3, #8
 8008c86:	f88d 3001 	strb.w	r3, [sp, #1]
    can_data[2] = (uint8_t)(data->cell_voltage_mv[1] & 0xFF);
 8008c8a:	8843      	ldrh	r3, [r0, #2]
 8008c8c:	f88d 3002 	strb.w	r3, [sp, #2]
    can_data[3] = (uint8_t)((data->cell_voltage_mv[1] >> 8) & 0xFF);
 8008c90:	0a1b      	lsrs	r3, r3, #8
 8008c92:	f88d 3003 	strb.w	r3, [sp, #3]
    can_data[4] = (uint8_t)(data->cell_voltage_mv[2] & 0xFF);
 8008c96:	8883      	ldrh	r3, [r0, #4]
 8008c98:	f88d 3004 	strb.w	r3, [sp, #4]
    can_data[5] = (uint8_t)((data->cell_voltage_mv[2] >> 8) & 0xFF);
 8008c9c:	0a1b      	lsrs	r3, r3, #8
 8008c9e:	f88d 3005 	strb.w	r3, [sp, #5]
    can_data[6] = 0x00;  // Padding
 8008ca2:	2300      	movs	r3, #0
 8008ca4:	f88d 3006 	strb.w	r3, [sp, #6]
    can_data[7] = 0x00;  // Padding
 8008ca8:	f88d 3007 	strb.w	r3, [sp, #7]
    status = CAN_SendMessage(CAN_VOLTAGE_0_ID, can_data, 6, CAN_PRIORITY_NORMAL);
 8008cac:	2302      	movs	r3, #2
 8008cae:	2206      	movs	r2, #6
 8008cb0:	4669      	mov	r1, sp
 8008cb2:	4824      	ldr	r0, [pc, #144]	@ (8008d44 <BQ_SendCANMessage+0xd0>)
 8008cb4:	6800      	ldr	r0, [r0, #0]
 8008cb6:	f000 fdc1 	bl	800983c <CAN_SendMessage>
    if (status != HAL_OK) {
 8008cba:	b108      	cbz	r0, 8008cc0 <BQ_SendCANMessage+0x4c>
}
 8008cbc:	b002      	add	sp, #8
 8008cbe:	bd10      	pop	{r4, pc}
    can_data[0] = (uint8_t)(data->cell_voltage_mv[3] & 0xFF);
 8008cc0:	88e3      	ldrh	r3, [r4, #6]
 8008cc2:	f88d 3000 	strb.w	r3, [sp]
    can_data[1] = (uint8_t)((data->cell_voltage_mv[3] >> 8) & 0xFF);
 8008cc6:	0a1b      	lsrs	r3, r3, #8
 8008cc8:	f88d 3001 	strb.w	r3, [sp, #1]
    can_data[2] = (uint8_t)(data->cell_voltage_mv[4] & 0xFF);
 8008ccc:	8923      	ldrh	r3, [r4, #8]
 8008cce:	f88d 3002 	strb.w	r3, [sp, #2]
    can_data[3] = (uint8_t)((data->cell_voltage_mv[4] >> 8) & 0xFF);
 8008cd2:	0a1b      	lsrs	r3, r3, #8
 8008cd4:	f88d 3003 	strb.w	r3, [sp, #3]
    can_data[4] = (uint8_t)(data->cell_voltage_mv[5] & 0xFF);
 8008cd8:	8963      	ldrh	r3, [r4, #10]
 8008cda:	f88d 3004 	strb.w	r3, [sp, #4]
    can_data[5] = (uint8_t)((data->cell_voltage_mv[5] >> 8) & 0xFF);
 8008cde:	0a1b      	lsrs	r3, r3, #8
 8008ce0:	f88d 3005 	strb.w	r3, [sp, #5]
    can_data[6] = 0x00;  // Padding
 8008ce4:	2300      	movs	r3, #0
 8008ce6:	f88d 3006 	strb.w	r3, [sp, #6]
    can_data[7] = 0x00;  // Padding
 8008cea:	f88d 3007 	strb.w	r3, [sp, #7]
    status = CAN_SendMessage(CAN_VOLTAGE_1_ID, can_data, 6, CAN_PRIORITY_NORMAL);
 8008cee:	2302      	movs	r3, #2
 8008cf0:	2206      	movs	r2, #6
 8008cf2:	4669      	mov	r1, sp
 8008cf4:	4814      	ldr	r0, [pc, #80]	@ (8008d48 <BQ_SendCANMessage+0xd4>)
 8008cf6:	6800      	ldr	r0, [r0, #0]
 8008cf8:	f000 fda0 	bl	800983c <CAN_SendMessage>
    if (status != HAL_OK) {
 8008cfc:	2800      	cmp	r0, #0
 8008cfe:	d1dd      	bne.n	8008cbc <BQ_SendCANMessage+0x48>
    can_data[0] = (uint8_t)(data->cell_voltage_mv[6] & 0xFF);
 8008d00:	89a3      	ldrh	r3, [r4, #12]
 8008d02:	f88d 3000 	strb.w	r3, [sp]
    can_data[1] = (uint8_t)((data->cell_voltage_mv[6] >> 8) & 0xFF);
 8008d06:	0a1b      	lsrs	r3, r3, #8
 8008d08:	f88d 3001 	strb.w	r3, [sp, #1]
    can_data[2] = (uint8_t)(data->cell_voltage_mv[7] & 0xFF);
 8008d0c:	89e3      	ldrh	r3, [r4, #14]
 8008d0e:	f88d 3002 	strb.w	r3, [sp, #2]
    can_data[3] = (uint8_t)((data->cell_voltage_mv[7] >> 8) & 0xFF);
 8008d12:	0a1b      	lsrs	r3, r3, #8
 8008d14:	f88d 3003 	strb.w	r3, [sp, #3]
    can_data[4] = (uint8_t)(data->cell_voltage_mv[8] & 0xFF);
 8008d18:	8a23      	ldrh	r3, [r4, #16]
 8008d1a:	f88d 3004 	strb.w	r3, [sp, #4]
    can_data[5] = (uint8_t)((data->cell_voltage_mv[8] >> 8) & 0xFF);
 8008d1e:	0a1b      	lsrs	r3, r3, #8
 8008d20:	f88d 3005 	strb.w	r3, [sp, #5]
    can_data[6] = 0x00;  // Padding
 8008d24:	2300      	movs	r3, #0
 8008d26:	f88d 3006 	strb.w	r3, [sp, #6]
    can_data[7] = 0x00;  // Padding
 8008d2a:	f88d 3007 	strb.w	r3, [sp, #7]
    status = CAN_SendMessage(CAN_VOLTAGE_2_ID, can_data, 6, CAN_PRIORITY_NORMAL);
 8008d2e:	2302      	movs	r3, #2
 8008d30:	2206      	movs	r2, #6
 8008d32:	4669      	mov	r1, sp
 8008d34:	4805      	ldr	r0, [pc, #20]	@ (8008d4c <BQ_SendCANMessage+0xd8>)
 8008d36:	6800      	ldr	r0, [r0, #0]
 8008d38:	f000 fd80 	bl	800983c <CAN_SendMessage>
    return status;
 8008d3c:	e7be      	b.n	8008cbc <BQ_SendCANMessage+0x48>
        return HAL_ERROR;
 8008d3e:	2001      	movs	r0, #1
}
 8008d40:	4770      	bx	lr
 8008d42:	bf00      	nop
 8008d44:	20000db4 	.word	0x20000db4
 8008d48:	20000db0 	.word	0x20000db0
 8008d4c:	20000dac 	.word	0x20000dac

08008d50 <BQ_GetData>:
    if (data == NULL) {
 8008d50:	b1c8      	cbz	r0, 8008d86 <BQ_GetData+0x36>
{
 8008d52:	b538      	push	{r3, r4, r5, lr}
 8008d54:	4605      	mov	r5, r0
    if (voltage_mutex != NULL) {
 8008d56:	4b0e      	ldr	r3, [pc, #56]	@ (8008d90 <BQ_GetData+0x40>)
 8008d58:	6818      	ldr	r0, [r3, #0]
 8008d5a:	b118      	cbz	r0, 8008d64 <BQ_GetData+0x14>
        osMutexAcquire(voltage_mutex, osWaitForever);
 8008d5c:	f04f 31ff 	mov.w	r1, #4294967295
 8008d60:	f001 fcc7 	bl	800a6f2 <osMutexAcquire>
    memcpy(data, &voltage_data_bms1, sizeof(BQ_Data_t));
 8008d64:	4c0b      	ldr	r4, [pc, #44]	@ (8008d94 <BQ_GetData+0x44>)
 8008d66:	cc0f      	ldmia	r4!, {r0, r1, r2, r3}
 8008d68:	6028      	str	r0, [r5, #0]
 8008d6a:	6069      	str	r1, [r5, #4]
 8008d6c:	60aa      	str	r2, [r5, #8]
 8008d6e:	60eb      	str	r3, [r5, #12]
 8008d70:	cc07      	ldmia	r4!, {r0, r1, r2}
 8008d72:	6128      	str	r0, [r5, #16]
 8008d74:	6169      	str	r1, [r5, #20]
 8008d76:	61aa      	str	r2, [r5, #24]
    if (voltage_mutex != NULL) {
 8008d78:	4b05      	ldr	r3, [pc, #20]	@ (8008d90 <BQ_GetData+0x40>)
 8008d7a:	6818      	ldr	r0, [r3, #0]
 8008d7c:	b128      	cbz	r0, 8008d8a <BQ_GetData+0x3a>
        osMutexRelease(voltage_mutex);
 8008d7e:	f001 fce7 	bl	800a750 <osMutexRelease>
    return HAL_OK;
 8008d82:	2000      	movs	r0, #0
}
 8008d84:	bd38      	pop	{r3, r4, r5, pc}
        return HAL_ERROR;
 8008d86:	2001      	movs	r0, #1
}
 8008d88:	4770      	bx	lr
    return HAL_OK;
 8008d8a:	2000      	movs	r0, #0
 8008d8c:	e7fa      	b.n	8008d84 <BQ_GetData+0x34>
 8008d8e:	bf00      	nop
 8008d90:	200000f8 	.word	0x200000f8
 8008d94:	20000118 	.word	0x20000118

08008d98 <BQ_CheckLimits>:
    if (data == NULL || !data->valid) {
 8008d98:	2800      	cmp	r0, #0
 8008d9a:	d055      	beq.n	8008e48 <BQ_CheckLimits+0xb0>
{
 8008d9c:	b5f8      	push	{r3, r4, r5, r6, r7, lr}
 8008d9e:	4601      	mov	r1, r0
    if (data == NULL || !data->valid) {
 8008da0:	7e03      	ldrb	r3, [r0, #24]
 8008da2:	2b00      	cmp	r3, #0
 8008da4:	d03b      	beq.n	8008e1e <BQ_CheckLimits+0x86>
    if (!g_fault_reporting_enabled) {
 8008da6:	4b29      	ldr	r3, [pc, #164]	@ (8008e4c <BQ_CheckLimits+0xb4>)
 8008da8:	781b      	ldrb	r3, [r3, #0]
 8008daa:	b3c3      	cbz	r3, 8008e1e <BQ_CheckLimits+0x86>
    for (uint8_t i = 0; i < BMS1_NUM_CELLS; i++) {
 8008dac:	2300      	movs	r3, #0
    bool low_voltage_warning = false;
 8008dae:	461e      	mov	r6, r3
    bool high_voltage_warning = false;
 8008db0:	461d      	mov	r5, r3
    bool under_voltage_detected = false;
 8008db2:	461c      	mov	r4, r3
    bool over_voltage_detected = false;
 8008db4:	461f      	mov	r7, r3
 8008db6:	e002      	b.n	8008dbe <BQ_CheckLimits+0x26>
            over_voltage_detected = true;
 8008db8:	2701      	movs	r7, #1
    for (uint8_t i = 0; i < BMS1_NUM_CELLS; i++) {
 8008dba:	3301      	adds	r3, #1
 8008dbc:	b2db      	uxtb	r3, r3
 8008dbe:	2b08      	cmp	r3, #8
 8008dc0:	d819      	bhi.n	8008df6 <BQ_CheckLimits+0x5e>
        uint16_t voltage_mv = data->cell_voltage_mv[i];
 8008dc2:	f831 2013 	ldrh.w	r2, [r1, r3, lsl #1]
        if (voltage_mv == 0) {
 8008dc6:	2a00      	cmp	r2, #0
 8008dc8:	d0f7      	beq.n	8008dba <BQ_CheckLimits+0x22>
        if (voltage_mv > g_cell_voltage_max_mv) {
 8008dca:	4821      	ldr	r0, [pc, #132]	@ (8008e50 <BQ_CheckLimits+0xb8>)
 8008dcc:	8800      	ldrh	r0, [r0, #0]
 8008dce:	4290      	cmp	r0, r2
 8008dd0:	d3f2      	bcc.n	8008db8 <BQ_CheckLimits+0x20>
        else if (voltage_mv < g_cell_voltage_min_mv) {
 8008dd2:	4820      	ldr	r0, [pc, #128]	@ (8008e54 <BQ_CheckLimits+0xbc>)
 8008dd4:	8800      	ldrh	r0, [r0, #0]
 8008dd6:	4290      	cmp	r0, r2
 8008dd8:	d809      	bhi.n	8008dee <BQ_CheckLimits+0x56>
        else if (voltage_mv > CELL_VOLTAGE_WARNING_HIGH_MV) {
 8008dda:	f241 0068 	movw	r0, #4200	@ 0x1068
 8008dde:	4282      	cmp	r2, r0
 8008de0:	d807      	bhi.n	8008df2 <BQ_CheckLimits+0x5a>
        else if (voltage_mv < CELL_VOLTAGE_WARNING_LOW_MV) {
 8008de2:	f640 30b7 	movw	r0, #2999	@ 0xbb7
 8008de6:	4282      	cmp	r2, r0
 8008de8:	d8e7      	bhi.n	8008dba <BQ_CheckLimits+0x22>
            low_voltage_warning = true;
 8008dea:	2601      	movs	r6, #1
 8008dec:	e7e5      	b.n	8008dba <BQ_CheckLimits+0x22>
            under_voltage_detected = true;
 8008dee:	2401      	movs	r4, #1
 8008df0:	e7e3      	b.n	8008dba <BQ_CheckLimits+0x22>
            high_voltage_warning = true;
 8008df2:	2501      	movs	r5, #1
 8008df4:	e7e1      	b.n	8008dba <BQ_CheckLimits+0x22>
    if (over_voltage_detected) {
 8008df6:	b19f      	cbz	r7, 8008e20 <BQ_CheckLimits+0x88>
        ErrorMgr_SetError(ERROR_OVER_VOLTAGE);
 8008df8:	f44f 7080 	mov.w	r0, #256	@ 0x100
 8008dfc:	f002 f94a 	bl	800b094 <ErrorMgr_SetError>
    if (under_voltage_detected) {
 8008e00:	b19c      	cbz	r4, 8008e2a <BQ_CheckLimits+0x92>
        ErrorMgr_SetError(ERROR_UNDER_VOLTAGE);
 8008e02:	f44f 7000 	mov.w	r0, #512	@ 0x200
 8008e06:	f002 f945 	bl	800b094 <ErrorMgr_SetError>
    if (high_voltage_warning) {
 8008e0a:	b19d      	cbz	r5, 8008e34 <BQ_CheckLimits+0x9c>
        ErrorMgr_SetWarning(WARNING_HIGH_VOLTAGE);
 8008e0c:	f44f 7080 	mov.w	r0, #256	@ 0x100
 8008e10:	f002 f9a0 	bl	800b154 <ErrorMgr_SetWarning>
    if (low_voltage_warning) {
 8008e14:	b19e      	cbz	r6, 8008e3e <BQ_CheckLimits+0xa6>
        ErrorMgr_SetWarning(WARNING_LOW_VOLTAGE);
 8008e16:	f44f 7000 	mov.w	r0, #512	@ 0x200
 8008e1a:	f002 f99b 	bl	800b154 <ErrorMgr_SetWarning>
}
 8008e1e:	bdf8      	pop	{r3, r4, r5, r6, r7, pc}
        ErrorMgr_ClearError(ERROR_OVER_VOLTAGE);
 8008e20:	f44f 7080 	mov.w	r0, #256	@ 0x100
 8008e24:	f002 f95c 	bl	800b0e0 <ErrorMgr_ClearError>
 8008e28:	e7ea      	b.n	8008e00 <BQ_CheckLimits+0x68>
        ErrorMgr_ClearError(ERROR_UNDER_VOLTAGE);
 8008e2a:	f44f 7000 	mov.w	r0, #512	@ 0x200
 8008e2e:	f002 f957 	bl	800b0e0 <ErrorMgr_ClearError>
 8008e32:	e7ea      	b.n	8008e0a <BQ_CheckLimits+0x72>
        ErrorMgr_ClearWarning(WARNING_HIGH_VOLTAGE);
 8008e34:	f44f 7080 	mov.w	r0, #256	@ 0x100
 8008e38:	f002 f9a4 	bl	800b184 <ErrorMgr_ClearWarning>
 8008e3c:	e7ea      	b.n	8008e14 <BQ_CheckLimits+0x7c>
        ErrorMgr_ClearWarning(WARNING_LOW_VOLTAGE);
 8008e3e:	f44f 7000 	mov.w	r0, #512	@ 0x200
 8008e42:	f002 f99f 	bl	800b184 <ErrorMgr_ClearWarning>
 8008e46:	e7ea      	b.n	8008e1e <BQ_CheckLimits+0x86>
 8008e48:	4770      	bx	lr
 8008e4a:	bf00      	nop
 8008e4c:	20000010 	.word	0x20000010
 8008e50:	2000000c 	.word	0x2000000c
 8008e54:	2000000e 	.word	0x2000000e

08008e58 <BQ_ReadBMS2>:
    if (data == NULL) {
 8008e58:	2800      	cmp	r0, #0
 8008e5a:	d062      	beq.n	8008f22 <BQ_ReadBMS2+0xca>
{
 8008e5c:	b570      	push	{r4, r5, r6, lr}
 8008e5e:	b082      	sub	sp, #8
 8008e60:	4606      	mov	r6, r0
    if (I2C3Handle != NULL) {
 8008e62:	4b33      	ldr	r3, [pc, #204]	@ (8008f30 <BQ_ReadBMS2+0xd8>)
 8008e64:	6818      	ldr	r0, [r3, #0]
 8008e66:	b120      	cbz	r0, 8008e72 <BQ_ReadBMS2+0x1a>
        if (osMutexAcquire(I2C3Handle, I2C_TIMEOUT_MS) != osOK) {
 8008e68:	2164      	movs	r1, #100	@ 0x64
 8008e6a:	f001 fc42 	bl	800a6f2 <osMutexAcquire>
 8008e6e:	2800      	cmp	r0, #0
 8008e70:	d159      	bne.n	8008f26 <BQ_ReadBMS2+0xce>
    if (hi2c3.State != HAL_I2C_STATE_READY) {
 8008e72:	4b30      	ldr	r3, [pc, #192]	@ (8008f34 <BQ_ReadBMS2+0xdc>)
 8008e74:	f893 3041 	ldrb.w	r3, [r3, #65]	@ 0x41
 8008e78:	2b20      	cmp	r3, #32
 8008e7a:	d125      	bne.n	8008ec8 <BQ_ReadBMS2+0x70>
    g_last_i2c3_error = HAL_I2C_GetError(&hi2c3);
 8008e7c:	482d      	ldr	r0, [pc, #180]	@ (8008f34 <BQ_ReadBMS2+0xdc>)
 8008e7e:	f005 ffc2 	bl	800ee06 <HAL_I2C_GetError>
 8008e82:	4b2d      	ldr	r3, [pc, #180]	@ (8008f38 <BQ_ReadBMS2+0xe0>)
 8008e84:	6018      	str	r0, [r3, #0]
    if (g_last_i2c3_error != HAL_I2C_ERROR_NONE) {
 8008e86:	b148      	cbz	r0, 8008e9c <BQ_ReadBMS2+0x44>
        __HAL_I2C_CLEAR_FLAG(&hi2c3, I2C_FLAG_BERR | I2C_FLAG_ARLO | I2C_FLAG_AF | I2C_FLAG_OVR);
 8008e88:	4b2a      	ldr	r3, [pc, #168]	@ (8008f34 <BQ_ReadBMS2+0xdc>)
 8008e8a:	681a      	ldr	r2, [r3, #0]
 8008e8c:	f44f 61e2 	mov.w	r1, #1808	@ 0x710
 8008e90:	61d1      	str	r1, [r2, #28]
        hi2c3.ErrorCode = HAL_I2C_ERROR_NONE;
 8008e92:	2200      	movs	r2, #0
 8008e94:	645a      	str	r2, [r3, #68]	@ 0x44
        hi2c3.State = HAL_I2C_STATE_READY;
 8008e96:	2220      	movs	r2, #32
 8008e98:	f883 2041 	strb.w	r2, [r3, #65]	@ 0x41
{
 8008e9c:	2500      	movs	r5, #0
    for (uint8_t i = 0; i < BMS2_NUM_CELLS; i++) {
 8008e9e:	2d08      	cmp	r5, #8
 8008ea0:	d826      	bhi.n	8008ef0 <BQ_ReadBMS2+0x98>
        uint16_t voltage_mv = 0;
 8008ea2:	2300      	movs	r3, #0
 8008ea4:	f8ad 3006 	strh.w	r3, [sp, #6]
        status = BQ_ReadCell(&hi2c3, BQ76952_I2C_ADDR_BMS2, i + 1, &voltage_mv);
 8008ea8:	1c6c      	adds	r4, r5, #1
 8008eaa:	b2e4      	uxtb	r4, r4
 8008eac:	f10d 0306 	add.w	r3, sp, #6
 8008eb0:	4622      	mov	r2, r4
 8008eb2:	2108      	movs	r1, #8
 8008eb4:	481f      	ldr	r0, [pc, #124]	@ (8008f34 <BQ_ReadBMS2+0xdc>)
 8008eb6:	f7ff fe3d 	bl	8008b34 <BQ_ReadCell>
        if (status == HAL_OK) {
 8008eba:	b980      	cbnz	r0, 8008ede <BQ_ReadBMS2+0x86>
            data->cell_voltage_mv[i] = voltage_mv;
 8008ebc:	f8bd 3006 	ldrh.w	r3, [sp, #6]
 8008ec0:	f826 3015 	strh.w	r3, [r6, r5, lsl #1]
    for (uint8_t i = 0; i < BMS2_NUM_CELLS; i++) {
 8008ec4:	4625      	mov	r5, r4
 8008ec6:	e7ea      	b.n	8008e9e <BQ_ReadBMS2+0x46>
        HAL_I2C_DeInit(&hi2c3);
 8008ec8:	4c1a      	ldr	r4, [pc, #104]	@ (8008f34 <BQ_ReadBMS2+0xdc>)
 8008eca:	4620      	mov	r0, r4
 8008ecc:	f005 fd51 	bl	800e972 <HAL_I2C_DeInit>
        HAL_I2C_Init(&hi2c3);
 8008ed0:	4620      	mov	r0, r4
 8008ed2:	f005 fcea 	bl	800e8aa <HAL_I2C_Init>
        osDelay(5);
 8008ed6:	2005      	movs	r0, #5
 8008ed8:	f001 fbb2 	bl	800a640 <osDelay>
 8008edc:	e7ce      	b.n	8008e7c <BQ_ReadBMS2+0x24>
            data->valid = 0;
 8008ede:	2300      	movs	r3, #0
 8008ee0:	7633      	strb	r3, [r6, #24]
            if (I2C3Handle != NULL) {
 8008ee2:	4b13      	ldr	r3, [pc, #76]	@ (8008f30 <BQ_ReadBMS2+0xd8>)
 8008ee4:	6818      	ldr	r0, [r3, #0]
 8008ee6:	b108      	cbz	r0, 8008eec <BQ_ReadBMS2+0x94>
                osMutexRelease(I2C3Handle);
 8008ee8:	f001 fc32 	bl	800a750 <osMutexRelease>
            return HAL_ERROR;
 8008eec:	2001      	movs	r0, #1
 8008eee:	e016      	b.n	8008f1e <BQ_ReadBMS2+0xc6>
    if (I2C3Handle != NULL) {
 8008ef0:	4b0f      	ldr	r3, [pc, #60]	@ (8008f30 <BQ_ReadBMS2+0xd8>)
 8008ef2:	6818      	ldr	r0, [r3, #0]
 8008ef4:	b108      	cbz	r0, 8008efa <BQ_ReadBMS2+0xa2>
        osMutexRelease(I2C3Handle);
 8008ef6:	f001 fc2b 	bl	800a750 <osMutexRelease>
    if (voltage_mutex_bms2 != NULL) {
 8008efa:	4b10      	ldr	r3, [pc, #64]	@ (8008f3c <BQ_ReadBMS2+0xe4>)
 8008efc:	6818      	ldr	r0, [r3, #0]
 8008efe:	b118      	cbz	r0, 8008f08 <BQ_ReadBMS2+0xb0>
        osMutexAcquire(voltage_mutex_bms2, osWaitForever);
 8008f00:	f04f 31ff 	mov.w	r1, #4294967295
 8008f04:	f001 fbf5 	bl	800a6f2 <osMutexAcquire>
    data->last_update_tick = osKernelGetTickCount();
 8008f08:	f001 fb36 	bl	800a578 <osKernelGetTickCount>
 8008f0c:	6170      	str	r0, [r6, #20]
    data->valid = 1;
 8008f0e:	2301      	movs	r3, #1
 8008f10:	7633      	strb	r3, [r6, #24]
    if (voltage_mutex_bms2 != NULL) {
 8008f12:	4b0a      	ldr	r3, [pc, #40]	@ (8008f3c <BQ_ReadBMS2+0xe4>)
 8008f14:	6818      	ldr	r0, [r3, #0]
 8008f16:	b140      	cbz	r0, 8008f2a <BQ_ReadBMS2+0xd2>
        osMutexRelease(voltage_mutex_bms2);
 8008f18:	f001 fc1a 	bl	800a750 <osMutexRelease>
    return HAL_OK;
 8008f1c:	2000      	movs	r0, #0
}
 8008f1e:	b002      	add	sp, #8
 8008f20:	bd70      	pop	{r4, r5, r6, pc}
        return HAL_ERROR;
 8008f22:	2001      	movs	r0, #1
}
 8008f24:	4770      	bx	lr
            return HAL_ERROR;
 8008f26:	2001      	movs	r0, #1
 8008f28:	e7f9      	b.n	8008f1e <BQ_ReadBMS2+0xc6>
    return HAL_OK;
 8008f2a:	2000      	movs	r0, #0
 8008f2c:	e7f7      	b.n	8008f1e <BQ_ReadBMS2+0xc6>
 8008f2e:	bf00      	nop
 8008f30:	20003cf0 	.word	0x20003cf0
 8008f34:	20003d0c 	.word	0x20003d0c
 8008f38:	200000f0 	.word	0x200000f0
 8008f3c:	200000f4 	.word	0x200000f4

08008f40 <BQ_SendCANMessage_BMS2>:
    if (data == NULL) {
 8008f40:	2800      	cmp	r0, #0
 8008f42:	d062      	beq.n	800900a <BQ_SendCANMessage_BMS2+0xca>
{
 8008f44:	b510      	push	{r4, lr}
 8008f46:	b082      	sub	sp, #8
 8008f48:	4604      	mov	r4, r0
    can_data[0] = (uint8_t)(data->cell_voltage_mv[0] & 0xFF);
 8008f4a:	8803      	ldrh	r3, [r0, #0]
 8008f4c:	f88d 3000 	strb.w	r3, [sp]
    can_data[1] = (uint8_t)((data->cell_voltage_mv[0] >> 8) & 0xFF);
 8008f50:	0a1b      	lsrs	r3, r3, #8
 8008f52:	f88d 3001 	strb.w	r3, [sp, #1]
    can_data[2] = (uint8_t)(data->cell_voltage_mv[1] & 0xFF);
 8008f56:	8843      	ldrh	r3, [r0, #2]
 8008f58:	f88d 3002 	strb.w	r3, [sp, #2]
    can_data[3] = (uint8_t)((data->cell_voltage_mv[1] >> 8) & 0xFF);
 8008f5c:	0a1b      	lsrs	r3, r3, #8
 8008f5e:	f88d 3003 	strb.w	r3, [sp, #3]
    can_data[4] = (uint8_t)(data->cell_voltage_mv[2] & 0xFF);
 8008f62:	8883      	ldrh	r3, [r0, #4]
 8008f64:	f88d 3004 	strb.w	r3, [sp, #4]
    can_data[5] = (uint8_t)((data->cell_voltage_mv[2] >> 8) & 0xFF);
 8008f68:	0a1b      	lsrs	r3, r3, #8
 8008f6a:	f88d 3005 	strb.w	r3, [sp, #5]
    can_data[6] = 0x00;  // Padding
 8008f6e:	2300      	movs	r3, #0
 8008f70:	f88d 3006 	strb.w	r3, [sp, #6]
    can_data[7] = 0x00;  // Padding
 8008f74:	f88d 3007 	strb.w	r3, [sp, #7]
    status = CAN_SendMessage(CAN_VOLTAGE_3_ID, can_data, 6, CAN_PRIORITY_NORMAL);
 8008f78:	2302      	movs	r3, #2
 8008f7a:	2206      	movs	r2, #6
 8008f7c:	4669      	mov	r1, sp
 8008f7e:	4824      	ldr	r0, [pc, #144]	@ (8009010 <BQ_SendCANMessage_BMS2+0xd0>)
 8008f80:	6800      	ldr	r0, [r0, #0]
 8008f82:	f000 fc5b 	bl	800983c <CAN_SendMessage>
    if (status != HAL_OK) {
 8008f86:	b108      	cbz	r0, 8008f8c <BQ_SendCANMessage_BMS2+0x4c>
}
 8008f88:	b002      	add	sp, #8
 8008f8a:	bd10      	pop	{r4, pc}
    can_data[0] = (uint8_t)(data->cell_voltage_mv[3] & 0xFF);
 8008f8c:	88e3      	ldrh	r3, [r4, #6]
 8008f8e:	f88d 3000 	strb.w	r3, [sp]
    can_data[1] = (uint8_t)((data->cell_voltage_mv[3] >> 8) & 0xFF);
 8008f92:	0a1b      	lsrs	r3, r3, #8
 8008f94:	f88d 3001 	strb.w	r3, [sp, #1]
    can_data[2] = (uint8_t)(data->cell_voltage_mv[4] & 0xFF);
 8008f98:	8923      	ldrh	r3, [r4, #8]
 8008f9a:	f88d 3002 	strb.w	r3, [sp, #2]
    can_data[3] = (uint8_t)((data->cell_voltage_mv[4] >> 8) & 0xFF);
 8008f9e:	0a1b      	lsrs	r3, r3, #8
 8008fa0:	f88d 3003 	strb.w	r3, [sp, #3]
    can_data[4] = (uint8_t)(data->cell_voltage_mv[5] & 0xFF);
 8008fa4:	8963      	ldrh	r3, [r4, #10]
 8008fa6:	f88d 3004 	strb.w	r3, [sp, #4]
    can_data[5] = (uint8_t)((data->cell_voltage_mv[5] >> 8) & 0xFF);
 8008faa:	0a1b      	lsrs	r3, r3, #8
 8008fac:	f88d 3005 	strb.w	r3, [sp, #5]
    can_data[6] = 0x00;  // Padding
 8008fb0:	2300      	movs	r3, #0
 8008fb2:	f88d 3006 	strb.w	r3, [sp, #6]
    can_data[7] = 0x00;  // Padding
 8008fb6:	f88d 3007 	strb.w	r3, [sp, #7]
    status = CAN_SendMessage(CAN_VOLTAGE_4_ID, can_data, 6, CAN_PRIORITY_NORMAL);
 8008fba:	2302      	movs	r3, #2
 8008fbc:	2206      	movs	r2, #6
 8008fbe:	4669      	mov	r1, sp
 8008fc0:	4814      	ldr	r0, [pc, #80]	@ (8009014 <BQ_SendCANMessage_BMS2+0xd4>)
 8008fc2:	6800      	ldr	r0, [r0, #0]
 8008fc4:	f000 fc3a 	bl	800983c <CAN_SendMessage>
    if (status != HAL_OK) {
 8008fc8:	2800      	cmp	r0, #0
 8008fca:	d1dd      	bne.n	8008f88 <BQ_SendCANMessage_BMS2+0x48>
    can_data[0] = (uint8_t)(data->cell_voltage_mv[6] & 0xFF);
 8008fcc:	89a3      	ldrh	r3, [r4, #12]
 8008fce:	f88d 3000 	strb.w	r3, [sp]
    can_data[1] = (uint8_t)((data->cell_voltage_mv[6] >> 8) & 0xFF);
 8008fd2:	0a1b      	lsrs	r3, r3, #8
 8008fd4:	f88d 3001 	strb.w	r3, [sp, #1]
    can_data[2] = (uint8_t)(data->cell_voltage_mv[7] & 0xFF);
 8008fd8:	89e3      	ldrh	r3, [r4, #14]
 8008fda:	f88d 3002 	strb.w	r3, [sp, #2]
    can_data[3] = (uint8_t)((data->cell_voltage_mv[7] >> 8) & 0xFF);
 8008fde:	0a1b      	lsrs	r3, r3, #8
 8008fe0:	f88d 3003 	strb.w	r3, [sp, #3]
    can_data[4] = (uint8_t)(data->cell_voltage_mv[8] & 0xFF);
 8008fe4:	8a23      	ldrh	r3, [r4, #16]
 8008fe6:	f88d 3004 	strb.w	r3, [sp, #4]
    can_data[5] = (uint8_t)((data->cell_voltage_mv[8] >> 8) & 0xFF);
 8008fea:	0a1b      	lsrs	r3, r3, #8
 8008fec:	f88d 3005 	strb.w	r3, [sp, #5]
    can_data[6] = 0x00;  // Padding
 8008ff0:	2300      	movs	r3, #0
 8008ff2:	f88d 3006 	strb.w	r3, [sp, #6]
    can_data[7] = 0x00;  // Padding
 8008ff6:	f88d 3007 	strb.w	r3, [sp, #7]
    status = CAN_SendMessage(CAN_VOLTAGE_5_ID, can_data, 6, CAN_PRIORITY_NORMAL);
 8008ffa:	2302      	movs	r3, #2
 8008ffc:	2206      	movs	r2, #6
 8008ffe:	4669      	mov	r1, sp
 8009000:	4805      	ldr	r0, [pc, #20]	@ (8009018 <BQ_SendCANMessage_BMS2+0xd8>)
 8009002:	6800      	ldr	r0, [r0, #0]
 8009004:	f000 fc1a 	bl	800983c <CAN_SendMessage>
    return status;
 8009008:	e7be      	b.n	8008f88 <BQ_SendCANMessage_BMS2+0x48>
        return HAL_ERROR;
 800900a:	2001      	movs	r0, #1
}
 800900c:	4770      	bx	lr
 800900e:	bf00      	nop
 8009010:	20000da8 	.word	0x20000da8
 8009014:	20000da4 	.word	0x20000da4
 8009018:	20000da0 	.word	0x20000da0

0800901c <BQ_SendChipStatus>:
{
 800901c:	e92d 41f0 	stmdb	sp!, {r4, r5, r6, r7, r8, lr}
 8009020:	b084      	sub	sp, #16
 8009022:	4604      	mov	r4, r0
 8009024:	460d      	mov	r5, r1
 8009026:	4690      	mov	r8, r2
    uint16_t stack_voltage = 0;
 8009028:	2300      	movs	r3, #0
 800902a:	f8ad 300e 	strh.w	r3, [sp, #14]
    uint16_t alarm_status = 0;
 800902e:	f8ad 300c 	strh.w	r3, [sp, #12]
    int16_t ts2_temp = 0;
 8009032:	f8ad 300a 	strh.w	r3, [sp, #10]
    if (hi2c == &hi2c1) {
 8009036:	4b35      	ldr	r3, [pc, #212]	@ (800910c <BQ_SendChipStatus+0xf0>)
 8009038:	4298      	cmp	r0, r3
 800903a:	d014      	beq.n	8009066 <BQ_SendChipStatus+0x4a>
    } else if (hi2c == &hi2c3) {
 800903c:	4b34      	ldr	r3, [pc, #208]	@ (8009110 <BQ_SendChipStatus+0xf4>)
 800903e:	4298      	cmp	r0, r3
 8009040:	d01d      	beq.n	800907e <BQ_SendChipStatus+0x62>
    osMutexId_t i2c_mutex = NULL;
 8009042:	2600      	movs	r6, #0
    status = BQ76952_ReadRegister16(hi2c, device_addr, StackVoltage, &stack_voltage);
 8009044:	f10d 030e 	add.w	r3, sp, #14
 8009048:	2234      	movs	r2, #52	@ 0x34
 800904a:	4629      	mov	r1, r5
 800904c:	4620      	mov	r0, r4
 800904e:	f7ff fd13 	bl	8008a78 <BQ76952_ReadRegister16>
    if (status != HAL_OK) {
 8009052:	4607      	mov	r7, r0
 8009054:	b1b0      	cbz	r0, 8009084 <BQ_SendChipStatus+0x68>
        if (i2c_mutex != NULL) {
 8009056:	b116      	cbz	r6, 800905e <BQ_SendChipStatus+0x42>
            osMutexRelease(i2c_mutex);
 8009058:	4630      	mov	r0, r6
 800905a:	f001 fb79 	bl	800a750 <osMutexRelease>
}
 800905e:	4638      	mov	r0, r7
 8009060:	b004      	add	sp, #16
 8009062:	e8bd 81f0 	ldmia.w	sp!, {r4, r5, r6, r7, r8, pc}
        i2c_mutex = I2C1Handle;
 8009066:	4b2b      	ldr	r3, [pc, #172]	@ (8009114 <BQ_SendChipStatus+0xf8>)
 8009068:	681e      	ldr	r6, [r3, #0]
    if (i2c_mutex != NULL) {
 800906a:	2e00      	cmp	r6, #0
 800906c:	d0ea      	beq.n	8009044 <BQ_SendChipStatus+0x28>
        if (osMutexAcquire(i2c_mutex, I2C_TIMEOUT_MS) != osOK) {
 800906e:	2164      	movs	r1, #100	@ 0x64
 8009070:	4630      	mov	r0, r6
 8009072:	f001 fb3e 	bl	800a6f2 <osMutexAcquire>
 8009076:	2800      	cmp	r0, #0
 8009078:	d0e4      	beq.n	8009044 <BQ_SendChipStatus+0x28>
            return HAL_ERROR;
 800907a:	2701      	movs	r7, #1
 800907c:	e7ef      	b.n	800905e <BQ_SendChipStatus+0x42>
        i2c_mutex = I2C3Handle;
 800907e:	4b26      	ldr	r3, [pc, #152]	@ (8009118 <BQ_SendChipStatus+0xfc>)
 8009080:	681e      	ldr	r6, [r3, #0]
 8009082:	e7f2      	b.n	800906a <BQ_SendChipStatus+0x4e>
    status = BQ76952_ReadRegister16(hi2c, device_addr, AlarmStatus, &alarm_status);
 8009084:	ab03      	add	r3, sp, #12
 8009086:	2262      	movs	r2, #98	@ 0x62
 8009088:	4629      	mov	r1, r5
 800908a:	4620      	mov	r0, r4
 800908c:	f7ff fcf4 	bl	8008a78 <BQ76952_ReadRegister16>
    if (status != HAL_OK) {
 8009090:	4607      	mov	r7, r0
 8009092:	b128      	cbz	r0, 80090a0 <BQ_SendChipStatus+0x84>
        if (i2c_mutex != NULL) {
 8009094:	2e00      	cmp	r6, #0
 8009096:	d0e2      	beq.n	800905e <BQ_SendChipStatus+0x42>
            osMutexRelease(i2c_mutex);
 8009098:	4630      	mov	r0, r6
 800909a:	f001 fb59 	bl	800a750 <osMutexRelease>
        return status;
 800909e:	e7de      	b.n	800905e <BQ_SendChipStatus+0x42>
    status = BQ76952_ReadRegister16(hi2c, device_addr, TS2Temperature, (uint16_t*)&ts2_temp);
 80090a0:	f10d 030a 	add.w	r3, sp, #10
 80090a4:	2272      	movs	r2, #114	@ 0x72
 80090a6:	4629      	mov	r1, r5
 80090a8:	4620      	mov	r0, r4
 80090aa:	f7ff fce5 	bl	8008a78 <BQ76952_ReadRegister16>
    if (status != HAL_OK) {
 80090ae:	4607      	mov	r7, r0
 80090b0:	bb30      	cbnz	r0, 8009100 <BQ_SendChipStatus+0xe4>
    if (i2c_mutex != NULL) {
 80090b2:	b116      	cbz	r6, 80090ba <BQ_SendChipStatus+0x9e>
        osMutexRelease(i2c_mutex);
 80090b4:	4630      	mov	r0, r6
 80090b6:	f001 fb4b 	bl	800a750 <osMutexRelease>
    can_data[0] = (uint8_t)(stack_voltage & 0xFF);
 80090ba:	f8bd 300e 	ldrh.w	r3, [sp, #14]
 80090be:	f88d 3000 	strb.w	r3, [sp]
    can_data[1] = (uint8_t)((stack_voltage >> 8) & 0xFF);
 80090c2:	0a1b      	lsrs	r3, r3, #8
 80090c4:	f88d 3001 	strb.w	r3, [sp, #1]
    can_data[2] = (uint8_t)(alarm_status & 0xFF);
 80090c8:	f8bd 300c 	ldrh.w	r3, [sp, #12]
 80090cc:	f88d 3002 	strb.w	r3, [sp, #2]
    can_data[3] = (uint8_t)((alarm_status >> 8) & 0xFF);
 80090d0:	0a1b      	lsrs	r3, r3, #8
 80090d2:	f88d 3003 	strb.w	r3, [sp, #3]
    can_data[4] = (uint8_t)(ts2_temp & 0xFF);
 80090d6:	f9bd 300a 	ldrsh.w	r3, [sp, #10]
 80090da:	f88d 3004 	strb.w	r3, [sp, #4]
    can_data[5] = (uint8_t)((ts2_temp >> 8) & 0xFF);
 80090de:	f3c3 2307 	ubfx	r3, r3, #8, #8
 80090e2:	f88d 3005 	strb.w	r3, [sp, #5]
    can_data[6] = 0x00;  // Reserved
 80090e6:	2300      	movs	r3, #0
 80090e8:	f88d 3006 	strb.w	r3, [sp, #6]
    can_data[7] = 0x00;  // Reserved
 80090ec:	f88d 3007 	strb.w	r3, [sp, #7]
    return CAN_SendMessage(can_id, can_data, 8, CAN_PRIORITY_NORMAL);
 80090f0:	2302      	movs	r3, #2
 80090f2:	2208      	movs	r2, #8
 80090f4:	4669      	mov	r1, sp
 80090f6:	4640      	mov	r0, r8
 80090f8:	f000 fba0 	bl	800983c <CAN_SendMessage>
 80090fc:	4607      	mov	r7, r0
 80090fe:	e7ae      	b.n	800905e <BQ_SendChipStatus+0x42>
        if (i2c_mutex != NULL) {
 8009100:	2e00      	cmp	r6, #0
 8009102:	d0ac      	beq.n	800905e <BQ_SendChipStatus+0x42>
            osMutexRelease(i2c_mutex);
 8009104:	4630      	mov	r0, r6
 8009106:	f001 fb23 	bl	800a750 <osMutexRelease>
        return status;
 800910a:	e7a8      	b.n	800905e <BQ_SendChipStatus+0x42>
 800910c:	20003d60 	.word	0x20003d60
 8009110:	20003d0c 	.word	0x20003d0c
 8009114:	20003cf4 	.word	0x20003cf4
 8009118:	20003cf0 	.word	0x20003cf0

0800911c <BQ_MonitorTask>:
{
 800911c:	b5f0      	push	{r4, r5, r6, r7, lr}
 800911e:	b087      	sub	sp, #28
    const osMutexAttr_t mutex_attr = {
 8009120:	4b4b      	ldr	r3, [pc, #300]	@ (8009250 <BQ_MonitorTask+0x134>)
 8009122:	ac02      	add	r4, sp, #8
 8009124:	cb0f      	ldmia	r3, {r0, r1, r2, r3}
 8009126:	e884 000f 	stmia.w	r4, {r0, r1, r2, r3}
    voltage_mutex = osMutexNew(&mutex_attr);
 800912a:	4620      	mov	r0, r4
 800912c:	f001 fa96 	bl	800a65c <osMutexNew>
 8009130:	4b48      	ldr	r3, [pc, #288]	@ (8009254 <BQ_MonitorTask+0x138>)
 8009132:	6018      	str	r0, [r3, #0]
    osDelay(500);
 8009134:	f44f 70fa 	mov.w	r0, #500	@ 0x1f4
 8009138:	f001 fa82 	bl	800a640 <osDelay>
    last_read_tick = osKernelGetTickCount();
 800913c:	f001 fa1c 	bl	800a578 <osKernelGetTickCount>
 8009140:	4607      	mov	r7, r0
    last_can_tick = osKernelGetTickCount();
 8009142:	f001 fa19 	bl	800a578 <osKernelGetTickCount>
 8009146:	4606      	mov	r6, r0
    last_internal_temp_tick = osKernelGetTickCount();
 8009148:	f001 fa16 	bl	800a578 <osKernelGetTickCount>
 800914c:	4605      	mov	r5, r0
 800914e:	e054      	b.n	80091fa <BQ_MonitorTask+0xde>
            status = BQ_ReadBMS1(&voltage_data_bms1);
 8009150:	4841      	ldr	r0, [pc, #260]	@ (8009258 <BQ_MonitorTask+0x13c>)
 8009152:	f7ff fd3d 	bl	8008bd0 <BQ_ReadBMS1>
            if (status != HAL_OK) {
 8009156:	b920      	cbnz	r0, 8009162 <BQ_MonitorTask+0x46>
                if (g_fault_reporting_enabled) {
 8009158:	4b40      	ldr	r3, [pc, #256]	@ (800925c <BQ_MonitorTask+0x140>)
 800915a:	781b      	ldrb	r3, [r3, #0]
 800915c:	bb3b      	cbnz	r3, 80091ae <BQ_MonitorTask+0x92>
            last_read_tick = current_tick;
 800915e:	4627      	mov	r7, r4
 8009160:	e051      	b.n	8009206 <BQ_MonitorTask+0xea>
                if (g_fault_reporting_enabled) {
 8009162:	4b3e      	ldr	r3, [pc, #248]	@ (800925c <BQ_MonitorTask+0x140>)
 8009164:	781b      	ldrb	r3, [r3, #0]
 8009166:	b943      	cbnz	r3, 800917a <BQ_MonitorTask+0x5e>
                if (voltage_mutex != NULL) {
 8009168:	4b3a      	ldr	r3, [pc, #232]	@ (8009254 <BQ_MonitorTask+0x138>)
 800916a:	6818      	ldr	r0, [r3, #0]
 800916c:	b118      	cbz	r0, 8009176 <BQ_MonitorTask+0x5a>
                    osMutexAcquire(voltage_mutex, osWaitForever);
 800916e:	f04f 31ff 	mov.w	r1, #4294967295
 8009172:	f001 fabe 	bl	800a6f2 <osMutexAcquire>
{
 8009176:	2300      	movs	r3, #0
 8009178:	e00a      	b.n	8009190 <BQ_MonitorTask+0x74>
                    ErrorMgr_SetError(ERROR_I2C_BMS1);
 800917a:	f04f 6000 	mov.w	r0, #134217728	@ 0x8000000
 800917e:	f001 ff89 	bl	800b094 <ErrorMgr_SetError>
 8009182:	e7f1      	b.n	8009168 <BQ_MonitorTask+0x4c>
                    voltage_data_bms1.cell_voltage_mv[i] = 0;
 8009184:	4a34      	ldr	r2, [pc, #208]	@ (8009258 <BQ_MonitorTask+0x13c>)
 8009186:	2100      	movs	r1, #0
 8009188:	f822 1013 	strh.w	r1, [r2, r3, lsl #1]
                for (uint8_t i = 0; i < BMS1_NUM_CELLS; i++) {
 800918c:	3301      	adds	r3, #1
 800918e:	b2db      	uxtb	r3, r3
 8009190:	2b08      	cmp	r3, #8
 8009192:	d9f7      	bls.n	8009184 <BQ_MonitorTask+0x68>
                voltage_data_bms1.valid = 0;
 8009194:	4f30      	ldr	r7, [pc, #192]	@ (8009258 <BQ_MonitorTask+0x13c>)
 8009196:	2300      	movs	r3, #0
 8009198:	763b      	strb	r3, [r7, #24]
                voltage_data_bms1.last_update_tick = osKernelGetTickCount();
 800919a:	f001 f9ed 	bl	800a578 <osKernelGetTickCount>
 800919e:	6178      	str	r0, [r7, #20]
                if (voltage_mutex != NULL) {
 80091a0:	4b2c      	ldr	r3, [pc, #176]	@ (8009254 <BQ_MonitorTask+0x138>)
 80091a2:	6818      	ldr	r0, [r3, #0]
 80091a4:	b1b0      	cbz	r0, 80091d4 <BQ_MonitorTask+0xb8>
                    osMutexRelease(voltage_mutex);
 80091a6:	f001 fad3 	bl	800a750 <osMutexRelease>
            last_read_tick = current_tick;
 80091aa:	4627      	mov	r7, r4
 80091ac:	e02b      	b.n	8009206 <BQ_MonitorTask+0xea>
                    ErrorMgr_ClearError(ERROR_I2C_BMS1);
 80091ae:	f04f 6000 	mov.w	r0, #134217728	@ 0x8000000
 80091b2:	f001 ff95 	bl	800b0e0 <ErrorMgr_ClearError>
                    if (!(ErrorMgr_GetErrors() & ERROR_I2C_BMS2)) {
 80091b6:	f001 fffd 	bl	800b1b4 <ErrorMgr_GetErrors>
 80091ba:	f010 5f80 	tst.w	r0, #268435456	@ 0x10000000
 80091be:	d004      	beq.n	80091ca <BQ_MonitorTask+0xae>
                    BQ_CheckLimits(&voltage_data_bms1);
 80091c0:	4825      	ldr	r0, [pc, #148]	@ (8009258 <BQ_MonitorTask+0x13c>)
 80091c2:	f7ff fde9 	bl	8008d98 <BQ_CheckLimits>
            last_read_tick = current_tick;
 80091c6:	4627      	mov	r7, r4
 80091c8:	e01d      	b.n	8009206 <BQ_MonitorTask+0xea>
                        ErrorMgr_ClearError(ERROR_I2C_FAULT);
 80091ca:	f04f 4080 	mov.w	r0, #1073741824	@ 0x40000000
 80091ce:	f001 ff87 	bl	800b0e0 <ErrorMgr_ClearError>
 80091d2:	e7f5      	b.n	80091c0 <BQ_MonitorTask+0xa4>
            last_read_tick = current_tick;
 80091d4:	4627      	mov	r7, r4
 80091d6:	e016      	b.n	8009206 <BQ_MonitorTask+0xea>
            last_internal_temp_tick = current_tick;
 80091d8:	4625      	mov	r5, r4
        if ((current_tick - last_can_tick) >= VOLTAGE_CAN_INTERVAL_MS) {
 80091da:	1ba3      	subs	r3, r4, r6
 80091dc:	2bf9      	cmp	r3, #249	@ 0xf9
 80091de:	d909      	bls.n	80091f4 <BQ_MonitorTask+0xd8>
            BQ_SendCANMessage(&voltage_data_bms1);
 80091e0:	481d      	ldr	r0, [pc, #116]	@ (8009258 <BQ_MonitorTask+0x13c>)
 80091e2:	f7ff fd47 	bl	8008c74 <BQ_SendCANMessage>
            BQ_SendChipStatus(&hi2c1, BQ76952_I2C_ADDR_BMS1, CAN_BMS1_STATUS_ID);
 80091e6:	4b1e      	ldr	r3, [pc, #120]	@ (8009260 <BQ_MonitorTask+0x144>)
 80091e8:	681a      	ldr	r2, [r3, #0]
 80091ea:	2108      	movs	r1, #8
 80091ec:	481d      	ldr	r0, [pc, #116]	@ (8009264 <BQ_MonitorTask+0x148>)
 80091ee:	f7ff ff15 	bl	800901c <BQ_SendChipStatus>
            last_can_tick = current_tick;
 80091f2:	4626      	mov	r6, r4
        osDelay(10);
 80091f4:	200a      	movs	r0, #10
 80091f6:	f001 fa23 	bl	800a640 <osDelay>
        current_tick = osKernelGetTickCount();
 80091fa:	f001 f9bd 	bl	800a578 <osKernelGetTickCount>
 80091fe:	4604      	mov	r4, r0
        if ((current_tick - last_read_tick) >= VOLTAGE_READ_INTERVAL_MS) {
 8009200:	1bc3      	subs	r3, r0, r7
 8009202:	2bf9      	cmp	r3, #249	@ 0xf9
 8009204:	d8a4      	bhi.n	8009150 <BQ_MonitorTask+0x34>
        if ((current_tick - last_internal_temp_tick) >= 5000) {
 8009206:	1b62      	subs	r2, r4, r5
 8009208:	f241 3387 	movw	r3, #4999	@ 0x1387
 800920c:	429a      	cmp	r2, r3
 800920e:	d9e4      	bls.n	80091da <BQ_MonitorTask+0xbe>
            int16_t int_temp = 0;
 8009210:	2300      	movs	r3, #0
 8009212:	f8ad 3006 	strh.w	r3, [sp, #6]
            if (I2C1Handle != NULL) {
 8009216:	4b14      	ldr	r3, [pc, #80]	@ (8009268 <BQ_MonitorTask+0x14c>)
 8009218:	6818      	ldr	r0, [r3, #0]
 800921a:	b118      	cbz	r0, 8009224 <BQ_MonitorTask+0x108>
                osMutexAcquire(I2C1Handle, osWaitForever);
 800921c:	f04f 31ff 	mov.w	r1, #4294967295
 8009220:	f001 fa67 	bl	800a6f2 <osMutexAcquire>
            status = BQ76952_ReadRegister16(&hi2c1, BQ76952_I2C_ADDR_BMS1, IntTemperature, (uint16_t*)&int_temp);
 8009224:	f10d 0306 	add.w	r3, sp, #6
 8009228:	2268      	movs	r2, #104	@ 0x68
 800922a:	2108      	movs	r1, #8
 800922c:	480d      	ldr	r0, [pc, #52]	@ (8009264 <BQ_MonitorTask+0x148>)
 800922e:	f7ff fc23 	bl	8008a78 <BQ76952_ReadRegister16>
 8009232:	4605      	mov	r5, r0
            if (I2C1Handle != NULL) {
 8009234:	4b0c      	ldr	r3, [pc, #48]	@ (8009268 <BQ_MonitorTask+0x14c>)
 8009236:	6818      	ldr	r0, [r3, #0]
 8009238:	b108      	cbz	r0, 800923e <BQ_MonitorTask+0x122>
                osMutexRelease(I2C1Handle);
 800923a:	f001 fa89 	bl	800a750 <osMutexRelease>
            if (status == HAL_OK) {
 800923e:	2d00      	cmp	r5, #0
 8009240:	d1ca      	bne.n	80091d8 <BQ_MonitorTask+0xbc>
                g_bms1_internal_temp = int_temp - 2732;
 8009242:	f8bd 3006 	ldrh.w	r3, [sp, #6]
 8009246:	f6a3 23ac 	subw	r3, r3, #2732	@ 0xaac
 800924a:	4a08      	ldr	r2, [pc, #32]	@ (800926c <BQ_MonitorTask+0x150>)
 800924c:	8013      	strh	r3, [r2, #0]
 800924e:	e7c3      	b.n	80091d8 <BQ_MonitorTask+0xbc>
 8009250:	080117d0 	.word	0x080117d0
 8009254:	200000f8 	.word	0x200000f8
 8009258:	20000118 	.word	0x20000118
 800925c:	20000010 	.word	0x20000010
 8009260:	20000d9c 	.word	0x20000d9c
 8009264:	20003d60 	.word	0x20003d60
 8009268:	20003cf4 	.word	0x20003cf4
 800926c:	200000ee 	.word	0x200000ee

08009270 <BQ_GetData_BMS2>:
    if (data == NULL) {
 8009270:	b1c8      	cbz	r0, 80092a6 <BQ_GetData_BMS2+0x36>
{
 8009272:	b538      	push	{r3, r4, r5, lr}
 8009274:	4605      	mov	r5, r0
    if (voltage_mutex_bms2 != NULL) {
 8009276:	4b0e      	ldr	r3, [pc, #56]	@ (80092b0 <BQ_GetData_BMS2+0x40>)
 8009278:	6818      	ldr	r0, [r3, #0]
 800927a:	b118      	cbz	r0, 8009284 <BQ_GetData_BMS2+0x14>
        osMutexAcquire(voltage_mutex_bms2, osWaitForever);
 800927c:	f04f 31ff 	mov.w	r1, #4294967295
 8009280:	f001 fa37 	bl	800a6f2 <osMutexAcquire>
    memcpy(data, &voltage_data_bms2, sizeof(BQ_Data_BMS2_t));
 8009284:	4c0b      	ldr	r4, [pc, #44]	@ (80092b4 <BQ_GetData_BMS2+0x44>)
 8009286:	cc0f      	ldmia	r4!, {r0, r1, r2, r3}
 8009288:	6028      	str	r0, [r5, #0]
 800928a:	6069      	str	r1, [r5, #4]
 800928c:	60aa      	str	r2, [r5, #8]
 800928e:	60eb      	str	r3, [r5, #12]
 8009290:	cc07      	ldmia	r4!, {r0, r1, r2}
 8009292:	6128      	str	r0, [r5, #16]
 8009294:	6169      	str	r1, [r5, #20]
 8009296:	61aa      	str	r2, [r5, #24]
    if (voltage_mutex_bms2 != NULL) {
 8009298:	4b05      	ldr	r3, [pc, #20]	@ (80092b0 <BQ_GetData_BMS2+0x40>)
 800929a:	6818      	ldr	r0, [r3, #0]
 800929c:	b128      	cbz	r0, 80092aa <BQ_GetData_BMS2+0x3a>
        osMutexRelease(voltage_mutex_bms2);
 800929e:	f001 fa57 	bl	800a750 <osMutexRelease>
    return HAL_OK;
 80092a2:	2000      	movs	r0, #0
}
 80092a4:	bd38      	pop	{r3, r4, r5, pc}
        return HAL_ERROR;
 80092a6:	2001      	movs	r0, #1
}
 80092a8:	4770      	bx	lr
    return HAL_OK;
 80092aa:	2000      	movs	r0, #0
 80092ac:	e7fa      	b.n	80092a4 <BQ_GetData_BMS2+0x34>
 80092ae:	bf00      	nop
 80092b0:	200000f4 	.word	0x200000f4
 80092b4:	200000fc 	.word	0x200000fc

080092b8 <BQ_CheckLimits_BMS2>:
    if (data == NULL || !data->valid) {
 80092b8:	2800      	cmp	r0, #0
 80092ba:	d055      	beq.n	8009368 <BQ_CheckLimits_BMS2+0xb0>
{
 80092bc:	b5f8      	push	{r3, r4, r5, r6, r7, lr}
 80092be:	4601      	mov	r1, r0
    if (data == NULL || !data->valid) {
 80092c0:	7e03      	ldrb	r3, [r0, #24]
 80092c2:	2b00      	cmp	r3, #0
 80092c4:	d03b      	beq.n	800933e <BQ_CheckLimits_BMS2+0x86>
    if (!g_fault_reporting_enabled) {
 80092c6:	4b29      	ldr	r3, [pc, #164]	@ (800936c <BQ_CheckLimits_BMS2+0xb4>)
 80092c8:	781b      	ldrb	r3, [r3, #0]
 80092ca:	b3c3      	cbz	r3, 800933e <BQ_CheckLimits_BMS2+0x86>
    for (uint8_t i = 0; i < BMS2_NUM_CELLS; i++) {
 80092cc:	2300      	movs	r3, #0
    bool low_voltage_warning = false;
 80092ce:	461e      	mov	r6, r3
    bool high_voltage_warning = false;
 80092d0:	461d      	mov	r5, r3
    bool under_voltage_detected = false;
 80092d2:	461c      	mov	r4, r3
    bool over_voltage_detected = false;
 80092d4:	461f      	mov	r7, r3
 80092d6:	e002      	b.n	80092de <BQ_CheckLimits_BMS2+0x26>
            over_voltage_detected = true;
 80092d8:	2701      	movs	r7, #1
    for (uint8_t i = 0; i < BMS2_NUM_CELLS; i++) {
 80092da:	3301      	adds	r3, #1
 80092dc:	b2db      	uxtb	r3, r3
 80092de:	2b08      	cmp	r3, #8
 80092e0:	d819      	bhi.n	8009316 <BQ_CheckLimits_BMS2+0x5e>
        uint16_t voltage_mv = data->cell_voltage_mv[i];
 80092e2:	f831 2013 	ldrh.w	r2, [r1, r3, lsl #1]
        if (voltage_mv == 0) {
 80092e6:	2a00      	cmp	r2, #0
 80092e8:	d0f7      	beq.n	80092da <BQ_CheckLimits_BMS2+0x22>
        if (voltage_mv > g_cell_voltage_max_mv) {
 80092ea:	4821      	ldr	r0, [pc, #132]	@ (8009370 <BQ_CheckLimits_BMS2+0xb8>)
 80092ec:	8800      	ldrh	r0, [r0, #0]
 80092ee:	4290      	cmp	r0, r2
 80092f0:	d3f2      	bcc.n	80092d8 <BQ_CheckLimits_BMS2+0x20>
        else if (voltage_mv < g_cell_voltage_min_mv) {
 80092f2:	4820      	ldr	r0, [pc, #128]	@ (8009374 <BQ_CheckLimits_BMS2+0xbc>)
 80092f4:	8800      	ldrh	r0, [r0, #0]
 80092f6:	4290      	cmp	r0, r2
 80092f8:	d809      	bhi.n	800930e <BQ_CheckLimits_BMS2+0x56>
        else if (voltage_mv > CELL_VOLTAGE_WARNING_HIGH_MV) {
 80092fa:	f241 0068 	movw	r0, #4200	@ 0x1068
 80092fe:	4282      	cmp	r2, r0
 8009300:	d807      	bhi.n	8009312 <BQ_CheckLimits_BMS2+0x5a>
        else if (voltage_mv < CELL_VOLTAGE_WARNING_LOW_MV) {
 8009302:	f640 30b7 	movw	r0, #2999	@ 0xbb7
 8009306:	4282      	cmp	r2, r0
 8009308:	d8e7      	bhi.n	80092da <BQ_CheckLimits_BMS2+0x22>
            low_voltage_warning = true;
 800930a:	2601      	movs	r6, #1
 800930c:	e7e5      	b.n	80092da <BQ_CheckLimits_BMS2+0x22>
            under_voltage_detected = true;
 800930e:	2401      	movs	r4, #1
 8009310:	e7e3      	b.n	80092da <BQ_CheckLimits_BMS2+0x22>
            high_voltage_warning = true;
 8009312:	2501      	movs	r5, #1
 8009314:	e7e1      	b.n	80092da <BQ_CheckLimits_BMS2+0x22>
    if (over_voltage_detected) {
 8009316:	b19f      	cbz	r7, 8009340 <BQ_CheckLimits_BMS2+0x88>
        ErrorMgr_SetError(ERROR_OVER_VOLTAGE);
 8009318:	f44f 7080 	mov.w	r0, #256	@ 0x100
 800931c:	f001 feba 	bl	800b094 <ErrorMgr_SetError>
    if (under_voltage_detected) {
 8009320:	b19c      	cbz	r4, 800934a <BQ_CheckLimits_BMS2+0x92>
        ErrorMgr_SetError(ERROR_UNDER_VOLTAGE);
 8009322:	f44f 7000 	mov.w	r0, #512	@ 0x200
 8009326:	f001 feb5 	bl	800b094 <ErrorMgr_SetError>
    if (high_voltage_warning) {
 800932a:	b19d      	cbz	r5, 8009354 <BQ_CheckLimits_BMS2+0x9c>
        ErrorMgr_SetWarning(WARNING_HIGH_VOLTAGE);
 800932c:	f44f 7080 	mov.w	r0, #256	@ 0x100
 8009330:	f001 ff10 	bl	800b154 <ErrorMgr_SetWarning>
    if (low_voltage_warning) {
 8009334:	b19e      	cbz	r6, 800935e <BQ_CheckLimits_BMS2+0xa6>
        ErrorMgr_SetWarning(WARNING_LOW_VOLTAGE);
 8009336:	f44f 7000 	mov.w	r0, #512	@ 0x200
 800933a:	f001 ff0b 	bl	800b154 <ErrorMgr_SetWarning>
}
 800933e:	bdf8      	pop	{r3, r4, r5, r6, r7, pc}
        ErrorMgr_ClearError(ERROR_OVER_VOLTAGE);
 8009340:	f44f 7080 	mov.w	r0, #256	@ 0x100
 8009344:	f001 fecc 	bl	800b0e0 <ErrorMgr_ClearError>
 8009348:	e7ea      	b.n	8009320 <BQ_CheckLimits_BMS2+0x68>
        ErrorMgr_ClearError(ERROR_UNDER_VOLTAGE);
 800934a:	f44f 7000 	mov.w	r0, #512	@ 0x200
 800934e:	f001 fec7 	bl	800b0e0 <ErrorMgr_ClearError>
 8009352:	e7ea      	b.n	800932a <BQ_CheckLimits_BMS2+0x72>
        ErrorMgr_ClearWarning(WARNING_HIGH_VOLTAGE);
 8009354:	f44f 7080 	mov.w	r0, #256	@ 0x100
 8009358:	f001 ff14 	bl	800b184 <ErrorMgr_ClearWarning>
 800935c:	e7ea      	b.n	8009334 <BQ_CheckLimits_BMS2+0x7c>
        ErrorMgr_ClearWarning(WARNING_LOW_VOLTAGE);
 800935e:	f44f 7000 	mov.w	r0, #512	@ 0x200
 8009362:	f001 ff0f 	bl	800b184 <ErrorMgr_ClearWarning>
 8009366:	e7ea      	b.n	800933e <BQ_CheckLimits_BMS2+0x86>
 8009368:	4770      	bx	lr
 800936a:	bf00      	nop
 800936c:	20000010 	.word	0x20000010
 8009370:	2000000c 	.word	0x2000000c
 8009374:	2000000e 	.word	0x2000000e

08009378 <BQ_MonitorTask_BMS2>:
{
 8009378:	b5f0      	push	{r4, r5, r6, r7, lr}
 800937a:	b087      	sub	sp, #28
    const osMutexAttr_t mutex_attr = {
 800937c:	ac02      	add	r4, sp, #8
 800937e:	4b59      	ldr	r3, [pc, #356]	@ (80094e4 <BQ_MonitorTask_BMS2+0x16c>)
 8009380:	cb0f      	ldmia	r3, {r0, r1, r2, r3}
 8009382:	e884 000f 	stmia.w	r4, {r0, r1, r2, r3}
    voltage_mutex_bms2 = osMutexNew(&mutex_attr);
 8009386:	4620      	mov	r0, r4
 8009388:	f001 f968 	bl	800a65c <osMutexNew>
 800938c:	4b56      	ldr	r3, [pc, #344]	@ (80094e8 <BQ_MonitorTask_BMS2+0x170>)
 800938e:	6018      	str	r0, [r3, #0]
    osDelay(625);
 8009390:	f240 2071 	movw	r0, #625	@ 0x271
 8009394:	f001 f954 	bl	800a640 <osDelay>
    if (I2C3Handle != NULL) {
 8009398:	4b54      	ldr	r3, [pc, #336]	@ (80094ec <BQ_MonitorTask_BMS2+0x174>)
 800939a:	6818      	ldr	r0, [r3, #0]
 800939c:	b118      	cbz	r0, 80093a6 <BQ_MonitorTask_BMS2+0x2e>
        osMutexAcquire(I2C3Handle, osWaitForever);
 800939e:	f04f 31ff 	mov.w	r1, #4294967295
 80093a2:	f001 f9a6 	bl	800a6f2 <osMutexAcquire>
    status = HAL_I2C_IsDeviceReady(&hi2c3, (BQ76952_I2C_ADDR_BMS2 << 1), 3, 100);
 80093a6:	2364      	movs	r3, #100	@ 0x64
 80093a8:	2203      	movs	r2, #3
 80093aa:	2110      	movs	r1, #16
 80093ac:	4850      	ldr	r0, [pc, #320]	@ (80094f0 <BQ_MonitorTask_BMS2+0x178>)
 80093ae:	f005 fc89 	bl	800ecc4 <HAL_I2C_IsDeviceReady>
    if (status != HAL_OK) {
 80093b2:	b110      	cbz	r0, 80093ba <BQ_MonitorTask_BMS2+0x42>
        if (g_fault_reporting_enabled) {
 80093b4:	4b4f      	ldr	r3, [pc, #316]	@ (80094f4 <BQ_MonitorTask_BMS2+0x17c>)
 80093b6:	781b      	ldrb	r3, [r3, #0]
 80093b8:	b973      	cbnz	r3, 80093d8 <BQ_MonitorTask_BMS2+0x60>
    if (I2C3Handle != NULL) {
 80093ba:	4b4c      	ldr	r3, [pc, #304]	@ (80094ec <BQ_MonitorTask_BMS2+0x174>)
 80093bc:	6818      	ldr	r0, [r3, #0]
 80093be:	b108      	cbz	r0, 80093c4 <BQ_MonitorTask_BMS2+0x4c>
        osMutexRelease(I2C3Handle);
 80093c0:	f001 f9c6 	bl	800a750 <osMutexRelease>
    last_read_tick = osKernelGetTickCount();
 80093c4:	f001 f8d8 	bl	800a578 <osKernelGetTickCount>
 80093c8:	4607      	mov	r7, r0
    last_can_tick = osKernelGetTickCount();
 80093ca:	f001 f8d5 	bl	800a578 <osKernelGetTickCount>
 80093ce:	4606      	mov	r6, r0
    last_internal_temp_tick = osKernelGetTickCount();
 80093d0:	f001 f8d2 	bl	800a578 <osKernelGetTickCount>
 80093d4:	4605      	mov	r5, r0
 80093d6:	e059      	b.n	800948c <BQ_MonitorTask_BMS2+0x114>
            ErrorMgr_SetError(ERROR_I2C_BMS2);
 80093d8:	f04f 5080 	mov.w	r0, #268435456	@ 0x10000000
 80093dc:	f001 fe5a 	bl	800b094 <ErrorMgr_SetError>
 80093e0:	e7eb      	b.n	80093ba <BQ_MonitorTask_BMS2+0x42>
            status = BQ_ReadBMS2(&voltage_data_bms2);
 80093e2:	4845      	ldr	r0, [pc, #276]	@ (80094f8 <BQ_MonitorTask_BMS2+0x180>)
 80093e4:	f7ff fd38 	bl	8008e58 <BQ_ReadBMS2>
            if (status != HAL_OK) {
 80093e8:	b920      	cbnz	r0, 80093f4 <BQ_MonitorTask_BMS2+0x7c>
                if (g_fault_reporting_enabled) {
 80093ea:	4b42      	ldr	r3, [pc, #264]	@ (80094f4 <BQ_MonitorTask_BMS2+0x17c>)
 80093ec:	781b      	ldrb	r3, [r3, #0]
 80093ee:	bb3b      	cbnz	r3, 8009440 <BQ_MonitorTask_BMS2+0xc8>
            last_read_tick = current_tick;
 80093f0:	4627      	mov	r7, r4
 80093f2:	e051      	b.n	8009498 <BQ_MonitorTask_BMS2+0x120>
                if (g_fault_reporting_enabled) {
 80093f4:	4b3f      	ldr	r3, [pc, #252]	@ (80094f4 <BQ_MonitorTask_BMS2+0x17c>)
 80093f6:	781b      	ldrb	r3, [r3, #0]
 80093f8:	b943      	cbnz	r3, 800940c <BQ_MonitorTask_BMS2+0x94>
                if (voltage_mutex_bms2 != NULL) {
 80093fa:	4b3b      	ldr	r3, [pc, #236]	@ (80094e8 <BQ_MonitorTask_BMS2+0x170>)
 80093fc:	6818      	ldr	r0, [r3, #0]
 80093fe:	b118      	cbz	r0, 8009408 <BQ_MonitorTask_BMS2+0x90>
                    osMutexAcquire(voltage_mutex_bms2, osWaitForever);
 8009400:	f04f 31ff 	mov.w	r1, #4294967295
 8009404:	f001 f975 	bl	800a6f2 <osMutexAcquire>
{
 8009408:	2300      	movs	r3, #0
 800940a:	e00a      	b.n	8009422 <BQ_MonitorTask_BMS2+0xaa>
                    ErrorMgr_SetError(ERROR_I2C_BMS2);
 800940c:	f04f 5080 	mov.w	r0, #268435456	@ 0x10000000
 8009410:	f001 fe40 	bl	800b094 <ErrorMgr_SetError>
 8009414:	e7f1      	b.n	80093fa <BQ_MonitorTask_BMS2+0x82>
                    voltage_data_bms2.cell_voltage_mv[i] = 0;
 8009416:	4a38      	ldr	r2, [pc, #224]	@ (80094f8 <BQ_MonitorTask_BMS2+0x180>)
 8009418:	2100      	movs	r1, #0
 800941a:	f822 1013 	strh.w	r1, [r2, r3, lsl #1]
                for (uint8_t i = 0; i < BMS2_NUM_CELLS; i++) {
 800941e:	3301      	adds	r3, #1
 8009420:	b2db      	uxtb	r3, r3
 8009422:	2b08      	cmp	r3, #8
 8009424:	d9f7      	bls.n	8009416 <BQ_MonitorTask_BMS2+0x9e>
                voltage_data_bms2.valid = 0;
 8009426:	4f34      	ldr	r7, [pc, #208]	@ (80094f8 <BQ_MonitorTask_BMS2+0x180>)
 8009428:	2300      	movs	r3, #0
 800942a:	763b      	strb	r3, [r7, #24]
                voltage_data_bms2.last_update_tick = osKernelGetTickCount();
 800942c:	f001 f8a4 	bl	800a578 <osKernelGetTickCount>
 8009430:	6178      	str	r0, [r7, #20]
                if (voltage_mutex_bms2 != NULL) {
 8009432:	4b2d      	ldr	r3, [pc, #180]	@ (80094e8 <BQ_MonitorTask_BMS2+0x170>)
 8009434:	6818      	ldr	r0, [r3, #0]
 8009436:	b1b0      	cbz	r0, 8009466 <BQ_MonitorTask_BMS2+0xee>
                    osMutexRelease(voltage_mutex_bms2);
 8009438:	f001 f98a 	bl	800a750 <osMutexRelease>
            last_read_tick = current_tick;
 800943c:	4627      	mov	r7, r4
 800943e:	e02b      	b.n	8009498 <BQ_MonitorTask_BMS2+0x120>
                    ErrorMgr_ClearError(ERROR_I2C_BMS2);
 8009440:	f04f 5080 	mov.w	r0, #268435456	@ 0x10000000
 8009444:	f001 fe4c 	bl	800b0e0 <ErrorMgr_ClearError>
                    if (!(ErrorMgr_GetErrors() & ERROR_I2C_BMS1)) {
 8009448:	f001 feb4 	bl	800b1b4 <ErrorMgr_GetErrors>
 800944c:	f010 6f00 	tst.w	r0, #134217728	@ 0x8000000
 8009450:	d004      	beq.n	800945c <BQ_MonitorTask_BMS2+0xe4>
                    BQ_CheckLimits_BMS2(&voltage_data_bms2);
 8009452:	4829      	ldr	r0, [pc, #164]	@ (80094f8 <BQ_MonitorTask_BMS2+0x180>)
 8009454:	f7ff ff30 	bl	80092b8 <BQ_CheckLimits_BMS2>
            last_read_tick = current_tick;
 8009458:	4627      	mov	r7, r4
 800945a:	e01d      	b.n	8009498 <BQ_MonitorTask_BMS2+0x120>
                        ErrorMgr_ClearError(ERROR_I2C_FAULT);
 800945c:	f04f 4080 	mov.w	r0, #1073741824	@ 0x40000000
 8009460:	f001 fe3e 	bl	800b0e0 <ErrorMgr_ClearError>
 8009464:	e7f5      	b.n	8009452 <BQ_MonitorTask_BMS2+0xda>
            last_read_tick = current_tick;
 8009466:	4627      	mov	r7, r4
 8009468:	e016      	b.n	8009498 <BQ_MonitorTask_BMS2+0x120>
            last_internal_temp_tick = current_tick;
 800946a:	4625      	mov	r5, r4
        if ((current_tick - last_can_tick) >= VOLTAGE_CAN_INTERVAL_MS) {
 800946c:	1ba3      	subs	r3, r4, r6
 800946e:	2bf9      	cmp	r3, #249	@ 0xf9
 8009470:	d909      	bls.n	8009486 <BQ_MonitorTask_BMS2+0x10e>
            BQ_SendCANMessage_BMS2(&voltage_data_bms2);
 8009472:	4821      	ldr	r0, [pc, #132]	@ (80094f8 <BQ_MonitorTask_BMS2+0x180>)
 8009474:	f7ff fd64 	bl	8008f40 <BQ_SendCANMessage_BMS2>
            BQ_SendChipStatus(&hi2c3, BQ76952_I2C_ADDR_BMS2, CAN_BMS2_STATUS_ID);
 8009478:	4b20      	ldr	r3, [pc, #128]	@ (80094fc <BQ_MonitorTask_BMS2+0x184>)
 800947a:	681a      	ldr	r2, [r3, #0]
 800947c:	2108      	movs	r1, #8
 800947e:	481c      	ldr	r0, [pc, #112]	@ (80094f0 <BQ_MonitorTask_BMS2+0x178>)
 8009480:	f7ff fdcc 	bl	800901c <BQ_SendChipStatus>
            last_can_tick = current_tick;
 8009484:	4626      	mov	r6, r4
        osDelay(10);
 8009486:	200a      	movs	r0, #10
 8009488:	f001 f8da 	bl	800a640 <osDelay>
        current_tick = osKernelGetTickCount();
 800948c:	f001 f874 	bl	800a578 <osKernelGetTickCount>
 8009490:	4604      	mov	r4, r0
        if ((current_tick - last_read_tick) >= VOLTAGE_READ_INTERVAL_MS) {
 8009492:	1bc3      	subs	r3, r0, r7
 8009494:	2bf9      	cmp	r3, #249	@ 0xf9
 8009496:	d8a4      	bhi.n	80093e2 <BQ_MonitorTask_BMS2+0x6a>
        if ((current_tick - last_internal_temp_tick) >= 5000) {
 8009498:	1b62      	subs	r2, r4, r5
 800949a:	f241 3387 	movw	r3, #4999	@ 0x1387
 800949e:	429a      	cmp	r2, r3
 80094a0:	d9e4      	bls.n	800946c <BQ_MonitorTask_BMS2+0xf4>
            int16_t int_temp = 0;
 80094a2:	2300      	movs	r3, #0
 80094a4:	f8ad 3006 	strh.w	r3, [sp, #6]
            if (I2C3Handle != NULL) {
 80094a8:	4b10      	ldr	r3, [pc, #64]	@ (80094ec <BQ_MonitorTask_BMS2+0x174>)
 80094aa:	6818      	ldr	r0, [r3, #0]
 80094ac:	b118      	cbz	r0, 80094b6 <BQ_MonitorTask_BMS2+0x13e>
                osMutexAcquire(I2C3Handle, osWaitForever);
 80094ae:	f04f 31ff 	mov.w	r1, #4294967295
 80094b2:	f001 f91e 	bl	800a6f2 <osMutexAcquire>
            status = BQ76952_ReadRegister16(&hi2c3, BQ76952_I2C_ADDR_BMS2, IntTemperature, (uint16_t*)&int_temp);
 80094b6:	f10d 0306 	add.w	r3, sp, #6
 80094ba:	2268      	movs	r2, #104	@ 0x68
 80094bc:	2108      	movs	r1, #8
 80094be:	480c      	ldr	r0, [pc, #48]	@ (80094f0 <BQ_MonitorTask_BMS2+0x178>)
 80094c0:	f7ff fada 	bl	8008a78 <BQ76952_ReadRegister16>
 80094c4:	4605      	mov	r5, r0
            if (I2C3Handle != NULL) {
 80094c6:	4b09      	ldr	r3, [pc, #36]	@ (80094ec <BQ_MonitorTask_BMS2+0x174>)
 80094c8:	6818      	ldr	r0, [r3, #0]
 80094ca:	b108      	cbz	r0, 80094d0 <BQ_MonitorTask_BMS2+0x158>
                osMutexRelease(I2C3Handle);
 80094cc:	f001 f940 	bl	800a750 <osMutexRelease>
            if (status == HAL_OK) {
 80094d0:	2d00      	cmp	r5, #0
 80094d2:	d1ca      	bne.n	800946a <BQ_MonitorTask_BMS2+0xf2>
                g_bms2_internal_temp = int_temp - 2732;
 80094d4:	f8bd 3006 	ldrh.w	r3, [sp, #6]
 80094d8:	f6a3 23ac 	subw	r3, r3, #2732	@ 0xaac
 80094dc:	4a08      	ldr	r2, [pc, #32]	@ (8009500 <BQ_MonitorTask_BMS2+0x188>)
 80094de:	8013      	strh	r3, [r2, #0]
 80094e0:	e7c3      	b.n	800946a <BQ_MonitorTask_BMS2+0xf2>
 80094e2:	bf00      	nop
 80094e4:	080117e0 	.word	0x080117e0
 80094e8:	200000f4 	.word	0x200000f4
 80094ec:	20003cf0 	.word	0x20003cf0
 80094f0:	20003d0c 	.word	0x20003d0c
 80094f4:	20000010 	.word	0x20000010
 80094f8:	200000fc 	.word	0x200000fc
 80094fc:	20000d98 	.word	0x20000d98
 8009500:	200000ec 	.word	0x200000ec

08009504 <BQ_ResetChips>:
{
 8009504:	b510      	push	{r4, lr}
    HAL_GPIO_WritePin(BMS_RESET_GPIO_Port, BMS_RESET_Pin, GPIO_PIN_SET);
 8009506:	4c0a      	ldr	r4, [pc, #40]	@ (8009530 <BQ_ResetChips+0x2c>)
 8009508:	2201      	movs	r2, #1
 800950a:	2140      	movs	r1, #64	@ 0x40
 800950c:	4620      	mov	r0, r4
 800950e:	f005 f813 	bl	800e538 <HAL_GPIO_WritePin>
    osDelay(500);
 8009512:	f44f 70fa 	mov.w	r0, #500	@ 0x1f4
 8009516:	f001 f893 	bl	800a640 <osDelay>
    HAL_GPIO_WritePin(BMS_RESET_GPIO_Port, BMS_RESET_Pin, GPIO_PIN_RESET);
 800951a:	2200      	movs	r2, #0
 800951c:	2140      	movs	r1, #64	@ 0x40
 800951e:	4620      	mov	r0, r4
 8009520:	f005 f80a 	bl	800e538 <HAL_GPIO_WritePin>
    osDelay(100);
 8009524:	2064      	movs	r0, #100	@ 0x64
 8009526:	f001 f88b 	bl	800a640 <osDelay>
}
 800952a:	2000      	movs	r0, #0
 800952c:	bd10      	pop	{r4, pc}
 800952e:	bf00      	nop
 8009530:	48000400 	.word	0x48000400

08009534 <BQ_GetLastI2C3Error>:
}
 8009534:	4b01      	ldr	r3, [pc, #4]	@ (800953c <BQ_GetLastI2C3Error+0x8>)
 8009536:	6818      	ldr	r0, [r3, #0]
 8009538:	4770      	bx	lr
 800953a:	bf00      	nop
 800953c:	200000f0 	.word	0x200000f0

08009540 <BQ_GetBMS1InternalTemp>:
}
 8009540:	4b01      	ldr	r3, [pc, #4]	@ (8009548 <BQ_GetBMS1InternalTemp+0x8>)
 8009542:	f9b3 0000 	ldrsh.w	r0, [r3]
 8009546:	4770      	bx	lr
 8009548:	200000ee 	.word	0x200000ee

0800954c <BQ_GetBMS2InternalTemp>:
}
 800954c:	4b01      	ldr	r3, [pc, #4]	@ (8009554 <BQ_GetBMS2InternalTemp+0x8>)
 800954e:	f9b3 0000 	ldrsh.w	r0, [r3]
 8009552:	4770      	bx	lr
 8009554:	200000ec 	.word	0x200000ec

08009558 <BQ_SetMinVoltage>:
    g_cell_voltage_min_mv = min_voltage_mv;
 8009558:	4b01      	ldr	r3, [pc, #4]	@ (8009560 <BQ_SetMinVoltage+0x8>)
 800955a:	8018      	strh	r0, [r3, #0]
}
 800955c:	4770      	bx	lr
 800955e:	bf00      	nop
 8009560:	2000000e 	.word	0x2000000e

08009564 <BQ_GetMinVoltage>:
}
 8009564:	4b01      	ldr	r3, [pc, #4]	@ (800956c <BQ_GetMinVoltage+0x8>)
 8009566:	8818      	ldrh	r0, [r3, #0]
 8009568:	4770      	bx	lr
 800956a:	bf00      	nop
 800956c:	2000000e 	.word	0x2000000e

08009570 <BQ_SetMaxVoltage>:
    g_cell_voltage_max_mv = max_voltage_mv;
 8009570:	4b01      	ldr	r3, [pc, #4]	@ (8009578 <BQ_SetMaxVoltage+0x8>)
 8009572:	8018      	strh	r0, [r3, #0]
}
 8009574:	4770      	bx	lr
 8009576:	bf00      	nop
 8009578:	2000000c 	.word	0x2000000c

0800957c <BQ_GetMaxVoltage>:
}
 800957c:	4b01      	ldr	r3, [pc, #4]	@ (8009584 <BQ_GetMaxVoltage+0x8>)
 800957e:	8818      	ldrh	r0, [r3, #0]
 8009580:	4770      	bx	lr
 8009582:	bf00      	nop
 8009584:	2000000c 	.word	0x2000000c

08009588 <BQ_ConfigureBalancingSpeed>:
  *           Bits 5-4: CB_LOOP_SLOW (0=full, 1=half, 2=quarter, 3=eighth)
  *         Default value is 0x2982, we set to 0x29B2 (bits 5-4 = 11)
  *         Requires entering CONFIG_UPDATE mode.
  */
HAL_StatusTypeDef BQ_ConfigureBalancingSpeed(I2C_HandleTypeDef *hi2c, uint8_t device_addr)
{
 8009588:	b5f8      	push	{r3, r4, r5, r6, r7, lr}
 800958a:	4604      	mov	r4, r0
 800958c:	460d      	mov	r5, r1
    HAL_StatusTypeDef status;
    osMutexId_t mutex = (hi2c == &hi2c1) ? I2C1Handle : I2C3Handle;
 800958e:	4b21      	ldr	r3, [pc, #132]	@ (8009614 <BQ_ConfigureBalancingSpeed+0x8c>)
 8009590:	4298      	cmp	r0, r3
 8009592:	d00a      	beq.n	80095aa <BQ_ConfigureBalancingSpeed+0x22>
 8009594:	4b20      	ldr	r3, [pc, #128]	@ (8009618 <BQ_ConfigureBalancingSpeed+0x90>)
 8009596:	681f      	ldr	r7, [r3, #0]
    
    if (osMutexAcquire(mutex, osWaitForever) != osOK) {
 8009598:	f04f 31ff 	mov.w	r1, #4294967295
 800959c:	4638      	mov	r0, r7
 800959e:	f001 f8a8 	bl	800a6f2 <osMutexAcquire>
 80095a2:	b128      	cbz	r0, 80095b0 <BQ_ConfigureBalancingSpeed+0x28>
        return HAL_ERROR;
 80095a4:	2601      	movs	r6, #1
    // Wait for exit to complete
    osDelay(10);
    
    osMutexRelease(mutex);
    return status;
}
 80095a6:	4630      	mov	r0, r6
 80095a8:	bdf8      	pop	{r3, r4, r5, r6, r7, pc}
    osMutexId_t mutex = (hi2c == &hi2c1) ? I2C1Handle : I2C3Handle;
 80095aa:	4b1c      	ldr	r3, [pc, #112]	@ (800961c <BQ_ConfigureBalancingSpeed+0x94>)
 80095ac:	681f      	ldr	r7, [r3, #0]
 80095ae:	e7f3      	b.n	8009598 <BQ_ConfigureBalancingSpeed+0x10>
    status = BQ76952_SendSubcommand(hi2c, device_addr, SET_CFGUPDATE);
 80095b0:	2290      	movs	r2, #144	@ 0x90
 80095b2:	4629      	mov	r1, r5
 80095b4:	4620      	mov	r0, r4
 80095b6:	f7ff f9ff 	bl	80089b8 <BQ76952_SendSubcommand>
    if (status != HAL_OK) {
 80095ba:	4606      	mov	r6, r0
 80095bc:	b9c8      	cbnz	r0, 80095f2 <BQ_ConfigureBalancingSpeed+0x6a>
    osDelay(10);
 80095be:	200a      	movs	r0, #10
 80095c0:	f001 f83e 	bl	800a640 <osDelay>
    status = BQ76952_WriteDataMemoryWord(hi2c, device_addr, PowerConfig, power_config);
 80095c4:	f642 13b2 	movw	r3, #10674	@ 0x29b2
 80095c8:	f249 2234 	movw	r2, #37428	@ 0x9234
 80095cc:	4629      	mov	r1, r5
 80095ce:	4620      	mov	r0, r4
 80095d0:	f7ff f9a6 	bl	8008920 <BQ76952_WriteDataMemoryWord>
    if (status != HAL_OK) {
 80095d4:	4606      	mov	r6, r0
 80095d6:	b980      	cbnz	r0, 80095fa <BQ_ConfigureBalancingSpeed+0x72>
    status = BQ76952_SendSubcommand(hi2c, device_addr, EXIT_CFGUPDATE);
 80095d8:	2292      	movs	r2, #146	@ 0x92
 80095da:	4629      	mov	r1, r5
 80095dc:	4620      	mov	r0, r4
 80095de:	f7ff f9eb 	bl	80089b8 <BQ76952_SendSubcommand>
 80095e2:	4606      	mov	r6, r0
    osDelay(10);
 80095e4:	200a      	movs	r0, #10
 80095e6:	f001 f82b 	bl	800a640 <osDelay>
    osMutexRelease(mutex);
 80095ea:	4638      	mov	r0, r7
 80095ec:	f001 f8b0 	bl	800a750 <osMutexRelease>
    return status;
 80095f0:	e7d9      	b.n	80095a6 <BQ_ConfigureBalancingSpeed+0x1e>
        osMutexRelease(mutex);
 80095f2:	4638      	mov	r0, r7
 80095f4:	f001 f8ac 	bl	800a750 <osMutexRelease>
        return status;
 80095f8:	e7d5      	b.n	80095a6 <BQ_ConfigureBalancingSpeed+0x1e>
        BQ76952_SendSubcommand(hi2c, device_addr, EXIT_CFGUPDATE);
 80095fa:	2292      	movs	r2, #146	@ 0x92
 80095fc:	4629      	mov	r1, r5
 80095fe:	4620      	mov	r0, r4
 8009600:	f7ff f9da 	bl	80089b8 <BQ76952_SendSubcommand>
        osDelay(10);
 8009604:	200a      	movs	r0, #10
 8009606:	f001 f81b 	bl	800a640 <osDelay>
        osMutexRelease(mutex);
 800960a:	4638      	mov	r0, r7
 800960c:	f001 f8a0 	bl	800a750 <osMutexRelease>
        return status;
 8009610:	e7c9      	b.n	80095a6 <BQ_ConfigureBalancingSpeed+0x1e>
 8009612:	bf00      	nop
 8009614:	20003d60 	.word	0x20003d60
 8009618:	20003cf0 	.word	0x20003cf0
 800961c:	20003cf4 	.word	0x20003cf4

08009620 <BQ_SetBalanceCells>:
  * @retval HAL_StatusTypeDef: HAL_OK on success, HAL_ERROR on failure
  * @note   Uses CB_ACTIVE_CELLS (0x0083) subcommand
  *         This resets the internal balance timer on each call
  */
HAL_StatusTypeDef BQ_SetBalanceCells(I2C_HandleTypeDef *hi2c, uint8_t device_addr, uint16_t cell_mask)
{
 8009620:	b5f8      	push	{r3, r4, r5, r6, r7, lr}
 8009622:	4604      	mov	r4, r0
 8009624:	460f      	mov	r7, r1
 8009626:	4615      	mov	r5, r2
    HAL_StatusTypeDef status;
    osMutexId_t mutex = (hi2c == &hi2c1) ? I2C1Handle : I2C3Handle;
 8009628:	4b0d      	ldr	r3, [pc, #52]	@ (8009660 <BQ_SetBalanceCells+0x40>)
 800962a:	4298      	cmp	r0, r3
 800962c:	d00a      	beq.n	8009644 <BQ_SetBalanceCells+0x24>
 800962e:	4b0d      	ldr	r3, [pc, #52]	@ (8009664 <BQ_SetBalanceCells+0x44>)
 8009630:	681e      	ldr	r6, [r3, #0]
    
    if (osMutexAcquire(mutex, osWaitForever) != osOK) {
 8009632:	f04f 31ff 	mov.w	r1, #4294967295
 8009636:	4630      	mov	r0, r6
 8009638:	f001 f85b 	bl	800a6f2 <osMutexAcquire>
 800963c:	b128      	cbz	r0, 800964a <BQ_SetBalanceCells+0x2a>
        return HAL_ERROR;
 800963e:	2401      	movs	r4, #1
    // Write cell mask to CB_ACTIVE_CELLS (0x0083)
    status = BQ76952_WriteSubcommand(hi2c, device_addr, CB_ACTIVE_CELLS, cell_mask);
    
    osMutexRelease(mutex);
    return status;
}
 8009640:	4620      	mov	r0, r4
 8009642:	bdf8      	pop	{r3, r4, r5, r6, r7, pc}
    osMutexId_t mutex = (hi2c == &hi2c1) ? I2C1Handle : I2C3Handle;
 8009644:	4b08      	ldr	r3, [pc, #32]	@ (8009668 <BQ_SetBalanceCells+0x48>)
 8009646:	681e      	ldr	r6, [r3, #0]
 8009648:	e7f3      	b.n	8009632 <BQ_SetBalanceCells+0x12>
    status = BQ76952_WriteSubcommand(hi2c, device_addr, CB_ACTIVE_CELLS, cell_mask);
 800964a:	462b      	mov	r3, r5
 800964c:	2283      	movs	r2, #131	@ 0x83
 800964e:	4639      	mov	r1, r7
 8009650:	4620      	mov	r0, r4
 8009652:	f7ff f9c5 	bl	80089e0 <BQ76952_WriteSubcommand>
 8009656:	4604      	mov	r4, r0
    osMutexRelease(mutex);
 8009658:	4630      	mov	r0, r6
 800965a:	f001 f879 	bl	800a750 <osMutexRelease>
    return status;
 800965e:	e7ef      	b.n	8009640 <BQ_SetBalanceCells+0x20>
 8009660:	20003d60 	.word	0x20003d60
 8009664:	20003cf0 	.word	0x20003cf0
 8009668:	20003cf4 	.word	0x20003cf4

0800966c <BQ_StopBalancing>:
  * @param  hi2c: I2C handle (hi2c1 for BMS1, hi2c3 for BMS2)
  * @param  device_addr: BQ76952 I2C device address (7-bit)
  * @retval HAL_StatusTypeDef: HAL_OK on success, HAL_ERROR on failure
  */
HAL_StatusTypeDef BQ_StopBalancing(I2C_HandleTypeDef *hi2c, uint8_t device_addr)
{
 800966c:	b508      	push	{r3, lr}
    // Set cell mask to 0 to stop all balancing
    return BQ_SetBalanceCells(hi2c, device_addr, 0x0000);
 800966e:	2200      	movs	r2, #0
 8009670:	f7ff ffd6 	bl	8009620 <BQ_SetBalanceCells>
}
 8009674:	bd08      	pop	{r3, pc}
	...

08009678 <BQ_GetCBStatus>:
  * @retval HAL_StatusTypeDef: HAL_OK on success, HAL_ERROR on failure
  * @note   CBSTATUS shows which cells are ACTUALLY balancing, not just commanded
  */
HAL_StatusTypeDef BQ_GetCBStatus(I2C_HandleTypeDef *hi2c, uint8_t device_addr, 
                                  uint8_t *cbstatus1, uint8_t *cbstatus2, uint8_t *cbstatus3)
{
 8009678:	e92d 43f0 	stmdb	sp!, {r4, r5, r6, r7, r8, r9, lr}
 800967c:	b083      	sub	sp, #12
 800967e:	4604      	mov	r4, r0
 8009680:	460d      	mov	r5, r1
 8009682:	4616      	mov	r6, r2
 8009684:	4699      	mov	r9, r3
    HAL_StatusTypeDef status;
    uint16_t result;
    osMutexId_t mutex = (hi2c == &hi2c1) ? I2C1Handle : I2C3Handle;
 8009686:	4a29      	ldr	r2, [pc, #164]	@ (800972c <BQ_GetCBStatus+0xb4>)
 8009688:	4290      	cmp	r0, r2
 800968a:	d03d      	beq.n	8009708 <BQ_GetCBStatus+0x90>
 800968c:	4b28      	ldr	r3, [pc, #160]	@ (8009730 <BQ_GetCBStatus+0xb8>)
 800968e:	f8d3 8000 	ldr.w	r8, [r3]
    
    if (osMutexAcquire(mutex, osWaitForever) != osOK) {
 8009692:	f04f 31ff 	mov.w	r1, #4294967295
 8009696:	4640      	mov	r0, r8
 8009698:	f001 f82b 	bl	800a6f2 <osMutexAcquire>
 800969c:	2800      	cmp	r0, #0
 800969e:	d143      	bne.n	8009728 <BQ_GetCBStatus+0xb0>
        return HAL_ERROR;
    }
    
    // Read CBSTATUS1 (0x0085) - which cells 1-8 are balancing
    if (cbstatus1 != NULL) {
 80096a0:	b15e      	cbz	r6, 80096ba <BQ_GetCBStatus+0x42>
        status = BQ76952_ReadSubcommand(hi2c, device_addr, CBSTATUS1, &result);
 80096a2:	f10d 0306 	add.w	r3, sp, #6
 80096a6:	2285      	movs	r2, #133	@ 0x85
 80096a8:	4629      	mov	r1, r5
 80096aa:	4620      	mov	r0, r4
 80096ac:	f7ff fa08 	bl	8008ac0 <BQ76952_ReadSubcommand>
        if (status != HAL_OK) {
 80096b0:	4607      	mov	r7, r0
 80096b2:	bb68      	cbnz	r0, 8009710 <BQ_GetCBStatus+0x98>
            osMutexRelease(mutex);
            return status;
        }
        *cbstatus1 = (uint8_t)(result & 0xFF);
 80096b4:	f89d 3006 	ldrb.w	r3, [sp, #6]
 80096b8:	7033      	strb	r3, [r6, #0]
    }
    
    // Read CBSTATUS2 (0x0086) - which cells 9-16 are balancing
    if (cbstatus2 != NULL) {
 80096ba:	f1b9 0f00 	cmp.w	r9, #0
 80096be:	d00c      	beq.n	80096da <BQ_GetCBStatus+0x62>
        status = BQ76952_ReadSubcommand(hi2c, device_addr, CBSTATUS2, &result);
 80096c0:	f10d 0306 	add.w	r3, sp, #6
 80096c4:	2286      	movs	r2, #134	@ 0x86
 80096c6:	4629      	mov	r1, r5
 80096c8:	4620      	mov	r0, r4
 80096ca:	f7ff f9f9 	bl	8008ac0 <BQ76952_ReadSubcommand>
        if (status != HAL_OK) {
 80096ce:	4607      	mov	r7, r0
 80096d0:	bb10      	cbnz	r0, 8009718 <BQ_GetCBStatus+0xa0>
            osMutexRelease(mutex);
            return status;
        }
        *cbstatus2 = (uint8_t)(result & 0xFF);
 80096d2:	f89d 3006 	ldrb.w	r3, [sp, #6]
 80096d6:	f889 3000 	strb.w	r3, [r9]
    }
    
    // Read CBSTATUS3 (0x0087) - balance summary/status flags
    if (cbstatus3 != NULL) {
 80096da:	9b0a      	ldr	r3, [sp, #40]	@ 0x28
 80096dc:	b163      	cbz	r3, 80096f8 <BQ_GetCBStatus+0x80>
        status = BQ76952_ReadSubcommand(hi2c, device_addr, CBSTATUS3, &result);
 80096de:	f10d 0306 	add.w	r3, sp, #6
 80096e2:	2287      	movs	r2, #135	@ 0x87
 80096e4:	4629      	mov	r1, r5
 80096e6:	4620      	mov	r0, r4
 80096e8:	f7ff f9ea 	bl	8008ac0 <BQ76952_ReadSubcommand>
        if (status != HAL_OK) {
 80096ec:	4607      	mov	r7, r0
 80096ee:	b9b8      	cbnz	r0, 8009720 <BQ_GetCBStatus+0xa8>
            osMutexRelease(mutex);
            return status;
        }
        *cbstatus3 = (uint8_t)(result & 0xFF);
 80096f0:	f89d 3006 	ldrb.w	r3, [sp, #6]
 80096f4:	9a0a      	ldr	r2, [sp, #40]	@ 0x28
 80096f6:	7013      	strb	r3, [r2, #0]
    }
    
    osMutexRelease(mutex);
 80096f8:	4640      	mov	r0, r8
 80096fa:	f001 f829 	bl	800a750 <osMutexRelease>
    return HAL_OK;
 80096fe:	2700      	movs	r7, #0
}
 8009700:	4638      	mov	r0, r7
 8009702:	b003      	add	sp, #12
 8009704:	e8bd 83f0 	ldmia.w	sp!, {r4, r5, r6, r7, r8, r9, pc}
    osMutexId_t mutex = (hi2c == &hi2c1) ? I2C1Handle : I2C3Handle;
 8009708:	4b0a      	ldr	r3, [pc, #40]	@ (8009734 <BQ_GetCBStatus+0xbc>)
 800970a:	f8d3 8000 	ldr.w	r8, [r3]
 800970e:	e7c0      	b.n	8009692 <BQ_GetCBStatus+0x1a>
            osMutexRelease(mutex);
 8009710:	4640      	mov	r0, r8
 8009712:	f001 f81d 	bl	800a750 <osMutexRelease>
            return status;
 8009716:	e7f3      	b.n	8009700 <BQ_GetCBStatus+0x88>
            osMutexRelease(mutex);
 8009718:	4640      	mov	r0, r8
 800971a:	f001 f819 	bl	800a750 <osMutexRelease>
            return status;
 800971e:	e7ef      	b.n	8009700 <BQ_GetCBStatus+0x88>
            osMutexRelease(mutex);
 8009720:	4640      	mov	r0, r8
 8009722:	f001 f815 	bl	800a750 <osMutexRelease>
            return status;
 8009726:	e7eb      	b.n	8009700 <BQ_GetCBStatus+0x88>
        return HAL_ERROR;
 8009728:	2701      	movs	r7, #1
 800972a:	e7e9      	b.n	8009700 <BQ_GetCBStatus+0x88>
 800972c:	20003d60 	.word	0x20003d60
 8009730:	20003cf0 	.word	0x20003cf0
 8009734:	20003cf4 	.word	0x20003cf4

08009738 <BQ_GetAlarmRawStatus>:
  * @param  device_addr: BQ76952 I2C device address (7-bit)
  * @param  alarm_status: Pointer to store AlarmRawStatus (16-bit)
  * @retval HAL_StatusTypeDef: HAL_OK on success, HAL_ERROR on failure
  */
HAL_StatusTypeDef BQ_GetAlarmRawStatus(I2C_HandleTypeDef *hi2c, uint8_t device_addr, uint16_t *alarm_status)
{
 8009738:	b5f8      	push	{r3, r4, r5, r6, r7, lr}
 800973a:	4604      	mov	r4, r0
 800973c:	460f      	mov	r7, r1
 800973e:	4615      	mov	r5, r2
    HAL_StatusTypeDef status;
    osMutexId_t mutex = (hi2c == &hi2c1) ? I2C1Handle : I2C3Handle;
 8009740:	4b0f      	ldr	r3, [pc, #60]	@ (8009780 <BQ_GetAlarmRawStatus+0x48>)
 8009742:	4298      	cmp	r0, r3
 8009744:	d00b      	beq.n	800975e <BQ_GetAlarmRawStatus+0x26>
 8009746:	4b0f      	ldr	r3, [pc, #60]	@ (8009784 <BQ_GetAlarmRawStatus+0x4c>)
 8009748:	681e      	ldr	r6, [r3, #0]
    
    if (alarm_status == NULL) {
 800974a:	b1b5      	cbz	r5, 800977a <BQ_GetAlarmRawStatus+0x42>
        return HAL_ERROR;
    }
    
    if (osMutexAcquire(mutex, osWaitForever) != osOK) {
 800974c:	f04f 31ff 	mov.w	r1, #4294967295
 8009750:	4630      	mov	r0, r6
 8009752:	f000 ffce 	bl	800a6f2 <osMutexAcquire>
 8009756:	b128      	cbz	r0, 8009764 <BQ_GetAlarmRawStatus+0x2c>
        return HAL_ERROR;
 8009758:	2401      	movs	r4, #1
    // Read Alarm Raw Status (0x64) - direct register read
    status = BQ76952_ReadRegister16(hi2c, device_addr, AlarmRawStatus, alarm_status);
    
    osMutexRelease(mutex);
    return status;
 800975a:	4620      	mov	r0, r4
 800975c:	bdf8      	pop	{r3, r4, r5, r6, r7, pc}
    osMutexId_t mutex = (hi2c == &hi2c1) ? I2C1Handle : I2C3Handle;
 800975e:	4b0a      	ldr	r3, [pc, #40]	@ (8009788 <BQ_GetAlarmRawStatus+0x50>)
 8009760:	681e      	ldr	r6, [r3, #0]
 8009762:	e7f2      	b.n	800974a <BQ_GetAlarmRawStatus+0x12>
    status = BQ76952_ReadRegister16(hi2c, device_addr, AlarmRawStatus, alarm_status);
 8009764:	462b      	mov	r3, r5
 8009766:	2264      	movs	r2, #100	@ 0x64
 8009768:	4639      	mov	r1, r7
 800976a:	4620      	mov	r0, r4
 800976c:	f7ff f984 	bl	8008a78 <BQ76952_ReadRegister16>
 8009770:	4604      	mov	r4, r0
    osMutexRelease(mutex);
 8009772:	4630      	mov	r0, r6
 8009774:	f000 ffec 	bl	800a750 <osMutexRelease>
    return status;
 8009778:	e7ef      	b.n	800975a <BQ_GetAlarmRawStatus+0x22>
        return HAL_ERROR;
 800977a:	2401      	movs	r4, #1
 800977c:	e7ed      	b.n	800975a <BQ_GetAlarmRawStatus+0x22>
 800977e:	bf00      	nop
 8009780:	20003d60 	.word	0x20003d60
 8009784:	20003cf0 	.word	0x20003cf0
 8009788:	20003cf4 	.word	0x20003cf4

0800978c <__NVIC_SystemReset>:
  \details Acts as a special kind of Data Memory Barrier.
           It completes when all explicit memory accesses before this instruction complete.
 */
__STATIC_FORCEINLINE void __DSB(void)
{
  __ASM volatile ("dsb 0xF":::"memory");
 800978c:	f3bf 8f4f 	dsb	sy
__NO_RETURN __STATIC_INLINE void __NVIC_SystemReset(void)
{
  __DSB();                                                          /* Ensure all outstanding memory accesses included
                                                                       buffered write are completed before reset */
  SCB->AIRCR  = (uint32_t)((0x5FAUL << SCB_AIRCR_VECTKEY_Pos)    |
                           (SCB->AIRCR & SCB_AIRCR_PRIGROUP_Msk) |
 8009790:	4905      	ldr	r1, [pc, #20]	@ (80097a8 <__NVIC_SystemReset+0x1c>)
 8009792:	68ca      	ldr	r2, [r1, #12]
 8009794:	f402 62e0 	and.w	r2, r2, #1792	@ 0x700
  SCB->AIRCR  = (uint32_t)((0x5FAUL << SCB_AIRCR_VECTKEY_Pos)    |
 8009798:	4b04      	ldr	r3, [pc, #16]	@ (80097ac <__NVIC_SystemReset+0x20>)
 800979a:	4313      	orrs	r3, r2
 800979c:	60cb      	str	r3, [r1, #12]
 800979e:	f3bf 8f4f 	dsb	sy
                            SCB_AIRCR_SYSRESETREQ_Msk    );         /* Keep priority group unchanged */
  __DSB();                                                          /* Ensure completion of memory access */

  for(;;)                                                           /* wait until reset */
  {
    __NOP();
 80097a2:	bf00      	nop
  for(;;)                                                           /* wait until reset */
 80097a4:	e7fd      	b.n	80097a2 <__NVIC_SystemReset+0x16>
 80097a6:	bf00      	nop
 80097a8:	e000ed00 	.word	0xe000ed00
 80097ac:	05fa0004 	.word	0x05fa0004

080097b0 <CAN_TransmitMessage>:
  * @brief  Transmit single message to CAN hardware
  * @param  msg: Pointer to message structure
  * @retval HAL_StatusTypeDef
  */
static HAL_StatusTypeDef CAN_TransmitMessage(CAN_Message_t *msg)
{
 80097b0:	b530      	push	{r4, r5, lr}
 80097b2:	b089      	sub	sp, #36	@ 0x24
 80097b4:	4605      	mov	r5, r0
    uint32_t TxMailbox;
    HAL_StatusTypeDef status;
    uint8_t retry_count = 0;
    
    // Configure TX header for extended ID
    TxHeader.ExtId = msg->id;
 80097b6:	6803      	ldr	r3, [r0, #0]
 80097b8:	9303      	str	r3, [sp, #12]
    TxHeader.StdId = 0;
 80097ba:	2400      	movs	r4, #0
 80097bc:	9402      	str	r4, [sp, #8]
    TxHeader.RTR = CAN_RTR_DATA;
 80097be:	9405      	str	r4, [sp, #20]
    TxHeader.IDE = CAN_ID_EXT;
 80097c0:	2304      	movs	r3, #4
 80097c2:	9304      	str	r3, [sp, #16]
    TxHeader.DLC = msg->length;
 80097c4:	7b03      	ldrb	r3, [r0, #12]
 80097c6:	9306      	str	r3, [sp, #24]
    TxHeader.TransmitGlobalTime = DISABLE;
 80097c8:	f88d 401c 	strb.w	r4, [sp, #28]
    
    // Attempt transmission with retries
    while (retry_count < CAN_MAX_RETRIES) {
 80097cc:	2c02      	cmp	r4, #2
 80097ce:	d814      	bhi.n	80097fa <CAN_TransmitMessage+0x4a>
        status = HAL_CAN_AddTxMessage(&hcan1, &TxHeader, msg->data, &TxMailbox);
 80097d0:	ab01      	add	r3, sp, #4
 80097d2:	1d2a      	adds	r2, r5, #4
 80097d4:	a902      	add	r1, sp, #8
 80097d6:	480d      	ldr	r0, [pc, #52]	@ (800980c <CAN_TransmitMessage+0x5c>)
 80097d8:	f004 f866 	bl	800d8a8 <HAL_CAN_AddTxMessage>
        
        if (status == HAL_OK) {
 80097dc:	4603      	mov	r3, r0
 80097de:	b138      	cbz	r0, 80097f0 <CAN_TransmitMessage+0x40>
            can_stats.tx_success_count++;
            return HAL_OK;
        }
        
        retry_count++;
 80097e0:	3401      	adds	r4, #1
 80097e2:	b2e4      	uxtb	r4, r4
        
        // Brief delay before retry (1ms)
        if (retry_count < CAN_MAX_RETRIES) {
 80097e4:	2c02      	cmp	r4, #2
 80097e6:	d808      	bhi.n	80097fa <CAN_TransmitMessage+0x4a>
            osDelay(1);
 80097e8:	2001      	movs	r0, #1
 80097ea:	f000 ff29 	bl	800a640 <osDelay>
 80097ee:	e7ed      	b.n	80097cc <CAN_TransmitMessage+0x1c>
            can_stats.tx_success_count++;
 80097f0:	4907      	ldr	r1, [pc, #28]	@ (8009810 <CAN_TransmitMessage+0x60>)
 80097f2:	680a      	ldr	r2, [r1, #0]
 80097f4:	3201      	adds	r2, #1
 80097f6:	600a      	str	r2, [r1, #0]
            return HAL_OK;
 80097f8:	e004      	b.n	8009804 <CAN_TransmitMessage+0x54>
        }
    }
    
    // All retries failed
    can_stats.tx_error_count++;
 80097fa:	4a05      	ldr	r2, [pc, #20]	@ (8009810 <CAN_TransmitMessage+0x60>)
 80097fc:	6853      	ldr	r3, [r2, #4]
 80097fe:	3301      	adds	r3, #1
 8009800:	6053      	str	r3, [r2, #4]
    return HAL_ERROR;
 8009802:	2301      	movs	r3, #1
}
 8009804:	4618      	mov	r0, r3
 8009806:	b009      	add	sp, #36	@ 0x24
 8009808:	bd30      	pop	{r4, r5, pc}
 800980a:	bf00      	nop
 800980c:	20003dd8 	.word	0x20003dd8
 8009810:	20000134 	.word	0x20000134

08009814 <CAN_ProcessTxQueue>:
/**
  * @brief  Process TX queue and transmit messages
  * @retval None
  */
static void CAN_ProcessTxQueue(void)
{
 8009814:	b500      	push	{lr}
 8009816:	b087      	sub	sp, #28
    CAN_Message_t msg;
    
    // Try to send as many messages as possible
    while (osMessageQueueGet(CANTxQueueHandle, &msg, NULL, 0) == osOK) {
 8009818:	2300      	movs	r3, #0
 800981a:	461a      	mov	r2, r3
 800981c:	a901      	add	r1, sp, #4
 800981e:	4806      	ldr	r0, [pc, #24]	@ (8009838 <CAN_ProcessTxQueue+0x24>)
 8009820:	6800      	ldr	r0, [r0, #0]
 8009822:	f001 f905 	bl	800aa30 <osMessageQueueGet>
 8009826:	b920      	cbnz	r0, 8009832 <CAN_ProcessTxQueue+0x1e>
        // Transmit the message
        if (CAN_TransmitMessage(&msg) != HAL_OK) {
 8009828:	a801      	add	r0, sp, #4
 800982a:	f7ff ffc1 	bl	80097b0 <CAN_TransmitMessage>
 800982e:	2800      	cmp	r0, #0
 8009830:	d0f2      	beq.n	8009818 <CAN_ProcessTxQueue+0x4>
            // If transmission failed, could re-queue message here if desired
            // For now, we just count it as an error
            break;  // Stop processing queue if hardware is busy
        }
    }
}
 8009832:	b007      	add	sp, #28
 8009834:	f85d fb04 	ldr.w	pc, [sp], #4
 8009838:	20000150 	.word	0x20000150

0800983c <CAN_SendMessage>:
    if (length > 8 || id > 0x1FFFFFFF) {
 800983c:	2a08      	cmp	r2, #8
 800983e:	d82a      	bhi.n	8009896 <CAN_SendMessage+0x5a>
{
 8009840:	b570      	push	{r4, r5, r6, lr}
 8009842:	b086      	sub	sp, #24
 8009844:	460e      	mov	r6, r1
 8009846:	4614      	mov	r4, r2
 8009848:	461d      	mov	r5, r3
    if (length > 8 || id > 0x1FFFFFFF) {
 800984a:	f1b0 5f00 	cmp.w	r0, #536870912	@ 0x20000000
 800984e:	d302      	bcc.n	8009856 <CAN_SendMessage+0x1a>
        return HAL_ERROR;
 8009850:	2001      	movs	r0, #1
}
 8009852:	b006      	add	sp, #24
 8009854:	bd70      	pop	{r4, r5, r6, pc}
    msg.id = id;
 8009856:	9001      	str	r0, [sp, #4]
    msg.length = length;
 8009858:	f88d 2010 	strb.w	r2, [sp, #16]
    msg.priority = priority;
 800985c:	f88d 3011 	strb.w	r3, [sp, #17]
    msg.timestamp = osKernelGetTickCount();
 8009860:	f000 fe8a 	bl	800a578 <osKernelGetTickCount>
 8009864:	9005      	str	r0, [sp, #20]
    if (data != NULL && length > 0) {
 8009866:	b106      	cbz	r6, 800986a <CAN_SendMessage+0x2e>
 8009868:	b94c      	cbnz	r4, 800987e <CAN_SendMessage+0x42>
    if (osMessageQueuePut(CANTxQueueHandle, &msg, priority, CAN_TX_TIMEOUT_MS) != osOK) {
 800986a:	2364      	movs	r3, #100	@ 0x64
 800986c:	462a      	mov	r2, r5
 800986e:	a901      	add	r1, sp, #4
 8009870:	480a      	ldr	r0, [pc, #40]	@ (800989c <CAN_SendMessage+0x60>)
 8009872:	6800      	ldr	r0, [r0, #0]
 8009874:	f001 f89a 	bl	800a9ac <osMessageQueuePut>
 8009878:	b938      	cbnz	r0, 800988a <CAN_SendMessage+0x4e>
    return HAL_OK;
 800987a:	2000      	movs	r0, #0
 800987c:	e7e9      	b.n	8009852 <CAN_SendMessage+0x16>
        memcpy(msg.data, data, length);
 800987e:	4622      	mov	r2, r4
 8009880:	4631      	mov	r1, r6
 8009882:	a802      	add	r0, sp, #8
 8009884:	f007 fe5a 	bl	801153c <memcpy>
 8009888:	e7ef      	b.n	800986a <CAN_SendMessage+0x2e>
        can_stats.tx_queue_full_count++;
 800988a:	4a05      	ldr	r2, [pc, #20]	@ (80098a0 <CAN_SendMessage+0x64>)
 800988c:	6893      	ldr	r3, [r2, #8]
 800988e:	3301      	adds	r3, #1
 8009890:	6093      	str	r3, [r2, #8]
        return HAL_ERROR;
 8009892:	2001      	movs	r0, #1
 8009894:	e7dd      	b.n	8009852 <CAN_SendMessage+0x16>
        return HAL_ERROR;
 8009896:	2001      	movs	r0, #1
}
 8009898:	4770      	bx	lr
 800989a:	bf00      	nop
 800989c:	20000150 	.word	0x20000150
 80098a0:	20000134 	.word	0x20000134

080098a4 <CAN_ResetStatistics>:
  * @brief  Reset CAN statistics
  * @retval None
  */
void CAN_ResetStatistics(void)
{
    memset(&can_stats, 0, sizeof(CAN_Statistics_t));
 80098a4:	4b04      	ldr	r3, [pc, #16]	@ (80098b8 <CAN_ResetStatistics+0x14>)
 80098a6:	2200      	movs	r2, #0
 80098a8:	601a      	str	r2, [r3, #0]
 80098aa:	605a      	str	r2, [r3, #4]
 80098ac:	609a      	str	r2, [r3, #8]
 80098ae:	60da      	str	r2, [r3, #12]
 80098b0:	611a      	str	r2, [r3, #16]
 80098b2:	615a      	str	r2, [r3, #20]
}
 80098b4:	4770      	bx	lr
 80098b6:	bf00      	nop
 80098b8:	20000134 	.word	0x20000134

080098bc <CAN_Manager_Init>:
{
 80098bc:	b510      	push	{r4, lr}
    CANTxQueueHandle = osMessageQueueNew(CAN_TX_QUEUE_SIZE, sizeof(CAN_Message_t), NULL);
 80098be:	2200      	movs	r2, #0
 80098c0:	2114      	movs	r1, #20
 80098c2:	2040      	movs	r0, #64	@ 0x40
 80098c4:	f001 f827 	bl	800a916 <osMessageQueueNew>
 80098c8:	4b0d      	ldr	r3, [pc, #52]	@ (8009900 <CAN_Manager_Init+0x44>)
 80098ca:	6018      	str	r0, [r3, #0]
    if (CANTxQueueHandle == NULL) {
 80098cc:	b198      	cbz	r0, 80098f6 <CAN_Manager_Init+0x3a>
    CANRxQueueHandle = osMessageQueueNew(CAN_RX_QUEUE_SIZE, sizeof(CAN_Message_t), NULL);
 80098ce:	2200      	movs	r2, #0
 80098d0:	2114      	movs	r1, #20
 80098d2:	2020      	movs	r0, #32
 80098d4:	f001 f81f 	bl	800a916 <osMessageQueueNew>
 80098d8:	4b0a      	ldr	r3, [pc, #40]	@ (8009904 <CAN_Manager_Init+0x48>)
 80098da:	6018      	str	r0, [r3, #0]
    if (CANRxQueueHandle == NULL) {
 80098dc:	b170      	cbz	r0, 80098fc <CAN_Manager_Init+0x40>
    if (HAL_CAN_ActivateNotification(&hcan1, CAN_IT_RX_FIFO0_MSG_PENDING | 
 80098de:	f248 4112 	movw	r1, #33810	@ 0x8412
 80098e2:	4809      	ldr	r0, [pc, #36]	@ (8009908 <CAN_Manager_Init+0x4c>)
 80098e4:	f004 f90a 	bl	800dafc <HAL_CAN_ActivateNotification>
 80098e8:	4604      	mov	r4, r0
 80098ea:	b108      	cbz	r0, 80098f0 <CAN_Manager_Init+0x34>
        return HAL_ERROR;
 80098ec:	2401      	movs	r4, #1
 80098ee:	e003      	b.n	80098f8 <CAN_Manager_Init+0x3c>
    CAN_ResetStatistics();
 80098f0:	f7ff ffd8 	bl	80098a4 <CAN_ResetStatistics>
    return HAL_OK;
 80098f4:	e000      	b.n	80098f8 <CAN_Manager_Init+0x3c>
        return HAL_ERROR;
 80098f6:	2401      	movs	r4, #1
}
 80098f8:	4620      	mov	r0, r4
 80098fa:	bd10      	pop	{r4, pc}
        return HAL_ERROR;
 80098fc:	2401      	movs	r4, #1
 80098fe:	e7fb      	b.n	80098f8 <CAN_Manager_Init+0x3c>
 8009900:	20000150 	.word	0x20000150
 8009904:	2000014c 	.word	0x2000014c
 8009908:	20003dd8 	.word	0x20003dd8

0800990c <CAN_IsMessageForThisModule>:
/**
  * @brief  Check if CAN message is meant for this module through ID
  * @param  hcan: pointer to CAN handle
  * @retval None
  */
bool CAN_IsMessageForThisModule(uint32_t can_id) {
 800990c:	b510      	push	{r4, lr}
 800990e:	4604      	mov	r4, r0
    // Module ID is encoded in bits 12:15 of rx can id
    // TODO: handle messages that might not have this format?
    uint8_t this_module_id = Config_GetModuleID();
 8009910:	f001 f8fa 	bl	800ab08 <Config_GetModuleID>
    uint8_t rx_module_id = (can_id >> 12) & 0x0F;
 8009914:	f3c4 3303 	ubfx	r3, r4, #12, #4
    
    return (
        rx_module_id == this_module_id ||   // Specifically for this module
 8009918:	4298      	cmp	r0, r3
 800991a:	d006      	beq.n	800992a <CAN_IsMessageForThisModule+0x1e>
 800991c:	4b04      	ldr	r3, [pc, #16]	@ (8009930 <CAN_IsMessageForThisModule+0x24>)
 800991e:	429c      	cmp	r4, r3
 8009920:	d001      	beq.n	8009926 <CAN_IsMessageForThisModule+0x1a>
 8009922:	2000      	movs	r0, #0
        can_id == CAN_DEBUG_REQUEST_ID      // Debug ID (all modules)
    );
}
 8009924:	bd10      	pop	{r4, pc}
        rx_module_id == this_module_id ||   // Specifically for this module
 8009926:	2001      	movs	r0, #1
 8009928:	e7fc      	b.n	8009924 <CAN_IsMessageForThisModule+0x18>
 800992a:	2001      	movs	r0, #1
 800992c:	e7fa      	b.n	8009924 <CAN_IsMessageForThisModule+0x18>
 800992e:	bf00      	nop
 8009930:	08f00f10 	.word	0x08f00f10

08009934 <HAL_CAN_RxFifo0MsgPendingCallback>:
{
 8009934:	b500      	push	{lr}
 8009936:	b08d      	sub	sp, #52	@ 0x34
    if (HAL_CAN_GetRxMessage(hcan, CAN_RX_FIFO0, &RxHeader, msg.data) == HAL_OK) {
 8009938:	ab01      	add	r3, sp, #4
 800993a:	aa05      	add	r2, sp, #20
 800993c:	2100      	movs	r1, #0
 800993e:	f004 f828 	bl	800d992 <HAL_CAN_GetRxMessage>
 8009942:	b110      	cbz	r0, 800994a <HAL_CAN_RxFifo0MsgPendingCallback+0x16>
}
 8009944:	b00d      	add	sp, #52	@ 0x34
 8009946:	f85d fb04 	ldr.w	pc, [sp], #4
        msg.id = RxHeader.ExtId;
 800994a:	9b06      	ldr	r3, [sp, #24]
 800994c:	9300      	str	r3, [sp, #0]
        msg.length = RxHeader.DLC;
 800994e:	9b09      	ldr	r3, [sp, #36]	@ 0x24
 8009950:	f88d 300c 	strb.w	r3, [sp, #12]
        msg.priority = 0;  // RX messages don't have priority
 8009954:	2300      	movs	r3, #0
 8009956:	f88d 300d 	strb.w	r3, [sp, #13]
        msg.timestamp = osKernelGetTickCount();
 800995a:	f000 fe0d 	bl	800a578 <osKernelGetTickCount>
 800995e:	9004      	str	r0, [sp, #16]
        if (CAN_IsMessageForThisModule(msg.id)) {
 8009960:	9800      	ldr	r0, [sp, #0]
 8009962:	f7ff ffd3 	bl	800990c <CAN_IsMessageForThisModule>
 8009966:	2800      	cmp	r0, #0
 8009968:	d0ec      	beq.n	8009944 <HAL_CAN_RxFifo0MsgPendingCallback+0x10>
            if (osMessageQueuePut(CANRxQueueHandle, &msg, 0, 0) != osOK) {
 800996a:	2300      	movs	r3, #0
 800996c:	461a      	mov	r2, r3
 800996e:	4669      	mov	r1, sp
 8009970:	4805      	ldr	r0, [pc, #20]	@ (8009988 <HAL_CAN_RxFifo0MsgPendingCallback+0x54>)
 8009972:	6800      	ldr	r0, [r0, #0]
 8009974:	f001 f81a 	bl	800a9ac <osMessageQueuePut>
 8009978:	2800      	cmp	r0, #0
 800997a:	d0e3      	beq.n	8009944 <HAL_CAN_RxFifo0MsgPendingCallback+0x10>
                can_stats.rx_queue_full_count++;
 800997c:	4a03      	ldr	r2, [pc, #12]	@ (800998c <HAL_CAN_RxFifo0MsgPendingCallback+0x58>)
 800997e:	6913      	ldr	r3, [r2, #16]
 8009980:	3301      	adds	r3, #1
 8009982:	6113      	str	r3, [r2, #16]
}
 8009984:	e7de      	b.n	8009944 <HAL_CAN_RxFifo0MsgPendingCallback+0x10>
 8009986:	bf00      	nop
 8009988:	2000014c 	.word	0x2000014c
 800998c:	20000134 	.word	0x20000134

08009990 <HAL_CAN_RxFifo1MsgPendingCallback>:
{
 8009990:	b500      	push	{lr}
 8009992:	b08d      	sub	sp, #52	@ 0x34
    if (HAL_CAN_GetRxMessage(hcan, CAN_RX_FIFO1, &RxHeader, msg.data) == HAL_OK) {
 8009994:	ab01      	add	r3, sp, #4
 8009996:	aa05      	add	r2, sp, #20
 8009998:	2101      	movs	r1, #1
 800999a:	f003 fffa 	bl	800d992 <HAL_CAN_GetRxMessage>
 800999e:	b110      	cbz	r0, 80099a6 <HAL_CAN_RxFifo1MsgPendingCallback+0x16>
}
 80099a0:	b00d      	add	sp, #52	@ 0x34
 80099a2:	f85d fb04 	ldr.w	pc, [sp], #4
        msg.id = RxHeader.ExtId;
 80099a6:	9b06      	ldr	r3, [sp, #24]
 80099a8:	9300      	str	r3, [sp, #0]
        msg.length = RxHeader.DLC;
 80099aa:	9b09      	ldr	r3, [sp, #36]	@ 0x24
 80099ac:	f88d 300c 	strb.w	r3, [sp, #12]
        msg.priority = 0;  // RX messages don't have priority
 80099b0:	2300      	movs	r3, #0
 80099b2:	f88d 300d 	strb.w	r3, [sp, #13]
        msg.timestamp = osKernelGetTickCount();
 80099b6:	f000 fddf 	bl	800a578 <osKernelGetTickCount>
 80099ba:	9004      	str	r0, [sp, #16]
        if (CAN_IsMessageForThisModule(msg.id)) {
 80099bc:	9800      	ldr	r0, [sp, #0]
 80099be:	f7ff ffa5 	bl	800990c <CAN_IsMessageForThisModule>
 80099c2:	2800      	cmp	r0, #0
 80099c4:	d0ec      	beq.n	80099a0 <HAL_CAN_RxFifo1MsgPendingCallback+0x10>
            if (osMessageQueuePut(CANRxQueueHandle, &msg, 0, 0) != osOK) {
 80099c6:	2300      	movs	r3, #0
 80099c8:	461a      	mov	r2, r3
 80099ca:	4669      	mov	r1, sp
 80099cc:	4805      	ldr	r0, [pc, #20]	@ (80099e4 <HAL_CAN_RxFifo1MsgPendingCallback+0x54>)
 80099ce:	6800      	ldr	r0, [r0, #0]
 80099d0:	f000 ffec 	bl	800a9ac <osMessageQueuePut>
 80099d4:	2800      	cmp	r0, #0
 80099d6:	d0e3      	beq.n	80099a0 <HAL_CAN_RxFifo1MsgPendingCallback+0x10>
                can_stats.rx_queue_full_count++;
 80099d8:	4a03      	ldr	r2, [pc, #12]	@ (80099e8 <HAL_CAN_RxFifo1MsgPendingCallback+0x58>)
 80099da:	6913      	ldr	r3, [r2, #16]
 80099dc:	3301      	adds	r3, #1
 80099de:	6113      	str	r3, [r2, #16]
}
 80099e0:	e7de      	b.n	80099a0 <HAL_CAN_RxFifo1MsgPendingCallback+0x10>
 80099e2:	bf00      	nop
 80099e4:	2000014c 	.word	0x2000014c
 80099e8:	20000134 	.word	0x20000134

080099ec <HAL_CAN_ErrorCallback>:
  * @brief  CAN error callback
  * @param  hcan: pointer to CAN handle
  * @retval None
  */
void HAL_CAN_ErrorCallback(CAN_HandleTypeDef *hcan)
{
 80099ec:	b508      	push	{r3, lr}
    uint32_t error = HAL_CAN_GetError(hcan);
 80099ee:	f004 f9c9 	bl	800dd84 <HAL_CAN_GetError>
    
    // Check for bus-off condition
    if (error & HAL_CAN_ERROR_BOF) {
 80099f2:	f010 0f04 	tst.w	r0, #4
 80099f6:	d100      	bne.n	80099fa <HAL_CAN_ErrorCallback+0xe>
        // Attempt to recover from bus-off
        // Note: May need to stop and restart CAN peripheral
    }
    
    // Handle other errors as needed
}
 80099f8:	bd08      	pop	{r3, pc}
        can_stats.bus_off_count++;
 80099fa:	4a04      	ldr	r2, [pc, #16]	@ (8009a0c <HAL_CAN_ErrorCallback+0x20>)
 80099fc:	6953      	ldr	r3, [r2, #20]
 80099fe:	3301      	adds	r3, #1
 8009a00:	6153      	str	r3, [r2, #20]
        ErrorMgr_SetError(ERROR_CAN_BUS_OFF);
 8009a02:	f04f 7080 	mov.w	r0, #16777216	@ 0x1000000
 8009a06:	f001 fb45 	bl	800b094 <ErrorMgr_SetError>
}
 8009a0a:	e7f5      	b.n	80099f8 <HAL_CAN_ErrorCallback+0xc>
 8009a0c:	20000134 	.word	0x20000134

08009a10 <CAN_SendHeartbeat>:
  *         Byte 5: Warning flags summary (any warnings = 0xFF, none = 0x00)
  *         Byte 6-7: Fault count (16-bit)
  * @retval HAL_StatusTypeDef
  */
HAL_StatusTypeDef CAN_SendHeartbeat(void)
{
 8009a10:	b500      	push	{lr}
 8009a12:	b089      	sub	sp, #36	@ 0x24
    Error_Manager_t status;
    uint8_t heartbeat_data[8];
    
    // Get current error manager status
    ErrorMgr_GetStatus(&status);
 8009a14:	a803      	add	r0, sp, #12
 8009a16:	f001 fbeb 	bl	800b1f0 <ErrorMgr_GetStatus>
    
    // Pack heartbeat message (state comes from state machine)
    heartbeat_data[0] = (uint8_t)StateMachine_GetState();         // BMS state
 8009a1a:	f003 f80b 	bl	800ca34 <StateMachine_GetState>
 8009a1e:	f88d 0004 	strb.w	r0, [sp, #4]
    heartbeat_data[1] = (uint8_t)(status.error_flags & 0xFF);     // Error byte 0
 8009a22:	9b03      	ldr	r3, [sp, #12]
 8009a24:	f88d 3005 	strb.w	r3, [sp, #5]
    heartbeat_data[2] = (uint8_t)((status.error_flags >> 8) & 0xFF);   // Error byte 1
 8009a28:	f3c3 2207 	ubfx	r2, r3, #8, #8
 8009a2c:	f88d 2006 	strb.w	r2, [sp, #6]
    heartbeat_data[3] = (uint8_t)((status.error_flags >> 16) & 0xFF);  // Error byte 2
 8009a30:	f3c3 4207 	ubfx	r2, r3, #16, #8
 8009a34:	f88d 2007 	strb.w	r2, [sp, #7]
    heartbeat_data[4] = (uint8_t)((status.error_flags >> 24) & 0xFF);  // Error byte 3
 8009a38:	0e1b      	lsrs	r3, r3, #24
 8009a3a:	f88d 3008 	strb.w	r3, [sp, #8]
    heartbeat_data[5] = (status.warning_flags != 0) ? 0xFF : 0x00;     // Warning summary
 8009a3e:	9b04      	ldr	r3, [sp, #16]
 8009a40:	b193      	cbz	r3, 8009a68 <CAN_SendHeartbeat+0x58>
 8009a42:	23ff      	movs	r3, #255	@ 0xff
 8009a44:	f88d 3009 	strb.w	r3, [sp, #9]
    heartbeat_data[6] = (uint8_t)(status.fault_count & 0xFF);          // Fault count low byte
 8009a48:	f89d 3014 	ldrb.w	r3, [sp, #20]
 8009a4c:	f88d 300a 	strb.w	r3, [sp, #10]
    heartbeat_data[7] = (uint8_t)((status.fault_count >> 8) & 0xFF);   // Fault count high byte
 8009a50:	2300      	movs	r3, #0
 8009a52:	f88d 300b 	strb.w	r3, [sp, #11]
    
    // Send heartbeat with high priority
    return CAN_SendMessage(CAN_BMS_HEARTBEAT_ID, heartbeat_data, 8, CAN_PRIORITY_CRITICAL);
 8009a56:	2208      	movs	r2, #8
 8009a58:	a901      	add	r1, sp, #4
 8009a5a:	4804      	ldr	r0, [pc, #16]	@ (8009a6c <CAN_SendHeartbeat+0x5c>)
 8009a5c:	6800      	ldr	r0, [r0, #0]
 8009a5e:	f7ff feed 	bl	800983c <CAN_SendMessage>
}
 8009a62:	b009      	add	sp, #36	@ 0x24
 8009a64:	f85d fb04 	ldr.w	pc, [sp], #4
    heartbeat_data[5] = (status.warning_flags != 0) ? 0xFF : 0x00;     // Warning summary
 8009a68:	2300      	movs	r3, #0
 8009a6a:	e7eb      	b.n	8009a44 <CAN_SendHeartbeat+0x34>
 8009a6c:	20000d94 	.word	0x20000d94

08009a70 <CAN_SendStatistics>:
/**
  * @brief  Send CAN statistics message for diagnostics
  * @retval HAL_StatusTypeDef
  */
HAL_StatusTypeDef CAN_SendStatistics(void)
{
 8009a70:	b500      	push	{lr}
 8009a72:	b083      	sub	sp, #12
    uint8_t stats_data[8];
    
    // Pack CAN statistics message
    // Bytes 0-1: RX message count (16-bit)
    stats_data[0] = (uint8_t)(can_stats.rx_message_count & 0xFF);
 8009a74:	4b12      	ldr	r3, [pc, #72]	@ (8009ac0 <CAN_SendStatistics+0x50>)
 8009a76:	68da      	ldr	r2, [r3, #12]
 8009a78:	f88d 2000 	strb.w	r2, [sp]
    stats_data[1] = (uint8_t)((can_stats.rx_message_count >> 8) & 0xFF);
 8009a7c:	f3c2 2207 	ubfx	r2, r2, #8, #8
 8009a80:	f88d 2001 	strb.w	r2, [sp, #1]
    
    // Bytes 2-3: TX success count (16-bit)
    stats_data[2] = (uint8_t)(can_stats.tx_success_count & 0xFF);
 8009a84:	681a      	ldr	r2, [r3, #0]
 8009a86:	f88d 2002 	strb.w	r2, [sp, #2]
    stats_data[3] = (uint8_t)((can_stats.tx_success_count >> 8) & 0xFF);
 8009a8a:	f3c2 2207 	ubfx	r2, r2, #8, #8
 8009a8e:	f88d 2003 	strb.w	r2, [sp, #3]
    
    // Byte 4: TX error count
    stats_data[4] = (uint8_t)(can_stats.tx_error_count & 0xFF);
 8009a92:	791a      	ldrb	r2, [r3, #4]
 8009a94:	f88d 2004 	strb.w	r2, [sp, #4]
    
    // Byte 5: RX queue full count
    stats_data[5] = (uint8_t)(can_stats.rx_queue_full_count & 0xFF);
 8009a98:	7c1a      	ldrb	r2, [r3, #16]
 8009a9a:	f88d 2005 	strb.w	r2, [sp, #5]
    
    // Byte 6: Bus-off count
    stats_data[6] = (uint8_t)(can_stats.bus_off_count & 0xFF);
 8009a9e:	7d1a      	ldrb	r2, [r3, #20]
 8009aa0:	f88d 2006 	strb.w	r2, [sp, #6]
    
    // Byte 7: TX queue full count
    stats_data[7] = (uint8_t)(can_stats.tx_queue_full_count & 0xFF);
 8009aa4:	7a1b      	ldrb	r3, [r3, #8]
 8009aa6:	f88d 3007 	strb.w	r3, [sp, #7]
    
    // Send statistics with normal priority
    return CAN_SendMessage(CAN_BMS_STATS_ID, stats_data, 8, CAN_PRIORITY_NORMAL);
 8009aaa:	2302      	movs	r3, #2
 8009aac:	2208      	movs	r2, #8
 8009aae:	4669      	mov	r1, sp
 8009ab0:	4804      	ldr	r0, [pc, #16]	@ (8009ac4 <CAN_SendStatistics+0x54>)
 8009ab2:	6800      	ldr	r0, [r0, #0]
 8009ab4:	f7ff fec2 	bl	800983c <CAN_SendMessage>
}
 8009ab8:	b003      	add	sp, #12
 8009aba:	f85d fb04 	ldr.w	pc, [sp], #4
 8009abe:	bf00      	nop
 8009ac0:	20000134 	.word	0x20000134
 8009ac4:	20000d90 	.word	0x20000d90

08009ac8 <CAN_SendDebugInfo>:
  *         Byte 3: Reserved (CPU usage if implemented)
  *         Bytes 4-7: Uptime in seconds (32-bit)
  * @retval HAL_StatusTypeDef
  */
HAL_StatusTypeDef CAN_SendDebugInfo(void)
{
 8009ac8:	b570      	push	{r4, r5, r6, lr}
 8009aca:	b082      	sub	sp, #8
    uint8_t debug_data[8];

    // Get current module ID
    extern uint8_t Config_GetModuleID(void);
    uint8_t module_id = Config_GetModuleID();
 8009acc:	f001 f81c 	bl	800ab08 <Config_GetModuleID>
 8009ad0:	4606      	mov	r6, r0

    // Get heap memory statistics (in bytes)
    size_t free_heap = xPortGetFreeHeapSize();
 8009ad2:	f001 fd0f 	bl	800b4f4 <xPortGetFreeHeapSize>
 8009ad6:	4605      	mov	r5, r0
    size_t min_free_heap = xPortGetMinimumEverFreeHeapSize();
 8009ad8:	f001 fd12 	bl	800b500 <xPortGetMinimumEverFreeHeapSize>
 8009adc:	4604      	mov	r4, r0

    // Get uptime in seconds (convert from milliseconds)
    uint32_t uptime_sec = osKernelGetTickCount() / 1000;
 8009ade:	f000 fd4b 	bl	800a578 <osKernelGetTickCount>
 8009ae2:	4a14      	ldr	r2, [pc, #80]	@ (8009b34 <CAN_SendDebugInfo+0x6c>)
 8009ae4:	fba2 2300 	umull	r2, r3, r2, r0

    // Get bootloader validity flag
    extern uint8_t g_bootloader_app_valid;
    
    // Pack debug information message
    debug_data[0] = module_id;                              // Byte 0: Module ID
 8009ae8:	f88d 6000 	strb.w	r6, [sp]
    debug_data[1] = (uint8_t)((free_heap >> 8) & 0xFF);     // Byte 1: Free heap MSB (in 256-byte units)
 8009aec:	f3c5 2507 	ubfx	r5, r5, #8, #8
 8009af0:	f88d 5001 	strb.w	r5, [sp, #1]
    debug_data[2] = (uint8_t)((min_free_heap >> 8) & 0xFF); // Byte 2: Min free heap MSB (in 256-byte units)
 8009af4:	f3c4 2407 	ubfx	r4, r4, #8, #8
 8009af8:	f88d 4002 	strb.w	r4, [sp, #2]
    debug_data[3] = g_bootloader_app_valid;                 // Byte 3: Bootloader validity (1=valid, 0=invalid)
 8009afc:	4a0e      	ldr	r2, [pc, #56]	@ (8009b38 <CAN_SendDebugInfo+0x70>)
 8009afe:	7812      	ldrb	r2, [r2, #0]
 8009b00:	f88d 2003 	strb.w	r2, [sp, #3]
    debug_data[4] = (uint8_t)(uptime_sec & 0xFF);           // Byte 4: Uptime LSB
 8009b04:	f3c3 1287 	ubfx	r2, r3, #6, #8
 8009b08:	f88d 2004 	strb.w	r2, [sp, #4]
    debug_data[5] = (uint8_t)((uptime_sec >> 8) & 0xFF);    // Byte 5: Uptime
 8009b0c:	f3c3 3287 	ubfx	r2, r3, #14, #8
 8009b10:	f88d 2005 	strb.w	r2, [sp, #5]
    debug_data[6] = (uint8_t)((uptime_sec >> 16) & 0xFF);   // Byte 6: Uptime
 8009b14:	0d9b      	lsrs	r3, r3, #22
 8009b16:	f88d 3006 	strb.w	r3, [sp, #6]
    debug_data[7] = (uint8_t)((uptime_sec >> 24) & 0xFF);   // Byte 7: Uptime MSB
 8009b1a:	2300      	movs	r3, #0
 8009b1c:	f88d 3007 	strb.w	r3, [sp, #7]

    // Send debug info with high priority
    return CAN_SendMessage(CAN_DEBUG_RESPONSE_ID, debug_data, 8, CAN_PRIORITY_HIGH);
 8009b20:	2301      	movs	r3, #1
 8009b22:	2208      	movs	r2, #8
 8009b24:	4669      	mov	r1, sp
 8009b26:	4805      	ldr	r0, [pc, #20]	@ (8009b3c <CAN_SendDebugInfo+0x74>)
 8009b28:	6800      	ldr	r0, [r0, #0]
 8009b2a:	f7ff fe87 	bl	800983c <CAN_SendMessage>
}
 8009b2e:	b002      	add	sp, #8
 8009b30:	bd70      	pop	{r4, r5, r6, pc}
 8009b32:	bf00      	nop
 8009b34:	10624dd3 	.word	0x10624dd3
 8009b38:	20003d08 	.word	0x20003d08
 8009b3c:	20000d64 	.word	0x20000d64

08009b40 <CAN_SendI2CDiagnostics>:
  *         Byte 3: I2C3 state (HAL_I2C_STATE_*)
  *         Bytes 4-7: Reserved for future use
  * @retval HAL_StatusTypeDef
  */
HAL_StatusTypeDef CAN_SendI2CDiagnostics(void)
{
 8009b40:	e92d 41f0 	stmdb	sp!, {r4, r5, r6, r7, r8, lr}
 8009b44:	b082      	sub	sp, #8
    uint8_t diag_data[8] = {0};
 8009b46:	2400      	movs	r4, #0
 8009b48:	9400      	str	r4, [sp, #0]
 8009b4a:	9401      	str	r4, [sp, #4]
    // Get I2C error codes for diagnostics
    extern I2C_HandleTypeDef hi2c1;
    extern I2C_HandleTypeDef hi2c3;
    extern uint32_t BQ_GetLastI2C3Error(void);
    
    uint32_t i2c1_error = HAL_I2C_GetError(&hi2c1);
 8009b4c:	4d14      	ldr	r5, [pc, #80]	@ (8009ba0 <CAN_SendI2CDiagnostics+0x60>)
 8009b4e:	4628      	mov	r0, r5
 8009b50:	f005 f959 	bl	800ee06 <HAL_I2C_GetError>
 8009b54:	4607      	mov	r7, r0
    uint32_t i2c3_error = BQ_GetLastI2C3Error();
 8009b56:	f7ff fced 	bl	8009534 <BQ_GetLastI2C3Error>
 8009b5a:	4606      	mov	r6, r0
    
    HAL_I2C_StateTypeDef i2c1_state = HAL_I2C_GetState(&hi2c1);
 8009b5c:	4628      	mov	r0, r5
 8009b5e:	f005 f94f 	bl	800ee00 <HAL_I2C_GetState>
 8009b62:	4605      	mov	r5, r0
    HAL_I2C_StateTypeDef i2c3_state = HAL_I2C_GetState(&hi2c3);
 8009b64:	480f      	ldr	r0, [pc, #60]	@ (8009ba4 <CAN_SendI2CDiagnostics+0x64>)
 8009b66:	f005 f94b 	bl	800ee00 <HAL_I2C_GetState>
    
    // Pack I2C diagnostics message
    diag_data[0] = (uint8_t)(i2c1_error & 0xFF);        // Byte 0: I2C1 error code
 8009b6a:	f88d 7000 	strb.w	r7, [sp]
    diag_data[1] = (uint8_t)(i2c3_error & 0xFF);        // Byte 1: I2C3 error code
 8009b6e:	f88d 6001 	strb.w	r6, [sp, #1]
    diag_data[2] = (uint8_t)(i2c1_state & 0xFF);        // Byte 2: I2C1 state
 8009b72:	f88d 5002 	strb.w	r5, [sp, #2]
    diag_data[3] = (uint8_t)(i2c3_state & 0xFF);        // Byte 3: I2C3 state
 8009b76:	f88d 0003 	strb.w	r0, [sp, #3]
    diag_data[4] = 0;                                   // Byte 4: Reserved
 8009b7a:	f88d 4004 	strb.w	r4, [sp, #4]
    diag_data[5] = 0;                                   // Byte 5: Reserved
 8009b7e:	f88d 4005 	strb.w	r4, [sp, #5]
    diag_data[6] = 0;                                   // Byte 6: Reserved
 8009b82:	f88d 4006 	strb.w	r4, [sp, #6]
    diag_data[7] = 0;                                   // Byte 7: Reserved
 8009b86:	f88d 4007 	strb.w	r4, [sp, #7]
    
    // Send I2C diagnostics with high priority
    return CAN_SendMessage(CAN_I2C_DIAG_ID, diag_data, 8, CAN_PRIORITY_HIGH);
 8009b8a:	2301      	movs	r3, #1
 8009b8c:	2208      	movs	r2, #8
 8009b8e:	4669      	mov	r1, sp
 8009b90:	4805      	ldr	r0, [pc, #20]	@ (8009ba8 <CAN_SendI2CDiagnostics+0x68>)
 8009b92:	6800      	ldr	r0, [r0, #0]
 8009b94:	f7ff fe52 	bl	800983c <CAN_SendMessage>
 8009b98:	b002      	add	sp, #8
 8009b9a:	e8bd 81f0 	ldmia.w	sp!, {r4, r5, r6, r7, r8, pc}
 8009b9e:	bf00      	nop
 8009ba0:	20003d60 	.word	0x20003d60
 8009ba4:	20003d0c 	.word	0x20003d0c
 8009ba8:	20000d60 	.word	0x20000d60

08009bac <CAN_ProcessRxMessage>:
{
 8009bac:	b570      	push	{r4, r5, r6, lr}
 8009bae:	b082      	sub	sp, #8
    can_stats.rx_message_count++;
 8009bb0:	4a3a      	ldr	r2, [pc, #232]	@ (8009c9c <CAN_ProcessRxMessage+0xf0>)
 8009bb2:	68d3      	ldr	r3, [r2, #12]
 8009bb4:	3301      	adds	r3, #1
 8009bb6:	60d3      	str	r3, [r2, #12]
    if (msg->id == CAN_DEBUG_REQUEST_ID) {
 8009bb8:	6803      	ldr	r3, [r0, #0]
 8009bba:	4a39      	ldr	r2, [pc, #228]	@ (8009ca0 <CAN_ProcessRxMessage+0xf4>)
 8009bbc:	4293      	cmp	r3, r2
 8009bbe:	d00d      	beq.n	8009bdc <CAN_ProcessRxMessage+0x30>
    uint32_t base_id = msg->id & 0xFFFF0FFF;
 8009bc0:	f423 4370 	bic.w	r3, r3, #61440	@ 0xf000
    if (base_id == (CAN_CONFIG_CMD_BASE & 0xFFFF0FFF)) {
 8009bc4:	f1a3 630f 	sub.w	r3, r3, #149946368	@ 0x8f00000
 8009bc8:	f5a3 6370 	sub.w	r3, r3, #3840	@ 0xf00
 8009bcc:	2b07      	cmp	r3, #7
 8009bce:	d809      	bhi.n	8009be4 <CAN_ProcessRxMessage+0x38>
 8009bd0:	e8df f003 	tbb	[pc, r3]
 8009bd4:	110f080a 	.word	0x110f080a
 8009bd8:	5a083808 	.word	0x5a083808
        CAN_SendDebugInfo();
 8009bdc:	f7ff ff74 	bl	8009ac8 <CAN_SendDebugInfo>
        CAN_SendI2CDiagnostics();
 8009be0:	f7ff ffae 	bl	8009b40 <CAN_SendI2CDiagnostics>
}
 8009be4:	b002      	add	sp, #8
 8009be6:	bd70      	pop	{r4, r5, r6, pc}
        Config_ProcessCANCommand(msg->data, msg->length);
 8009be8:	7b01      	ldrb	r1, [r0, #12]
 8009bea:	3004      	adds	r0, #4
 8009bec:	f001 f8ce 	bl	800ad8c <Config_ProcessCANCommand>
        return;
 8009bf0:	e7f8      	b.n	8009be4 <CAN_ProcessRxMessage+0x38>
        NVIC_SystemReset();
 8009bf2:	f7ff fdcb 	bl	800978c <__NVIC_SystemReset>
        uint8_t ack_data[8] = {0};
 8009bf6:	2300      	movs	r3, #0
 8009bf8:	9300      	str	r3, [sp, #0]
 8009bfa:	9301      	str	r3, [sp, #4]
        if (BMSResetSemHandle != NULL) {
 8009bfc:	4b29      	ldr	r3, [pc, #164]	@ (8009ca4 <CAN_ProcessRxMessage+0xf8>)
 8009bfe:	6818      	ldr	r0, [r3, #0]
 8009c00:	b1e8      	cbz	r0, 8009c3e <CAN_ProcessRxMessage+0x92>
            sem_result = osSemaphoreRelease(BMSResetSemHandle);
 8009c02:	f000 fe59 	bl	800a8b8 <osSemaphoreRelease>
        ack_data[0] = (sem_result == osOK) ? 0x00 : 0x01;
 8009c06:	3800      	subs	r0, #0
 8009c08:	bf18      	it	ne
 8009c0a:	2001      	movne	r0, #1
 8009c0c:	f88d 0000 	strb.w	r0, [sp]
        ack_data[1] = 0x00;
 8009c10:	2300      	movs	r3, #0
 8009c12:	f88d 3001 	strb.w	r3, [sp, #1]
        ack_data[2] = 0x00;
 8009c16:	f88d 3002 	strb.w	r3, [sp, #2]
        ack_data[3] = 0x00;
 8009c1a:	f88d 3003 	strb.w	r3, [sp, #3]
        ack_data[4] = 0x00;
 8009c1e:	f88d 3004 	strb.w	r3, [sp, #4]
        ack_data[5] = 0x00;
 8009c22:	f88d 3005 	strb.w	r3, [sp, #5]
        ack_data[6] = 0x00;
 8009c26:	f88d 3006 	strb.w	r3, [sp, #6]
        ack_data[7] = 0x00;
 8009c2a:	f88d 3007 	strb.w	r3, [sp, #7]
        CAN_SendMessage(CAN_BMS_RESET_ACK_ID, ack_data, 8, CAN_PRIORITY_HIGH);
 8009c2e:	2301      	movs	r3, #1
 8009c30:	2208      	movs	r2, #8
 8009c32:	4669      	mov	r1, sp
 8009c34:	481c      	ldr	r0, [pc, #112]	@ (8009ca8 <CAN_ProcessRxMessage+0xfc>)
 8009c36:	6800      	ldr	r0, [r0, #0]
 8009c38:	f7ff fe00 	bl	800983c <CAN_SendMessage>
        return;
 8009c3c:	e7d2      	b.n	8009be4 <CAN_ProcessRxMessage+0x38>
            sem_result = osError;
 8009c3e:	f04f 30ff 	mov.w	r0, #4294967295
 8009c42:	e7e0      	b.n	8009c06 <CAN_ProcessRxMessage+0x5a>
        uint8_t ack_data[8] = {0};
 8009c44:	2400      	movs	r4, #0
 8009c46:	9400      	str	r4, [sp, #0]
 8009c48:	9401      	str	r4, [sp, #4]
        uint8_t balance_status = BalanceMgr_ProcessCommand();
 8009c4a:	f7fe fb99 	bl	8008380 <BalanceMgr_ProcessCommand>
 8009c4e:	4605      	mov	r5, r0
        uint32_t time_remaining = BalanceMgr_GetTimeRemaining();
 8009c50:	f7fe fd12 	bl	8008678 <BalanceMgr_GetTimeRemaining>
        ack_data[0] = balance_status;
 8009c54:	f88d 5000 	strb.w	r5, [sp]
        ack_data[1] = (uint8_t)(time_remaining & 0xFF);
 8009c58:	f88d 0001 	strb.w	r0, [sp, #1]
        ack_data[2] = (uint8_t)((time_remaining >> 8) & 0xFF);
 8009c5c:	f3c0 2007 	ubfx	r0, r0, #8, #8
 8009c60:	f88d 0002 	strb.w	r0, [sp, #2]
        ack_data[3] = 0x00;
 8009c64:	f88d 4003 	strb.w	r4, [sp, #3]
        ack_data[4] = 0x00;
 8009c68:	f88d 4004 	strb.w	r4, [sp, #4]
        ack_data[5] = 0x00;
 8009c6c:	f88d 4005 	strb.w	r4, [sp, #5]
        ack_data[6] = 0x00;
 8009c70:	f88d 4006 	strb.w	r4, [sp, #6]
        ack_data[7] = 0x00;
 8009c74:	f88d 4007 	strb.w	r4, [sp, #7]
        CAN_SendMessage(CAN_BALANCE_ACK_ID, ack_data, 8, CAN_PRIORITY_HIGH);
 8009c78:	2301      	movs	r3, #1
 8009c7a:	2208      	movs	r2, #8
 8009c7c:	4669      	mov	r1, sp
 8009c7e:	480b      	ldr	r0, [pc, #44]	@ (8009cac <CAN_ProcessRxMessage+0x100>)
 8009c80:	6800      	ldr	r0, [r0, #0]
 8009c82:	f7ff fddb 	bl	800983c <CAN_SendMessage>
        return;
 8009c86:	e7ad      	b.n	8009be4 <CAN_ProcessRxMessage+0x38>
        uint16_t target_voltage = (uint16_t)(msg->data[0]) | ((uint16_t)(msg->data[1]) << 8);
 8009c88:	7903      	ldrb	r3, [r0, #4]
 8009c8a:	7942      	ldrb	r2, [r0, #5]
        BalanceMgr_ProcessConfig(target_voltage, max_cells);
 8009c8c:	7981      	ldrb	r1, [r0, #6]
 8009c8e:	ea43 2002 	orr.w	r0, r3, r2, lsl #8
 8009c92:	f7fe fbc7 	bl	8008424 <BalanceMgr_ProcessConfig>
        BalanceMgr_Execute();
 8009c96:	f7fe fc07 	bl	80084a8 <BalanceMgr_Execute>
        return;
 8009c9a:	e7a3      	b.n	8009be4 <CAN_ProcessRxMessage+0x38>
 8009c9c:	20000134 	.word	0x20000134
 8009ca0:	08f00f10 	.word	0x08f00f10
 8009ca4:	20003cec 	.word	0x20003cec
 8009ca8:	20000d80 	.word	0x20000d80
 8009cac:	20000d78 	.word	0x20000d78

08009cb0 <CAN_ManagerTask>:
{
 8009cb0:	e92d 43f0 	stmdb	sp!, {r4, r5, r6, r7, r8, r9, lr}
 8009cb4:	b087      	sub	sp, #28
    osDelay(100);
 8009cb6:	2064      	movs	r0, #100	@ 0x64
 8009cb8:	f000 fcc2 	bl	800a640 <osDelay>
    last_heartbeat_tick = osKernelGetTickCount();
 8009cbc:	f000 fc5c 	bl	800a578 <osKernelGetTickCount>
 8009cc0:	4681      	mov	r9, r0
    last_stats_tick = osKernelGetTickCount();
 8009cc2:	f000 fc59 	bl	800a578 <osKernelGetTickCount>
 8009cc6:	4680      	mov	r8, r0
    last_uptime_tick = osKernelGetTickCount();
 8009cc8:	f000 fc56 	bl	800a578 <osKernelGetTickCount>
 8009ccc:	4607      	mov	r7, r0
    last_balance_status_tick = osKernelGetTickCount();
 8009cce:	f000 fc53 	bl	800a578 <osKernelGetTickCount>
 8009cd2:	4606      	mov	r6, r0
 8009cd4:	e029      	b.n	8009d2a <CAN_ManagerTask+0x7a>
            CAN_ProcessRxMessage(&rx_msg);
 8009cd6:	a801      	add	r0, sp, #4
 8009cd8:	f7ff ff68 	bl	8009bac <CAN_ProcessRxMessage>
        while (osMessageQueueGet(CANRxQueueHandle, &rx_msg, NULL, 0) == osOK) {
 8009cdc:	2300      	movs	r3, #0
 8009cde:	461a      	mov	r2, r3
 8009ce0:	a901      	add	r1, sp, #4
 8009ce2:	4c1a      	ldr	r4, [pc, #104]	@ (8009d4c <CAN_ManagerTask+0x9c>)
 8009ce4:	6820      	ldr	r0, [r4, #0]
 8009ce6:	f000 fea3 	bl	800aa30 <osMessageQueueGet>
 8009cea:	2800      	cmp	r0, #0
 8009cec:	d0f3      	beq.n	8009cd6 <CAN_ManagerTask+0x26>
        CAN_ProcessTxQueue();
 8009cee:	f7ff fd91 	bl	8009814 <CAN_ProcessTxQueue>
        if ((current_tick - last_heartbeat_tick) >= CAN_HEARTBEAT_INTERVAL_MS) {
 8009cf2:	eba5 0309 	sub.w	r3, r5, r9
 8009cf6:	f5b3 7f7a 	cmp.w	r3, #1000	@ 0x3e8
 8009cfa:	d21a      	bcs.n	8009d32 <CAN_ManagerTask+0x82>
        if ((current_tick - last_stats_tick) >= 1000) {
 8009cfc:	eba5 0308 	sub.w	r3, r5, r8
 8009d00:	f5b3 7f7a 	cmp.w	r3, #1000	@ 0x3e8
 8009d04:	d219      	bcs.n	8009d3a <CAN_ManagerTask+0x8a>
        if ((current_tick - last_uptime_tick) >= 1000) {
 8009d06:	1beb      	subs	r3, r5, r7
 8009d08:	f5b3 7f7a 	cmp.w	r3, #1000	@ 0x3e8
 8009d0c:	d219      	bcs.n	8009d42 <CAN_ManagerTask+0x92>
        if ((current_tick - last_balance_status_tick) >= BALANCE_STATUS_INTERVAL_MS) {
 8009d0e:	1bab      	subs	r3, r5, r6
 8009d10:	f5b3 7f7a 	cmp.w	r3, #1000	@ 0x3e8
 8009d14:	d304      	bcc.n	8009d20 <CAN_ManagerTask+0x70>
            BalanceMgr_SendStatus();
 8009d16:	f7fe fc67 	bl	80085e8 <BalanceMgr_SendStatus>
            BalanceMgr_SendDetailedStatus();  // Also send detailed readback from each chip
 8009d1a:	f7fe fd85 	bl	8008828 <BalanceMgr_SendDetailedStatus>
            last_balance_status_tick = current_tick;
 8009d1e:	462e      	mov	r6, r5
        BalanceMgr_CheckTimeout();
 8009d20:	f7fe fd06 	bl	8008730 <BalanceMgr_CheckTimeout>
        osDelay(10);
 8009d24:	200a      	movs	r0, #10
 8009d26:	f000 fc8b 	bl	800a640 <osDelay>
        current_tick = osKernelGetTickCount();
 8009d2a:	f000 fc25 	bl	800a578 <osKernelGetTickCount>
 8009d2e:	4605      	mov	r5, r0
        while (osMessageQueueGet(CANRxQueueHandle, &rx_msg, NULL, 0) == osOK) {
 8009d30:	e7d4      	b.n	8009cdc <CAN_ManagerTask+0x2c>
            CAN_SendHeartbeat();
 8009d32:	f7ff fe6d 	bl	8009a10 <CAN_SendHeartbeat>
            last_heartbeat_tick = current_tick;
 8009d36:	46a9      	mov	r9, r5
 8009d38:	e7e0      	b.n	8009cfc <CAN_ManagerTask+0x4c>
            CAN_SendStatistics();
 8009d3a:	f7ff fe99 	bl	8009a70 <CAN_SendStatistics>
            last_stats_tick = current_tick;
 8009d3e:	46a8      	mov	r8, r5
 8009d40:	e7e1      	b.n	8009d06 <CAN_ManagerTask+0x56>
            ErrorMgr_UpdateUptime();
 8009d42:	f001 fa91 	bl	800b268 <ErrorMgr_UpdateUptime>
            last_uptime_tick = current_tick;
 8009d46:	462f      	mov	r7, r5
 8009d48:	e7e1      	b.n	8009d0e <CAN_ManagerTask+0x5e>
 8009d4a:	bf00      	nop
 8009d4c:	2000014c 	.word	0x2000014c

08009d50 <CellTemp_IsADCEnabled>:
  * @param  adc_index: ADC channel index (0-6)
  * @retval 1 if enabled, 0 if disabled
  */
static uint8_t CellTemp_IsADCEnabled(uint8_t adc_index)
{
    if (adc_index >= NUM_ADC_CHANNELS) {
 8009d50:	2806      	cmp	r0, #6
 8009d52:	d802      	bhi.n	8009d5a <CellTemp_IsADCEnabled+0xa>
        return 0;
    }
    return adc_channel_enabled[adc_index];
 8009d54:	4b02      	ldr	r3, [pc, #8]	@ (8009d60 <CellTemp_IsADCEnabled+0x10>)
 8009d56:	5c18      	ldrb	r0, [r3, r0]
 8009d58:	4770      	bx	lr
        return 0;
 8009d5a:	2000      	movs	r0, #0
}
 8009d5c:	4770      	bx	lr
 8009d5e:	bf00      	nop
 8009d60:	080118e8 	.word	0x080118e8

08009d64 <CellTemp_IsFaultDetectionEnabled>:
  * @param  thermistor_index: Thermistor index (0-55)
  * @retval 1 if fault detection enabled, 0 if disabled
  */
static uint8_t CellTemp_IsFaultDetectionEnabled(uint8_t thermistor_index)
{
    if (thermistor_index >= TOTAL_THERMISTORS) {
 8009d64:	2837      	cmp	r0, #55	@ 0x37
 8009d66:	d814      	bhi.n	8009d92 <CellTemp_IsFaultDetectionEnabled+0x2e>
{
 8009d68:	b410      	push	{r4}
        return 0;
    }
    // Check if the corresponding bit is set in the fault mask
    return (thermistor_fault_mask & (1ULL << thermistor_index)) ? 1 : 0;
 8009d6a:	4a0b      	ldr	r2, [pc, #44]	@ (8009d98 <CellTemp_IsFaultDetectionEnabled+0x34>)
 8009d6c:	6813      	ldr	r3, [r2, #0]
 8009d6e:	6854      	ldr	r4, [r2, #4]
 8009d70:	f1c0 0120 	rsb	r1, r0, #32
 8009d74:	f1a0 0220 	sub.w	r2, r0, #32
 8009d78:	fa23 f000 	lsr.w	r0, r3, r0
 8009d7c:	fa04 f101 	lsl.w	r1, r4, r1
 8009d80:	4308      	orrs	r0, r1
 8009d82:	fa24 f202 	lsr.w	r2, r4, r2
 8009d86:	4310      	orrs	r0, r2
 8009d88:	f000 0001 	and.w	r0, r0, #1
}
 8009d8c:	f85d 4b04 	ldr.w	r4, [sp], #4
 8009d90:	4770      	bx	lr
        return 0;
 8009d92:	2000      	movs	r0, #0
}
 8009d94:	4770      	bx	lr
 8009d96:	bf00      	nop
 8009d98:	20000020 	.word	0x20000020

08009d9c <CellTemp_ConfigureADCChannel>:
{
 8009d9c:	b500      	push	{lr}
 8009d9e:	b087      	sub	sp, #28
    ADC_ChannelConfTypeDef sConfig = {0};
 8009da0:	4669      	mov	r1, sp
 8009da2:	2300      	movs	r3, #0
 8009da4:	9300      	str	r3, [sp, #0]
 8009da6:	9301      	str	r3, [sp, #4]
 8009da8:	9302      	str	r3, [sp, #8]
 8009daa:	9303      	str	r3, [sp, #12]
 8009dac:	9304      	str	r3, [sp, #16]
 8009dae:	9305      	str	r3, [sp, #20]
    sConfig.Channel = channel;
 8009db0:	9000      	str	r0, [sp, #0]
    sConfig.Rank = ADC_REGULAR_RANK_1;
 8009db2:	2306      	movs	r3, #6
 8009db4:	9301      	str	r3, [sp, #4]
    sConfig.SamplingTime = ADC_SAMPLETIME_640CYCLES_5; // Long sampling for high impedance
 8009db6:	2307      	movs	r3, #7
 8009db8:	9302      	str	r3, [sp, #8]
    sConfig.SingleDiff = ADC_SINGLE_ENDED;
 8009dba:	237f      	movs	r3, #127	@ 0x7f
 8009dbc:	9303      	str	r3, [sp, #12]
    sConfig.OffsetNumber = ADC_OFFSET_NONE;
 8009dbe:	2304      	movs	r3, #4
 8009dc0:	9304      	str	r3, [sp, #16]
    return HAL_ADC_ConfigChannel(&hadc1, &sConfig);
 8009dc2:	4803      	ldr	r0, [pc, #12]	@ (8009dd0 <CellTemp_ConfigureADCChannel+0x34>)
 8009dc4:	f003 f816 	bl	800cdf4 <HAL_ADC_ConfigChannel>
}
 8009dc8:	b007      	add	sp, #28
 8009dca:	f85d fb04 	ldr.w	pc, [sp], #4
 8009dce:	bf00      	nop
 8009dd0:	20003e00 	.word	0x20003e00

08009dd4 <CellTemp_SendTemperatureMessage>:
  * @param  msg_index: Message index (0-13, for 14 messages total)
  * @param  start_therm_idx: Starting thermistor index
  * @retval HAL_StatusTypeDef
  */
static HAL_StatusTypeDef CellTemp_SendTemperatureMessage(uint8_t msg_index, uint8_t start_therm_idx)
{
 8009dd4:	b5f0      	push	{r4, r5, r6, r7, lr}
 8009dd6:	b083      	sub	sp, #12
 8009dd8:	4606      	mov	r6, r0
 8009dda:	460d      	mov	r5, r1
    uint8_t TxData[8];
    
    // Check if this message corresponds to a disabled ADC channel
    // Each message covers 4 thermistors, determine which ADC channel(s) it uses
    uint8_t first_adc = start_therm_idx / MUX_CHANNELS;
 8009ddc:	08cc      	lsrs	r4, r1, #3
    uint8_t last_adc = (start_therm_idx + 3) / MUX_CHANNELS;
 8009dde:	1ccf      	adds	r7, r1, #3
 8009de0:	08ff      	lsrs	r7, r7, #3
    
    // Skip message if all ADC channels for this message are disabled
    uint8_t any_enabled = 0;
    for (uint8_t adc = first_adc; adc <= last_adc && adc < NUM_ADC_CHANNELS; adc++) {
 8009de2:	e001      	b.n	8009de8 <CellTemp_SendTemperatureMessage+0x14>
 8009de4:	3401      	adds	r4, #1
 8009de6:	b2e4      	uxtb	r4, r4
 8009de8:	42bc      	cmp	r4, r7
 8009dea:	d80a      	bhi.n	8009e02 <CellTemp_SendTemperatureMessage+0x2e>
 8009dec:	2c06      	cmp	r4, #6
 8009dee:	d806      	bhi.n	8009dfe <CellTemp_SendTemperatureMessage+0x2a>
        if (CellTemp_IsADCEnabled(adc)) {
 8009df0:	4620      	mov	r0, r4
 8009df2:	f7ff ffad 	bl	8009d50 <CellTemp_IsADCEnabled>
 8009df6:	2800      	cmp	r0, #0
 8009df8:	d0f4      	beq.n	8009de4 <CellTemp_SendTemperatureMessage+0x10>
            any_enabled = 1;
 8009dfa:	2001      	movs	r0, #1
 8009dfc:	e002      	b.n	8009e04 <CellTemp_SendTemperatureMessage+0x30>
    uint8_t any_enabled = 0;
 8009dfe:	2000      	movs	r0, #0
 8009e00:	e000      	b.n	8009e04 <CellTemp_SendTemperatureMessage+0x30>
 8009e02:	2000      	movs	r0, #0
            break;
        }
    }
    
    if (!any_enabled) {
 8009e04:	2800      	cmp	r0, #0
 8009e06:	d03d      	beq.n	8009e84 <CellTemp_SendTemperatureMessage+0xb0>
    }
    
    // Prepare CAN message with 4 thermistor readings per message
    // Temperature format: temp_celsius * 10 (0.1°C resolution), little endian
    
    for (uint8_t i = 0; i < 4; i++) {
 8009e08:	2400      	movs	r4, #0
 8009e0a:	e00d      	b.n	8009e28 <CellTemp_SendTemperatureMessage+0x54>
        uint8_t therm_idx = start_therm_idx + i;
        int16_t temp_data = 0x8000; // Default invalid temperature marker
 8009e0c:	4b1e      	ldr	r3, [pc, #120]	@ (8009e88 <CellTemp_SendTemperatureMessage+0xb4>)
                temp_data = (int16_t)(temp_state.thermistors[therm_idx].temperature * 10.0f);
            }
        }
        
        // Pack temperature data (little endian)
        TxData[i * 2] = temp_data & 0xFF;         // LSB
 8009e0e:	0062      	lsls	r2, r4, #1
 8009e10:	a902      	add	r1, sp, #8
 8009e12:	eb01 0144 	add.w	r1, r1, r4, lsl #1
 8009e16:	f801 3c08 	strb.w	r3, [r1, #-8]
        TxData[i * 2 + 1] = (temp_data >> 8) & 0xFF; // MSB
 8009e1a:	3209      	adds	r2, #9
 8009e1c:	446a      	add	r2, sp
 8009e1e:	121b      	asrs	r3, r3, #8
 8009e20:	f802 3c08 	strb.w	r3, [r2, #-8]
    for (uint8_t i = 0; i < 4; i++) {
 8009e24:	3401      	adds	r4, #1
 8009e26:	b2e4      	uxtb	r4, r4
 8009e28:	2c03      	cmp	r4, #3
 8009e2a:	d823      	bhi.n	8009e74 <CellTemp_SendTemperatureMessage+0xa0>
        uint8_t therm_idx = start_therm_idx + i;
 8009e2c:	1967      	adds	r7, r4, r5
 8009e2e:	b2ff      	uxtb	r7, r7
        if (therm_idx < TOTAL_THERMISTORS) {
 8009e30:	2f37      	cmp	r7, #55	@ 0x37
 8009e32:	d8eb      	bhi.n	8009e0c <CellTemp_SendTemperatureMessage+0x38>
            if (CellTemp_IsADCEnabled(therm_adc) && 
 8009e34:	08f8      	lsrs	r0, r7, #3
 8009e36:	f7ff ff8b 	bl	8009d50 <CellTemp_IsADCEnabled>
 8009e3a:	b1b8      	cbz	r0, 8009e6c <CellTemp_SendTemperatureMessage+0x98>
                temp_state.thermistors[therm_idx].temperature > -126.0f) {
 8009e3c:	eb07 0747 	add.w	r7, r7, r7, lsl #1
 8009e40:	4b12      	ldr	r3, [pc, #72]	@ (8009e8c <CellTemp_SendTemperatureMessage+0xb8>)
 8009e42:	eb03 03c7 	add.w	r3, r3, r7, lsl #3
 8009e46:	edd3 7a01 	vldr	s15, [r3, #4]
            if (CellTemp_IsADCEnabled(therm_adc) && 
 8009e4a:	ed9f 7a11 	vldr	s14, [pc, #68]	@ 8009e90 <CellTemp_SendTemperatureMessage+0xbc>
 8009e4e:	eef4 7ac7 	vcmpe.f32	s15, s14
 8009e52:	eef1 fa10 	vmrs	APSR_nzcv, fpscr
 8009e56:	dd0b      	ble.n	8009e70 <CellTemp_SendTemperatureMessage+0x9c>
                temp_data = (int16_t)(temp_state.thermistors[therm_idx].temperature * 10.0f);
 8009e58:	eeb2 7a04 	vmov.f32	s14, #36	@ 0x41200000  10.0
 8009e5c:	ee67 7a87 	vmul.f32	s15, s15, s14
 8009e60:	eefd 7ae7 	vcvt.s32.f32	s15, s15
 8009e64:	ee17 3a90 	vmov	r3, s15
 8009e68:	b21b      	sxth	r3, r3
 8009e6a:	e7d0      	b.n	8009e0e <CellTemp_SendTemperatureMessage+0x3a>
        int16_t temp_data = 0x8000; // Default invalid temperature marker
 8009e6c:	4b06      	ldr	r3, [pc, #24]	@ (8009e88 <CellTemp_SendTemperatureMessage+0xb4>)
 8009e6e:	e7ce      	b.n	8009e0e <CellTemp_SendTemperatureMessage+0x3a>
 8009e70:	4b05      	ldr	r3, [pc, #20]	@ (8009e88 <CellTemp_SendTemperatureMessage+0xb4>)
 8009e72:	e7cc      	b.n	8009e0e <CellTemp_SendTemperatureMessage+0x3a>
    }
    
    // Send via CAN Manager (non-blocking, queued)
    // CAN_TEMP_ID already has module offset applied from Config_Init()
    uint32_t can_id = CAN_TEMP_ID + msg_index;
 8009e74:	4b07      	ldr	r3, [pc, #28]	@ (8009e94 <CellTemp_SendTemperatureMessage+0xc0>)
 8009e76:	6818      	ldr	r0, [r3, #0]
    return CAN_SendMessage(can_id, TxData, 8, CAN_PRIORITY_NORMAL);
 8009e78:	2302      	movs	r3, #2
 8009e7a:	2208      	movs	r2, #8
 8009e7c:	4669      	mov	r1, sp
 8009e7e:	4430      	add	r0, r6
 8009e80:	f7ff fcdc 	bl	800983c <CAN_SendMessage>
}
 8009e84:	b003      	add	sp, #12
 8009e86:	bdf0      	pop	{r4, r5, r6, r7, pc}
 8009e88:	ffff8000 	.word	0xffff8000
 8009e8c:	20000158 	.word	0x20000158
 8009e90:	c2fc0000 	.word	0xc2fc0000
 8009e94:	20000dc0 	.word	0x20000dc0

08009e98 <CellTemp_Init>:
{
 8009e98:	b510      	push	{r4, lr}
    memset(&temp_state, 0, sizeof(temp_monitor_state_t));
 8009e9a:	f240 524c 	movw	r2, #1356	@ 0x54c
 8009e9e:	2100      	movs	r1, #0
 8009ea0:	481a      	ldr	r0, [pc, #104]	@ (8009f0c <CellTemp_Init+0x74>)
 8009ea2:	f007 fb18 	bl	80114d6 <memset>
    for (uint8_t i = 0; i < TOTAL_THERMISTORS; i++) {
 8009ea6:	2300      	movs	r3, #0
 8009ea8:	e019      	b.n	8009ede <CellTemp_Init+0x46>
        temp_state.thermistors[i].adc_index = i / MUX_CHANNELS;
 8009eaa:	4a18      	ldr	r2, [pc, #96]	@ (8009f0c <CellTemp_Init+0x74>)
 8009eac:	eb03 0143 	add.w	r1, r3, r3, lsl #1
 8009eb0:	00c8      	lsls	r0, r1, #3
 8009eb2:	1811      	adds	r1, r2, r0
 8009eb4:	ea4f 0cd3 	mov.w	ip, r3, lsr #3
 8009eb8:	f802 c000 	strb.w	ip, [r2, r0]
        temp_state.thermistors[i].mux_channel = i % MUX_CHANNELS;
 8009ebc:	f003 0007 	and.w	r0, r3, #7
 8009ec0:	7048      	strb	r0, [r1, #1]
        temp_state.thermistors[i].temperature = -127.0f; // Invalid temperature marker
 8009ec2:	4813      	ldr	r0, [pc, #76]	@ (8009f10 <CellTemp_Init+0x78>)
 8009ec4:	6048      	str	r0, [r1, #4]
        temp_state.thermistors[i].raw_adc = 0;
 8009ec6:	2000      	movs	r0, #0
 8009ec8:	8108      	strh	r0, [r1, #8]
        temp_state.thermistors[i].last_read_time = 0;
 8009eca:	60c8      	str	r0, [r1, #12]
        temp_state.thermistors[i].adc_accumulator = 0;
 8009ecc:	6108      	str	r0, [r1, #16]
        temp_state.thermistors[i].sample_count = 0;
 8009ece:	eb03 0c43 	add.w	ip, r3, r3, lsl #1
 8009ed2:	ea4f 01cc 	mov.w	r1, ip, lsl #3
 8009ed6:	440a      	add	r2, r1
 8009ed8:	8290      	strh	r0, [r2, #20]
    for (uint8_t i = 0; i < TOTAL_THERMISTORS; i++) {
 8009eda:	3301      	adds	r3, #1
 8009edc:	b2db      	uxtb	r3, r3
 8009ede:	2b37      	cmp	r3, #55	@ 0x37
 8009ee0:	d9e3      	bls.n	8009eaa <CellTemp_Init+0x12>
    HAL_GPIO_WritePin(MUX_SIG1_PORT, MUX_SIG1_PIN, GPIO_PIN_RESET);
 8009ee2:	4c0c      	ldr	r4, [pc, #48]	@ (8009f14 <CellTemp_Init+0x7c>)
 8009ee4:	2200      	movs	r2, #0
 8009ee6:	2102      	movs	r1, #2
 8009ee8:	4620      	mov	r0, r4
 8009eea:	f004 fb25 	bl	800e538 <HAL_GPIO_WritePin>
    HAL_GPIO_WritePin(MUX_SIG2_PORT, MUX_SIG2_PIN, GPIO_PIN_RESET);
 8009eee:	2200      	movs	r2, #0
 8009ef0:	f44f 7180 	mov.w	r1, #256	@ 0x100
 8009ef4:	f04f 4090 	mov.w	r0, #1207959552	@ 0x48000000
 8009ef8:	f004 fb1e 	bl	800e538 <HAL_GPIO_WritePin>
    HAL_GPIO_WritePin(MUX_SIG3_PORT, MUX_SIG3_PIN, GPIO_PIN_RESET);
 8009efc:	2200      	movs	r2, #0
 8009efe:	2120      	movs	r1, #32
 8009f00:	4620      	mov	r0, r4
 8009f02:	f004 fb19 	bl	800e538 <HAL_GPIO_WritePin>
}
 8009f06:	2000      	movs	r0, #0
 8009f08:	bd10      	pop	{r4, pc}
 8009f0a:	bf00      	nop
 8009f0c:	20000158 	.word	0x20000158
 8009f10:	c2fe0000 	.word	0xc2fe0000
 8009f14:	48000400 	.word	0x48000400

08009f18 <CellTemp_ReadADC>:
{
 8009f18:	b510      	push	{r4, lr}
    if (CellTemp_ConfigureADCChannel(adc_channel) != HAL_OK) {
 8009f1a:	f7ff ff3f 	bl	8009d9c <CellTemp_ConfigureADCChannel>
 8009f1e:	b110      	cbz	r0, 8009f26 <CellTemp_ReadADC+0xe>
        return 0;
 8009f20:	2400      	movs	r4, #0
}
 8009f22:	4620      	mov	r0, r4
 8009f24:	bd10      	pop	{r4, pc}
    if (HAL_ADC_Start(&hadc1) == HAL_OK) {
 8009f26:	480b      	ldr	r0, [pc, #44]	@ (8009f54 <CellTemp_ReadADC+0x3c>)
 8009f28:	f003 fa6a 	bl	800d400 <HAL_ADC_Start>
 8009f2c:	b108      	cbz	r0, 8009f32 <CellTemp_ReadADC+0x1a>
    uint16_t adc_value = 0;
 8009f2e:	2400      	movs	r4, #0
 8009f30:	e7f7      	b.n	8009f22 <CellTemp_ReadADC+0xa>
        if (HAL_ADC_PollForConversion(&hadc1, HAL_MAX_DELAY) == HAL_OK) {
 8009f32:	f04f 31ff 	mov.w	r1, #4294967295
 8009f36:	4807      	ldr	r0, [pc, #28]	@ (8009f54 <CellTemp_ReadADC+0x3c>)
 8009f38:	f002 fefe 	bl	800cd38 <HAL_ADC_PollForConversion>
 8009f3c:	b120      	cbz	r0, 8009f48 <CellTemp_ReadADC+0x30>
    uint16_t adc_value = 0;
 8009f3e:	2400      	movs	r4, #0
        HAL_ADC_Stop(&hadc1);
 8009f40:	4804      	ldr	r0, [pc, #16]	@ (8009f54 <CellTemp_ReadADC+0x3c>)
 8009f42:	f003 faed 	bl	800d520 <HAL_ADC_Stop>
 8009f46:	e7ec      	b.n	8009f22 <CellTemp_ReadADC+0xa>
            adc_value = HAL_ADC_GetValue(&hadc1);
 8009f48:	4802      	ldr	r0, [pc, #8]	@ (8009f54 <CellTemp_ReadADC+0x3c>)
 8009f4a:	f002 ff4f 	bl	800cdec <HAL_ADC_GetValue>
 8009f4e:	b284      	uxth	r4, r0
 8009f50:	e7f6      	b.n	8009f40 <CellTemp_ReadADC+0x28>
 8009f52:	bf00      	nop
 8009f54:	20003e00 	.word	0x20003e00

08009f58 <CellTemp_SetMuxChannel>:
    if (channel > 7) {
 8009f58:	2807      	cmp	r0, #7
 8009f5a:	d833      	bhi.n	8009fc4 <CellTemp_SetMuxChannel+0x6c>
{
 8009f5c:	b510      	push	{r4, lr}
 8009f5e:	4604      	mov	r4, r0
    if (channel & 0x01) {
 8009f60:	f010 0f01 	tst.w	r0, #1
 8009f64:	d01a      	beq.n	8009f9c <CellTemp_SetMuxChannel+0x44>
        HAL_GPIO_WritePin(MUX_SIG1_PORT, MUX_SIG1_PIN, GPIO_PIN_SET);
 8009f66:	2201      	movs	r2, #1
 8009f68:	2102      	movs	r1, #2
 8009f6a:	4817      	ldr	r0, [pc, #92]	@ (8009fc8 <CellTemp_SetMuxChannel+0x70>)
 8009f6c:	f004 fae4 	bl	800e538 <HAL_GPIO_WritePin>
    if (channel & 0x02) {
 8009f70:	f014 0f02 	tst.w	r4, #2
 8009f74:	d018      	beq.n	8009fa8 <CellTemp_SetMuxChannel+0x50>
        HAL_GPIO_WritePin(MUX_SIG2_PORT, MUX_SIG2_PIN, GPIO_PIN_SET);
 8009f76:	2201      	movs	r2, #1
 8009f78:	f44f 7180 	mov.w	r1, #256	@ 0x100
 8009f7c:	f04f 4090 	mov.w	r0, #1207959552	@ 0x48000000
 8009f80:	f004 fada 	bl	800e538 <HAL_GPIO_WritePin>
    if (channel & 0x04) {
 8009f84:	f014 0f04 	tst.w	r4, #4
 8009f88:	d016      	beq.n	8009fb8 <CellTemp_SetMuxChannel+0x60>
        HAL_GPIO_WritePin(MUX_SIG3_PORT, MUX_SIG3_PIN, GPIO_PIN_SET);
 8009f8a:	2201      	movs	r2, #1
 8009f8c:	2120      	movs	r1, #32
 8009f8e:	480e      	ldr	r0, [pc, #56]	@ (8009fc8 <CellTemp_SetMuxChannel+0x70>)
 8009f90:	f004 fad2 	bl	800e538 <HAL_GPIO_WritePin>
    osDelay(2);
 8009f94:	2002      	movs	r0, #2
 8009f96:	f000 fb53 	bl	800a640 <osDelay>
}
 8009f9a:	bd10      	pop	{r4, pc}
        HAL_GPIO_WritePin(MUX_SIG1_PORT, MUX_SIG1_PIN, GPIO_PIN_RESET);
 8009f9c:	2200      	movs	r2, #0
 8009f9e:	2102      	movs	r1, #2
 8009fa0:	4809      	ldr	r0, [pc, #36]	@ (8009fc8 <CellTemp_SetMuxChannel+0x70>)
 8009fa2:	f004 fac9 	bl	800e538 <HAL_GPIO_WritePin>
 8009fa6:	e7e3      	b.n	8009f70 <CellTemp_SetMuxChannel+0x18>
        HAL_GPIO_WritePin(MUX_SIG2_PORT, MUX_SIG2_PIN, GPIO_PIN_RESET);
 8009fa8:	2200      	movs	r2, #0
 8009faa:	f44f 7180 	mov.w	r1, #256	@ 0x100
 8009fae:	f04f 4090 	mov.w	r0, #1207959552	@ 0x48000000
 8009fb2:	f004 fac1 	bl	800e538 <HAL_GPIO_WritePin>
 8009fb6:	e7e5      	b.n	8009f84 <CellTemp_SetMuxChannel+0x2c>
        HAL_GPIO_WritePin(MUX_SIG3_PORT, MUX_SIG3_PIN, GPIO_PIN_RESET);
 8009fb8:	2200      	movs	r2, #0
 8009fba:	2120      	movs	r1, #32
 8009fbc:	4802      	ldr	r0, [pc, #8]	@ (8009fc8 <CellTemp_SetMuxChannel+0x70>)
 8009fbe:	f004 fabb 	bl	800e538 <HAL_GPIO_WritePin>
 8009fc2:	e7e7      	b.n	8009f94 <CellTemp_SetMuxChannel+0x3c>
 8009fc4:	4770      	bx	lr
 8009fc6:	bf00      	nop
 8009fc8:	48000400 	.word	0x48000400

08009fcc <CellTemp_CalculateTemperature>:
    float voltage = ((float)adc_value / ADC_RESOLUTION) * ADC_VREF;
 8009fcc:	ee07 0a90 	vmov	s15, r0
 8009fd0:	eef8 6a67 	vcvt.f32.u32	s13, s15
 8009fd4:	ed9f 7a29 	vldr	s14, [pc, #164]	@ 800a07c <CellTemp_CalculateTemperature+0xb0>
 8009fd8:	eec6 7a87 	vdiv.f32	s15, s13, s14
 8009fdc:	ed9f 7a28 	vldr	s14, [pc, #160]	@ 800a080 <CellTemp_CalculateTemperature+0xb4>
 8009fe0:	ee67 7a87 	vmul.f32	s15, s15, s14
    if (adc_value < 10) {  // Less than ~8mV indicates disconnected sensor
 8009fe4:	2809      	cmp	r0, #9
 8009fe6:	d940      	bls.n	800a06a <CellTemp_CalculateTemperature+0x9e>
    if (voltage >= 3.29f) {  // Close to 3.3V limit, very high resistance (cold)
 8009fe8:	ed9f 7a26 	vldr	s14, [pc, #152]	@ 800a084 <CellTemp_CalculateTemperature+0xb8>
 8009fec:	eef4 7ac7 	vcmpe.f32	s15, s14
 8009ff0:	eef1 fa10 	vmrs	APSR_nzcv, fpscr
 8009ff4:	da36      	bge.n	800a064 <CellTemp_CalculateTemperature+0x98>
        r_thermistor = (voltage * PULLUP_RESISTOR) / (ADC_VREF - voltage);
 8009ff6:	eddf 6a24 	vldr	s13, [pc, #144]	@ 800a088 <CellTemp_CalculateTemperature+0xbc>
 8009ffa:	ee67 6aa6 	vmul.f32	s13, s15, s13
 8009ffe:	ed9f 7a20 	vldr	s14, [pc, #128]	@ 800a080 <CellTemp_CalculateTemperature+0xb4>
 800a002:	ee77 7a67 	vsub.f32	s15, s14, s15
 800a006:	ee86 7aa7 	vdiv.f32	s14, s13, s15
    if (r_thermistor <= 0) {
 800a00a:	eeb5 7ac0 	vcmpe.f32	s14, #0.0
 800a00e:	eef1 fa10 	vmrs	APSR_nzcv, fpscr
 800a012:	d92d      	bls.n	800a070 <CellTemp_CalculateTemperature+0xa4>
{
 800a014:	b508      	push	{r3, lr}
    float ln_ratio = logf(r_thermistor / THERMISTOR_R25);
 800a016:	ed9f 0a1c 	vldr	s0, [pc, #112]	@ 800a088 <CellTemp_CalculateTemperature+0xbc>
 800a01a:	ee87 0a00 	vdiv.f32	s0, s14, s0
 800a01e:	f007 fa9b 	bl	8011558 <logf>
    float temp_kelvin = 1.0f / ((1.0f / REFERENCE_TEMP_K) + (ln_ratio / THERMISTOR_B_VALUE));
 800a022:	ed9f 7a1a 	vldr	s14, [pc, #104]	@ 800a08c <CellTemp_CalculateTemperature+0xc0>
 800a026:	eec0 7a07 	vdiv.f32	s15, s0, s14
 800a02a:	ed9f 7a19 	vldr	s14, [pc, #100]	@ 800a090 <CellTemp_CalculateTemperature+0xc4>
 800a02e:	ee77 7a87 	vadd.f32	s15, s15, s14
 800a032:	eeb7 7a00 	vmov.f32	s14, #112	@ 0x3f800000  1.0
 800a036:	ee87 0a27 	vdiv.f32	s0, s14, s15
    float temp_celsius = temp_kelvin - 273.15f;
 800a03a:	eddf 7a16 	vldr	s15, [pc, #88]	@ 800a094 <CellTemp_CalculateTemperature+0xc8>
 800a03e:	ee30 0a67 	vsub.f32	s0, s0, s15
    if (temp_celsius < -40.0f) {
 800a042:	eddf 7a15 	vldr	s15, [pc, #84]	@ 800a098 <CellTemp_CalculateTemperature+0xcc>
 800a046:	eeb4 0ae7 	vcmpe.f32	s0, s15
 800a04a:	eef1 fa10 	vmrs	APSR_nzcv, fpscr
 800a04e:	d412      	bmi.n	800a076 <CellTemp_CalculateTemperature+0xaa>
    } else if (temp_celsius > 125.0f) {
 800a050:	eddf 7a12 	vldr	s15, [pc, #72]	@ 800a09c <CellTemp_CalculateTemperature+0xd0>
 800a054:	eeb4 0ae7 	vcmpe.f32	s0, s15
 800a058:	eef1 fa10 	vmrs	APSR_nzcv, fpscr
 800a05c:	dd0d      	ble.n	800a07a <CellTemp_CalculateTemperature+0xae>
        temp_celsius = 125.0f;
 800a05e:	ed9f 0a0f 	vldr	s0, [pc, #60]	@ 800a09c <CellTemp_CalculateTemperature+0xd0>
 800a062:	e00a      	b.n	800a07a <CellTemp_CalculateTemperature+0xae>
        r_thermistor = PULLUP_RESISTOR * 100.0f;  // Assume very high resistance
 800a064:	ed9f 7a0e 	vldr	s14, [pc, #56]	@ 800a0a0 <CellTemp_CalculateTemperature+0xd4>
 800a068:	e7d4      	b.n	800a014 <CellTemp_CalculateTemperature+0x48>
        return -127.0f;  // Return obvious error value
 800a06a:	ed9f 0a0e 	vldr	s0, [pc, #56]	@ 800a0a4 <CellTemp_CalculateTemperature+0xd8>
 800a06e:	4770      	bx	lr
        return 125.0f; // Return maximum temperature for very low resistance
 800a070:	ed9f 0a0a 	vldr	s0, [pc, #40]	@ 800a09c <CellTemp_CalculateTemperature+0xd0>
}
 800a074:	4770      	bx	lr
        temp_celsius = -40.0f;
 800a076:	ed9f 0a08 	vldr	s0, [pc, #32]	@ 800a098 <CellTemp_CalculateTemperature+0xcc>
}
 800a07a:	bd08      	pop	{r3, pc}
 800a07c:	457ff000 	.word	0x457ff000
 800a080:	40533333 	.word	0x40533333
 800a084:	40528f5c 	.word	0x40528f5c
 800a088:	461c4000 	.word	0x461c4000
 800a08c:	4556b000 	.word	0x4556b000
 800a090:	3b5bcf0f 	.word	0x3b5bcf0f
 800a094:	43889333 	.word	0x43889333
 800a098:	c2200000 	.word	0xc2200000
 800a09c:	42fa0000 	.word	0x42fa0000
 800a0a0:	49742400 	.word	0x49742400
 800a0a4:	c2fe0000 	.word	0xc2fe0000

0800a0a8 <CellTemp_SetMaxTemp>:
  *         Values outside 0-127 range will be clamped.
  */
void CellTemp_SetMaxTemp(int8_t max_temp)
{
    // Clamp to reasonable range (0°C to 127°C)
    if (max_temp < 0) {
 800a0a8:	2800      	cmp	r0, #0
 800a0aa:	db07      	blt.n	800a0bc <CellTemp_SetMaxTemp+0x14>
        max_temp = 0;
    }
    temp_max_threshold = (float)max_temp;
 800a0ac:	ee07 0a90 	vmov	s15, r0
 800a0b0:	eef8 7ae7 	vcvt.f32.s32	s15, s15
 800a0b4:	4b02      	ldr	r3, [pc, #8]	@ (800a0c0 <CellTemp_SetMaxTemp+0x18>)
 800a0b6:	edc3 7a00 	vstr	s15, [r3]
}
 800a0ba:	4770      	bx	lr
        max_temp = 0;
 800a0bc:	2000      	movs	r0, #0
 800a0be:	e7f5      	b.n	800a0ac <CellTemp_SetMaxTemp+0x4>
 800a0c0:	20000018 	.word	0x20000018

0800a0c4 <CellTemp_GetMaxTemp>:
/**
  * @brief  Get current maximum temperature threshold
  * @retval Maximum temperature threshold in degrees Celsius
  */
int8_t CellTemp_GetMaxTemp(void)
{
 800a0c4:	b082      	sub	sp, #8
    return (int8_t)temp_max_threshold;
 800a0c6:	4b05      	ldr	r3, [pc, #20]	@ (800a0dc <CellTemp_GetMaxTemp+0x18>)
 800a0c8:	edd3 7a00 	vldr	s15, [r3]
 800a0cc:	eefd 7ae7 	vcvt.s32.f32	s15, s15
 800a0d0:	edcd 7a01 	vstr	s15, [sp, #4]
}
 800a0d4:	f99d 0004 	ldrsb.w	r0, [sp, #4]
 800a0d8:	b002      	add	sp, #8
 800a0da:	4770      	bx	lr
 800a0dc:	20000018 	.word	0x20000018

0800a0e0 <CellTemp_SetMinTemp>:
  * @param  min_temp: Minimum temperature in degrees Celsius (signed, -128 to 127)
  * @retval None
  * @note   This is a temporary setting that resets to TEMP_MIN_CELSIUS on device reset.
  */
void CellTemp_SetMinTemp(int8_t min_temp)
{
 800a0e0:	ee07 0a90 	vmov	s15, r0
    temp_min_threshold = (float)min_temp;
 800a0e4:	eef8 7ae7 	vcvt.f32.s32	s15, s15
 800a0e8:	4b01      	ldr	r3, [pc, #4]	@ (800a0f0 <CellTemp_SetMinTemp+0x10>)
 800a0ea:	edc3 7a00 	vstr	s15, [r3]
}
 800a0ee:	4770      	bx	lr
 800a0f0:	20000014 	.word	0x20000014

0800a0f4 <CellTemp_GetMinTemp>:
/**
  * @brief  Get current minimum temperature threshold
  * @retval Minimum temperature threshold in degrees Celsius
  */
int8_t CellTemp_GetMinTemp(void)
{
 800a0f4:	b082      	sub	sp, #8
    return (int8_t)temp_min_threshold;
 800a0f6:	4b05      	ldr	r3, [pc, #20]	@ (800a10c <CellTemp_GetMinTemp+0x18>)
 800a0f8:	edd3 7a00 	vldr	s15, [r3]
 800a0fc:	eefd 7ae7 	vcvt.s32.f32	s15, s15
 800a100:	edcd 7a01 	vstr	s15, [sp, #4]
}
 800a104:	f99d 0004 	ldrsb.w	r0, [sp, #4]
 800a108:	b002      	add	sp, #8
 800a10a:	4770      	bx	lr
 800a10c:	20000014 	.word	0x20000014

0800a110 <CellTemp_SendSummaryMessage>:
  *         Bytes 4-5: BMS1 internal die temperature (0.1°C units, signed 16-bit)
  *         Bytes 6-7: BMS2 internal die temperature (0.1°C units, signed 16-bit)
  *         Excludes ambient thermistors (54, 55) from min/max calculation
  */
HAL_StatusTypeDef CellTemp_SendSummaryMessage(void)
{
 800a110:	b570      	push	{r4, r5, r6, lr}
 800a112:	ed2d 8b02 	vpush	{d8}
 800a116:	b082      	sub	sp, #8
    float min_temp = 200.0f;   // Start with high value
    float max_temp = -200.0f;  // Start with low value
    uint8_t valid_count = 0;
    
    // Find min/max cell temperatures (excluding ambient thermistors 54 and 55)
    for (uint8_t i = 0; i < TOTAL_THERMISTORS; i++) {
 800a118:	2400      	movs	r4, #0
    uint8_t valid_count = 0;
 800a11a:	4625      	mov	r5, r4
    float max_temp = -200.0f;  // Start with low value
 800a11c:	ed9f 8a38 	vldr	s16, [pc, #224]	@ 800a200 <CellTemp_SendSummaryMessage+0xf0>
    float min_temp = 200.0f;   // Start with high value
 800a120:	eddf 8a38 	vldr	s17, [pc, #224]	@ 800a204 <CellTemp_SendSummaryMessage+0xf4>
    for (uint8_t i = 0; i < TOTAL_THERMISTORS; i++) {
 800a124:	e005      	b.n	800a132 <CellTemp_SendSummaryMessage+0x22>
                    min_temp = temp;
                }
                if (temp > max_temp) {
                    max_temp = temp;
                }
                valid_count++;
 800a126:	3501      	adds	r5, #1
 800a128:	b2ed      	uxtb	r5, r5
 800a12a:	eeb0 8a67 	vmov.f32	s16, s15
    for (uint8_t i = 0; i < TOTAL_THERMISTORS; i++) {
 800a12e:	3401      	adds	r4, #1
 800a130:	b2e4      	uxtb	r4, r4
 800a132:	2c37      	cmp	r4, #55	@ 0x37
 800a134:	d826      	bhi.n	800a184 <CellTemp_SendSummaryMessage+0x74>
        if (i == AMBIENT_THERM_1 || i == AMBIENT_THERM_2) {
 800a136:	f1a4 0336 	sub.w	r3, r4, #54	@ 0x36
 800a13a:	b2db      	uxtb	r3, r3
 800a13c:	2b01      	cmp	r3, #1
 800a13e:	d9f6      	bls.n	800a12e <CellTemp_SendSummaryMessage+0x1e>
        if (CellTemp_IsADCEnabled(therm_adc)) {
 800a140:	08e0      	lsrs	r0, r4, #3
 800a142:	f7ff fe05 	bl	8009d50 <CellTemp_IsADCEnabled>
 800a146:	2800      	cmp	r0, #0
 800a148:	d0f1      	beq.n	800a12e <CellTemp_SendSummaryMessage+0x1e>
            float temp = temp_state.thermistors[i].temperature;
 800a14a:	eb04 0244 	add.w	r2, r4, r4, lsl #1
 800a14e:	4b2e      	ldr	r3, [pc, #184]	@ (800a208 <CellTemp_SendSummaryMessage+0xf8>)
 800a150:	eb03 03c2 	add.w	r3, r3, r2, lsl #3
 800a154:	edd3 7a01 	vldr	s15, [r3, #4]
            if (temp > -126.0f) {
 800a158:	ed9f 7a2c 	vldr	s14, [pc, #176]	@ 800a20c <CellTemp_SendSummaryMessage+0xfc>
 800a15c:	eef4 7ac7 	vcmpe.f32	s15, s14
 800a160:	eef1 fa10 	vmrs	APSR_nzcv, fpscr
 800a164:	dde3      	ble.n	800a12e <CellTemp_SendSummaryMessage+0x1e>
                if (temp < min_temp) {
 800a166:	eef4 8ae7 	vcmpe.f32	s17, s15
 800a16a:	eef1 fa10 	vmrs	APSR_nzcv, fpscr
 800a16e:	dd01      	ble.n	800a174 <CellTemp_SendSummaryMessage+0x64>
                    min_temp = temp;
 800a170:	eef0 8a67 	vmov.f32	s17, s15
                if (temp > max_temp) {
 800a174:	eeb4 8ae7 	vcmpe.f32	s16, s15
 800a178:	eef1 fa10 	vmrs	APSR_nzcv, fpscr
 800a17c:	d4d3      	bmi.n	800a126 <CellTemp_SendSummaryMessage+0x16>
 800a17e:	eef0 7a48 	vmov.f32	s15, s16
 800a182:	e7d0      	b.n	800a126 <CellTemp_SendSummaryMessage+0x16>
            }
        }
    }
    
    // If no valid readings, set to error values
    if (valid_count == 0) {
 800a184:	b91d      	cbnz	r5, 800a18e <CellTemp_SendSummaryMessage+0x7e>
        min_temp = -127.0f;
        max_temp = -127.0f;
 800a186:	ed9f 8a22 	vldr	s16, [pc, #136]	@ 800a210 <CellTemp_SendSummaryMessage+0x100>
        min_temp = -127.0f;
 800a18a:	eef0 8a48 	vmov.f32	s17, s16
    }
    
    // Convert to 0.1°C units (signed 16-bit)
    int16_t min_temp_raw = (int16_t)(min_temp * 10.0f);
 800a18e:	eef2 7a04 	vmov.f32	s15, #36	@ 0x41200000  10.0
 800a192:	ee68 8aa7 	vmul.f32	s17, s17, s15
 800a196:	eefd 8ae8 	vcvt.s32.f32	s17, s17
 800a19a:	ee18 3a90 	vmov	r3, s17
 800a19e:	b21d      	sxth	r5, r3
    int16_t max_temp_raw = (int16_t)(max_temp * 10.0f);
 800a1a0:	ee28 8a27 	vmul.f32	s16, s16, s15
 800a1a4:	eebd 8ac8 	vcvt.s32.f32	s16, s16
 800a1a8:	ee18 3a10 	vmov	r3, s16
 800a1ac:	b21c      	sxth	r4, r3
    
    // Get BMS chip internal temperatures (already in 0.1°C units)
    int16_t bms1_temp = BQ_GetBMS1InternalTemp();
 800a1ae:	f7ff f9c7 	bl	8009540 <BQ_GetBMS1InternalTemp>
 800a1b2:	4606      	mov	r6, r0
    int16_t bms2_temp = BQ_GetBMS2InternalTemp();
 800a1b4:	f7ff f9ca 	bl	800954c <BQ_GetBMS2InternalTemp>
    
    // Pack CAN message
    uint8_t can_data[8];
    can_data[0] = (uint8_t)(min_temp_raw & 0xFF);
 800a1b8:	f88d 5000 	strb.w	r5, [sp]
    can_data[1] = (uint8_t)((min_temp_raw >> 8) & 0xFF);
 800a1bc:	f3c5 2507 	ubfx	r5, r5, #8, #8
 800a1c0:	f88d 5001 	strb.w	r5, [sp, #1]
    can_data[2] = (uint8_t)(max_temp_raw & 0xFF);
 800a1c4:	f88d 4002 	strb.w	r4, [sp, #2]
    can_data[3] = (uint8_t)((max_temp_raw >> 8) & 0xFF);
 800a1c8:	f3c4 2407 	ubfx	r4, r4, #8, #8
 800a1cc:	f88d 4003 	strb.w	r4, [sp, #3]
    can_data[4] = (uint8_t)(bms1_temp & 0xFF);
 800a1d0:	f88d 6004 	strb.w	r6, [sp, #4]
    can_data[5] = (uint8_t)((bms1_temp >> 8) & 0xFF);
 800a1d4:	f3c6 2607 	ubfx	r6, r6, #8, #8
 800a1d8:	f88d 6005 	strb.w	r6, [sp, #5]
    can_data[6] = (uint8_t)(bms2_temp & 0xFF);
 800a1dc:	f88d 0006 	strb.w	r0, [sp, #6]
    can_data[7] = (uint8_t)((bms2_temp >> 8) & 0xFF);
 800a1e0:	f3c0 2007 	ubfx	r0, r0, #8, #8
 800a1e4:	f88d 0007 	strb.w	r0, [sp, #7]
    
    return CAN_SendMessage(CAN_TEMP_SUMMARY_ID, can_data, 8, CAN_PRIORITY_NORMAL);
 800a1e8:	2302      	movs	r3, #2
 800a1ea:	2208      	movs	r2, #8
 800a1ec:	4669      	mov	r1, sp
 800a1ee:	4809      	ldr	r0, [pc, #36]	@ (800a214 <CellTemp_SendSummaryMessage+0x104>)
 800a1f0:	6800      	ldr	r0, [r0, #0]
 800a1f2:	f7ff fb23 	bl	800983c <CAN_SendMessage>
 800a1f6:	b002      	add	sp, #8
 800a1f8:	ecbd 8b02 	vpop	{d8}
 800a1fc:	bd70      	pop	{r4, r5, r6, pc}
 800a1fe:	bf00      	nop
 800a200:	c3480000 	.word	0xc3480000
 800a204:	43480000 	.word	0x43480000
 800a208:	20000158 	.word	0x20000158
 800a20c:	c2fc0000 	.word	0xc2fc0000
 800a210:	c2fe0000 	.word	0xc2fe0000
 800a214:	20000db8 	.word	0x20000db8

0800a218 <CellTemp_MonitorTask>:
{
 800a218:	e92d 47f0 	stmdb	sp!, {r4, r5, r6, r7, r8, r9, sl, lr}
 800a21c:	ed2d 8b02 	vpush	{d8}
    if (CellTemp_Init() != HAL_OK) {
 800a220:	f7ff fe3a 	bl	8009e98 <CellTemp_Init>
 800a224:	b120      	cbz	r0, 800a230 <CellTemp_MonitorTask+0x18>
            osDelay(1000);  // Wait 1 second (1000 ticks at 1ms tick rate)
 800a226:	f44f 707a 	mov.w	r0, #1000	@ 0x3e8
 800a22a:	f000 fa09 	bl	800a640 <osDelay>
        while(1) {
 800a22e:	e7fa      	b.n	800a226 <CellTemp_MonitorTask+0xe>
 800a230:	4607      	mov	r7, r0
    last_summary_tick = osKernelGetTickCount();
 800a232:	f000 f9a1 	bl	800a578 <osKernelGetTickCount>
 800a236:	4bac      	ldr	r3, [pc, #688]	@ (800a4e8 <CellTemp_MonitorTask+0x2d0>)
 800a238:	6018      	str	r0, [r3, #0]
 800a23a:	e0b5      	b.n	800a3a8 <CellTemp_MonitorTask+0x190>
        for (uint8_t adc = 0; adc < NUM_ADC_CHANNELS; adc++) {
 800a23c:	3401      	adds	r4, #1
 800a23e:	b2e4      	uxtb	r4, r4
 800a240:	2c06      	cmp	r4, #6
 800a242:	d813      	bhi.n	800a26c <CellTemp_MonitorTask+0x54>
            if (CellTemp_IsADCEnabled(adc)) {
 800a244:	4620      	mov	r0, r4
 800a246:	f7ff fd83 	bl	8009d50 <CellTemp_IsADCEnabled>
 800a24a:	2800      	cmp	r0, #0
 800a24c:	d0f6      	beq.n	800a23c <CellTemp_MonitorTask+0x24>
                uint8_t therm_idx = adc * MUX_CHANNELS + temp_state.current_mux;
 800a24e:	00e3      	lsls	r3, r4, #3
 800a250:	b2db      	uxtb	r3, r3
 800a252:	4aa6      	ldr	r2, [pc, #664]	@ (800a4ec <CellTemp_MonitorTask+0x2d4>)
 800a254:	f892 1541 	ldrb.w	r1, [r2, #1345]	@ 0x541
 800a258:	440b      	add	r3, r1
 800a25a:	b2db      	uxtb	r3, r3
                temp_state.thermistors[therm_idx].adc_accumulator = 0;
 800a25c:	eb03 0143 	add.w	r1, r3, r3, lsl #1
 800a260:	eb02 01c1 	add.w	r1, r2, r1, lsl #3
 800a264:	2000      	movs	r0, #0
 800a266:	6108      	str	r0, [r1, #16]
                temp_state.thermistors[therm_idx].sample_count = 0;
 800a268:	8288      	strh	r0, [r1, #20]
 800a26a:	e7e7      	b.n	800a23c <CellTemp_MonitorTask+0x24>
        for (uint16_t sample = 0; sample < TEMP_SAMPLES_PER_MUX; sample++) {
 800a26c:	2600      	movs	r6, #0
 800a26e:	e02b      	b.n	800a2c8 <CellTemp_MonitorTask+0xb0>
            for (uint8_t adc = 0; adc < NUM_ADC_CHANNELS; adc++) {
 800a270:	3401      	adds	r4, #1
 800a272:	b2e4      	uxtb	r4, r4
 800a274:	2c06      	cmp	r4, #6
 800a276:	d822      	bhi.n	800a2be <CellTemp_MonitorTask+0xa6>
                if (CellTemp_IsADCEnabled(adc)) {
 800a278:	4620      	mov	r0, r4
 800a27a:	f7ff fd69 	bl	8009d50 <CellTemp_IsADCEnabled>
 800a27e:	2800      	cmp	r0, #0
 800a280:	d0f6      	beq.n	800a270 <CellTemp_MonitorTask+0x58>
                    uint8_t therm_idx = adc * MUX_CHANNELS + temp_state.current_mux;
 800a282:	00e5      	lsls	r5, r4, #3
 800a284:	b2ed      	uxtb	r5, r5
 800a286:	4b99      	ldr	r3, [pc, #612]	@ (800a4ec <CellTemp_MonitorTask+0x2d4>)
 800a288:	f893 3541 	ldrb.w	r3, [r3, #1345]	@ 0x541
 800a28c:	441d      	add	r5, r3
 800a28e:	b2ed      	uxtb	r5, r5
                    uint16_t adc_value = CellTemp_ReadADC(adc_channels[adc]);
 800a290:	4b97      	ldr	r3, [pc, #604]	@ (800a4f0 <CellTemp_MonitorTask+0x2d8>)
 800a292:	f853 0024 	ldr.w	r0, [r3, r4, lsl #2]
 800a296:	f7ff fe3f 	bl	8009f18 <CellTemp_ReadADC>
                    if (adc_value >= 10) {  // Valid reading threshold
 800a29a:	2809      	cmp	r0, #9
 800a29c:	d9e8      	bls.n	800a270 <CellTemp_MonitorTask+0x58>
                        therm->adc_accumulator += adc_value;
 800a29e:	4a93      	ldr	r2, [pc, #588]	@ (800a4ec <CellTemp_MonitorTask+0x2d4>)
 800a2a0:	eb05 0345 	add.w	r3, r5, r5, lsl #1
 800a2a4:	eb02 03c3 	add.w	r3, r2, r3, lsl #3
 800a2a8:	6919      	ldr	r1, [r3, #16]
 800a2aa:	4408      	add	r0, r1
 800a2ac:	6118      	str	r0, [r3, #16]
                        therm->sample_count++;
 800a2ae:	8a9b      	ldrh	r3, [r3, #20]
 800a2b0:	eb05 0545 	add.w	r5, r5, r5, lsl #1
 800a2b4:	eb02 02c5 	add.w	r2, r2, r5, lsl #3
 800a2b8:	3301      	adds	r3, #1
 800a2ba:	8293      	strh	r3, [r2, #20]
 800a2bc:	e7d8      	b.n	800a270 <CellTemp_MonitorTask+0x58>
            osDelay(TEMP_SAMPLE_INTERVAL_MS);
 800a2be:	200a      	movs	r0, #10
 800a2c0:	f000 f9be 	bl	800a640 <osDelay>
        for (uint16_t sample = 0; sample < TEMP_SAMPLES_PER_MUX; sample++) {
 800a2c4:	3601      	adds	r6, #1
 800a2c6:	b2b6      	uxth	r6, r6
 800a2c8:	2e0b      	cmp	r6, #11
 800a2ca:	d801      	bhi.n	800a2d0 <CellTemp_MonitorTask+0xb8>
            for (uint8_t adc = 0; adc < NUM_ADC_CHANNELS; adc++) {
 800a2cc:	463c      	mov	r4, r7
 800a2ce:	e7d1      	b.n	800a274 <CellTemp_MonitorTask+0x5c>
        uint32_t current_time = osKernelGetTickCount();
 800a2d0:	f000 f952 	bl	800a578 <osKernelGetTickCount>
 800a2d4:	4606      	mov	r6, r0
        for (uint8_t adc = 0; adc < NUM_ADC_CHANNELS; adc++) {
 800a2d6:	463d      	mov	r5, r7
 800a2d8:	e036      	b.n	800a348 <CellTemp_MonitorTask+0x130>
                    therm->raw_adc = (uint16_t)(therm->adc_accumulator / therm->sample_count);
 800a2da:	4698      	mov	r8, r3
 800a2dc:	691b      	ldr	r3, [r3, #16]
 800a2de:	fbb3 f3f2 	udiv	r3, r3, r2
 800a2e2:	b298      	uxth	r0, r3
 800a2e4:	f8a8 0008 	strh.w	r0, [r8, #8]
                    therm->temperature = CellTemp_CalculateTemperature(therm->raw_adc);
 800a2e8:	f7ff fe70 	bl	8009fcc <CellTemp_CalculateTemperature>
 800a2ec:	eeb0 8a40 	vmov.f32	s16, s0
 800a2f0:	ed88 0a01 	vstr	s0, [r8, #4]
                    therm->last_read_time = current_time;
 800a2f4:	f8c8 600c 	str.w	r6, [r8, #12]
                    if (CellTemp_IsFaultDetectionEnabled(therm_idx)) {
 800a2f8:	4620      	mov	r0, r4
 800a2fa:	f7ff fd33 	bl	8009d64 <CellTemp_IsFaultDetectionEnabled>
 800a2fe:	b308      	cbz	r0, 800a344 <CellTemp_MonitorTask+0x12c>
                        if (therm->temperature > -126.0f) {  // Valid temperature reading
 800a300:	eddf 7a7c 	vldr	s15, [pc, #496]	@ 800a4f4 <CellTemp_MonitorTask+0x2dc>
 800a304:	eeb4 8ae7 	vcmpe.f32	s16, s15
 800a308:	eef1 fa10 	vmrs	APSR_nzcv, fpscr
 800a30c:	dd1a      	ble.n	800a344 <CellTemp_MonitorTask+0x12c>
                            if (therm->temperature > temp_max_threshold) {
 800a30e:	4b7a      	ldr	r3, [pc, #488]	@ (800a4f8 <CellTemp_MonitorTask+0x2e0>)
 800a310:	edd3 7a00 	vldr	s15, [r3]
 800a314:	eeb4 8ae7 	vcmpe.f32	s16, s15
 800a318:	eef1 fa10 	vmrs	APSR_nzcv, fpscr
 800a31c:	dd12      	ble.n	800a344 <CellTemp_MonitorTask+0x12c>
                                ErrorMgr_SetError(ERROR_OVER_TEMP);
 800a31e:	2001      	movs	r0, #1
 800a320:	f000 feb8 	bl	800b094 <ErrorMgr_SetError>
 800a324:	e00e      	b.n	800a344 <CellTemp_MonitorTask+0x12c>
                uint8_t therm_idx = adc * MUX_CHANNELS + temp_state.current_mux;
 800a326:	00eb      	lsls	r3, r5, #3
 800a328:	b2db      	uxtb	r3, r3
 800a32a:	4a70      	ldr	r2, [pc, #448]	@ (800a4ec <CellTemp_MonitorTask+0x2d4>)
 800a32c:	f892 1541 	ldrb.w	r1, [r2, #1345]	@ 0x541
 800a330:	440b      	add	r3, r1
 800a332:	b2db      	uxtb	r3, r3
                temp_state.thermistors[therm_idx].temperature = -127.0f;
 800a334:	eb03 0143 	add.w	r1, r3, r3, lsl #1
 800a338:	eb02 01c1 	add.w	r1, r2, r1, lsl #3
 800a33c:	486f      	ldr	r0, [pc, #444]	@ (800a4fc <CellTemp_MonitorTask+0x2e4>)
 800a33e:	6048      	str	r0, [r1, #4]
                temp_state.thermistors[therm_idx].raw_adc = 0;
 800a340:	2300      	movs	r3, #0
 800a342:	810b      	strh	r3, [r1, #8]
        for (uint8_t adc = 0; adc < NUM_ADC_CHANNELS; adc++) {
 800a344:	3501      	adds	r5, #1
 800a346:	b2ed      	uxtb	r5, r5
 800a348:	2d06      	cmp	r5, #6
 800a34a:	d81d      	bhi.n	800a388 <CellTemp_MonitorTask+0x170>
            if (CellTemp_IsADCEnabled(adc)) {
 800a34c:	4628      	mov	r0, r5
 800a34e:	f7ff fcff 	bl	8009d50 <CellTemp_IsADCEnabled>
 800a352:	2800      	cmp	r0, #0
 800a354:	d0e7      	beq.n	800a326 <CellTemp_MonitorTask+0x10e>
                uint8_t therm_idx = adc * MUX_CHANNELS + temp_state.current_mux;
 800a356:	00ec      	lsls	r4, r5, #3
 800a358:	b2e4      	uxtb	r4, r4
 800a35a:	4b64      	ldr	r3, [pc, #400]	@ (800a4ec <CellTemp_MonitorTask+0x2d4>)
 800a35c:	f893 2541 	ldrb.w	r2, [r3, #1345]	@ 0x541
 800a360:	4414      	add	r4, r2
 800a362:	b2e4      	uxtb	r4, r4
                if (therm->sample_count > 0) {
 800a364:	eb04 0244 	add.w	r2, r4, r4, lsl #1
 800a368:	eb03 03c2 	add.w	r3, r3, r2, lsl #3
 800a36c:	8a9a      	ldrh	r2, [r3, #20]
 800a36e:	2a00      	cmp	r2, #0
 800a370:	d1b3      	bne.n	800a2da <CellTemp_MonitorTask+0xc2>
                    therm->raw_adc = 0;
 800a372:	4b5e      	ldr	r3, [pc, #376]	@ (800a4ec <CellTemp_MonitorTask+0x2d4>)
 800a374:	eb04 0244 	add.w	r2, r4, r4, lsl #1
 800a378:	eb03 02c2 	add.w	r2, r3, r2, lsl #3
 800a37c:	2100      	movs	r1, #0
 800a37e:	8111      	strh	r1, [r2, #8]
                    therm->temperature = -127.0f;
 800a380:	4613      	mov	r3, r2
 800a382:	4a5e      	ldr	r2, [pc, #376]	@ (800a4fc <CellTemp_MonitorTask+0x2e4>)
 800a384:	605a      	str	r2, [r3, #4]
 800a386:	e7dd      	b.n	800a344 <CellTemp_MonitorTask+0x12c>
        if (temp_state.current_mux == 3 || temp_state.current_mux == 7) {
 800a388:	4b58      	ldr	r3, [pc, #352]	@ (800a4ec <CellTemp_MonitorTask+0x2d4>)
 800a38a:	f893 3541 	ldrb.w	r3, [r3, #1345]	@ 0x541
 800a38e:	2b03      	cmp	r3, #3
 800a390:	d039      	beq.n	800a406 <CellTemp_MonitorTask+0x1ee>
 800a392:	2b07      	cmp	r3, #7
 800a394:	d039      	beq.n	800a40a <CellTemp_MonitorTask+0x1f2>
        temp_state.current_mux++;
 800a396:	4a55      	ldr	r2, [pc, #340]	@ (800a4ec <CellTemp_MonitorTask+0x2d4>)
 800a398:	f892 3541 	ldrb.w	r3, [r2, #1345]	@ 0x541
 800a39c:	3301      	adds	r3, #1
 800a39e:	b2db      	uxtb	r3, r3
 800a3a0:	f882 3541 	strb.w	r3, [r2, #1345]	@ 0x541
        if (temp_state.current_mux >= MUX_CHANNELS) {
 800a3a4:	2b07      	cmp	r3, #7
 800a3a6:	d832      	bhi.n	800a40e <CellTemp_MonitorTask+0x1f6>
        CellTemp_SetMuxChannel(temp_state.current_mux);
 800a3a8:	4b50      	ldr	r3, [pc, #320]	@ (800a4ec <CellTemp_MonitorTask+0x2d4>)
 800a3aa:	f893 0541 	ldrb.w	r0, [r3, #1345]	@ 0x541
 800a3ae:	f7ff fdd3 	bl	8009f58 <CellTemp_SetMuxChannel>
        for (uint8_t adc = 0; adc < NUM_ADC_CHANNELS; adc++) {
 800a3b2:	463c      	mov	r4, r7
 800a3b4:	e744      	b.n	800a240 <CellTemp_MonitorTask+0x28>
                        uint8_t msg_idx = adc * 2;
 800a3b6:	0060      	lsls	r0, r4, #1
                        uint8_t start_therm_idx = adc * MUX_CHANNELS;
 800a3b8:	00e1      	lsls	r1, r4, #3
                        CellTemp_SendTemperatureMessage(msg_idx, start_therm_idx);
 800a3ba:	f001 01f8 	and.w	r1, r1, #248	@ 0xf8
 800a3be:	f000 00fe 	and.w	r0, r0, #254	@ 0xfe
 800a3c2:	f7ff fd07 	bl	8009dd4 <CellTemp_SendTemperatureMessage>
                        osDelay(2); // Small delay between messages
 800a3c6:	2002      	movs	r0, #2
 800a3c8:	f000 f93a 	bl	800a640 <osDelay>
            for (uint8_t adc = 0; adc < NUM_ADC_CHANNELS; adc++) {
 800a3cc:	3401      	adds	r4, #1
 800a3ce:	b2e4      	uxtb	r4, r4
 800a3d0:	2c06      	cmp	r4, #6
 800a3d2:	d8e0      	bhi.n	800a396 <CellTemp_MonitorTask+0x17e>
                if (CellTemp_IsADCEnabled(adc)) {
 800a3d4:	4620      	mov	r0, r4
 800a3d6:	f7ff fcbb 	bl	8009d50 <CellTemp_IsADCEnabled>
 800a3da:	2800      	cmp	r0, #0
 800a3dc:	d0f6      	beq.n	800a3cc <CellTemp_MonitorTask+0x1b4>
                    if (temp_state.current_mux == 3) {
 800a3de:	4b43      	ldr	r3, [pc, #268]	@ (800a4ec <CellTemp_MonitorTask+0x2d4>)
 800a3e0:	f893 3541 	ldrb.w	r3, [r3, #1345]	@ 0x541
 800a3e4:	2b03      	cmp	r3, #3
 800a3e6:	d0e6      	beq.n	800a3b6 <CellTemp_MonitorTask+0x19e>
                        uint8_t msg_idx = adc * 2 + 1;
 800a3e8:	0060      	lsls	r0, r4, #1
 800a3ea:	b2c0      	uxtb	r0, r0
 800a3ec:	3001      	adds	r0, #1
                        uint8_t start_therm_idx = adc * MUX_CHANNELS + 4;
 800a3ee:	00e1      	lsls	r1, r4, #3
 800a3f0:	b2c9      	uxtb	r1, r1
 800a3f2:	3104      	adds	r1, #4
                        CellTemp_SendTemperatureMessage(msg_idx, start_therm_idx);
 800a3f4:	f001 01fc 	and.w	r1, r1, #252	@ 0xfc
 800a3f8:	b2c0      	uxtb	r0, r0
 800a3fa:	f7ff fceb 	bl	8009dd4 <CellTemp_SendTemperatureMessage>
                        osDelay(2); // Small delay between messages
 800a3fe:	2002      	movs	r0, #2
 800a400:	f000 f91e 	bl	800a640 <osDelay>
 800a404:	e7e2      	b.n	800a3cc <CellTemp_MonitorTask+0x1b4>
 800a406:	463c      	mov	r4, r7
 800a408:	e7e2      	b.n	800a3d0 <CellTemp_MonitorTask+0x1b8>
 800a40a:	463c      	mov	r4, r7
 800a40c:	e7e0      	b.n	800a3d0 <CellTemp_MonitorTask+0x1b8>
            temp_state.current_mux = 0;
 800a40e:	4613      	mov	r3, r2
 800a410:	2200      	movs	r2, #0
 800a412:	f883 2541 	strb.w	r2, [r3, #1345]	@ 0x541
            temp_state.cycle_count++;
 800a416:	f8d3 2544 	ldr.w	r2, [r3, #1348]	@ 0x544
 800a41a:	3201      	adds	r2, #1
 800a41c:	f8c3 2544 	str.w	r2, [r3, #1348]	@ 0x544
            for (uint8_t i = 0; i < TOTAL_THERMISTORS; i++) {
 800a420:	463c      	mov	r4, r7
            uint8_t under_temp_count = 0;
 800a422:	463e      	mov	r6, r7
            uint8_t sensor_fault_count = 0;   // Count of faulty/under-temp thermistors
 800a424:	463d      	mov	r5, r7
            uint8_t any_over_temp = 0;
 800a426:	46b8      	mov	r8, r7
            for (uint8_t i = 0; i < TOTAL_THERMISTORS; i++) {
 800a428:	e016      	b.n	800a458 <CellTemp_MonitorTask+0x240>
                    } else if (temp > temp_max_threshold) {
 800a42a:	4b33      	ldr	r3, [pc, #204]	@ (800a4f8 <CellTemp_MonitorTask+0x2e0>)
 800a42c:	ed93 7a00 	vldr	s14, [r3]
 800a430:	eeb4 7ae7 	vcmpe.f32	s14, s15
 800a434:	eef1 fa10 	vmrs	APSR_nzcv, fpscr
 800a438:	d40a      	bmi.n	800a450 <CellTemp_MonitorTask+0x238>
                    } else if (temp < temp_min_threshold) {
 800a43a:	4b31      	ldr	r3, [pc, #196]	@ (800a500 <CellTemp_MonitorTask+0x2e8>)
 800a43c:	ed93 7a00 	vldr	s14, [r3]
 800a440:	eeb4 7ae7 	vcmpe.f32	s14, s15
 800a444:	eef1 fa10 	vmrs	APSR_nzcv, fpscr
 800a448:	dd04      	ble.n	800a454 <CellTemp_MonitorTask+0x23c>
                        under_temp_count++;
 800a44a:	3601      	adds	r6, #1
 800a44c:	b2f6      	uxtb	r6, r6
 800a44e:	e001      	b.n	800a454 <CellTemp_MonitorTask+0x23c>
                        any_over_temp = 1;
 800a450:	f04f 0801 	mov.w	r8, #1
            for (uint8_t i = 0; i < TOTAL_THERMISTORS; i++) {
 800a454:	3401      	adds	r4, #1
 800a456:	b2e4      	uxtb	r4, r4
 800a458:	2c37      	cmp	r4, #55	@ 0x37
 800a45a:	d81b      	bhi.n	800a494 <CellTemp_MonitorTask+0x27c>
                if (CellTemp_IsADCEnabled(therm_adc) && CellTemp_IsFaultDetectionEnabled(i)) {
 800a45c:	f3c4 00c7 	ubfx	r0, r4, #3, #8
 800a460:	f7ff fc76 	bl	8009d50 <CellTemp_IsADCEnabled>
 800a464:	2800      	cmp	r0, #0
 800a466:	d0f5      	beq.n	800a454 <CellTemp_MonitorTask+0x23c>
 800a468:	4620      	mov	r0, r4
 800a46a:	f7ff fc7b 	bl	8009d64 <CellTemp_IsFaultDetectionEnabled>
 800a46e:	2800      	cmp	r0, #0
 800a470:	d0f0      	beq.n	800a454 <CellTemp_MonitorTask+0x23c>
                    float temp = temp_state.thermistors[i].temperature;
 800a472:	eb04 0244 	add.w	r2, r4, r4, lsl #1
 800a476:	4b1d      	ldr	r3, [pc, #116]	@ (800a4ec <CellTemp_MonitorTask+0x2d4>)
 800a478:	eb03 03c2 	add.w	r3, r3, r2, lsl #3
 800a47c:	edd3 7a01 	vldr	s15, [r3, #4]
                    if (temp <= -126.0f) {
 800a480:	ed9f 7a1c 	vldr	s14, [pc, #112]	@ 800a4f4 <CellTemp_MonitorTask+0x2dc>
 800a484:	eef4 7ac7 	vcmpe.f32	s15, s14
 800a488:	eef1 fa10 	vmrs	APSR_nzcv, fpscr
 800a48c:	d8cd      	bhi.n	800a42a <CellTemp_MonitorTask+0x212>
                        sensor_fault_count++;
 800a48e:	3501      	adds	r5, #1
 800a490:	b2ed      	uxtb	r5, r5
 800a492:	e7df      	b.n	800a454 <CellTemp_MonitorTask+0x23c>
            if (!any_over_temp) {
 800a494:	f1b8 0f00 	cmp.w	r8, #0
 800a498:	d019      	beq.n	800a4ce <CellTemp_MonitorTask+0x2b6>
            if (sensor_fault_count > MAX_THERM_FAULT_ALLOWED) {
 800a49a:	2d28      	cmp	r5, #40	@ 0x28
 800a49c:	d91b      	bls.n	800a4d6 <CellTemp_MonitorTask+0x2be>
                ErrorMgr_SetError(ERROR_TEMP_SENSOR_FAULT);
 800a49e:	2004      	movs	r0, #4
 800a4a0:	f000 fdf8 	bl	800b094 <ErrorMgr_SetError>
            if (under_temp_count > MAX_THERM_FAULT_ALLOWED) {
 800a4a4:	2e28      	cmp	r6, #40	@ 0x28
 800a4a6:	d91a      	bls.n	800a4de <CellTemp_MonitorTask+0x2c6>
                ErrorMgr_SetError(ERROR_UNDER_TEMP);
 800a4a8:	2002      	movs	r0, #2
 800a4aa:	f000 fdf3 	bl	800b094 <ErrorMgr_SetError>
            uint32_t current_tick = osKernelGetTickCount();
 800a4ae:	f000 f863 	bl	800a578 <osKernelGetTickCount>
 800a4b2:	4604      	mov	r4, r0
            if ((current_tick - last_summary_tick) >= TEMP_SUMMARY_INTERVAL_MS) {
 800a4b4:	4b0c      	ldr	r3, [pc, #48]	@ (800a4e8 <CellTemp_MonitorTask+0x2d0>)
 800a4b6:	681b      	ldr	r3, [r3, #0]
 800a4b8:	1ac3      	subs	r3, r0, r3
 800a4ba:	f241 3287 	movw	r2, #4999	@ 0x1387
 800a4be:	4293      	cmp	r3, r2
 800a4c0:	f67f af72 	bls.w	800a3a8 <CellTemp_MonitorTask+0x190>
                CellTemp_SendSummaryMessage();
 800a4c4:	f7ff fe24 	bl	800a110 <CellTemp_SendSummaryMessage>
                last_summary_tick = current_tick;
 800a4c8:	4b07      	ldr	r3, [pc, #28]	@ (800a4e8 <CellTemp_MonitorTask+0x2d0>)
 800a4ca:	601c      	str	r4, [r3, #0]
 800a4cc:	e76c      	b.n	800a3a8 <CellTemp_MonitorTask+0x190>
                ErrorMgr_ClearError(ERROR_OVER_TEMP);
 800a4ce:	2001      	movs	r0, #1
 800a4d0:	f000 fe06 	bl	800b0e0 <ErrorMgr_ClearError>
 800a4d4:	e7e1      	b.n	800a49a <CellTemp_MonitorTask+0x282>
                ErrorMgr_ClearError(ERROR_TEMP_SENSOR_FAULT);
 800a4d6:	2004      	movs	r0, #4
 800a4d8:	f000 fe02 	bl	800b0e0 <ErrorMgr_ClearError>
 800a4dc:	e7e2      	b.n	800a4a4 <CellTemp_MonitorTask+0x28c>
                ErrorMgr_ClearError(ERROR_UNDER_TEMP);
 800a4de:	2002      	movs	r0, #2
 800a4e0:	f000 fdfe 	bl	800b0e0 <ErrorMgr_ClearError>
 800a4e4:	e7e3      	b.n	800a4ae <CellTemp_MonitorTask+0x296>
 800a4e6:	bf00      	nop
 800a4e8:	20000154 	.word	0x20000154
 800a4ec:	20000158 	.word	0x20000158
 800a4f0:	080118f0 	.word	0x080118f0
 800a4f4:	c2fc0000 	.word	0xc2fc0000
 800a4f8:	20000018 	.word	0x20000018
 800a4fc:	c2fe0000 	.word	0xc2fe0000
 800a500:	20000014 	.word	0x20000014

0800a504 <SysTick_Handler>:

/*
  SysTick handler implementation that also clears overflow flag.
*/
#if (USE_CUSTOM_SYSTICK_HANDLER_IMPLEMENTATION == 0)
void SysTick_Handler (void) {
 800a504:	b508      	push	{r3, lr}
  /* Clear overflow flag */
  SysTick->CTRL;
 800a506:	f04f 23e0 	mov.w	r3, #3758153728	@ 0xe000e000
 800a50a:	691b      	ldr	r3, [r3, #16]

  if (xTaskGetSchedulerState() != taskSCHEDULER_NOT_STARTED) {
 800a50c:	f006 fc8e 	bl	8010e2c <xTaskGetSchedulerState>
 800a510:	2801      	cmp	r0, #1
 800a512:	d100      	bne.n	800a516 <SysTick_Handler+0x12>
    /* Call tick handler */
    xPortSysTickHandler();
  }
}
 800a514:	bd08      	pop	{r3, pc}
    xPortSysTickHandler();
 800a516:	f001 fb95 	bl	800bc44 <xPortSysTickHandler>
}
 800a51a:	e7fb      	b.n	800a514 <SysTick_Handler+0x10>

0800a51c <osKernelInitialize>:
  __ASM volatile ("MRS %0, ipsr" : "=r" (result) );
 800a51c:	f3ef 8305 	mrs	r3, IPSR
/*---------------------------------------------------------------------------*/

osStatus_t osKernelInitialize (void) {
  osStatus_t stat;

  if (IS_IRQ()) {
 800a520:	b92b      	cbnz	r3, 800a52e <osKernelInitialize+0x12>
    stat = osErrorISR;
  }
  else {
    if (KernelState == osKernelInactive) {
 800a522:	4b06      	ldr	r3, [pc, #24]	@ (800a53c <osKernelInitialize+0x20>)
 800a524:	6818      	ldr	r0, [r3, #0]
 800a526:	b928      	cbnz	r0, 800a534 <osKernelInitialize+0x18>
        EvrFreeRTOSSetup(0U);
      #endif
      #if defined(USE_FreeRTOS_HEAP_5) && (HEAP_5_REGION_SETUP == 1)
        vPortDefineHeapRegions (configHEAP_5_REGIONS);
      #endif
      KernelState = osKernelReady;
 800a528:	2201      	movs	r2, #1
 800a52a:	601a      	str	r2, [r3, #0]
      stat = osOK;
 800a52c:	4770      	bx	lr
    stat = osErrorISR;
 800a52e:	f06f 0005 	mvn.w	r0, #5
 800a532:	4770      	bx	lr
    } else {
      stat = osError;
 800a534:	f04f 30ff 	mov.w	r0, #4294967295
    }
  }

  return (stat);
}
 800a538:	4770      	bx	lr
 800a53a:	bf00      	nop
 800a53c:	20000d5c 	.word	0x20000d5c

0800a540 <osKernelStart>:
 800a540:	f3ef 8305 	mrs	r3, IPSR
}

osStatus_t osKernelStart (void) {
  osStatus_t stat;

  if (IS_IRQ()) {
 800a544:	b973      	cbnz	r3, 800a564 <osKernelStart+0x24>
    stat = osErrorISR;
  }
  else {
    if (KernelState == osKernelReady) {
 800a546:	4b0a      	ldr	r3, [pc, #40]	@ (800a570 <osKernelStart+0x30>)
 800a548:	681b      	ldr	r3, [r3, #0]
 800a54a:	2b01      	cmp	r3, #1
 800a54c:	d10d      	bne.n	800a56a <osKernelStart+0x2a>
osStatus_t osKernelStart (void) {
 800a54e:	b510      	push	{r4, lr}
    SCB->SHP[(((uint32_t)IRQn) & 0xFUL)-4UL] = (uint8_t)((priority << (8U - __NVIC_PRIO_BITS)) & (uint32_t)0xFFUL);
 800a550:	2400      	movs	r4, #0
 800a552:	4b08      	ldr	r3, [pc, #32]	@ (800a574 <osKernelStart+0x34>)
 800a554:	77dc      	strb	r4, [r3, #31]
      /* Ensure SVC priority is at the reset value */
      SVC_Setup();
      /* Change state to enable IRQ masking check */
      KernelState = osKernelRunning;
 800a556:	4b06      	ldr	r3, [pc, #24]	@ (800a570 <osKernelStart+0x30>)
 800a558:	2202      	movs	r2, #2
 800a55a:	601a      	str	r2, [r3, #0]
      /* Start the kernel scheduler */
      vTaskStartScheduler();
 800a55c:	f006 f9b4 	bl	80108c8 <vTaskStartScheduler>
      stat = osOK;
 800a560:	4620      	mov	r0, r4
      stat = osError;
    }
  }

  return (stat);
}
 800a562:	bd10      	pop	{r4, pc}
    stat = osErrorISR;
 800a564:	f06f 0005 	mvn.w	r0, #5
 800a568:	4770      	bx	lr
      stat = osError;
 800a56a:	f04f 30ff 	mov.w	r0, #4294967295
}
 800a56e:	4770      	bx	lr
 800a570:	20000d5c 	.word	0x20000d5c
 800a574:	e000ed00 	.word	0xe000ed00

0800a578 <osKernelGetTickCount>:
  }

  return (lock);
}

uint32_t osKernelGetTickCount (void) {
 800a578:	b508      	push	{r3, lr}
 800a57a:	f3ef 8305 	mrs	r3, IPSR
  TickType_t ticks;

  if (IS_IRQ()) {
 800a57e:	b113      	cbz	r3, 800a586 <osKernelGetTickCount+0xe>
    ticks = xTaskGetTickCountFromISR();
 800a580:	f006 f9fc 	bl	801097c <xTaskGetTickCountFromISR>
  } else {
    ticks = xTaskGetTickCount();
  }

  return (ticks);
}
 800a584:	bd08      	pop	{r3, pc}
    ticks = xTaskGetTickCount();
 800a586:	f006 f9f3 	bl	8010970 <xTaskGetTickCount>
  return (ticks);
 800a58a:	e7fb      	b.n	800a584 <osKernelGetTickCount+0xc>

0800a58c <osThreadNew>:
  return (configCPU_CLOCK_HZ);
}

/*---------------------------------------------------------------------------*/

osThreadId_t osThreadNew (osThreadFunc_t func, void *argument, const osThreadAttr_t *attr) {
 800a58c:	b5f0      	push	{r4, r5, r6, r7, lr}
 800a58e:	b087      	sub	sp, #28
  uint32_t stack;
  TaskHandle_t hTask;
  UBaseType_t prio;
  int32_t mem;

  hTask = NULL;
 800a590:	2400      	movs	r4, #0
 800a592:	9405      	str	r4, [sp, #20]
 800a594:	f3ef 8405 	mrs	r4, IPSR

  if (!IS_IRQ() && (func != NULL)) {
 800a598:	bb04      	cbnz	r4, 800a5dc <osThreadNew+0x50>
 800a59a:	b1f8      	cbz	r0, 800a5dc <osThreadNew+0x50>
    prio  = (UBaseType_t)osPriorityNormal;

    name = NULL;
    mem  = -1;

    if (attr != NULL) {
 800a59c:	2a00      	cmp	r2, #0
 800a59e:	d034      	beq.n	800a60a <osThreadNew+0x7e>
      if (attr->name != NULL) {
 800a5a0:	6815      	ldr	r5, [r2, #0]
        name = attr->name;
      }
      if (attr->priority != osPriorityNone) {
 800a5a2:	6993      	ldr	r3, [r2, #24]
 800a5a4:	b12b      	cbz	r3, 800a5b2 <osThreadNew+0x26>
        prio = (UBaseType_t)attr->priority;
 800a5a6:	461e      	mov	r6, r3
      }

      if ((prio < osPriorityIdle) || (prio > osPriorityISR) || ((attr->attr_bits & osThreadJoinable) == osThreadJoinable)) {
 800a5a8:	3b01      	subs	r3, #1
 800a5aa:	2b37      	cmp	r3, #55	@ 0x37
 800a5ac:	d902      	bls.n	800a5b4 <osThreadNew+0x28>
        return (NULL);
 800a5ae:	2000      	movs	r0, #0
 800a5b0:	e015      	b.n	800a5de <osThreadNew+0x52>
    prio  = (UBaseType_t)osPriorityNormal;
 800a5b2:	2618      	movs	r6, #24
      if ((prio < osPriorityIdle) || (prio > osPriorityISR) || ((attr->attr_bits & osThreadJoinable) == osThreadJoinable)) {
 800a5b4:	6853      	ldr	r3, [r2, #4]
 800a5b6:	f013 0f01 	tst.w	r3, #1
 800a5ba:	d13f      	bne.n	800a63c <osThreadNew+0xb0>
      }

      if (attr->stack_size > 0U) {
 800a5bc:	6954      	ldr	r4, [r2, #20]
 800a5be:	b184      	cbz	r4, 800a5e2 <osThreadNew+0x56>
        /* In FreeRTOS stack is not in bytes, but in sizeof(StackType_t) which is 4 on ARM ports.       */
        /* Stack size should be therefore 4 byte aligned in order to avoid division caused side effects */
        stack = attr->stack_size / sizeof(StackType_t);
 800a5c0:	ea4f 0c94 	mov.w	ip, r4, lsr #2
      }

      if ((attr->cb_mem    != NULL) && (attr->cb_size    >= sizeof(StaticTask_t)) &&
 800a5c4:	6893      	ldr	r3, [r2, #8]
 800a5c6:	b12b      	cbz	r3, 800a5d4 <osThreadNew+0x48>
 800a5c8:	68d7      	ldr	r7, [r2, #12]
 800a5ca:	2f5b      	cmp	r7, #91	@ 0x5b
 800a5cc:	d902      	bls.n	800a5d4 <osThreadNew+0x48>
          (attr->stack_mem != NULL) && (attr->stack_size >  0U)) {
 800a5ce:	6917      	ldr	r7, [r2, #16]
      if ((attr->cb_mem    != NULL) && (attr->cb_size    >= sizeof(StaticTask_t)) &&
 800a5d0:	b107      	cbz	r7, 800a5d4 <osThreadNew+0x48>
          (attr->stack_mem != NULL) && (attr->stack_size >  0U)) {
 800a5d2:	b984      	cbnz	r4, 800a5f6 <osThreadNew+0x6a>
        mem = 1;
      }
      else {
        if ((attr->cb_mem == NULL) && (attr->cb_size == 0U) && (attr->stack_mem == NULL)) {
 800a5d4:	b143      	cbz	r3, 800a5e8 <osThreadNew+0x5c>
    mem  = -1;
 800a5d6:	f04f 33ff 	mov.w	r3, #4294967295
        hTask = xTaskCreateStatic ((TaskFunction_t)func, name, stack, argument, prio, (StackType_t  *)attr->stack_mem,
                                                                                      (StaticTask_t *)attr->cb_mem);
      #endif
    }
    else {
      if (mem == 0) {
 800a5da:	b30b      	cbz	r3, 800a620 <osThreadNew+0x94>
        #endif
      }
    }
  }

  return ((osThreadId_t)hTask);
 800a5dc:	9805      	ldr	r0, [sp, #20]
}
 800a5de:	b007      	add	sp, #28
 800a5e0:	bdf0      	pop	{r4, r5, r6, r7, pc}
    stack = configMINIMAL_STACK_SIZE;
 800a5e2:	f04f 0c80 	mov.w	ip, #128	@ 0x80
 800a5e6:	e7ed      	b.n	800a5c4 <osThreadNew+0x38>
        if ((attr->cb_mem == NULL) && (attr->cb_size == 0U) && (attr->stack_mem == NULL)) {
 800a5e8:	68d3      	ldr	r3, [r2, #12]
 800a5ea:	b9a3      	cbnz	r3, 800a616 <osThreadNew+0x8a>
 800a5ec:	6913      	ldr	r3, [r2, #16]
 800a5ee:	b1ab      	cbz	r3, 800a61c <osThreadNew+0x90>
    mem  = -1;
 800a5f0:	f04f 33ff 	mov.w	r3, #4294967295
 800a5f4:	e7f1      	b.n	800a5da <osThreadNew+0x4e>
        hTask = xTaskCreateStatic ((TaskFunction_t)func, name, stack, argument, prio, (StackType_t  *)attr->stack_mem,
 800a5f6:	9302      	str	r3, [sp, #8]
 800a5f8:	9701      	str	r7, [sp, #4]
 800a5fa:	9600      	str	r6, [sp, #0]
 800a5fc:	460b      	mov	r3, r1
 800a5fe:	4662      	mov	r2, ip
 800a600:	4629      	mov	r1, r5
 800a602:	f006 f8f3 	bl	80107ec <xTaskCreateStatic>
 800a606:	9005      	str	r0, [sp, #20]
 800a608:	e7e8      	b.n	800a5dc <osThreadNew+0x50>
    name = NULL;
 800a60a:	4615      	mov	r5, r2
      mem = 0;
 800a60c:	2300      	movs	r3, #0
    prio  = (UBaseType_t)osPriorityNormal;
 800a60e:	2618      	movs	r6, #24
    stack = configMINIMAL_STACK_SIZE;
 800a610:	f04f 0c80 	mov.w	ip, #128	@ 0x80
 800a614:	e7e1      	b.n	800a5da <osThreadNew+0x4e>
    mem  = -1;
 800a616:	f04f 33ff 	mov.w	r3, #4294967295
 800a61a:	e7de      	b.n	800a5da <osThreadNew+0x4e>
          mem = 0;
 800a61c:	2300      	movs	r3, #0
 800a61e:	e7dc      	b.n	800a5da <osThreadNew+0x4e>
          if (xTaskCreate ((TaskFunction_t)func, name, (uint16_t)stack, argument, prio, &hTask) != pdPASS) {
 800a620:	ab05      	add	r3, sp, #20
 800a622:	9301      	str	r3, [sp, #4]
 800a624:	9600      	str	r6, [sp, #0]
 800a626:	460b      	mov	r3, r1
 800a628:	fa1f f28c 	uxth.w	r2, ip
 800a62c:	4629      	mov	r1, r5
 800a62e:	f006 f918 	bl	8010862 <xTaskCreate>
 800a632:	2801      	cmp	r0, #1
 800a634:	d0d2      	beq.n	800a5dc <osThreadNew+0x50>
            hTask = NULL;
 800a636:	2300      	movs	r3, #0
 800a638:	9305      	str	r3, [sp, #20]
 800a63a:	e7cf      	b.n	800a5dc <osThreadNew+0x50>
        return (NULL);
 800a63c:	2000      	movs	r0, #0
 800a63e:	e7ce      	b.n	800a5de <osThreadNew+0x52>

0800a640 <osDelay>:
  /* Return flags before clearing */
  return (rflags);
}
#endif /* (configUSE_OS2_THREAD_FLAGS == 1) */

osStatus_t osDelay (uint32_t ticks) {
 800a640:	b508      	push	{r3, lr}
 800a642:	f3ef 8305 	mrs	r3, IPSR
  osStatus_t stat;

  if (IS_IRQ()) {
 800a646:	b933      	cbnz	r3, 800a656 <osDelay+0x16>
    stat = osErrorISR;
  }
  else {
    stat = osOK;

    if (ticks != 0U) {
 800a648:	b908      	cbnz	r0, 800a64e <osDelay+0xe>
    stat = osOK;
 800a64a:	2000      	movs	r0, #0
      vTaskDelay(ticks);
    }
  }

  return (stat);
}
 800a64c:	bd08      	pop	{r3, pc}
      vTaskDelay(ticks);
 800a64e:	f006 faa5 	bl	8010b9c <vTaskDelay>
    stat = osOK;
 800a652:	2000      	movs	r0, #0
 800a654:	e7fa      	b.n	800a64c <osDelay+0xc>
    stat = osErrorISR;
 800a656:	f06f 0005 	mvn.w	r0, #5
 800a65a:	e7f7      	b.n	800a64c <osDelay+0xc>

0800a65c <osMutexNew>:
}

/*---------------------------------------------------------------------------*/
#if (configUSE_OS2_MUTEX == 1)

osMutexId_t osMutexNew (const osMutexAttr_t *attr) {
 800a65c:	b570      	push	{r4, r5, r6, lr}
 800a65e:	f3ef 8605 	mrs	r6, IPSR
  const char *name;
  #endif

  hMutex = NULL;

  if (!IS_IRQ()) {
 800a662:	2e00      	cmp	r6, #0
 800a664:	d13e      	bne.n	800a6e4 <osMutexNew+0x88>
 800a666:	4604      	mov	r4, r0
    if (attr != NULL) {
 800a668:	b308      	cbz	r0, 800a6ae <osMutexNew+0x52>
      type = attr->attr_bits;
 800a66a:	6843      	ldr	r3, [r0, #4]
    } else {
      type = 0U;
    }

    if ((type & osMutexRecursive) == osMutexRecursive) {
 800a66c:	f013 0601 	ands.w	r6, r3, #1
 800a670:	d000      	beq.n	800a674 <osMutexNew+0x18>
      rmtx = 1U;
 800a672:	2601      	movs	r6, #1
    } else {
      rmtx = 0U;
    }

    if ((type & osMutexRobust) != osMutexRobust) {
 800a674:	f013 0f08 	tst.w	r3, #8
 800a678:	d137      	bne.n	800a6ea <osMutexNew+0x8e>
      mem = -1;

      if (attr != NULL) {
 800a67a:	b354      	cbz	r4, 800a6d2 <osMutexNew+0x76>
        if ((attr->cb_mem != NULL) && (attr->cb_size >= sizeof(StaticSemaphore_t))) {
 800a67c:	68a1      	ldr	r1, [r4, #8]
 800a67e:	b111      	cbz	r1, 800a686 <osMutexNew+0x2a>
 800a680:	68e3      	ldr	r3, [r4, #12]
 800a682:	2b4f      	cmp	r3, #79	@ 0x4f
 800a684:	d81a      	bhi.n	800a6bc <osMutexNew+0x60>
          mem = 1;
        }
        else {
          if ((attr->cb_mem == NULL) && (attr->cb_size == 0U)) {
 800a686:	b1a1      	cbz	r1, 800a6b2 <osMutexNew+0x56>
      mem = -1;
 800a688:	f04f 33ff 	mov.w	r3, #4294967295
            hMutex = xSemaphoreCreateMutexStatic (attr->cb_mem);
          }
        #endif
      }
      else {
        if (mem == 0) {
 800a68c:	bb7b      	cbnz	r3, 800a6ee <osMutexNew+0x92>
          #if (configSUPPORT_DYNAMIC_ALLOCATION == 1)
            if (rmtx != 0U) {
 800a68e:	b326      	cbz	r6, 800a6da <osMutexNew+0x7e>
              #if (configUSE_RECURSIVE_MUTEXES == 1)
              hMutex = xSemaphoreCreateRecursiveMutex ();
 800a690:	2004      	movs	r0, #4
 800a692:	f001 fe35 	bl	800c300 <xQueueCreateMutex>
 800a696:	4605      	mov	r5, r0
          #endif
        }
      }

      #if (configQUEUE_REGISTRY_SIZE > 0)
      if (hMutex != NULL) {
 800a698:	b32d      	cbz	r5, 800a6e6 <osMutexNew+0x8a>
        if (attr != NULL) {
 800a69a:	b104      	cbz	r4, 800a69e <osMutexNew+0x42>
          name = attr->name;
 800a69c:	6824      	ldr	r4, [r4, #0]
        } else {
          name = NULL;
        }
        vQueueAddToRegistry (hMutex, name);
 800a69e:	4621      	mov	r1, r4
 800a6a0:	4628      	mov	r0, r5
 800a6a2:	f002 f921 	bl	800c8e8 <vQueueAddToRegistry>
      }
      #endif

      if ((hMutex != NULL) && (rmtx != 0U)) {
 800a6a6:	b1f6      	cbz	r6, 800a6e6 <osMutexNew+0x8a>
        hMutex = (SemaphoreHandle_t)((uint32_t)hMutex | 1U);
 800a6a8:	f045 0501 	orr.w	r5, r5, #1
 800a6ac:	e01b      	b.n	800a6e6 <osMutexNew+0x8a>
      type = 0U;
 800a6ae:	4633      	mov	r3, r6
 800a6b0:	e7e0      	b.n	800a674 <osMutexNew+0x18>
          if ((attr->cb_mem == NULL) && (attr->cb_size == 0U)) {
 800a6b2:	68e3      	ldr	r3, [r4, #12]
 800a6b4:	b17b      	cbz	r3, 800a6d6 <osMutexNew+0x7a>
      mem = -1;
 800a6b6:	f04f 33ff 	mov.w	r3, #4294967295
 800a6ba:	e7e7      	b.n	800a68c <osMutexNew+0x30>
          if (rmtx != 0U) {
 800a6bc:	b126      	cbz	r6, 800a6c8 <osMutexNew+0x6c>
            hMutex = xSemaphoreCreateRecursiveMutexStatic (attr->cb_mem);
 800a6be:	2004      	movs	r0, #4
 800a6c0:	f001 fe29 	bl	800c316 <xQueueCreateMutexStatic>
 800a6c4:	4605      	mov	r5, r0
 800a6c6:	e7e7      	b.n	800a698 <osMutexNew+0x3c>
            hMutex = xSemaphoreCreateMutexStatic (attr->cb_mem);
 800a6c8:	2001      	movs	r0, #1
 800a6ca:	f001 fe24 	bl	800c316 <xQueueCreateMutexStatic>
 800a6ce:	4605      	mov	r5, r0
 800a6d0:	e7e2      	b.n	800a698 <osMutexNew+0x3c>
        mem = 0;
 800a6d2:	2300      	movs	r3, #0
 800a6d4:	e7da      	b.n	800a68c <osMutexNew+0x30>
            mem = 0;
 800a6d6:	2300      	movs	r3, #0
 800a6d8:	e7d8      	b.n	800a68c <osMutexNew+0x30>
              hMutex = xSemaphoreCreateMutex ();
 800a6da:	2001      	movs	r0, #1
 800a6dc:	f001 fe10 	bl	800c300 <xQueueCreateMutex>
 800a6e0:	4605      	mov	r5, r0
 800a6e2:	e7d9      	b.n	800a698 <osMutexNew+0x3c>
  hMutex = NULL;
 800a6e4:	2500      	movs	r5, #0
      }
    }
  }

  return ((osMutexId_t)hMutex);
}
 800a6e6:	4628      	mov	r0, r5
 800a6e8:	bd70      	pop	{r4, r5, r6, pc}
  hMutex = NULL;
 800a6ea:	2500      	movs	r5, #0
 800a6ec:	e7fb      	b.n	800a6e6 <osMutexNew+0x8a>
 800a6ee:	2500      	movs	r5, #0
  return ((osMutexId_t)hMutex);
 800a6f0:	e7f9      	b.n	800a6e6 <osMutexNew+0x8a>

0800a6f2 <osMutexAcquire>:
 800a6f2:	f3ef 8205 	mrs	r2, IPSR

  rmtx = (uint32_t)mutex_id & 1U;

  stat = osOK;

  if (IS_IRQ()) {
 800a6f6:	b9da      	cbnz	r2, 800a730 <osMutexAcquire+0x3e>
osStatus_t osMutexAcquire (osMutexId_t mutex_id, uint32_t timeout) {
 800a6f8:	b510      	push	{r4, lr}
 800a6fa:	4603      	mov	r3, r0
 800a6fc:	460c      	mov	r4, r1
 800a6fe:	f020 0001 	bic.w	r0, r0, #1
 800a702:	f003 0101 	and.w	r1, r3, #1
    stat = osErrorISR;
  }
  else if (hMutex == NULL) {
 800a706:	2b01      	cmp	r3, #1
 800a708:	d915      	bls.n	800a736 <osMutexAcquire+0x44>
    stat = osErrorParameter;
  }
  else {
    if (rmtx != 0U) {
 800a70a:	b141      	cbz	r1, 800a71e <osMutexAcquire+0x2c>
      #if (configUSE_RECURSIVE_MUTEXES == 1)
      if (xSemaphoreTakeRecursive (hMutex, timeout) != pdPASS) {
 800a70c:	4621      	mov	r1, r4
 800a70e:	f002 f873 	bl	800c7f8 <xQueueTakeMutexRecursive>
 800a712:	2801      	cmp	r0, #1
 800a714:	d012      	beq.n	800a73c <osMutexAcquire+0x4a>
        if (timeout != 0U) {
 800a716:	b19c      	cbz	r4, 800a740 <osMutexAcquire+0x4e>
          stat = osErrorTimeout;
 800a718:	f06f 0001 	mvn.w	r0, #1
 800a71c:	e00f      	b.n	800a73e <osMutexAcquire+0x4c>
        }
      }
      #endif
    }
    else {
      if (xSemaphoreTake (hMutex, timeout) != pdPASS) {
 800a71e:	4621      	mov	r1, r4
 800a720:	f001 ff97 	bl	800c652 <xQueueSemaphoreTake>
 800a724:	2801      	cmp	r0, #1
 800a726:	d00e      	beq.n	800a746 <osMutexAcquire+0x54>
        if (timeout != 0U) {
 800a728:	b17c      	cbz	r4, 800a74a <osMutexAcquire+0x58>
          stat = osErrorTimeout;
 800a72a:	f06f 0001 	mvn.w	r0, #1
 800a72e:	e006      	b.n	800a73e <osMutexAcquire+0x4c>
    stat = osErrorISR;
 800a730:	f06f 0005 	mvn.w	r0, #5
      }
    }
  }

  return (stat);
}
 800a734:	4770      	bx	lr
    stat = osErrorParameter;
 800a736:	f06f 0003 	mvn.w	r0, #3
 800a73a:	e000      	b.n	800a73e <osMutexAcquire+0x4c>
  stat = osOK;
 800a73c:	2000      	movs	r0, #0
}
 800a73e:	bd10      	pop	{r4, pc}
          stat = osErrorResource;
 800a740:	f06f 0002 	mvn.w	r0, #2
 800a744:	e7fb      	b.n	800a73e <osMutexAcquire+0x4c>
  stat = osOK;
 800a746:	2000      	movs	r0, #0
 800a748:	e7f9      	b.n	800a73e <osMutexAcquire+0x4c>
          stat = osErrorResource;
 800a74a:	f06f 0002 	mvn.w	r0, #2
  return (stat);
 800a74e:	e7f6      	b.n	800a73e <osMutexAcquire+0x4c>

0800a750 <osMutexRelease>:
 800a750:	f3ef 8205 	mrs	r2, IPSR

  rmtx = (uint32_t)mutex_id & 1U;

  stat = osOK;

  if (IS_IRQ()) {
 800a754:	b9ba      	cbnz	r2, 800a786 <osMutexRelease+0x36>
osStatus_t osMutexRelease (osMutexId_t mutex_id) {
 800a756:	b508      	push	{r3, lr}
 800a758:	4603      	mov	r3, r0
 800a75a:	f020 0001 	bic.w	r0, r0, #1
 800a75e:	f003 0101 	and.w	r1, r3, #1
    stat = osErrorISR;
  }
  else if (hMutex == NULL) {
 800a762:	2b01      	cmp	r3, #1
 800a764:	d912      	bls.n	800a78c <osMutexRelease+0x3c>
    stat = osErrorParameter;
  }
  else {
    if (rmtx != 0U) {
 800a766:	b129      	cbz	r1, 800a774 <osMutexRelease+0x24>
      #if (configUSE_RECURSIVE_MUTEXES == 1)
      if (xSemaphoreGiveRecursive (hMutex) != pdPASS) {
 800a768:	f001 fde4 	bl	800c334 <xQueueGiveMutexRecursive>
 800a76c:	2801      	cmp	r0, #1
 800a76e:	d110      	bne.n	800a792 <osMutexRelease+0x42>
  stat = osOK;
 800a770:	2000      	movs	r0, #0
      }
    }
  }

  return (stat);
}
 800a772:	bd08      	pop	{r3, pc}
      if (xSemaphoreGive (hMutex) != pdPASS) {
 800a774:	2300      	movs	r3, #0
 800a776:	461a      	mov	r2, r3
 800a778:	4619      	mov	r1, r3
 800a77a:	f001 fcf1 	bl	800c160 <xQueueGenericSend>
 800a77e:	2801      	cmp	r0, #1
 800a780:	d10a      	bne.n	800a798 <osMutexRelease+0x48>
  stat = osOK;
 800a782:	2000      	movs	r0, #0
 800a784:	e7f5      	b.n	800a772 <osMutexRelease+0x22>
    stat = osErrorISR;
 800a786:	f06f 0005 	mvn.w	r0, #5
}
 800a78a:	4770      	bx	lr
    stat = osErrorParameter;
 800a78c:	f06f 0003 	mvn.w	r0, #3
 800a790:	e7ef      	b.n	800a772 <osMutexRelease+0x22>
        stat = osErrorResource;
 800a792:	f06f 0002 	mvn.w	r0, #2
 800a796:	e7ec      	b.n	800a772 <osMutexRelease+0x22>
        stat = osErrorResource;
 800a798:	f06f 0002 	mvn.w	r0, #2
  return (stat);
 800a79c:	e7e9      	b.n	800a772 <osMutexRelease+0x22>

0800a79e <osSemaphoreNew>:
}
#endif /* (configUSE_OS2_MUTEX == 1) */

/*---------------------------------------------------------------------------*/

osSemaphoreId_t osSemaphoreNew (uint32_t max_count, uint32_t initial_count, const osSemaphoreAttr_t *attr) {
 800a79e:	b570      	push	{r4, r5, r6, lr}
 800a7a0:	b082      	sub	sp, #8
 800a7a2:	f3ef 8305 	mrs	r3, IPSR
  const char *name;
  #endif

  hSemaphore = NULL;

  if (!IS_IRQ() && (max_count > 0U) && (initial_count <= max_count)) {
 800a7a6:	2b00      	cmp	r3, #0
 800a7a8:	d148      	bne.n	800a83c <osSemaphoreNew+0x9e>
 800a7aa:	460e      	mov	r6, r1
 800a7ac:	4614      	mov	r4, r2
 800a7ae:	2800      	cmp	r0, #0
 800a7b0:	d048      	beq.n	800a844 <osSemaphoreNew+0xa6>
 800a7b2:	4288      	cmp	r0, r1
 800a7b4:	d348      	bcc.n	800a848 <osSemaphoreNew+0xaa>
    mem = -1;

    if (attr != NULL) {
 800a7b6:	b14a      	cbz	r2, 800a7cc <osSemaphoreNew+0x2e>
      if ((attr->cb_mem != NULL) && (attr->cb_size >= sizeof(StaticSemaphore_t))) {
 800a7b8:	6895      	ldr	r5, [r2, #8]
 800a7ba:	b115      	cbz	r5, 800a7c2 <osSemaphoreNew+0x24>
 800a7bc:	68d3      	ldr	r3, [r2, #12]
 800a7be:	2b4f      	cmp	r3, #79	@ 0x4f
 800a7c0:	d814      	bhi.n	800a7ec <osSemaphoreNew+0x4e>
        mem = 1;
      }
      else {
        if ((attr->cb_mem == NULL) && (attr->cb_size == 0U)) {
 800a7c2:	2d00      	cmp	r5, #0
 800a7c4:	d142      	bne.n	800a84c <osSemaphoreNew+0xae>
 800a7c6:	68e3      	ldr	r3, [r4, #12]
 800a7c8:	b10b      	cbz	r3, 800a7ce <osSemaphoreNew+0x30>
 800a7ca:	e038      	b.n	800a83e <osSemaphoreNew+0xa0>
          mem = 0;
        }
      }
    }
    else {
      mem = 0;
 800a7cc:	2300      	movs	r3, #0
    }

    if (mem != -1) {
      if (max_count == 1U) {
 800a7ce:	2801      	cmp	r0, #1
 800a7d0:	d00e      	beq.n	800a7f0 <osSemaphoreNew+0x52>
            hSemaphore = NULL;
          }
        }
      }
      else {
        if (mem == 1) {
 800a7d2:	bb6b      	cbnz	r3, 800a830 <osSemaphoreNew+0x92>
            hSemaphore = xSemaphoreCreateCountingStatic (max_count, initial_count, (StaticSemaphore_t *)attr->cb_mem);
          #endif
        }
        else {
          #if (configSUPPORT_DYNAMIC_ALLOCATION == 1)
            hSemaphore = xSemaphoreCreateCounting (max_count, initial_count);
 800a7d4:	4631      	mov	r1, r6
 800a7d6:	f001 fca5 	bl	800c124 <xQueueCreateCountingSemaphore>
 800a7da:	4605      	mov	r5, r0
          #endif
        }
      }
      
      #if (configQUEUE_REGISTRY_SIZE > 0)
      if (hSemaphore != NULL) {
 800a7dc:	b37d      	cbz	r5, 800a83e <osSemaphoreNew+0xa0>
        if (attr != NULL) {
 800a7de:	b104      	cbz	r4, 800a7e2 <osSemaphoreNew+0x44>
          name = attr->name;
 800a7e0:	6824      	ldr	r4, [r4, #0]
        } else {
          name = NULL;
        }
        vQueueAddToRegistry (hSemaphore, name);
 800a7e2:	4621      	mov	r1, r4
 800a7e4:	4628      	mov	r0, r5
 800a7e6:	f002 f87f 	bl	800c8e8 <vQueueAddToRegistry>
 800a7ea:	e028      	b.n	800a83e <osSemaphoreNew+0xa0>
        mem = 1;
 800a7ec:	2301      	movs	r3, #1
 800a7ee:	e7ee      	b.n	800a7ce <osSemaphoreNew+0x30>
        if (mem == 1) {
 800a7f0:	b9ab      	cbnz	r3, 800a81e <osSemaphoreNew+0x80>
            hSemaphore = xSemaphoreCreateBinary();
 800a7f2:	2203      	movs	r2, #3
 800a7f4:	2100      	movs	r1, #0
 800a7f6:	2001      	movs	r0, #1
 800a7f8:	f001 fc4d 	bl	800c096 <xQueueGenericCreate>
 800a7fc:	4605      	mov	r5, r0
        if ((hSemaphore != NULL) && (initial_count != 0U)) {
 800a7fe:	b1f5      	cbz	r5, 800a83e <osSemaphoreNew+0xa0>
 800a800:	2e00      	cmp	r6, #0
 800a802:	d0eb      	beq.n	800a7dc <osSemaphoreNew+0x3e>
          if (xSemaphoreGive (hSemaphore) != pdPASS) {
 800a804:	2300      	movs	r3, #0
 800a806:	461a      	mov	r2, r3
 800a808:	4619      	mov	r1, r3
 800a80a:	4628      	mov	r0, r5
 800a80c:	f001 fca8 	bl	800c160 <xQueueGenericSend>
 800a810:	2801      	cmp	r0, #1
 800a812:	d0e3      	beq.n	800a7dc <osSemaphoreNew+0x3e>
            vSemaphoreDelete (hSemaphore);
 800a814:	4628      	mov	r0, r5
 800a816:	f002 f891 	bl	800c93c <vQueueDelete>
            hSemaphore = NULL;
 800a81a:	2500      	movs	r5, #0
 800a81c:	e00f      	b.n	800a83e <osSemaphoreNew+0xa0>
            hSemaphore = xSemaphoreCreateBinaryStatic ((StaticSemaphore_t *)attr->cb_mem);
 800a81e:	68a3      	ldr	r3, [r4, #8]
 800a820:	2203      	movs	r2, #3
 800a822:	9200      	str	r2, [sp, #0]
 800a824:	2200      	movs	r2, #0
 800a826:	4611      	mov	r1, r2
 800a828:	f001 fbeb 	bl	800c002 <xQueueGenericCreateStatic>
 800a82c:	4605      	mov	r5, r0
 800a82e:	e7e6      	b.n	800a7fe <osSemaphoreNew+0x60>
            hSemaphore = xSemaphoreCreateCountingStatic (max_count, initial_count, (StaticSemaphore_t *)attr->cb_mem);
 800a830:	68a2      	ldr	r2, [r4, #8]
 800a832:	4631      	mov	r1, r6
 800a834:	f001 fc53 	bl	800c0de <xQueueCreateCountingSemaphoreStatic>
 800a838:	4605      	mov	r5, r0
 800a83a:	e7cf      	b.n	800a7dc <osSemaphoreNew+0x3e>
  hSemaphore = NULL;
 800a83c:	2500      	movs	r5, #0
      #endif
    }
  }

  return ((osSemaphoreId_t)hSemaphore);
}
 800a83e:	4628      	mov	r0, r5
 800a840:	b002      	add	sp, #8
 800a842:	bd70      	pop	{r4, r5, r6, pc}
  hSemaphore = NULL;
 800a844:	2500      	movs	r5, #0
 800a846:	e7fa      	b.n	800a83e <osSemaphoreNew+0xa0>
 800a848:	2500      	movs	r5, #0
 800a84a:	e7f8      	b.n	800a83e <osSemaphoreNew+0xa0>
 800a84c:	2500      	movs	r5, #0
  return ((osSemaphoreId_t)hSemaphore);
 800a84e:	e7f6      	b.n	800a83e <osSemaphoreNew+0xa0>

0800a850 <osSemaphoreAcquire>:
  osStatus_t stat;
  BaseType_t yield;

  stat = osOK;

  if (hSemaphore == NULL) {
 800a850:	b320      	cbz	r0, 800a89c <osSemaphoreAcquire+0x4c>
osStatus_t osSemaphoreAcquire (osSemaphoreId_t semaphore_id, uint32_t timeout) {
 800a852:	b510      	push	{r4, lr}
 800a854:	b082      	sub	sp, #8
 800a856:	460c      	mov	r4, r1
 800a858:	f3ef 8305 	mrs	r3, IPSR
    stat = osErrorParameter;
  }
  else if (IS_IRQ()) {
 800a85c:	b1b3      	cbz	r3, 800a88c <osSemaphoreAcquire+0x3c>
    if (timeout != 0U) {
 800a85e:	bb01      	cbnz	r1, 800a8a2 <osSemaphoreAcquire+0x52>
      stat = osErrorParameter;
    }
    else {
      yield = pdFALSE;
 800a860:	2100      	movs	r1, #0
 800a862:	9101      	str	r1, [sp, #4]

      if (xSemaphoreTakeFromISR (hSemaphore, &yield) != pdPASS) {
 800a864:	aa01      	add	r2, sp, #4
 800a866:	f001 ffe7 	bl	800c838 <xQueueReceiveFromISR>
 800a86a:	2801      	cmp	r0, #1
 800a86c:	d11c      	bne.n	800a8a8 <osSemaphoreAcquire+0x58>
        stat = osErrorResource;
      } else {
        portYIELD_FROM_ISR (yield);
 800a86e:	9801      	ldr	r0, [sp, #4]
 800a870:	b150      	cbz	r0, 800a888 <osSemaphoreAcquire+0x38>
 800a872:	f04f 23e0 	mov.w	r3, #3758153728	@ 0xe000e000
 800a876:	f04f 5280 	mov.w	r2, #268435456	@ 0x10000000
 800a87a:	f8c3 2d04 	str.w	r2, [r3, #3332]	@ 0xd04
 800a87e:	f3bf 8f4f 	dsb	sy
 800a882:	f3bf 8f6f 	isb	sy
  stat = osOK;
 800a886:	2000      	movs	r0, #0
      }
    }
  }

  return (stat);
}
 800a888:	b002      	add	sp, #8
 800a88a:	bd10      	pop	{r4, pc}
    if (xSemaphoreTake (hSemaphore, (TickType_t)timeout) != pdPASS) {
 800a88c:	f001 fee1 	bl	800c652 <xQueueSemaphoreTake>
 800a890:	2801      	cmp	r0, #1
 800a892:	d00c      	beq.n	800a8ae <osSemaphoreAcquire+0x5e>
      if (timeout != 0U) {
 800a894:	b16c      	cbz	r4, 800a8b2 <osSemaphoreAcquire+0x62>
        stat = osErrorTimeout;
 800a896:	f06f 0001 	mvn.w	r0, #1
 800a89a:	e7f5      	b.n	800a888 <osSemaphoreAcquire+0x38>
    stat = osErrorParameter;
 800a89c:	f06f 0003 	mvn.w	r0, #3
}
 800a8a0:	4770      	bx	lr
      stat = osErrorParameter;
 800a8a2:	f06f 0003 	mvn.w	r0, #3
 800a8a6:	e7ef      	b.n	800a888 <osSemaphoreAcquire+0x38>
        stat = osErrorResource;
 800a8a8:	f06f 0002 	mvn.w	r0, #2
 800a8ac:	e7ec      	b.n	800a888 <osSemaphoreAcquire+0x38>
  stat = osOK;
 800a8ae:	2000      	movs	r0, #0
 800a8b0:	e7ea      	b.n	800a888 <osSemaphoreAcquire+0x38>
        stat = osErrorResource;
 800a8b2:	f06f 0002 	mvn.w	r0, #2
  return (stat);
 800a8b6:	e7e7      	b.n	800a888 <osSemaphoreAcquire+0x38>

0800a8b8 <osSemaphoreRelease>:
  osStatus_t stat;
  BaseType_t yield;

  stat = osOK;

  if (hSemaphore == NULL) {
 800a8b8:	b320      	cbz	r0, 800a904 <osSemaphoreRelease+0x4c>
osStatus_t osSemaphoreRelease (osSemaphoreId_t semaphore_id) {
 800a8ba:	b500      	push	{lr}
 800a8bc:	b083      	sub	sp, #12
 800a8be:	f3ef 8305 	mrs	r3, IPSR
    stat = osErrorParameter;
  }
  else if (IS_IRQ()) {
 800a8c2:	b1a3      	cbz	r3, 800a8ee <osSemaphoreRelease+0x36>
    yield = pdFALSE;
 800a8c4:	2300      	movs	r3, #0
 800a8c6:	9301      	str	r3, [sp, #4]

    if (xSemaphoreGiveFromISR (hSemaphore, &yield) != pdTRUE) {
 800a8c8:	a901      	add	r1, sp, #4
 800a8ca:	f001 fdba 	bl	800c442 <xQueueGiveFromISR>
 800a8ce:	2801      	cmp	r0, #1
 800a8d0:	d11b      	bne.n	800a90a <osSemaphoreRelease+0x52>
      stat = osErrorResource;
    } else {
      portYIELD_FROM_ISR (yield);
 800a8d2:	9801      	ldr	r0, [sp, #4]
 800a8d4:	b198      	cbz	r0, 800a8fe <osSemaphoreRelease+0x46>
 800a8d6:	f04f 23e0 	mov.w	r3, #3758153728	@ 0xe000e000
 800a8da:	f04f 5280 	mov.w	r2, #268435456	@ 0x10000000
 800a8de:	f8c3 2d04 	str.w	r2, [r3, #3332]	@ 0xd04
 800a8e2:	f3bf 8f4f 	dsb	sy
 800a8e6:	f3bf 8f6f 	isb	sy
  stat = osOK;
 800a8ea:	2000      	movs	r0, #0
 800a8ec:	e007      	b.n	800a8fe <osSemaphoreRelease+0x46>
    }
  }
  else {
    if (xSemaphoreGive (hSemaphore) != pdPASS) {
 800a8ee:	2300      	movs	r3, #0
 800a8f0:	461a      	mov	r2, r3
 800a8f2:	4619      	mov	r1, r3
 800a8f4:	f001 fc34 	bl	800c160 <xQueueGenericSend>
 800a8f8:	2801      	cmp	r0, #1
 800a8fa:	d109      	bne.n	800a910 <osSemaphoreRelease+0x58>
  stat = osOK;
 800a8fc:	2000      	movs	r0, #0
      stat = osErrorResource;
    }
  }

  return (stat);
}
 800a8fe:	b003      	add	sp, #12
 800a900:	f85d fb04 	ldr.w	pc, [sp], #4
    stat = osErrorParameter;
 800a904:	f06f 0003 	mvn.w	r0, #3
}
 800a908:	4770      	bx	lr
      stat = osErrorResource;
 800a90a:	f06f 0002 	mvn.w	r0, #2
 800a90e:	e7f6      	b.n	800a8fe <osSemaphoreRelease+0x46>
      stat = osErrorResource;
 800a910:	f06f 0002 	mvn.w	r0, #2
  return (stat);
 800a914:	e7f3      	b.n	800a8fe <osSemaphoreRelease+0x46>

0800a916 <osMessageQueueNew>:
  return (stat);
}

/*---------------------------------------------------------------------------*/

osMessageQueueId_t osMessageQueueNew (uint32_t msg_count, uint32_t msg_size, const osMessageQueueAttr_t *attr) {
 800a916:	b570      	push	{r4, r5, r6, lr}
 800a918:	b082      	sub	sp, #8
 800a91a:	f3ef 8305 	mrs	r3, IPSR
  const char *name;
  #endif

  hQueue = NULL;

  if (!IS_IRQ() && (msg_count > 0U) && (msg_size > 0U)) {
 800a91e:	2b00      	cmp	r3, #0
 800a920:	d13a      	bne.n	800a998 <osMessageQueueNew+0x82>
 800a922:	4614      	mov	r4, r2
 800a924:	2800      	cmp	r0, #0
 800a926:	d03b      	beq.n	800a9a0 <osMessageQueueNew+0x8a>
 800a928:	2900      	cmp	r1, #0
 800a92a:	d03b      	beq.n	800a9a4 <osMessageQueueNew+0x8e>
    mem = -1;

    if (attr != NULL) {
 800a92c:	b36a      	cbz	r2, 800a98a <osMessageQueueNew+0x74>
      if ((attr->cb_mem != NULL) && (attr->cb_size >= sizeof(StaticQueue_t)) &&
 800a92e:	6893      	ldr	r3, [r2, #8]
 800a930:	b14b      	cbz	r3, 800a946 <osMessageQueueNew+0x30>
 800a932:	68d2      	ldr	r2, [r2, #12]
 800a934:	2a4f      	cmp	r2, #79	@ 0x4f
 800a936:	d906      	bls.n	800a946 <osMessageQueueNew+0x30>
          (attr->mq_mem != NULL) && (attr->mq_size >= (msg_count * msg_size))) {
 800a938:	6922      	ldr	r2, [r4, #16]
      if ((attr->cb_mem != NULL) && (attr->cb_size >= sizeof(StaticQueue_t)) &&
 800a93a:	b122      	cbz	r2, 800a946 <osMessageQueueNew+0x30>
          (attr->mq_mem != NULL) && (attr->mq_size >= (msg_count * msg_size))) {
 800a93c:	fb01 f500 	mul.w	r5, r1, r0
 800a940:	6966      	ldr	r6, [r4, #20]
 800a942:	42ae      	cmp	r6, r5
 800a944:	d21b      	bcs.n	800a97e <osMessageQueueNew+0x68>
        mem = 1;
      }
      else {
        if ((attr->cb_mem == NULL) && (attr->cb_size == 0U) &&
 800a946:	b173      	cbz	r3, 800a966 <osMessageQueueNew+0x50>
    mem = -1;
 800a948:	f04f 33ff 	mov.w	r3, #4294967295
      #if (configSUPPORT_STATIC_ALLOCATION == 1)
        hQueue = xQueueCreateStatic (msg_count, msg_size, attr->mq_mem, attr->cb_mem);
      #endif
    }
    else {
      if (mem == 0) {
 800a94c:	bb63      	cbnz	r3, 800a9a8 <osMessageQueueNew+0x92>
        #if (configSUPPORT_DYNAMIC_ALLOCATION == 1)
          hQueue = xQueueCreate (msg_count, msg_size);
 800a94e:	2200      	movs	r2, #0
 800a950:	f001 fba1 	bl	800c096 <xQueueGenericCreate>
 800a954:	4605      	mov	r5, r0
        #endif
      }
    }

    #if (configQUEUE_REGISTRY_SIZE > 0)
    if (hQueue != NULL) {
 800a956:	b305      	cbz	r5, 800a99a <osMessageQueueNew+0x84>
      if (attr != NULL) {
 800a958:	b104      	cbz	r4, 800a95c <osMessageQueueNew+0x46>
        name = attr->name;
 800a95a:	6824      	ldr	r4, [r4, #0]
      } else {
        name = NULL;
      }
      vQueueAddToRegistry (hQueue, name);
 800a95c:	4621      	mov	r1, r4
 800a95e:	4628      	mov	r0, r5
 800a960:	f001 ffc2 	bl	800c8e8 <vQueueAddToRegistry>
 800a964:	e019      	b.n	800a99a <osMessageQueueNew+0x84>
        if ((attr->cb_mem == NULL) && (attr->cb_size == 0U) &&
 800a966:	68e3      	ldr	r3, [r4, #12]
 800a968:	b98b      	cbnz	r3, 800a98e <osMessageQueueNew+0x78>
            (attr->mq_mem == NULL) && (attr->mq_size == 0U)) {
 800a96a:	6923      	ldr	r3, [r4, #16]
        if ((attr->cb_mem == NULL) && (attr->cb_size == 0U) &&
 800a96c:	b113      	cbz	r3, 800a974 <osMessageQueueNew+0x5e>
    mem = -1;
 800a96e:	f04f 33ff 	mov.w	r3, #4294967295
 800a972:	e7eb      	b.n	800a94c <osMessageQueueNew+0x36>
            (attr->mq_mem == NULL) && (attr->mq_size == 0U)) {
 800a974:	6963      	ldr	r3, [r4, #20]
 800a976:	b16b      	cbz	r3, 800a994 <osMessageQueueNew+0x7e>
    mem = -1;
 800a978:	f04f 33ff 	mov.w	r3, #4294967295
 800a97c:	e7e6      	b.n	800a94c <osMessageQueueNew+0x36>
        hQueue = xQueueCreateStatic (msg_count, msg_size, attr->mq_mem, attr->cb_mem);
 800a97e:	2500      	movs	r5, #0
 800a980:	9500      	str	r5, [sp, #0]
 800a982:	f001 fb3e 	bl	800c002 <xQueueGenericCreateStatic>
 800a986:	4605      	mov	r5, r0
 800a988:	e7e5      	b.n	800a956 <osMessageQueueNew+0x40>
      mem = 0;
 800a98a:	2300      	movs	r3, #0
 800a98c:	e7de      	b.n	800a94c <osMessageQueueNew+0x36>
    mem = -1;
 800a98e:	f04f 33ff 	mov.w	r3, #4294967295
 800a992:	e7db      	b.n	800a94c <osMessageQueueNew+0x36>
          mem = 0;
 800a994:	2300      	movs	r3, #0
 800a996:	e7d9      	b.n	800a94c <osMessageQueueNew+0x36>
  hQueue = NULL;
 800a998:	2500      	movs	r5, #0
    #endif

  }

  return ((osMessageQueueId_t)hQueue);
}
 800a99a:	4628      	mov	r0, r5
 800a99c:	b002      	add	sp, #8
 800a99e:	bd70      	pop	{r4, r5, r6, pc}
  hQueue = NULL;
 800a9a0:	2500      	movs	r5, #0
 800a9a2:	e7fa      	b.n	800a99a <osMessageQueueNew+0x84>
 800a9a4:	2500      	movs	r5, #0
 800a9a6:	e7f8      	b.n	800a99a <osMessageQueueNew+0x84>
 800a9a8:	2500      	movs	r5, #0
  return ((osMessageQueueId_t)hQueue);
 800a9aa:	e7f6      	b.n	800a99a <osMessageQueueNew+0x84>

0800a9ac <osMessageQueuePut>:

osStatus_t osMessageQueuePut (osMessageQueueId_t mq_id, const void *msg_ptr, uint8_t msg_prio, uint32_t timeout) {
 800a9ac:	b510      	push	{r4, lr}
 800a9ae:	b082      	sub	sp, #8
 800a9b0:	461c      	mov	r4, r3
 800a9b2:	f3ef 8305 	mrs	r3, IPSR

  (void)msg_prio; /* Message priority is ignored */

  stat = osOK;

  if (IS_IRQ()) {
 800a9b6:	b1c3      	cbz	r3, 800a9ea <osMessageQueuePut+0x3e>
    if ((hQueue == NULL) || (msg_ptr == NULL) || (timeout != 0U)) {
 800a9b8:	b318      	cbz	r0, 800aa02 <osMessageQueuePut+0x56>
 800a9ba:	b329      	cbz	r1, 800aa08 <osMessageQueuePut+0x5c>
 800a9bc:	bb3c      	cbnz	r4, 800aa0e <osMessageQueuePut+0x62>
      stat = osErrorParameter;
    }
    else {
      yield = pdFALSE;
 800a9be:	2300      	movs	r3, #0
 800a9c0:	9301      	str	r3, [sp, #4]

      if (xQueueSendToBackFromISR (hQueue, msg_ptr, &yield) != pdTRUE) {
 800a9c2:	aa01      	add	r2, sp, #4
 800a9c4:	f001 fcd6 	bl	800c374 <xQueueGenericSendFromISR>
 800a9c8:	2801      	cmp	r0, #1
 800a9ca:	d123      	bne.n	800aa14 <osMessageQueuePut+0x68>
        stat = osErrorResource;
      } else {
        portYIELD_FROM_ISR (yield);
 800a9cc:	9801      	ldr	r0, [sp, #4]
 800a9ce:	b150      	cbz	r0, 800a9e6 <osMessageQueuePut+0x3a>
 800a9d0:	f04f 23e0 	mov.w	r3, #3758153728	@ 0xe000e000
 800a9d4:	f04f 5280 	mov.w	r2, #268435456	@ 0x10000000
 800a9d8:	f8c3 2d04 	str.w	r2, [r3, #3332]	@ 0xd04
 800a9dc:	f3bf 8f4f 	dsb	sy
 800a9e0:	f3bf 8f6f 	isb	sy
  stat = osOK;
 800a9e4:	2000      	movs	r0, #0
      }
    }
  }

  return (stat);
}
 800a9e6:	b002      	add	sp, #8
 800a9e8:	bd10      	pop	{r4, pc}
    if ((hQueue == NULL) || (msg_ptr == NULL)) {
 800a9ea:	b1b0      	cbz	r0, 800aa1a <osMessageQueuePut+0x6e>
 800a9ec:	b1c1      	cbz	r1, 800aa20 <osMessageQueuePut+0x74>
      if (xQueueSendToBack (hQueue, msg_ptr, (TickType_t)timeout) != pdPASS) {
 800a9ee:	2300      	movs	r3, #0
 800a9f0:	4622      	mov	r2, r4
 800a9f2:	f001 fbb5 	bl	800c160 <xQueueGenericSend>
 800a9f6:	2801      	cmp	r0, #1
 800a9f8:	d015      	beq.n	800aa26 <osMessageQueuePut+0x7a>
        if (timeout != 0U) {
 800a9fa:	b1b4      	cbz	r4, 800aa2a <osMessageQueuePut+0x7e>
          stat = osErrorTimeout;
 800a9fc:	f06f 0001 	mvn.w	r0, #1
 800aa00:	e7f1      	b.n	800a9e6 <osMessageQueuePut+0x3a>
      stat = osErrorParameter;
 800aa02:	f06f 0003 	mvn.w	r0, #3
 800aa06:	e7ee      	b.n	800a9e6 <osMessageQueuePut+0x3a>
 800aa08:	f06f 0003 	mvn.w	r0, #3
 800aa0c:	e7eb      	b.n	800a9e6 <osMessageQueuePut+0x3a>
 800aa0e:	f06f 0003 	mvn.w	r0, #3
 800aa12:	e7e8      	b.n	800a9e6 <osMessageQueuePut+0x3a>
        stat = osErrorResource;
 800aa14:	f06f 0002 	mvn.w	r0, #2
 800aa18:	e7e5      	b.n	800a9e6 <osMessageQueuePut+0x3a>
      stat = osErrorParameter;
 800aa1a:	f06f 0003 	mvn.w	r0, #3
 800aa1e:	e7e2      	b.n	800a9e6 <osMessageQueuePut+0x3a>
 800aa20:	f06f 0003 	mvn.w	r0, #3
 800aa24:	e7df      	b.n	800a9e6 <osMessageQueuePut+0x3a>
  stat = osOK;
 800aa26:	2000      	movs	r0, #0
 800aa28:	e7dd      	b.n	800a9e6 <osMessageQueuePut+0x3a>
          stat = osErrorResource;
 800aa2a:	f06f 0002 	mvn.w	r0, #2
  return (stat);
 800aa2e:	e7da      	b.n	800a9e6 <osMessageQueuePut+0x3a>

0800aa30 <osMessageQueueGet>:

osStatus_t osMessageQueueGet (osMessageQueueId_t mq_id, void *msg_ptr, uint8_t *msg_prio, uint32_t timeout) {
 800aa30:	b510      	push	{r4, lr}
 800aa32:	b082      	sub	sp, #8
 800aa34:	461c      	mov	r4, r3
 800aa36:	f3ef 8305 	mrs	r3, IPSR

  (void)msg_prio; /* Message priority is ignored */

  stat = osOK;

  if (IS_IRQ()) {
 800aa3a:	b1c3      	cbz	r3, 800aa6e <osMessageQueueGet+0x3e>
    if ((hQueue == NULL) || (msg_ptr == NULL) || (timeout != 0U)) {
 800aa3c:	b310      	cbz	r0, 800aa84 <osMessageQueueGet+0x54>
 800aa3e:	b321      	cbz	r1, 800aa8a <osMessageQueueGet+0x5a>
 800aa40:	bb34      	cbnz	r4, 800aa90 <osMessageQueueGet+0x60>
      stat = osErrorParameter;
    }
    else {
      yield = pdFALSE;
 800aa42:	2300      	movs	r3, #0
 800aa44:	9301      	str	r3, [sp, #4]

      if (xQueueReceiveFromISR (hQueue, msg_ptr, &yield) != pdPASS) {
 800aa46:	aa01      	add	r2, sp, #4
 800aa48:	f001 fef6 	bl	800c838 <xQueueReceiveFromISR>
 800aa4c:	2801      	cmp	r0, #1
 800aa4e:	d122      	bne.n	800aa96 <osMessageQueueGet+0x66>
        stat = osErrorResource;
      } else {
        portYIELD_FROM_ISR (yield);
 800aa50:	9801      	ldr	r0, [sp, #4]
 800aa52:	b150      	cbz	r0, 800aa6a <osMessageQueueGet+0x3a>
 800aa54:	f04f 23e0 	mov.w	r3, #3758153728	@ 0xe000e000
 800aa58:	f04f 5280 	mov.w	r2, #268435456	@ 0x10000000
 800aa5c:	f8c3 2d04 	str.w	r2, [r3, #3332]	@ 0xd04
 800aa60:	f3bf 8f4f 	dsb	sy
 800aa64:	f3bf 8f6f 	isb	sy
  stat = osOK;
 800aa68:	2000      	movs	r0, #0
      }
    }
  }

  return (stat);
}
 800aa6a:	b002      	add	sp, #8
 800aa6c:	bd10      	pop	{r4, pc}
    if ((hQueue == NULL) || (msg_ptr == NULL)) {
 800aa6e:	b1a8      	cbz	r0, 800aa9c <osMessageQueueGet+0x6c>
 800aa70:	b1b9      	cbz	r1, 800aaa2 <osMessageQueueGet+0x72>
      if (xQueueReceive (hQueue, msg_ptr, (TickType_t)timeout) != pdPASS) {
 800aa72:	4622      	mov	r2, r4
 800aa74:	f001 fd3e 	bl	800c4f4 <xQueueReceive>
 800aa78:	2801      	cmp	r0, #1
 800aa7a:	d015      	beq.n	800aaa8 <osMessageQueueGet+0x78>
        if (timeout != 0U) {
 800aa7c:	b1b4      	cbz	r4, 800aaac <osMessageQueueGet+0x7c>
          stat = osErrorTimeout;
 800aa7e:	f06f 0001 	mvn.w	r0, #1
 800aa82:	e7f2      	b.n	800aa6a <osMessageQueueGet+0x3a>
      stat = osErrorParameter;
 800aa84:	f06f 0003 	mvn.w	r0, #3
 800aa88:	e7ef      	b.n	800aa6a <osMessageQueueGet+0x3a>
 800aa8a:	f06f 0003 	mvn.w	r0, #3
 800aa8e:	e7ec      	b.n	800aa6a <osMessageQueueGet+0x3a>
 800aa90:	f06f 0003 	mvn.w	r0, #3
 800aa94:	e7e9      	b.n	800aa6a <osMessageQueueGet+0x3a>
        stat = osErrorResource;
 800aa96:	f06f 0002 	mvn.w	r0, #2
 800aa9a:	e7e6      	b.n	800aa6a <osMessageQueueGet+0x3a>
      stat = osErrorParameter;
 800aa9c:	f06f 0003 	mvn.w	r0, #3
 800aaa0:	e7e3      	b.n	800aa6a <osMessageQueueGet+0x3a>
 800aaa2:	f06f 0003 	mvn.w	r0, #3
 800aaa6:	e7e0      	b.n	800aa6a <osMessageQueueGet+0x3a>
  stat = osOK;
 800aaa8:	2000      	movs	r0, #0
 800aaaa:	e7de      	b.n	800aa6a <osMessageQueueGet+0x3a>
          stat = osErrorResource;
 800aaac:	f06f 0002 	mvn.w	r0, #2
  return (stat);
 800aab0:	e7db      	b.n	800aa6a <osMessageQueueGet+0x3a>
	...

0800aab4 <vApplicationGetIdleTaskMemory>:
__WEAK void vApplicationGetIdleTaskMemory (StaticTask_t **ppxIdleTaskTCBBuffer, StackType_t **ppxIdleTaskStackBuffer, uint32_t *pulIdleTaskStackSize) {
  /* Idle task control block and stack */
  static StaticTask_t Idle_TCB;
  static StackType_t  Idle_Stack[configMINIMAL_STACK_SIZE];

  *ppxIdleTaskTCBBuffer   = &Idle_TCB;
 800aab4:	4b03      	ldr	r3, [pc, #12]	@ (800aac4 <vApplicationGetIdleTaskMemory+0x10>)
 800aab6:	6003      	str	r3, [r0, #0]
  *ppxIdleTaskStackBuffer = &Idle_Stack[0];
 800aab8:	4b03      	ldr	r3, [pc, #12]	@ (800aac8 <vApplicationGetIdleTaskMemory+0x14>)
 800aaba:	600b      	str	r3, [r1, #0]
  *pulIdleTaskStackSize   = (uint32_t)configMINIMAL_STACK_SIZE;
 800aabc:	2380      	movs	r3, #128	@ 0x80
 800aabe:	6013      	str	r3, [r2, #0]
}
 800aac0:	4770      	bx	lr
 800aac2:	bf00      	nop
 800aac4:	20000d00 	.word	0x20000d00
 800aac8:	20000b00 	.word	0x20000b00

0800aacc <vApplicationGetTimerTaskMemory>:
__WEAK void vApplicationGetTimerTaskMemory (StaticTask_t **ppxTimerTaskTCBBuffer, StackType_t **ppxTimerTaskStackBuffer, uint32_t *pulTimerTaskStackSize) {
  /* Timer task control block and stack */
  static StaticTask_t Timer_TCB;
  static StackType_t  Timer_Stack[configTIMER_TASK_STACK_DEPTH];

  *ppxTimerTaskTCBBuffer   = &Timer_TCB;
 800aacc:	4b03      	ldr	r3, [pc, #12]	@ (800aadc <vApplicationGetTimerTaskMemory+0x10>)
 800aace:	6003      	str	r3, [r0, #0]
  *ppxTimerTaskStackBuffer = &Timer_Stack[0];
 800aad0:	4b03      	ldr	r3, [pc, #12]	@ (800aae0 <vApplicationGetTimerTaskMemory+0x14>)
 800aad2:	600b      	str	r3, [r1, #0]
  *pulTimerTaskStackSize   = (uint32_t)configTIMER_TASK_STACK_DEPTH;
 800aad4:	f44f 7380 	mov.w	r3, #256	@ 0x100
 800aad8:	6013      	str	r3, [r2, #0]
}
 800aada:	4770      	bx	lr
 800aadc:	20000aa4 	.word	0x20000aa4
 800aae0:	200006a4 	.word	0x200006a4

0800aae4 <__NVIC_SystemReset>:
  __ASM volatile ("dsb 0xF":::"memory");
 800aae4:	f3bf 8f4f 	dsb	sy
                           (SCB->AIRCR & SCB_AIRCR_PRIGROUP_Msk) |
 800aae8:	4905      	ldr	r1, [pc, #20]	@ (800ab00 <__NVIC_SystemReset+0x1c>)
 800aaea:	68ca      	ldr	r2, [r1, #12]
 800aaec:	f402 62e0 	and.w	r2, r2, #1792	@ 0x700
  SCB->AIRCR  = (uint32_t)((0x5FAUL << SCB_AIRCR_VECTKEY_Pos)    |
 800aaf0:	4b04      	ldr	r3, [pc, #16]	@ (800ab04 <__NVIC_SystemReset+0x20>)
 800aaf2:	4313      	orrs	r3, r2
 800aaf4:	60cb      	str	r3, [r1, #12]
 800aaf6:	f3bf 8f4f 	dsb	sy
    __NOP();
 800aafa:	bf00      	nop
  for(;;)                                                           /* wait until reset */
 800aafc:	e7fd      	b.n	800aafa <__NVIC_SystemReset+0x16>
 800aafe:	bf00      	nop
 800ab00:	e000ed00 	.word	0xe000ed00
 800ab04:	05fa0004 	.word	0x05fa0004

0800ab08 <Config_GetModuleID>:
/**
  * @brief  Get current module ID
  * @retval Current module ID (0-15)
  */
uint8_t Config_GetModuleID(void)
{
 800ab08:	b510      	push	{r4, lr}
    uint8_t id;
    
    // Thread-safe read
    if (config_mutex != NULL) {
 800ab0a:	4b08      	ldr	r3, [pc, #32]	@ (800ab2c <Config_GetModuleID+0x24>)
 800ab0c:	6818      	ldr	r0, [r3, #0]
 800ab0e:	b118      	cbz	r0, 800ab18 <Config_GetModuleID+0x10>
        osMutexAcquire(config_mutex, osWaitForever);
 800ab10:	f04f 31ff 	mov.w	r1, #4294967295
 800ab14:	f7ff fded 	bl	800a6f2 <osMutexAcquire>
    }
    
    id = module_id;
 800ab18:	4b05      	ldr	r3, [pc, #20]	@ (800ab30 <Config_GetModuleID+0x28>)
 800ab1a:	781c      	ldrb	r4, [r3, #0]
    
    if (config_mutex != NULL) {
 800ab1c:	4b03      	ldr	r3, [pc, #12]	@ (800ab2c <Config_GetModuleID+0x24>)
 800ab1e:	6818      	ldr	r0, [r3, #0]
 800ab20:	b108      	cbz	r0, 800ab26 <Config_GetModuleID+0x1e>
        osMutexRelease(config_mutex);
 800ab22:	f7ff fe15 	bl	800a750 <osMutexRelease>
    }
    
    return id;
}
 800ab26:	4620      	mov	r0, r4
 800ab28:	bd10      	pop	{r4, pc}
 800ab2a:	bf00      	nop
 800ab2c:	20000dc4 	.word	0x20000dc4
 800ab30:	20000dc8 	.word	0x20000dc8

0800ab34 <Config_ReadModuleIDFromFlash>:
  * @retval Module ID from flash, or CONFIG_MODULE_ID_DEFAULT if uninitialized
  */
uint8_t Config_ReadModuleIDFromFlash(void)
{
    // Read 32-bit word from flash
    uint32_t flash_value = *(__IO uint32_t*)CONFIG_FLASH_MODULE_ADDR;
 800ab34:	4b05      	ldr	r3, [pc, #20]	@ (800ab4c <Config_ReadModuleIDFromFlash+0x18>)
 800ab36:	6818      	ldr	r0, [r3, #0]
    
    // Check if magic value is present (upper 16 bits)
    if ((flash_value & CONFIG_FLASH_MAGIC_MASK) == CONFIG_FLASH_MAGIC) {
 800ab38:	0c02      	lsrs	r2, r0, #16
 800ab3a:	0412      	lsls	r2, r2, #16
 800ab3c:	4b04      	ldr	r3, [pc, #16]	@ (800ab50 <Config_ReadModuleIDFromFlash+0x1c>)
 800ab3e:	429a      	cmp	r2, r3
 800ab40:	d001      	beq.n	800ab46 <Config_ReadModuleIDFromFlash+0x12>
            return stored_module_id;
        }
    }
    
    // Flash uninitialized or invalid, return default
    return CONFIG_MODULE_ID_DEFAULT;
 800ab42:	2000      	movs	r0, #0
}
 800ab44:	4770      	bx	lr
        uint8_t stored_module_id = (uint8_t)(flash_value & CONFIG_FLASH_MODULE_MASK);
 800ab46:	f000 000f 	and.w	r0, r0, #15
            return stored_module_id;
 800ab4a:	4770      	bx	lr
 800ab4c:	0803c000 	.word	0x0803c000
 800ab50:	beef0000 	.word	0xbeef0000

0800ab54 <Config_WriteModuleIDToFlash>:
int8_t Config_WriteModuleIDToFlash(uint8_t module_id)
{
    HAL_StatusTypeDef status;
    
    // Validate module ID range
    if (module_id > CONFIG_MODULE_ID_MAX) {
 800ab54:	280f      	cmp	r0, #15
 800ab56:	d826      	bhi.n	800aba6 <Config_WriteModuleIDToFlash+0x52>
{
 800ab58:	b510      	push	{r4, lr}
 800ab5a:	b086      	sub	sp, #24
        return -1;
    }
    
    // Prepare flash value: magic + module ID
    uint32_t flash_value = CONFIG_FLASH_MAGIC | (uint32_t)module_id;
 800ab5c:	f040 443e 	orr.w	r4, r0, #3187671040	@ 0xbe000000
 800ab60:	f444 046f 	orr.w	r4, r4, #15663104	@ 0xef0000
    
    // Unlock flash
    status = HAL_FLASH_Unlock();
 800ab64:	f003 fa1a 	bl	800df9c <HAL_FLASH_Unlock>
    if (status != HAL_OK) {
 800ab68:	bb00      	cbnz	r0, 800abac <Config_WriteModuleIDToFlash+0x58>
    }
    
    // Erase the page containing our address
    // STM32L432 has 2KB pages, need to erase page before writing
    FLASH_EraseInitTypeDef erase_init;
    uint32_t page_error = 0;
 800ab6a:	2300      	movs	r3, #0
 800ab6c:	9301      	str	r3, [sp, #4]
    
    // Calculate page number (page size = 2048 bytes = 0x800)
    uint32_t page_address = CONFIG_FLASH_MODULE_ADDR;
    uint32_t page_number = (page_address - FLASH_BASE) / FLASH_PAGE_SIZE;
    
    erase_init.TypeErase = FLASH_TYPEERASE_PAGES;
 800ab6e:	9302      	str	r3, [sp, #8]
    erase_init.Page = page_number;
 800ab70:	2378      	movs	r3, #120	@ 0x78
 800ab72:	9304      	str	r3, [sp, #16]
    erase_init.NbPages = 1;
 800ab74:	2301      	movs	r3, #1
 800ab76:	9305      	str	r3, [sp, #20]
    
    status = HAL_FLASHEx_Erase(&erase_init, &page_error);
 800ab78:	a901      	add	r1, sp, #4
 800ab7a:	a802      	add	r0, sp, #8
 800ab7c:	f003 fb12 	bl	800e1a4 <HAL_FLASHEx_Erase>
    if (status != HAL_OK) {
 800ab80:	b960      	cbnz	r0, 800ab9c <Config_WriteModuleIDToFlash+0x48>
    
    // Program the double-word (64-bit) - STM32L4 requires double-word programming
    // We'll write our 32-bit value twice to make 64 bits
    uint64_t data = ((uint64_t)flash_value << 32) | (uint64_t)flash_value;
    
    status = HAL_FLASH_Program(FLASH_TYPEPROGRAM_DOUBLEWORD, CONFIG_FLASH_MODULE_ADDR, data);
 800ab82:	4622      	mov	r2, r4
 800ab84:	4623      	mov	r3, r4
 800ab86:	490c      	ldr	r1, [pc, #48]	@ (800abb8 <Config_WriteModuleIDToFlash+0x64>)
 800ab88:	2000      	movs	r0, #0
 800ab8a:	f003 fa5d 	bl	800e048 <HAL_FLASH_Program>
 800ab8e:	4604      	mov	r4, r0
    
    // Lock flash
    HAL_FLASH_Lock();
 800ab90:	f003 fa1c 	bl	800dfcc <HAL_FLASH_Lock>
    
    return (status == HAL_OK) ? 0 : -1;
 800ab94:	b96c      	cbnz	r4, 800abb2 <Config_WriteModuleIDToFlash+0x5e>
 800ab96:	2000      	movs	r0, #0
}
 800ab98:	b006      	add	sp, #24
 800ab9a:	bd10      	pop	{r4, pc}
        HAL_FLASH_Lock();
 800ab9c:	f003 fa16 	bl	800dfcc <HAL_FLASH_Lock>
        return -1;
 800aba0:	f04f 30ff 	mov.w	r0, #4294967295
 800aba4:	e7f8      	b.n	800ab98 <Config_WriteModuleIDToFlash+0x44>
        return -1;
 800aba6:	f04f 30ff 	mov.w	r0, #4294967295
}
 800abaa:	4770      	bx	lr
        return -1;
 800abac:	f04f 30ff 	mov.w	r0, #4294967295
 800abb0:	e7f2      	b.n	800ab98 <Config_WriteModuleIDToFlash+0x44>
    return (status == HAL_OK) ? 0 : -1;
 800abb2:	f04f 30ff 	mov.w	r0, #4294967295
 800abb6:	e7ef      	b.n	800ab98 <Config_WriteModuleIDToFlash+0x44>
 800abb8:	0803c000 	.word	0x0803c000

0800abbc <Config_SetModuleID>:
    if (module_id_new > CONFIG_MODULE_ID_MAX) {
 800abbc:	280f      	cmp	r0, #15
 800abbe:	d803      	bhi.n	800abc8 <Config_SetModuleID+0xc>
{
 800abc0:	b508      	push	{r3, lr}
    int8_t result = Config_WriteModuleIDToFlash(module_id_new);
 800abc2:	f7ff ffc7 	bl	800ab54 <Config_WriteModuleIDToFlash>
}
 800abc6:	bd08      	pop	{r3, pc}
        return -1;
 800abc8:	f04f 30ff 	mov.w	r0, #4294967295
}
 800abcc:	4770      	bx	lr
	...

0800abd0 <Config_InitCANIDs>:
  * @brief  Initialize all CAN IDs with module offset
  * @note   Called during Config_Init() after module ID is read
  * @retval None
  */
void Config_InitCANIDs(void)
{
 800abd0:	b508      	push	{r3, lr}
    uint8_t mod_id = Config_GetModuleID();
 800abd2:	f7ff ff99 	bl	800ab08 <Config_GetModuleID>
    
    // Initialize all CAN IDs with module offset
    CAN_TEMP_ID = CAN_ID(CAN_TEMP_BASE, mod_id);
 800abd6:	0300      	lsls	r0, r0, #12
 800abd8:	f040 630f 	orr.w	r3, r0, #149946368	@ 0x8f00000
 800abdc:	4a31      	ldr	r2, [pc, #196]	@ (800aca4 <Config_InitCANIDs+0xd4>)
 800abde:	6013      	str	r3, [r2, #0]
    CAN_TEMP_RAW_ID = CAN_ID(CAN_TEMP_RAW_BASE, mod_id);
 800abe0:	f443 7180 	orr.w	r1, r3, #256	@ 0x100
 800abe4:	4a30      	ldr	r2, [pc, #192]	@ (800aca8 <Config_InitCANIDs+0xd8>)
 800abe6:	6011      	str	r1, [r2, #0]
    CAN_TEMP_SUMMARY_ID = CAN_ID(CAN_TEMP_SUMMARY_BASE, mod_id);
 800abe8:	4a30      	ldr	r2, [pc, #192]	@ (800acac <Config_InitCANIDs+0xdc>)
 800abea:	4302      	orrs	r2, r0
 800abec:	4930      	ldr	r1, [pc, #192]	@ (800acb0 <Config_InitCANIDs+0xe0>)
 800abee:	600a      	str	r2, [r1, #0]
    CAN_VOLTAGE_0_ID = CAN_ID(CAN_VOLTAGE_0_BASE, mod_id);
 800abf0:	f443 7100 	orr.w	r1, r3, #512	@ 0x200
 800abf4:	4a2f      	ldr	r2, [pc, #188]	@ (800acb4 <Config_InitCANIDs+0xe4>)
 800abf6:	6011      	str	r1, [r2, #0]
    CAN_VOLTAGE_1_ID = CAN_ID(CAN_VOLTAGE_1_BASE, mod_id);
 800abf8:	4a2f      	ldr	r2, [pc, #188]	@ (800acb8 <Config_InitCANIDs+0xe8>)
 800abfa:	4302      	orrs	r2, r0
 800abfc:	492f      	ldr	r1, [pc, #188]	@ (800acbc <Config_InitCANIDs+0xec>)
 800abfe:	600a      	str	r2, [r1, #0]
    CAN_VOLTAGE_2_ID = CAN_ID(CAN_VOLTAGE_2_BASE, mod_id);
 800ac00:	4a2f      	ldr	r2, [pc, #188]	@ (800acc0 <Config_InitCANIDs+0xf0>)
 800ac02:	4302      	orrs	r2, r0
 800ac04:	492f      	ldr	r1, [pc, #188]	@ (800acc4 <Config_InitCANIDs+0xf4>)
 800ac06:	600a      	str	r2, [r1, #0]
    CAN_VOLTAGE_3_ID = CAN_ID(CAN_VOLTAGE_3_BASE, mod_id);
 800ac08:	4a2f      	ldr	r2, [pc, #188]	@ (800acc8 <Config_InitCANIDs+0xf8>)
 800ac0a:	4302      	orrs	r2, r0
 800ac0c:	492f      	ldr	r1, [pc, #188]	@ (800accc <Config_InitCANIDs+0xfc>)
 800ac0e:	600a      	str	r2, [r1, #0]
    CAN_VOLTAGE_4_ID = CAN_ID(CAN_VOLTAGE_4_BASE, mod_id);
 800ac10:	f443 7101 	orr.w	r1, r3, #516	@ 0x204
 800ac14:	4a2e      	ldr	r2, [pc, #184]	@ (800acd0 <Config_InitCANIDs+0x100>)
 800ac16:	6011      	str	r1, [r2, #0]
    CAN_VOLTAGE_5_ID = CAN_ID(CAN_VOLTAGE_5_BASE, mod_id);
 800ac18:	4a2e      	ldr	r2, [pc, #184]	@ (800acd4 <Config_InitCANIDs+0x104>)
 800ac1a:	4302      	orrs	r2, r0
 800ac1c:	492e      	ldr	r1, [pc, #184]	@ (800acd8 <Config_InitCANIDs+0x108>)
 800ac1e:	600a      	str	r2, [r1, #0]
    CAN_BMS1_STATUS_ID = CAN_ID(CAN_BMS1_STATUS_BASE, mod_id);
 800ac20:	4a2e      	ldr	r2, [pc, #184]	@ (800acdc <Config_InitCANIDs+0x10c>)
 800ac22:	4302      	orrs	r2, r0
 800ac24:	492e      	ldr	r1, [pc, #184]	@ (800ace0 <Config_InitCANIDs+0x110>)
 800ac26:	600a      	str	r2, [r1, #0]
    CAN_BMS2_STATUS_ID = CAN_ID(CAN_BMS2_STATUS_BASE, mod_id);
 800ac28:	4a2e      	ldr	r2, [pc, #184]	@ (800ace4 <Config_InitCANIDs+0x114>)
 800ac2a:	4302      	orrs	r2, r0
 800ac2c:	492e      	ldr	r1, [pc, #184]	@ (800ace8 <Config_InitCANIDs+0x118>)
 800ac2e:	600a      	str	r2, [r1, #0]
    CAN_BMS_HEARTBEAT_ID = CAN_ID(CAN_BMS_HEARTBEAT_BASE, mod_id);
 800ac30:	f443 7340 	orr.w	r3, r3, #768	@ 0x300
 800ac34:	4a2d      	ldr	r2, [pc, #180]	@ (800acec <Config_InitCANIDs+0x11c>)
 800ac36:	6013      	str	r3, [r2, #0]
    CAN_BMS_STATS_ID = CAN_ID(CAN_BMS_STATS_BASE, mod_id);
 800ac38:	4b2d      	ldr	r3, [pc, #180]	@ (800acf0 <Config_InitCANIDs+0x120>)
 800ac3a:	4303      	orrs	r3, r0
 800ac3c:	4a2d      	ldr	r2, [pc, #180]	@ (800acf4 <Config_InitCANIDs+0x124>)
 800ac3e:	6013      	str	r3, [r2, #0]
    CAN_CONFIG_ACK_ID = CAN_ID(CAN_CONFIG_ACK_BASE, mod_id);
 800ac40:	4b2d      	ldr	r3, [pc, #180]	@ (800acf8 <Config_InitCANIDs+0x128>)
 800ac42:	4303      	orrs	r3, r0
 800ac44:	4a2d      	ldr	r2, [pc, #180]	@ (800acfc <Config_InitCANIDs+0x12c>)
 800ac46:	6013      	str	r3, [r2, #0]
    CAN_RESET_CMD_ID = CAN_ID(CAN_RESET_CMD_BASE, mod_id);
 800ac48:	4b2d      	ldr	r3, [pc, #180]	@ (800ad00 <Config_InitCANIDs+0x130>)
 800ac4a:	4303      	orrs	r3, r0
 800ac4c:	4a2d      	ldr	r2, [pc, #180]	@ (800ad04 <Config_InitCANIDs+0x134>)
 800ac4e:	6013      	str	r3, [r2, #0]
    CAN_BMS_RESET_CMD_ID = CAN_ID(CAN_BMS_RESET_CMD_BASE, mod_id);
 800ac50:	4b2d      	ldr	r3, [pc, #180]	@ (800ad08 <Config_InitCANIDs+0x138>)
 800ac52:	4303      	orrs	r3, r0
 800ac54:	4a2d      	ldr	r2, [pc, #180]	@ (800ad0c <Config_InitCANIDs+0x13c>)
 800ac56:	6013      	str	r3, [r2, #0]
    CAN_BMS_RESET_ACK_ID = CAN_ID(CAN_BMS_RESET_ACK_BASE, mod_id);
 800ac58:	4b2d      	ldr	r3, [pc, #180]	@ (800ad10 <Config_InitCANIDs+0x140>)
 800ac5a:	4303      	orrs	r3, r0
 800ac5c:	4a2d      	ldr	r2, [pc, #180]	@ (800ad14 <Config_InitCANIDs+0x144>)
 800ac5e:	6013      	str	r3, [r2, #0]
    CAN_BALANCE_CMD_ID = CAN_ID(CAN_BALANCE_CMD_BASE, mod_id);
 800ac60:	4b2d      	ldr	r3, [pc, #180]	@ (800ad18 <Config_InitCANIDs+0x148>)
 800ac62:	4303      	orrs	r3, r0
 800ac64:	4a2d      	ldr	r2, [pc, #180]	@ (800ad1c <Config_InitCANIDs+0x14c>)
 800ac66:	6013      	str	r3, [r2, #0]
    CAN_BALANCE_ACK_ID = CAN_ID(CAN_BALANCE_ACK_BASE, mod_id);
 800ac68:	4b2d      	ldr	r3, [pc, #180]	@ (800ad20 <Config_InitCANIDs+0x150>)
 800ac6a:	4303      	orrs	r3, r0
 800ac6c:	4a2d      	ldr	r2, [pc, #180]	@ (800ad24 <Config_InitCANIDs+0x154>)
 800ac6e:	6013      	str	r3, [r2, #0]
    CAN_BALANCE_CFG_ID = CAN_ID(CAN_BALANCE_CFG_BASE, mod_id);
 800ac70:	4b2d      	ldr	r3, [pc, #180]	@ (800ad28 <Config_InitCANIDs+0x158>)
 800ac72:	4303      	orrs	r3, r0
 800ac74:	4a2d      	ldr	r2, [pc, #180]	@ (800ad2c <Config_InitCANIDs+0x15c>)
 800ac76:	6013      	str	r3, [r2, #0]
    CAN_BALANCE_STATUS_ID = CAN_ID(CAN_BALANCE_STATUS_BASE, mod_id);
 800ac78:	4b2d      	ldr	r3, [pc, #180]	@ (800ad30 <Config_InitCANIDs+0x160>)
 800ac7a:	4303      	orrs	r3, r0
 800ac7c:	4a2d      	ldr	r2, [pc, #180]	@ (800ad34 <Config_InitCANIDs+0x164>)
 800ac7e:	6013      	str	r3, [r2, #0]
    CAN_BMS1_BAL_DETAIL_ID = CAN_ID(CAN_BMS1_BAL_DETAIL_BASE, mod_id);
 800ac80:	4b2d      	ldr	r3, [pc, #180]	@ (800ad38 <Config_InitCANIDs+0x168>)
 800ac82:	4303      	orrs	r3, r0
 800ac84:	4a2d      	ldr	r2, [pc, #180]	@ (800ad3c <Config_InitCANIDs+0x16c>)
 800ac86:	6013      	str	r3, [r2, #0]
    CAN_BMS2_BAL_DETAIL_ID = CAN_ID(CAN_BMS2_BAL_DETAIL_BASE, mod_id);
 800ac88:	4b2d      	ldr	r3, [pc, #180]	@ (800ad40 <Config_InitCANIDs+0x170>)
 800ac8a:	4303      	orrs	r3, r0
 800ac8c:	4a2d      	ldr	r2, [pc, #180]	@ (800ad44 <Config_InitCANIDs+0x174>)
 800ac8e:	6013      	str	r3, [r2, #0]
    CAN_DEBUG_RESPONSE_ID = CAN_ID(CAN_DEBUG_RESPONSE_BASE, mod_id);
 800ac90:	4b2d      	ldr	r3, [pc, #180]	@ (800ad48 <Config_InitCANIDs+0x178>)
 800ac92:	4303      	orrs	r3, r0
 800ac94:	4a2d      	ldr	r2, [pc, #180]	@ (800ad4c <Config_InitCANIDs+0x17c>)
 800ac96:	6013      	str	r3, [r2, #0]
    CAN_I2C_DIAG_ID = CAN_ID(CAN_I2C_DIAG_BASE, mod_id);
 800ac98:	4b2d      	ldr	r3, [pc, #180]	@ (800ad50 <Config_InitCANIDs+0x180>)
 800ac9a:	4303      	orrs	r3, r0
 800ac9c:	4a2d      	ldr	r2, [pc, #180]	@ (800ad54 <Config_InitCANIDs+0x184>)
 800ac9e:	6013      	str	r3, [r2, #0]
}
 800aca0:	bd08      	pop	{r3, pc}
 800aca2:	bf00      	nop
 800aca4:	20000dc0 	.word	0x20000dc0
 800aca8:	20000dbc 	.word	0x20000dbc
 800acac:	08f00101 	.word	0x08f00101
 800acb0:	20000db8 	.word	0x20000db8
 800acb4:	20000db4 	.word	0x20000db4
 800acb8:	08f00201 	.word	0x08f00201
 800acbc:	20000db0 	.word	0x20000db0
 800acc0:	08f00202 	.word	0x08f00202
 800acc4:	20000dac 	.word	0x20000dac
 800acc8:	08f00203 	.word	0x08f00203
 800accc:	20000da8 	.word	0x20000da8
 800acd0:	20000da4 	.word	0x20000da4
 800acd4:	08f00205 	.word	0x08f00205
 800acd8:	20000da0 	.word	0x20000da0
 800acdc:	08f00206 	.word	0x08f00206
 800ace0:	20000d9c 	.word	0x20000d9c
 800ace4:	08f00207 	.word	0x08f00207
 800ace8:	20000d98 	.word	0x20000d98
 800acec:	20000d94 	.word	0x20000d94
 800acf0:	08f00301 	.word	0x08f00301
 800acf4:	20000d90 	.word	0x20000d90
 800acf8:	08f00f01 	.word	0x08f00f01
 800acfc:	20000d8c 	.word	0x20000d8c
 800ad00:	08f00f02 	.word	0x08f00f02
 800ad04:	20000d88 	.word	0x20000d88
 800ad08:	08f00f03 	.word	0x08f00f03
 800ad0c:	20000d84 	.word	0x20000d84
 800ad10:	08f00f04 	.word	0x08f00f04
 800ad14:	20000d80 	.word	0x20000d80
 800ad18:	08f00f05 	.word	0x08f00f05
 800ad1c:	20000d7c 	.word	0x20000d7c
 800ad20:	08f00f06 	.word	0x08f00f06
 800ad24:	20000d78 	.word	0x20000d78
 800ad28:	08f00f07 	.word	0x08f00f07
 800ad2c:	20000d74 	.word	0x20000d74
 800ad30:	08f00f08 	.word	0x08f00f08
 800ad34:	20000d70 	.word	0x20000d70
 800ad38:	08f00f09 	.word	0x08f00f09
 800ad3c:	20000d6c 	.word	0x20000d6c
 800ad40:	08f00f0a 	.word	0x08f00f0a
 800ad44:	20000d68 	.word	0x20000d68
 800ad48:	08f00f11 	.word	0x08f00f11
 800ad4c:	20000d64 	.word	0x20000d64
 800ad50:	08f00f12 	.word	0x08f00f12
 800ad54:	20000d60 	.word	0x20000d60

0800ad58 <Config_Init>:
{
 800ad58:	b500      	push	{lr}
 800ad5a:	b085      	sub	sp, #20
    const osMutexAttr_t mutex_attr = {
 800ad5c:	4b08      	ldr	r3, [pc, #32]	@ (800ad80 <Config_Init+0x28>)
 800ad5e:	cb0f      	ldmia	r3, {r0, r1, r2, r3}
 800ad60:	e88d 000f 	stmia.w	sp, {r0, r1, r2, r3}
    config_mutex = osMutexNew(&mutex_attr);
 800ad64:	4668      	mov	r0, sp
 800ad66:	f7ff fc79 	bl	800a65c <osMutexNew>
 800ad6a:	4b06      	ldr	r3, [pc, #24]	@ (800ad84 <Config_Init+0x2c>)
 800ad6c:	6018      	str	r0, [r3, #0]
    module_id = Config_ReadModuleIDFromFlash();
 800ad6e:	f7ff fee1 	bl	800ab34 <Config_ReadModuleIDFromFlash>
 800ad72:	4b05      	ldr	r3, [pc, #20]	@ (800ad88 <Config_Init+0x30>)
 800ad74:	7018      	strb	r0, [r3, #0]
    Config_InitCANIDs();
 800ad76:	f7ff ff2b 	bl	800abd0 <Config_InitCANIDs>
}
 800ad7a:	b005      	add	sp, #20
 800ad7c:	f85d fb04 	ldr.w	pc, [sp], #4
 800ad80:	080117f0 	.word	0x080117f0
 800ad84:	20000dc4 	.word	0x20000dc4
 800ad88:	20000dc8 	.word	0x20000dc8

0800ad8c <Config_ProcessCANCommand>:
  * @retval None
  * @note   Sends acknowledgement message, then resets device if successful
  */
void Config_ProcessCANCommand(uint8_t *data, uint8_t length)
{
    if (data == NULL || length < 2) {
 800ad8c:	2800      	cmp	r0, #0
 800ad8e:	f000 8124 	beq.w	800afda <Config_ProcessCANCommand+0x24e>
 800ad92:	2901      	cmp	r1, #1
 800ad94:	f240 8121 	bls.w	800afda <Config_ProcessCANCommand+0x24e>
{
 800ad98:	b5f0      	push	{r4, r5, r6, r7, lr}
 800ad9a:	b083      	sub	sp, #12
        return;
    }
    
    uint8_t command = data[0];
 800ad9c:	7805      	ldrb	r5, [r0, #0]
    uint8_t value = data[1];
 800ad9e:	7844      	ldrb	r4, [r0, #1]
    uint8_t ack_data[8] = {0};
 800ada0:	2300      	movs	r3, #0
 800ada2:	9300      	str	r3, [sp, #0]
 800ada4:	9301      	str	r3, [sp, #4]
    uint8_t status = CONFIG_STATUS_FAIL;
    
    switch (command) {
 800ada6:	1e6b      	subs	r3, r5, #1
 800ada8:	2b05      	cmp	r3, #5
 800adaa:	f200 80f5 	bhi.w	800af98 <Config_ProcessCANCommand+0x20c>
 800adae:	e8df f003 	tbb	[pc, r3]
 800adb2:	2e03      	.short	0x2e03
 800adb4:	ce9f704f 	.word	0xce9f704f
        case CONFIG_CMD_SET_MODULE_ID:
        {
            // Get current module ID before changing
            uint8_t old_module_id = Config_GetModuleID();
 800adb8:	f7ff fea6 	bl	800ab08 <Config_GetModuleID>
 800adbc:	4606      	mov	r6, r0
            
            // Try to write new module ID to flash
            int8_t result = Config_SetModuleID(value);
 800adbe:	4620      	mov	r0, r4
 800adc0:	f7ff fefc 	bl	800abbc <Config_SetModuleID>
            
            // Determine status
            if (result == 0) {
 800adc4:	4607      	mov	r7, r0
 800adc6:	bb00      	cbnz	r0, 800ae0a <Config_ProcessCANCommand+0x7e>
                status = CONFIG_STATUS_RESET_REQUIRED; // Success - reset needed
 800adc8:	2302      	movs	r3, #2
            // Byte 0: Command echo
            // Byte 1: Status (0x00 = success, 0x02 = success/reset required, 0x01 = fail)
            // Byte 2: Old module ID (current, pre-reset)
            // Byte 3: New module ID (will be active after reset)
            // Bytes 4-7: Reserved
            ack_data[0] = command;
 800adca:	f88d 5000 	strb.w	r5, [sp]
            ack_data[1] = status;
 800adce:	f88d 3001 	strb.w	r3, [sp, #1]
            ack_data[2] = old_module_id;
 800add2:	f88d 6002 	strb.w	r6, [sp, #2]
            ack_data[3] = value;
 800add6:	f88d 4003 	strb.w	r4, [sp, #3]
            ack_data[4] = 0x00;
 800adda:	2300      	movs	r3, #0
 800addc:	f88d 3004 	strb.w	r3, [sp, #4]
            ack_data[5] = 0x00;
 800ade0:	f88d 3005 	strb.w	r3, [sp, #5]
            ack_data[6] = 0x00;
 800ade4:	f88d 3006 	strb.w	r3, [sp, #6]
            ack_data[7] = 0x00;
 800ade8:	f88d 3007 	strb.w	r3, [sp, #7]
            
            // Send acknowledgement using current (old) module ID
            CAN_SendMessage(CAN_CONFIG_ACK_ID, ack_data, 8, 1);
 800adec:	2301      	movs	r3, #1
 800adee:	2208      	movs	r2, #8
 800adf0:	4669      	mov	r1, sp
 800adf2:	487a      	ldr	r0, [pc, #488]	@ (800afdc <Config_ProcessCANCommand+0x250>)
 800adf4:	6800      	ldr	r0, [r0, #0]
 800adf6:	f7fe fd21 	bl	800983c <CAN_SendMessage>
            
            // If successful, wait briefly for ACK to transmit, then reset
            if (result == 0) {
 800adfa:	2f00      	cmp	r7, #0
 800adfc:	f040 80cc 	bne.w	800af98 <Config_ProcessCANCommand+0x20c>
                osDelay(100); // Give time for CAN message to transmit
 800ae00:	2064      	movs	r0, #100	@ 0x64
 800ae02:	f7ff fc1d 	bl	800a640 <osDelay>
                NVIC_SystemReset(); // Reset the microcontroller
 800ae06:	f7ff fe6d 	bl	800aae4 <__NVIC_SystemReset>
                status = CONFIG_STATUS_FAIL;
 800ae0a:	462b      	mov	r3, r5
 800ae0c:	e7dd      	b.n	800adca <Config_ProcessCANCommand+0x3e>
        
        case CONFIG_CMD_SET_MAX_TEMP:
        {
            // Set maximum thermistor temperature threshold (temporary, resets on restart)
            // Value is in degrees Celsius (0-127)
            int8_t old_max_temp = CellTemp_GetMaxTemp();
 800ae0e:	f7ff f959 	bl	800a0c4 <CellTemp_GetMaxTemp>
 800ae12:	4606      	mov	r6, r0
            int8_t new_max_temp = (int8_t)value;
            
            // Set new max temperature threshold
            CellTemp_SetMaxTemp(new_max_temp);
 800ae14:	b260      	sxtb	r0, r4
 800ae16:	f7ff f947 	bl	800a0a8 <CellTemp_SetMaxTemp>
            
            // Verify it was set
            int8_t actual_new_temp = CellTemp_GetMaxTemp();
 800ae1a:	f7ff f953 	bl	800a0c4 <CellTemp_GetMaxTemp>
            // Byte 0: Command echo
            // Byte 1: Status (0x00 = success)
            // Byte 2: Old max temp (°C)
            // Byte 3: New max temp (°C, actual value after clamping)
            // Bytes 4-7: Reserved
            ack_data[0] = command;
 800ae1e:	f88d 5000 	strb.w	r5, [sp]
            ack_data[1] = status;
 800ae22:	2300      	movs	r3, #0
 800ae24:	f88d 3001 	strb.w	r3, [sp, #1]
            ack_data[2] = (uint8_t)old_max_temp;
 800ae28:	f88d 6002 	strb.w	r6, [sp, #2]
            ack_data[3] = (uint8_t)actual_new_temp;
 800ae2c:	f88d 0003 	strb.w	r0, [sp, #3]
            ack_data[4] = 0x00;
 800ae30:	f88d 3004 	strb.w	r3, [sp, #4]
            ack_data[5] = 0x00;
 800ae34:	f88d 3005 	strb.w	r3, [sp, #5]
            ack_data[6] = 0x00;
 800ae38:	f88d 3006 	strb.w	r3, [sp, #6]
            ack_data[7] = 0x00;
 800ae3c:	f88d 3007 	strb.w	r3, [sp, #7]
            
            // Send acknowledgement
            CAN_SendMessage(CAN_CONFIG_ACK_ID, ack_data, 8, 1);
 800ae40:	2301      	movs	r3, #1
 800ae42:	2208      	movs	r2, #8
 800ae44:	4669      	mov	r1, sp
 800ae46:	4865      	ldr	r0, [pc, #404]	@ (800afdc <Config_ProcessCANCommand+0x250>)
 800ae48:	6800      	ldr	r0, [r0, #0]
 800ae4a:	f7fe fcf7 	bl	800983c <CAN_SendMessage>
            break;
 800ae4e:	e0a3      	b.n	800af98 <Config_ProcessCANCommand+0x20c>
        
        case CONFIG_CMD_SET_MIN_TEMP:
        {
            // Set minimum thermistor temperature threshold (temporary, resets on restart)
            // Value is in degrees Celsius (signed: -128 to 127)
            int8_t old_min_temp = CellTemp_GetMinTemp();
 800ae50:	f7ff f950 	bl	800a0f4 <CellTemp_GetMinTemp>
 800ae54:	4606      	mov	r6, r0
            int8_t new_min_temp = (int8_t)value;
            
            // Set new min temperature threshold
            CellTemp_SetMinTemp(new_min_temp);
 800ae56:	b260      	sxtb	r0, r4
 800ae58:	f7ff f942 	bl	800a0e0 <CellTemp_SetMinTemp>
            
            // Verify it was set
            int8_t actual_new_temp = CellTemp_GetMinTemp();
 800ae5c:	f7ff f94a 	bl	800a0f4 <CellTemp_GetMinTemp>
            // Prepare acknowledgement message
            // Byte 0: Command echo
            // Byte 1: Status (0x00 = success)
            // Byte 2: Old min temp (°C, signed)
            // Byte 3: New min temp (°C, signed)
            ack_data[0] = command;
 800ae60:	f88d 5000 	strb.w	r5, [sp]
            ack_data[1] = status;
 800ae64:	2300      	movs	r3, #0
 800ae66:	f88d 3001 	strb.w	r3, [sp, #1]
            ack_data[2] = (uint8_t)old_min_temp;
 800ae6a:	f88d 6002 	strb.w	r6, [sp, #2]
            ack_data[3] = (uint8_t)actual_new_temp;
 800ae6e:	f88d 0003 	strb.w	r0, [sp, #3]
            ack_data[4] = 0x00;
 800ae72:	f88d 3004 	strb.w	r3, [sp, #4]
            ack_data[5] = 0x00;
 800ae76:	f88d 3005 	strb.w	r3, [sp, #5]
            ack_data[6] = 0x00;
 800ae7a:	f88d 3006 	strb.w	r3, [sp, #6]
            ack_data[7] = 0x00;
 800ae7e:	f88d 3007 	strb.w	r3, [sp, #7]
            
            // Send acknowledgement
            CAN_SendMessage(CAN_CONFIG_ACK_ID, ack_data, 8, 1);
 800ae82:	2301      	movs	r3, #1
 800ae84:	2208      	movs	r2, #8
 800ae86:	4669      	mov	r1, sp
 800ae88:	4854      	ldr	r0, [pc, #336]	@ (800afdc <Config_ProcessCANCommand+0x250>)
 800ae8a:	6800      	ldr	r0, [r0, #0]
 800ae8c:	f7fe fcd6 	bl	800983c <CAN_SendMessage>
            break;
 800ae90:	e082      	b.n	800af98 <Config_ProcessCANCommand+0x20c>
        
        case CONFIG_CMD_SET_MIN_VOLTAGE:
        {
            // Set minimum cell voltage threshold (temporary, resets on restart)
            // Value is voltage/100, e.g. 25 = 2500mV
            uint16_t old_min_voltage = BQ_GetMinVoltage();
 800ae92:	f7fe fb67 	bl	8009564 <BQ_GetMinVoltage>
 800ae96:	4606      	mov	r6, r0
            uint16_t new_min_voltage_mv = (uint16_t)value * 100;
 800ae98:	eb04 0484 	add.w	r4, r4, r4, lsl #2
 800ae9c:	eb04 0484 	add.w	r4, r4, r4, lsl #2
            
            // Set new min voltage threshold
            BQ_SetMinVoltage(new_min_voltage_mv);
 800aea0:	00a0      	lsls	r0, r4, #2
 800aea2:	f7fe fb59 	bl	8009558 <BQ_SetMinVoltage>
            
            // Verify it was set
            uint16_t actual_new_voltage = BQ_GetMinVoltage();
 800aea6:	f7fe fb5d 	bl	8009564 <BQ_GetMinVoltage>
 800aeaa:	4603      	mov	r3, r0
            // Prepare acknowledgement message
            // Byte 0: Command echo
            // Byte 1: Status (0x00 = success)
            // Byte 2: Old min voltage (value * 100 = mV)
            // Byte 3: New min voltage (value * 100 = mV)
            ack_data[0] = command;
 800aeac:	f88d 5000 	strb.w	r5, [sp]
            ack_data[1] = status;
 800aeb0:	2200      	movs	r2, #0
 800aeb2:	f88d 2001 	strb.w	r2, [sp, #1]
            ack_data[2] = (uint8_t)(old_min_voltage / 100);
 800aeb6:	494a      	ldr	r1, [pc, #296]	@ (800afe0 <Config_ProcessCANCommand+0x254>)
 800aeb8:	fba1 0606 	umull	r0, r6, r1, r6
 800aebc:	f3c6 1647 	ubfx	r6, r6, #5, #8
 800aec0:	f88d 6002 	strb.w	r6, [sp, #2]
            ack_data[3] = (uint8_t)(actual_new_voltage / 100);
 800aec4:	fba1 1303 	umull	r1, r3, r1, r3
 800aec8:	f3c3 1347 	ubfx	r3, r3, #5, #8
 800aecc:	f88d 3003 	strb.w	r3, [sp, #3]
            ack_data[4] = 0x00;
 800aed0:	f88d 2004 	strb.w	r2, [sp, #4]
            ack_data[5] = 0x00;
 800aed4:	f88d 2005 	strb.w	r2, [sp, #5]
            ack_data[6] = 0x00;
 800aed8:	f88d 2006 	strb.w	r2, [sp, #6]
            ack_data[7] = 0x00;
 800aedc:	f88d 2007 	strb.w	r2, [sp, #7]
            
            // Send acknowledgement
            CAN_SendMessage(CAN_CONFIG_ACK_ID, ack_data, 8, 1);
 800aee0:	2301      	movs	r3, #1
 800aee2:	2208      	movs	r2, #8
 800aee4:	4669      	mov	r1, sp
 800aee6:	483d      	ldr	r0, [pc, #244]	@ (800afdc <Config_ProcessCANCommand+0x250>)
 800aee8:	6800      	ldr	r0, [r0, #0]
 800aeea:	f7fe fca7 	bl	800983c <CAN_SendMessage>
            break;
 800aeee:	e053      	b.n	800af98 <Config_ProcessCANCommand+0x20c>
        
        case CONFIG_CMD_SET_MAX_VOLTAGE:
        {
            // Set maximum cell voltage threshold (temporary, resets on restart)
            // Value is voltage/100, e.g. 42 = 4200mV
            uint16_t old_max_voltage = BQ_GetMaxVoltage();
 800aef0:	f7fe fb44 	bl	800957c <BQ_GetMaxVoltage>
 800aef4:	4606      	mov	r6, r0
            uint16_t new_max_voltage_mv = (uint16_t)value * 100;
 800aef6:	eb04 0484 	add.w	r4, r4, r4, lsl #2
 800aefa:	eb04 0484 	add.w	r4, r4, r4, lsl #2
            
            // Set new max voltage threshold
            BQ_SetMaxVoltage(new_max_voltage_mv);
 800aefe:	00a0      	lsls	r0, r4, #2
 800af00:	f7fe fb36 	bl	8009570 <BQ_SetMaxVoltage>
            
            // Verify it was set
            uint16_t actual_new_voltage = BQ_GetMaxVoltage();
 800af04:	f7fe fb3a 	bl	800957c <BQ_GetMaxVoltage>
 800af08:	4603      	mov	r3, r0
            // Prepare acknowledgement message
            // Byte 0: Command echo
            // Byte 1: Status (0x00 = success)
            // Byte 2: Old max voltage (value * 100 = mV)
            // Byte 3: New max voltage (value * 100 = mV)
            ack_data[0] = command;
 800af0a:	f88d 5000 	strb.w	r5, [sp]
            ack_data[1] = status;
 800af0e:	2200      	movs	r2, #0
 800af10:	f88d 2001 	strb.w	r2, [sp, #1]
            ack_data[2] = (uint8_t)(old_max_voltage / 100);
 800af14:	4932      	ldr	r1, [pc, #200]	@ (800afe0 <Config_ProcessCANCommand+0x254>)
 800af16:	fba1 0606 	umull	r0, r6, r1, r6
 800af1a:	f3c6 1647 	ubfx	r6, r6, #5, #8
 800af1e:	f88d 6002 	strb.w	r6, [sp, #2]
            ack_data[3] = (uint8_t)(actual_new_voltage / 100);
 800af22:	fba1 1303 	umull	r1, r3, r1, r3
 800af26:	f3c3 1347 	ubfx	r3, r3, #5, #8
 800af2a:	f88d 3003 	strb.w	r3, [sp, #3]
            ack_data[4] = 0x00;
 800af2e:	f88d 2004 	strb.w	r2, [sp, #4]
            ack_data[5] = 0x00;
 800af32:	f88d 2005 	strb.w	r2, [sp, #5]
            ack_data[6] = 0x00;
 800af36:	f88d 2006 	strb.w	r2, [sp, #6]
            ack_data[7] = 0x00;
 800af3a:	f88d 2007 	strb.w	r2, [sp, #7]
            
            // Send acknowledgement
            CAN_SendMessage(CAN_CONFIG_ACK_ID, ack_data, 8, 1);
 800af3e:	2301      	movs	r3, #1
 800af40:	2208      	movs	r2, #8
 800af42:	4669      	mov	r1, sp
 800af44:	4825      	ldr	r0, [pc, #148]	@ (800afdc <Config_ProcessCANCommand+0x250>)
 800af46:	6800      	ldr	r0, [r0, #0]
 800af48:	f7fe fc78 	bl	800983c <CAN_SendMessage>
            break;
 800af4c:	e024      	b.n	800af98 <Config_ProcessCANCommand+0x20c>
            // Byte 1 (value) specifies which parameter to retrieve
            uint8_t param = value;
            uint16_t param_value = 0;
            status = CONFIG_STATUS_SUCCESS;
            
            switch (param) {
 800af4e:	1e63      	subs	r3, r4, #1
 800af50:	2b04      	cmp	r3, #4
 800af52:	d83f      	bhi.n	800afd4 <Config_ProcessCANCommand+0x248>
 800af54:	e8df f003 	tbb	[pc, r3]
 800af58:	2c272203 	.word	0x2c272203
 800af5c:	35          	.byte	0x35
 800af5d:	00          	.byte	0x00
                case CONFIG_PARAM_MODULE_ID:
                    param_value = Config_GetModuleID();
 800af5e:	f7ff fdd3 	bl	800ab08 <Config_GetModuleID>
            status = CONFIG_STATUS_SUCCESS;
 800af62:	2300      	movs	r3, #0
            // Byte 1: Status (0x00 = success, 0x01 = invalid parameter)
            // Byte 2: Parameter selector echo
            // Byte 3: Current value (low byte)
            // Byte 4: Current value (high byte, for 16-bit values like raw mV)
            // Bytes 5-7: Reserved
            ack_data[0] = command;
 800af64:	f88d 5000 	strb.w	r5, [sp]
            ack_data[1] = status;
 800af68:	f88d 3001 	strb.w	r3, [sp, #1]
            ack_data[2] = param;
 800af6c:	f88d 4002 	strb.w	r4, [sp, #2]
            ack_data[3] = (uint8_t)(param_value & 0xFF);
 800af70:	f88d 0003 	strb.w	r0, [sp, #3]
            ack_data[4] = (uint8_t)((param_value >> 8) & 0xFF);
 800af74:	f3c0 2007 	ubfx	r0, r0, #8, #8
 800af78:	f88d 0004 	strb.w	r0, [sp, #4]
            ack_data[5] = 0x00;
 800af7c:	2300      	movs	r3, #0
 800af7e:	f88d 3005 	strb.w	r3, [sp, #5]
            ack_data[6] = 0x00;
 800af82:	f88d 3006 	strb.w	r3, [sp, #6]
            ack_data[7] = 0x00;
 800af86:	f88d 3007 	strb.w	r3, [sp, #7]
            
            // Send acknowledgement
            CAN_SendMessage(CAN_CONFIG_ACK_ID, ack_data, 8, 1);
 800af8a:	2301      	movs	r3, #1
 800af8c:	2208      	movs	r2, #8
 800af8e:	4669      	mov	r1, sp
 800af90:	4812      	ldr	r0, [pc, #72]	@ (800afdc <Config_ProcessCANCommand+0x250>)
 800af92:	6800      	ldr	r0, [r0, #0]
 800af94:	f7fe fc52 	bl	800983c <CAN_SendMessage>
            
        default:
            // Unknown command, ignore (no ACK sent)
            break;
    }
}
 800af98:	b003      	add	sp, #12
 800af9a:	bdf0      	pop	{r4, r5, r6, r7, pc}
                    param_value = (uint8_t)CellTemp_GetMaxTemp();
 800af9c:	f7ff f892 	bl	800a0c4 <CellTemp_GetMaxTemp>
 800afa0:	b2c0      	uxtb	r0, r0
            status = CONFIG_STATUS_SUCCESS;
 800afa2:	2300      	movs	r3, #0
                    break;
 800afa4:	e7de      	b.n	800af64 <Config_ProcessCANCommand+0x1d8>
                    param_value = (uint8_t)CellTemp_GetMinTemp();  // Signed value cast to uint8
 800afa6:	f7ff f8a5 	bl	800a0f4 <CellTemp_GetMinTemp>
 800afaa:	b2c0      	uxtb	r0, r0
            status = CONFIG_STATUS_SUCCESS;
 800afac:	2300      	movs	r3, #0
                    break;
 800afae:	e7d9      	b.n	800af64 <Config_ProcessCANCommand+0x1d8>
                    param_value = BQ_GetMinVoltage() / 100;  // Return as value*100=mV
 800afb0:	f7fe fad8 	bl	8009564 <BQ_GetMinVoltage>
 800afb4:	4b0a      	ldr	r3, [pc, #40]	@ (800afe0 <Config_ProcessCANCommand+0x254>)
 800afb6:	fba3 3000 	umull	r3, r0, r3, r0
 800afba:	f3c0 104f 	ubfx	r0, r0, #5, #16
            status = CONFIG_STATUS_SUCCESS;
 800afbe:	2300      	movs	r3, #0
                    break;
 800afc0:	e7d0      	b.n	800af64 <Config_ProcessCANCommand+0x1d8>
                    param_value = BQ_GetMaxVoltage() / 100;  // Return as value*100=mV
 800afc2:	f7fe fadb 	bl	800957c <BQ_GetMaxVoltage>
 800afc6:	4b06      	ldr	r3, [pc, #24]	@ (800afe0 <Config_ProcessCANCommand+0x254>)
 800afc8:	fba3 3000 	umull	r3, r0, r3, r0
 800afcc:	f3c0 104f 	ubfx	r0, r0, #5, #16
            status = CONFIG_STATUS_SUCCESS;
 800afd0:	2300      	movs	r3, #0
                    break;
 800afd2:	e7c7      	b.n	800af64 <Config_ProcessCANCommand+0x1d8>
            switch (param) {
 800afd4:	2000      	movs	r0, #0
 800afd6:	2301      	movs	r3, #1
 800afd8:	e7c4      	b.n	800af64 <Config_ProcessCANCommand+0x1d8>
 800afda:	4770      	bx	lr
 800afdc:	20000d8c 	.word	0x20000d8c
 800afe0:	51eb851f 	.word	0x51eb851f

0800afe4 <RotateByteBits>:
  * @param  rotation_index: Pointer to rotation index for this byte
  * @retval Rotated byte with only one bit set
  */
static uint8_t RotateByteBits(uint8_t byte_value, uint8_t *rotation_index)
{
    if (byte_value == 0) {
 800afe4:	4684      	mov	ip, r0
 800afe6:	b110      	cbz	r0, 800afee <RotateByteBits+0xa>
        return 0;
    }
    
    // Count active bits in this byte
    uint8_t active_bit_count = 0;
    for (uint8_t bit = 0; bit < 8; bit++) {
 800afe8:	2300      	movs	r3, #0
    uint8_t active_bit_count = 0;
 800afea:	4618      	mov	r0, r3
 800afec:	e004      	b.n	800aff8 <RotateByteBits+0x14>
        *rotation_index = 0;
 800afee:	2300      	movs	r3, #0
 800aff0:	700b      	strb	r3, [r1, #0]
        return 0;
 800aff2:	4770      	bx	lr
    for (uint8_t bit = 0; bit < 8; bit++) {
 800aff4:	3301      	adds	r3, #1
 800aff6:	b2db      	uxtb	r3, r3
 800aff8:	2b07      	cmp	r3, #7
 800affa:	d807      	bhi.n	800b00c <RotateByteBits+0x28>
        if (byte_value & (1 << bit)) {
 800affc:	fa4c f203 	asr.w	r2, ip, r3
 800b000:	f012 0f01 	tst.w	r2, #1
 800b004:	d0f6      	beq.n	800aff4 <RotateByteBits+0x10>
            active_bit_count++;
 800b006:	3001      	adds	r0, #1
 800b008:	b2c0      	uxtb	r0, r0
 800b00a:	e7f3      	b.n	800aff4 <RotateByteBits+0x10>
        }
    }
    
    // Find the Nth active bit
    if (active_bit_count > 0) {
 800b00c:	b9f0      	cbnz	r0, 800b04c <RotateByteBits+0x68>
 800b00e:	4770      	bx	lr
                if (current_index == *rotation_index) {
                    // Update rotation for next call
                    *rotation_index = (*rotation_index + 1) % active_bit_count;
                    return (1 << bit);
                }
                current_index++;
 800b010:	3201      	adds	r2, #1
 800b012:	b2d2      	uxtb	r2, r2
        for (uint8_t bit = 0; bit < 8; bit++) {
 800b014:	3301      	adds	r3, #1
 800b016:	b2db      	uxtb	r3, r3
 800b018:	2b07      	cmp	r3, #7
 800b01a:	d815      	bhi.n	800b048 <RotateByteBits+0x64>
            if (byte_value & (1 << bit)) {
 800b01c:	461c      	mov	r4, r3
 800b01e:	fa4c fe03 	asr.w	lr, ip, r3
 800b022:	f01e 0f01 	tst.w	lr, #1
 800b026:	d0f5      	beq.n	800b014 <RotateByteBits+0x30>
                if (current_index == *rotation_index) {
 800b028:	f891 e000 	ldrb.w	lr, [r1]
 800b02c:	4596      	cmp	lr, r2
 800b02e:	d1ef      	bne.n	800b010 <RotateByteBits+0x2c>
                    *rotation_index = (*rotation_index + 1) % active_bit_count;
 800b030:	f10e 0e01 	add.w	lr, lr, #1
 800b034:	fb9e f3f0 	sdiv	r3, lr, r0
 800b038:	fb00 ee13 	mls	lr, r0, r3, lr
 800b03c:	f881 e000 	strb.w	lr, [r1]
                    return (1 << bit);
 800b040:	2001      	movs	r0, #1
 800b042:	40a0      	lsls	r0, r4
 800b044:	b2c0      	uxtb	r0, r0
 800b046:	e000      	b.n	800b04a <RotateByteBits+0x66>
            }
        }
    }
    
    return 0;
 800b048:	2000      	movs	r0, #0
}
 800b04a:	bd10      	pop	{r4, pc}
        for (uint8_t bit = 0; bit < 8; bit++) {
 800b04c:	2300      	movs	r3, #0
        uint8_t current_index = 0;
 800b04e:	461a      	mov	r2, r3
        for (uint8_t bit = 0; bit < 8; bit++) {
 800b050:	2b07      	cmp	r3, #7
 800b052:	d801      	bhi.n	800b058 <RotateByteBits+0x74>
{
 800b054:	b510      	push	{r4, lr}
 800b056:	e7e1      	b.n	800b01c <RotateByteBits+0x38>
    return 0;
 800b058:	2000      	movs	r0, #0
}
 800b05a:	4770      	bx	lr

0800b05c <ErrorMgr_Init>:
{
 800b05c:	b510      	push	{r4, lr}
    memset(&error_mgr, 0, sizeof(Error_Manager_t));
 800b05e:	4c0a      	ldr	r4, [pc, #40]	@ (800b088 <ErrorMgr_Init+0x2c>)
 800b060:	2300      	movs	r3, #0
 800b062:	6023      	str	r3, [r4, #0]
 800b064:	6063      	str	r3, [r4, #4]
 800b066:	60a3      	str	r3, [r4, #8]
 800b068:	60e3      	str	r3, [r4, #12]
 800b06a:	6123      	str	r3, [r4, #16]
    error_mgr.last_heartbeat = osKernelGetTickCount();
 800b06c:	f7ff fa84 	bl	800a578 <osKernelGetTickCount>
 800b070:	6120      	str	r0, [r4, #16]
    error_mutex = osMutexNew(&error_mutex_attributes);
 800b072:	4806      	ldr	r0, [pc, #24]	@ (800b08c <ErrorMgr_Init+0x30>)
 800b074:	f7ff faf2 	bl	800a65c <osMutexNew>
 800b078:	4b05      	ldr	r3, [pc, #20]	@ (800b090 <ErrorMgr_Init+0x34>)
 800b07a:	6018      	str	r0, [r3, #0]
    if (error_mutex == NULL) {
 800b07c:	b108      	cbz	r0, 800b082 <ErrorMgr_Init+0x26>
    return HAL_OK;
 800b07e:	2000      	movs	r0, #0
}
 800b080:	bd10      	pop	{r4, pc}
        return HAL_ERROR;
 800b082:	2001      	movs	r0, #1
 800b084:	e7fc      	b.n	800b080 <ErrorMgr_Init+0x24>
 800b086:	bf00      	nop
 800b088:	20000dd4 	.word	0x20000dd4
 800b08c:	0801190c 	.word	0x0801190c
 800b090:	20000dd0 	.word	0x20000dd0

0800b094 <ErrorMgr_SetError>:
{
 800b094:	b510      	push	{r4, lr}
 800b096:	4604      	mov	r4, r0
    if (osMutexAcquire(error_mutex, osWaitForever) == osOK) {
 800b098:	f04f 31ff 	mov.w	r1, #4294967295
 800b09c:	4b0d      	ldr	r3, [pc, #52]	@ (800b0d4 <ErrorMgr_SetError+0x40>)
 800b09e:	6818      	ldr	r0, [r3, #0]
 800b0a0:	f7ff fb27 	bl	800a6f2 <osMutexAcquire>
 800b0a4:	b990      	cbnz	r0, 800b0cc <ErrorMgr_SetError+0x38>
        if (!(error_mgr.error_flags & error_flag)) {
 800b0a6:	4b0c      	ldr	r3, [pc, #48]	@ (800b0d8 <ErrorMgr_SetError+0x44>)
 800b0a8:	681b      	ldr	r3, [r3, #0]
 800b0aa:	4223      	tst	r3, r4
 800b0ac:	d106      	bne.n	800b0bc <ErrorMgr_SetError+0x28>
            error_mgr.fault_count++;
 800b0ae:	4a0a      	ldr	r2, [pc, #40]	@ (800b0d8 <ErrorMgr_SetError+0x44>)
 800b0b0:	7a13      	ldrb	r3, [r2, #8]
 800b0b2:	3301      	adds	r3, #1
 800b0b4:	7213      	strb	r3, [r2, #8]
            if (error_flag & (ERROR_OVER_TEMP | ERROR_UNDER_VOLTAGE | 
 800b0b6:	4b09      	ldr	r3, [pc, #36]	@ (800b0dc <ErrorMgr_SetError+0x48>)
 800b0b8:	421c      	tst	r4, r3
 800b0ba:	d108      	bne.n	800b0ce <ErrorMgr_SetError+0x3a>
        error_mgr.error_flags |= error_flag;
 800b0bc:	4a06      	ldr	r2, [pc, #24]	@ (800b0d8 <ErrorMgr_SetError+0x44>)
 800b0be:	6813      	ldr	r3, [r2, #0]
 800b0c0:	4323      	orrs	r3, r4
 800b0c2:	6013      	str	r3, [r2, #0]
        osMutexRelease(error_mutex);
 800b0c4:	4b03      	ldr	r3, [pc, #12]	@ (800b0d4 <ErrorMgr_SetError+0x40>)
 800b0c6:	6818      	ldr	r0, [r3, #0]
 800b0c8:	f7ff fb42 	bl	800a750 <osMutexRelease>
}
 800b0cc:	bd10      	pop	{r4, pc}
                StateMachine_EnterFault();
 800b0ce:	f001 fcc7 	bl	800ca60 <StateMachine_EnterFault>
 800b0d2:	e7f3      	b.n	800b0bc <ErrorMgr_SetError+0x28>
 800b0d4:	20000dd0 	.word	0x20000dd0
 800b0d8:	20000dd4 	.word	0x20000dd4
 800b0dc:	00080301 	.word	0x00080301

0800b0e0 <ErrorMgr_ClearError>:
{
 800b0e0:	b510      	push	{r4, lr}
 800b0e2:	4604      	mov	r4, r0
    if (osMutexAcquire(error_mutex, osWaitForever) == osOK) {
 800b0e4:	f04f 31ff 	mov.w	r1, #4294967295
 800b0e8:	4b18      	ldr	r3, [pc, #96]	@ (800b14c <ErrorMgr_ClearError+0x6c>)
 800b0ea:	6818      	ldr	r0, [r3, #0]
 800b0ec:	f7ff fb01 	bl	800a6f2 <osMutexAcquire>
 800b0f0:	b968      	cbnz	r0, 800b10e <ErrorMgr_ClearError+0x2e>
        if (error_mgr.error_flags & error_flag) {
 800b0f2:	4b17      	ldr	r3, [pc, #92]	@ (800b150 <ErrorMgr_ClearError+0x70>)
 800b0f4:	6818      	ldr	r0, [r3, #0]
 800b0f6:	ea10 0c04 	ands.w	ip, r0, r4
 800b0fa:	d115      	bne.n	800b128 <ErrorMgr_ClearError+0x48>
        error_mgr.error_flags &= ~error_flag;
 800b0fc:	ea20 0004 	bic.w	r0, r0, r4
 800b100:	4b13      	ldr	r3, [pc, #76]	@ (800b150 <ErrorMgr_ClearError+0x70>)
 800b102:	6018      	str	r0, [r3, #0]
        if (error_mgr.error_flags == 0) {
 800b104:	b1f8      	cbz	r0, 800b146 <ErrorMgr_ClearError+0x66>
        osMutexRelease(error_mutex);
 800b106:	4b11      	ldr	r3, [pc, #68]	@ (800b14c <ErrorMgr_ClearError+0x6c>)
 800b108:	6818      	ldr	r0, [r3, #0]
 800b10a:	f7ff fb21 	bl	800a750 <osMutexRelease>
}
 800b10e:	bd10      	pop	{r4, pc}
            for (uint8_t bit = 0; bit < 32; bit++) {
 800b110:	3301      	adds	r3, #1
 800b112:	b2db      	uxtb	r3, r3
 800b114:	2b1f      	cmp	r3, #31
 800b116:	d80a      	bhi.n	800b12e <ErrorMgr_ClearError+0x4e>
                if (cleared_bits & (1 << bit)) {
 800b118:	2201      	movs	r2, #1
 800b11a:	409a      	lsls	r2, r3
 800b11c:	ea1c 0f02 	tst.w	ip, r2
 800b120:	d0f6      	beq.n	800b110 <ErrorMgr_ClearError+0x30>
                    cleared_count++;
 800b122:	3101      	adds	r1, #1
 800b124:	b2c9      	uxtb	r1, r1
 800b126:	e7f3      	b.n	800b110 <ErrorMgr_ClearError+0x30>
            for (uint8_t bit = 0; bit < 32; bit++) {
 800b128:	2300      	movs	r3, #0
            uint8_t cleared_count = 0;
 800b12a:	4619      	mov	r1, r3
 800b12c:	e7f2      	b.n	800b114 <ErrorMgr_ClearError+0x34>
            if (error_mgr.fault_count >= cleared_count) {
 800b12e:	4b08      	ldr	r3, [pc, #32]	@ (800b150 <ErrorMgr_ClearError+0x70>)
 800b130:	7a1b      	ldrb	r3, [r3, #8]
 800b132:	428b      	cmp	r3, r1
 800b134:	d303      	bcc.n	800b13e <ErrorMgr_ClearError+0x5e>
                error_mgr.fault_count -= cleared_count;
 800b136:	1a5b      	subs	r3, r3, r1
 800b138:	4a05      	ldr	r2, [pc, #20]	@ (800b150 <ErrorMgr_ClearError+0x70>)
 800b13a:	7213      	strb	r3, [r2, #8]
 800b13c:	e7de      	b.n	800b0fc <ErrorMgr_ClearError+0x1c>
                error_mgr.fault_count = 0;  // Safety check
 800b13e:	4b04      	ldr	r3, [pc, #16]	@ (800b150 <ErrorMgr_ClearError+0x70>)
 800b140:	2200      	movs	r2, #0
 800b142:	721a      	strb	r2, [r3, #8]
 800b144:	e7da      	b.n	800b0fc <ErrorMgr_ClearError+0x1c>
            StateMachine_ExitFault();
 800b146:	f001 fca5 	bl	800ca94 <StateMachine_ExitFault>
 800b14a:	e7dc      	b.n	800b106 <ErrorMgr_ClearError+0x26>
 800b14c:	20000dd0 	.word	0x20000dd0
 800b150:	20000dd4 	.word	0x20000dd4

0800b154 <ErrorMgr_SetWarning>:
{
 800b154:	b510      	push	{r4, lr}
 800b156:	4604      	mov	r4, r0
    if (osMutexAcquire(error_mutex, osWaitForever) == osOK) {
 800b158:	f04f 31ff 	mov.w	r1, #4294967295
 800b15c:	4b07      	ldr	r3, [pc, #28]	@ (800b17c <ErrorMgr_SetWarning+0x28>)
 800b15e:	6818      	ldr	r0, [r3, #0]
 800b160:	f7ff fac7 	bl	800a6f2 <osMutexAcquire>
 800b164:	b100      	cbz	r0, 800b168 <ErrorMgr_SetWarning+0x14>
}
 800b166:	bd10      	pop	{r4, pc}
        error_mgr.warning_flags |= warning_flag;
 800b168:	4a05      	ldr	r2, [pc, #20]	@ (800b180 <ErrorMgr_SetWarning+0x2c>)
 800b16a:	6853      	ldr	r3, [r2, #4]
 800b16c:	4323      	orrs	r3, r4
 800b16e:	6053      	str	r3, [r2, #4]
        osMutexRelease(error_mutex);
 800b170:	4b02      	ldr	r3, [pc, #8]	@ (800b17c <ErrorMgr_SetWarning+0x28>)
 800b172:	6818      	ldr	r0, [r3, #0]
 800b174:	f7ff faec 	bl	800a750 <osMutexRelease>
}
 800b178:	e7f5      	b.n	800b166 <ErrorMgr_SetWarning+0x12>
 800b17a:	bf00      	nop
 800b17c:	20000dd0 	.word	0x20000dd0
 800b180:	20000dd4 	.word	0x20000dd4

0800b184 <ErrorMgr_ClearWarning>:
{
 800b184:	b510      	push	{r4, lr}
 800b186:	4604      	mov	r4, r0
    if (osMutexAcquire(error_mutex, osWaitForever) == osOK) {
 800b188:	f04f 31ff 	mov.w	r1, #4294967295
 800b18c:	4b07      	ldr	r3, [pc, #28]	@ (800b1ac <ErrorMgr_ClearWarning+0x28>)
 800b18e:	6818      	ldr	r0, [r3, #0]
 800b190:	f7ff faaf 	bl	800a6f2 <osMutexAcquire>
 800b194:	b100      	cbz	r0, 800b198 <ErrorMgr_ClearWarning+0x14>
}
 800b196:	bd10      	pop	{r4, pc}
        error_mgr.warning_flags &= ~warning_flag;
 800b198:	4a05      	ldr	r2, [pc, #20]	@ (800b1b0 <ErrorMgr_ClearWarning+0x2c>)
 800b19a:	6853      	ldr	r3, [r2, #4]
 800b19c:	ea23 0304 	bic.w	r3, r3, r4
 800b1a0:	6053      	str	r3, [r2, #4]
        osMutexRelease(error_mutex);
 800b1a2:	4b02      	ldr	r3, [pc, #8]	@ (800b1ac <ErrorMgr_ClearWarning+0x28>)
 800b1a4:	6818      	ldr	r0, [r3, #0]
 800b1a6:	f7ff fad3 	bl	800a750 <osMutexRelease>
}
 800b1aa:	e7f4      	b.n	800b196 <ErrorMgr_ClearWarning+0x12>
 800b1ac:	20000dd0 	.word	0x20000dd0
 800b1b0:	20000dd4 	.word	0x20000dd4

0800b1b4 <ErrorMgr_GetErrors>:
{
 800b1b4:	b510      	push	{r4, lr}
    if (osMutexAcquire(error_mutex, osWaitForever) == osOK) {
 800b1b6:	f04f 31ff 	mov.w	r1, #4294967295
 800b1ba:	4b07      	ldr	r3, [pc, #28]	@ (800b1d8 <ErrorMgr_GetErrors+0x24>)
 800b1bc:	6818      	ldr	r0, [r3, #0]
 800b1be:	f7ff fa98 	bl	800a6f2 <osMutexAcquire>
 800b1c2:	b110      	cbz	r0, 800b1ca <ErrorMgr_GetErrors+0x16>
    uint32_t errors = 0;
 800b1c4:	2400      	movs	r4, #0
}
 800b1c6:	4620      	mov	r0, r4
 800b1c8:	bd10      	pop	{r4, pc}
        errors = error_mgr.error_flags;
 800b1ca:	4b04      	ldr	r3, [pc, #16]	@ (800b1dc <ErrorMgr_GetErrors+0x28>)
 800b1cc:	681c      	ldr	r4, [r3, #0]
        osMutexRelease(error_mutex);
 800b1ce:	4b02      	ldr	r3, [pc, #8]	@ (800b1d8 <ErrorMgr_GetErrors+0x24>)
 800b1d0:	6818      	ldr	r0, [r3, #0]
 800b1d2:	f7ff fabd 	bl	800a750 <osMutexRelease>
 800b1d6:	e7f6      	b.n	800b1c6 <ErrorMgr_GetErrors+0x12>
 800b1d8:	20000dd0 	.word	0x20000dd0
 800b1dc:	20000dd4 	.word	0x20000dd4

0800b1e0 <ErrorMgr_HasErrors>:
{
 800b1e0:	b508      	push	{r3, lr}
    return (ErrorMgr_GetErrors() != 0);
 800b1e2:	f7ff ffe7 	bl	800b1b4 <ErrorMgr_GetErrors>
}
 800b1e6:	3800      	subs	r0, #0
 800b1e8:	bf18      	it	ne
 800b1ea:	2001      	movne	r0, #1
 800b1ec:	bd08      	pop	{r3, pc}
	...

0800b1f0 <ErrorMgr_GetStatus>:
    static uint8_t byte0_rotation = 0;
    static uint8_t byte1_rotation = 0;
    static uint8_t byte2_rotation = 0;
    static uint8_t byte3_rotation = 0;
    
    if (mgr == NULL) {
 800b1f0:	b368      	cbz	r0, 800b24e <ErrorMgr_GetStatus+0x5e>
{
 800b1f2:	b538      	push	{r3, r4, r5, lr}
 800b1f4:	4604      	mov	r4, r0
        return;
    }

    if (osMutexAcquire(error_mutex, osWaitForever) == osOK) {
 800b1f6:	f04f 31ff 	mov.w	r1, #4294967295
 800b1fa:	4b15      	ldr	r3, [pc, #84]	@ (800b250 <ErrorMgr_GetStatus+0x60>)
 800b1fc:	6818      	ldr	r0, [r3, #0]
 800b1fe:	f7ff fa78 	bl	800a6f2 <osMutexAcquire>
 800b202:	b100      	cbz	r0, 800b206 <ErrorMgr_GetStatus+0x16>
        error_bytes[2] = RotateByteBits((uint8_t)((error_mgr.error_flags >> 16) & 0xFF), &byte2_rotation);
        error_bytes[3] = RotateByteBits((uint8_t)((error_mgr.error_flags >> 24) & 0xFF), &byte3_rotation);
        
        osMutexRelease(error_mutex);
    }
}/**
 800b204:	bd38      	pop	{r3, r4, r5, pc}
        memcpy(mgr, &error_mgr, sizeof(Error_Manager_t));
 800b206:	4d13      	ldr	r5, [pc, #76]	@ (800b254 <ErrorMgr_GetStatus+0x64>)
 800b208:	46ac      	mov	ip, r5
 800b20a:	e8bc 000f 	ldmia.w	ip!, {r0, r1, r2, r3}
 800b20e:	6020      	str	r0, [r4, #0]
 800b210:	6061      	str	r1, [r4, #4]
 800b212:	60a2      	str	r2, [r4, #8]
 800b214:	60e3      	str	r3, [r4, #12]
 800b216:	f8dc 0000 	ldr.w	r0, [ip]
 800b21a:	6120      	str	r0, [r4, #16]
        error_bytes[0] = RotateByteBits((uint8_t)(error_mgr.error_flags & 0xFF), &byte0_rotation);
 800b21c:	490e      	ldr	r1, [pc, #56]	@ (800b258 <ErrorMgr_GetStatus+0x68>)
 800b21e:	7828      	ldrb	r0, [r5, #0]
 800b220:	f7ff fee0 	bl	800afe4 <RotateByteBits>
 800b224:	7020      	strb	r0, [r4, #0]
        error_bytes[1] = RotateByteBits((uint8_t)((error_mgr.error_flags >> 8) & 0xFF), &byte1_rotation);
 800b226:	490d      	ldr	r1, [pc, #52]	@ (800b25c <ErrorMgr_GetStatus+0x6c>)
 800b228:	7868      	ldrb	r0, [r5, #1]
 800b22a:	f7ff fedb 	bl	800afe4 <RotateByteBits>
 800b22e:	7060      	strb	r0, [r4, #1]
        error_bytes[2] = RotateByteBits((uint8_t)((error_mgr.error_flags >> 16) & 0xFF), &byte2_rotation);
 800b230:	490b      	ldr	r1, [pc, #44]	@ (800b260 <ErrorMgr_GetStatus+0x70>)
 800b232:	78a8      	ldrb	r0, [r5, #2]
 800b234:	f7ff fed6 	bl	800afe4 <RotateByteBits>
 800b238:	70a0      	strb	r0, [r4, #2]
        error_bytes[3] = RotateByteBits((uint8_t)((error_mgr.error_flags >> 24) & 0xFF), &byte3_rotation);
 800b23a:	490a      	ldr	r1, [pc, #40]	@ (800b264 <ErrorMgr_GetStatus+0x74>)
 800b23c:	78e8      	ldrb	r0, [r5, #3]
 800b23e:	f7ff fed1 	bl	800afe4 <RotateByteBits>
 800b242:	70e0      	strb	r0, [r4, #3]
        osMutexRelease(error_mutex);
 800b244:	4b02      	ldr	r3, [pc, #8]	@ (800b250 <ErrorMgr_GetStatus+0x60>)
 800b246:	6818      	ldr	r0, [r3, #0]
 800b248:	f7ff fa82 	bl	800a750 <osMutexRelease>
 800b24c:	e7da      	b.n	800b204 <ErrorMgr_GetStatus+0x14>
 800b24e:	4770      	bx	lr
 800b250:	20000dd0 	.word	0x20000dd0
 800b254:	20000dd4 	.word	0x20000dd4
 800b258:	20000dcc 	.word	0x20000dcc
 800b25c:	20000dcb 	.word	0x20000dcb
 800b260:	20000dca 	.word	0x20000dca
 800b264:	20000dc9 	.word	0x20000dc9

0800b268 <ErrorMgr_UpdateUptime>:
  * @brief  Update system uptime (call every second)
  * @retval None
  */
void ErrorMgr_UpdateUptime(void)
{
 800b268:	b508      	push	{r3, lr}
    if (osMutexAcquire(error_mutex, osWaitForever) == osOK) {
 800b26a:	f04f 31ff 	mov.w	r1, #4294967295
 800b26e:	4b07      	ldr	r3, [pc, #28]	@ (800b28c <ErrorMgr_UpdateUptime+0x24>)
 800b270:	6818      	ldr	r0, [r3, #0]
 800b272:	f7ff fa3e 	bl	800a6f2 <osMutexAcquire>
 800b276:	b100      	cbz	r0, 800b27a <ErrorMgr_UpdateUptime+0x12>
        error_mgr.uptime_seconds++;
        osMutexRelease(error_mutex);
    }
}
 800b278:	bd08      	pop	{r3, pc}
        error_mgr.uptime_seconds++;
 800b27a:	4a05      	ldr	r2, [pc, #20]	@ (800b290 <ErrorMgr_UpdateUptime+0x28>)
 800b27c:	68d3      	ldr	r3, [r2, #12]
 800b27e:	3301      	adds	r3, #1
 800b280:	60d3      	str	r3, [r2, #12]
        osMutexRelease(error_mutex);
 800b282:	4b02      	ldr	r3, [pc, #8]	@ (800b28c <ErrorMgr_UpdateUptime+0x24>)
 800b284:	6818      	ldr	r0, [r3, #0]
 800b286:	f7ff fa63 	bl	800a750 <osMutexRelease>
}
 800b28a:	e7f5      	b.n	800b278 <ErrorMgr_UpdateUptime+0x10>
 800b28c:	20000dd0 	.word	0x20000dd0
 800b290:	20000dd4 	.word	0x20000dd4

0800b294 <prvHeapInit>:
uint8_t *pucAlignedHeap;
size_t uxAddress;
size_t xTotalHeapSize = configTOTAL_HEAP_SIZE;

	/* Ensure the heap starts on a correctly aligned boundary. */
	uxAddress = ( size_t ) ucHeap;
 800b294:	4a13      	ldr	r2, [pc, #76]	@ (800b2e4 <prvHeapInit+0x50>)

	if( ( uxAddress & portBYTE_ALIGNMENT_MASK ) != 0 )
 800b296:	f012 0f07 	tst.w	r2, #7
 800b29a:	d01f      	beq.n	800b2dc <prvHeapInit+0x48>
	{
		uxAddress += ( portBYTE_ALIGNMENT - 1 );
 800b29c:	1dd1      	adds	r1, r2, #7
		uxAddress &= ~( ( size_t ) portBYTE_ALIGNMENT_MASK );
 800b29e:	f021 0107 	bic.w	r1, r1, #7
		xTotalHeapSize -= uxAddress - ( size_t ) ucHeap;
 800b2a2:	f5c1 533b 	rsb	r3, r1, #11968	@ 0x2ec0
 800b2a6:	3320      	adds	r3, #32
 800b2a8:	4413      	add	r3, r2
		uxAddress &= ~( ( size_t ) portBYTE_ALIGNMENT_MASK );
 800b2aa:	460a      	mov	r2, r1

	pucAlignedHeap = ( uint8_t * ) uxAddress;

	/* xStart is used to hold a pointer to the first item in the list of free
	blocks.  The void cast is used to prevent compiler warnings. */
	xStart.pxNextFreeBlock = ( void * ) pucAlignedHeap;
 800b2ac:	480e      	ldr	r0, [pc, #56]	@ (800b2e8 <prvHeapInit+0x54>)
 800b2ae:	6002      	str	r2, [r0, #0]
	xStart.xBlockSize = ( size_t ) 0;
 800b2b0:	2100      	movs	r1, #0
 800b2b2:	6041      	str	r1, [r0, #4]

	/* pxEnd is used to mark the end of the list of free blocks and is inserted
	at the end of the heap space. */
	uxAddress = ( ( size_t ) pucAlignedHeap ) + xTotalHeapSize;
 800b2b4:	4413      	add	r3, r2
	uxAddress -= xHeapStructSize;
 800b2b6:	3b08      	subs	r3, #8
	uxAddress &= ~( ( size_t ) portBYTE_ALIGNMENT_MASK );
 800b2b8:	f023 0307 	bic.w	r3, r3, #7
	pxEnd = ( void * ) uxAddress;
 800b2bc:	480b      	ldr	r0, [pc, #44]	@ (800b2ec <prvHeapInit+0x58>)
 800b2be:	6003      	str	r3, [r0, #0]
	pxEnd->xBlockSize = 0;
 800b2c0:	6059      	str	r1, [r3, #4]
	pxEnd->pxNextFreeBlock = NULL;
 800b2c2:	6019      	str	r1, [r3, #0]

	/* To start with there is a single free block that is sized to take up the
	entire heap space, minus the space taken by pxEnd. */
	pxFirstFreeBlock = ( void * ) pucAlignedHeap;
	pxFirstFreeBlock->xBlockSize = uxAddress - ( size_t ) pxFirstFreeBlock;
 800b2c4:	1a99      	subs	r1, r3, r2
 800b2c6:	6051      	str	r1, [r2, #4]
	pxFirstFreeBlock->pxNextFreeBlock = pxEnd;
 800b2c8:	6013      	str	r3, [r2, #0]

	/* Only one block exists - and it covers the entire usable heap space. */
	xMinimumEverFreeBytesRemaining = pxFirstFreeBlock->xBlockSize;
 800b2ca:	4b09      	ldr	r3, [pc, #36]	@ (800b2f0 <prvHeapInit+0x5c>)
 800b2cc:	6019      	str	r1, [r3, #0]
	xFreeBytesRemaining = pxFirstFreeBlock->xBlockSize;
 800b2ce:	4b09      	ldr	r3, [pc, #36]	@ (800b2f4 <prvHeapInit+0x60>)
 800b2d0:	6019      	str	r1, [r3, #0]

	/* Work out the position of the top bit in a size_t variable. */
	xBlockAllocatedBit = ( ( size_t ) 1 ) << ( ( sizeof( size_t ) * heapBITS_PER_BYTE ) - 1 );
 800b2d2:	4b09      	ldr	r3, [pc, #36]	@ (800b2f8 <prvHeapInit+0x64>)
 800b2d4:	f04f 4200 	mov.w	r2, #2147483648	@ 0x80000000
 800b2d8:	601a      	str	r2, [r3, #0]
}
 800b2da:	4770      	bx	lr
size_t xTotalHeapSize = configTOTAL_HEAP_SIZE;
 800b2dc:	f642 63e0 	movw	r3, #12000	@ 0x2ee0
 800b2e0:	e7e4      	b.n	800b2ac <prvHeapInit+0x18>
 800b2e2:	bf00      	nop
 800b2e4:	20000e08 	.word	0x20000e08
 800b2e8:	20000e00 	.word	0x20000e00
 800b2ec:	20000dfc 	.word	0x20000dfc
 800b2f0:	20000df4 	.word	0x20000df4
 800b2f4:	20000df8 	.word	0x20000df8
 800b2f8:	20000de8 	.word	0x20000de8

0800b2fc <prvInsertBlockIntoFreeList>:
BlockLink_t *pxIterator;
uint8_t *puc;

	/* Iterate through the list until a block is found that has a higher address
	than the block being inserted. */
	for( pxIterator = &xStart; pxIterator->pxNextFreeBlock < pxBlockToInsert; pxIterator = pxIterator->pxNextFreeBlock )
 800b2fc:	4b16      	ldr	r3, [pc, #88]	@ (800b358 <prvInsertBlockIntoFreeList+0x5c>)
 800b2fe:	461a      	mov	r2, r3
 800b300:	681b      	ldr	r3, [r3, #0]
 800b302:	4283      	cmp	r3, r0
 800b304:	d3fb      	bcc.n	800b2fe <prvInsertBlockIntoFreeList+0x2>
	}

	/* Do the block being inserted, and the block it is being inserted after
	make a contiguous block of memory? */
	puc = ( uint8_t * ) pxIterator;
	if( ( puc + pxIterator->xBlockSize ) == ( uint8_t * ) pxBlockToInsert )
 800b306:	6851      	ldr	r1, [r2, #4]
 800b308:	eb02 0c01 	add.w	ip, r2, r1
 800b30c:	4584      	cmp	ip, r0
 800b30e:	d009      	beq.n	800b324 <prvInsertBlockIntoFreeList+0x28>
	}

	/* Do the block being inserted, and the block it is being inserted before
	make a contiguous block of memory? */
	puc = ( uint8_t * ) pxBlockToInsert;
	if( ( puc + pxBlockToInsert->xBlockSize ) == ( uint8_t * ) pxIterator->pxNextFreeBlock )
 800b310:	6841      	ldr	r1, [r0, #4]
 800b312:	eb00 0c01 	add.w	ip, r0, r1
 800b316:	4563      	cmp	r3, ip
 800b318:	d009      	beq.n	800b32e <prvInsertBlockIntoFreeList+0x32>
			pxBlockToInsert->pxNextFreeBlock = pxEnd;
		}
	}
	else
	{
		pxBlockToInsert->pxNextFreeBlock = pxIterator->pxNextFreeBlock;
 800b31a:	6003      	str	r3, [r0, #0]

	/* If the block being inserted plugged a gab, so was merged with the block
	before and the block after, then it's pxNextFreeBlock pointer will have
	already been set, and should not be set here as that would make it point
	to itself. */
	if( pxIterator != pxBlockToInsert )
 800b31c:	4290      	cmp	r0, r2
 800b31e:	d019      	beq.n	800b354 <prvInsertBlockIntoFreeList+0x58>
	{
		pxIterator->pxNextFreeBlock = pxBlockToInsert;
 800b320:	6010      	str	r0, [r2, #0]
	}
	else
	{
		mtCOVERAGE_TEST_MARKER();
 800b322:	4770      	bx	lr
		pxIterator->xBlockSize += pxBlockToInsert->xBlockSize;
 800b324:	6840      	ldr	r0, [r0, #4]
 800b326:	4401      	add	r1, r0
 800b328:	6051      	str	r1, [r2, #4]
		pxBlockToInsert = pxIterator;
 800b32a:	4610      	mov	r0, r2
 800b32c:	e7f0      	b.n	800b310 <prvInsertBlockIntoFreeList+0x14>
{
 800b32e:	b410      	push	{r4}
		if( pxIterator->pxNextFreeBlock != pxEnd )
 800b330:	4c0a      	ldr	r4, [pc, #40]	@ (800b35c <prvInsertBlockIntoFreeList+0x60>)
 800b332:	6824      	ldr	r4, [r4, #0]
 800b334:	42a3      	cmp	r3, r4
 800b336:	d00b      	beq.n	800b350 <prvInsertBlockIntoFreeList+0x54>
			pxBlockToInsert->xBlockSize += pxIterator->pxNextFreeBlock->xBlockSize;
 800b338:	685b      	ldr	r3, [r3, #4]
 800b33a:	4419      	add	r1, r3
 800b33c:	6041      	str	r1, [r0, #4]
			pxBlockToInsert->pxNextFreeBlock = pxIterator->pxNextFreeBlock->pxNextFreeBlock;
 800b33e:	6813      	ldr	r3, [r2, #0]
 800b340:	681b      	ldr	r3, [r3, #0]
 800b342:	6003      	str	r3, [r0, #0]
	if( pxIterator != pxBlockToInsert )
 800b344:	4290      	cmp	r0, r2
 800b346:	d000      	beq.n	800b34a <prvInsertBlockIntoFreeList+0x4e>
		pxIterator->pxNextFreeBlock = pxBlockToInsert;
 800b348:	6010      	str	r0, [r2, #0]
	}
}
 800b34a:	f85d 4b04 	ldr.w	r4, [sp], #4
 800b34e:	4770      	bx	lr
			pxBlockToInsert->pxNextFreeBlock = pxEnd;
 800b350:	6004      	str	r4, [r0, #0]
 800b352:	e7f7      	b.n	800b344 <prvInsertBlockIntoFreeList+0x48>
 800b354:	4770      	bx	lr
 800b356:	bf00      	nop
 800b358:	20000e00 	.word	0x20000e00
 800b35c:	20000dfc 	.word	0x20000dfc

0800b360 <pvPortMalloc>:
{
 800b360:	b538      	push	{r3, r4, r5, lr}
 800b362:	4604      	mov	r4, r0
	vTaskSuspendAll();
 800b364:	f005 fafc 	bl	8010960 <vTaskSuspendAll>
		if( pxEnd == NULL )
 800b368:	4b3d      	ldr	r3, [pc, #244]	@ (800b460 <pvPortMalloc+0x100>)
 800b36a:	681b      	ldr	r3, [r3, #0]
 800b36c:	b1ab      	cbz	r3, 800b39a <pvPortMalloc+0x3a>
		if( ( xWantedSize & xBlockAllocatedBit ) == 0 )
 800b36e:	4b3d      	ldr	r3, [pc, #244]	@ (800b464 <pvPortMalloc+0x104>)
 800b370:	681b      	ldr	r3, [r3, #0]
 800b372:	421c      	tst	r4, r3
 800b374:	d114      	bne.n	800b3a0 <pvPortMalloc+0x40>
			if( xWantedSize > 0 )
 800b376:	2c00      	cmp	r4, #0
 800b378:	d06a      	beq.n	800b450 <pvPortMalloc+0xf0>
				xWantedSize += xHeapStructSize;
 800b37a:	f104 0208 	add.w	r2, r4, #8
				if( ( xWantedSize & portBYTE_ALIGNMENT_MASK ) != 0x00 )
 800b37e:	f014 0f07 	tst.w	r4, #7
 800b382:	d002      	beq.n	800b38a <pvPortMalloc+0x2a>
					xWantedSize += ( portBYTE_ALIGNMENT - ( xWantedSize & portBYTE_ALIGNMENT_MASK ) );
 800b384:	f022 0207 	bic.w	r2, r2, #7
 800b388:	3208      	adds	r2, #8
			if( ( xWantedSize > 0 ) && ( xWantedSize <= xFreeBytesRemaining ) )
 800b38a:	b1d2      	cbz	r2, 800b3c2 <pvPortMalloc+0x62>
 800b38c:	4b36      	ldr	r3, [pc, #216]	@ (800b468 <pvPortMalloc+0x108>)
 800b38e:	681b      	ldr	r3, [r3, #0]
 800b390:	4293      	cmp	r3, r2
 800b392:	d31a      	bcc.n	800b3ca <pvPortMalloc+0x6a>
				pxBlock = xStart.pxNextFreeBlock;
 800b394:	4935      	ldr	r1, [pc, #212]	@ (800b46c <pvPortMalloc+0x10c>)
 800b396:	680c      	ldr	r4, [r1, #0]
				while( ( pxBlock->xBlockSize < xWantedSize ) && ( pxBlock->pxNextFreeBlock != NULL ) )
 800b398:	e01d      	b.n	800b3d6 <pvPortMalloc+0x76>
			prvHeapInit();
 800b39a:	f7ff ff7b 	bl	800b294 <prvHeapInit>
 800b39e:	e7e6      	b.n	800b36e <pvPortMalloc+0xe>
	( void ) xTaskResumeAll();
 800b3a0:	f005 fb80 	bl	8010aa4 <xTaskResumeAll>
void *pvReturn = NULL;
 800b3a4:	2500      	movs	r5, #0
			vApplicationMallocFailedHook();
 800b3a6:	f000 f969 	bl	800b67c <vApplicationMallocFailedHook>
	configASSERT( ( ( ( size_t ) pvReturn ) & ( size_t ) portBYTE_ALIGNMENT_MASK ) == 0 );
 800b3aa:	f015 0f07 	tst.w	r5, #7
 800b3ae:	d055      	beq.n	800b45c <pvPortMalloc+0xfc>

portFORCE_INLINE static void vPortRaiseBASEPRI( void )
{
uint32_t ulNewBASEPRI;

	__asm volatile
 800b3b0:	f04f 0350 	mov.w	r3, #80	@ 0x50
 800b3b4:	f383 8811 	msr	BASEPRI, r3
 800b3b8:	f3bf 8f6f 	isb	sy
 800b3bc:	f3bf 8f4f 	dsb	sy
 800b3c0:	e7fe      	b.n	800b3c0 <pvPortMalloc+0x60>
	( void ) xTaskResumeAll();
 800b3c2:	f005 fb6f 	bl	8010aa4 <xTaskResumeAll>
void *pvReturn = NULL;
 800b3c6:	2500      	movs	r5, #0
 800b3c8:	e7ed      	b.n	800b3a6 <pvPortMalloc+0x46>
	( void ) xTaskResumeAll();
 800b3ca:	f005 fb6b 	bl	8010aa4 <xTaskResumeAll>
void *pvReturn = NULL;
 800b3ce:	2500      	movs	r5, #0
 800b3d0:	e7e9      	b.n	800b3a6 <pvPortMalloc+0x46>
					pxPreviousBlock = pxBlock;
 800b3d2:	4621      	mov	r1, r4
					pxBlock = pxBlock->pxNextFreeBlock;
 800b3d4:	461c      	mov	r4, r3
				while( ( pxBlock->xBlockSize < xWantedSize ) && ( pxBlock->pxNextFreeBlock != NULL ) )
 800b3d6:	6863      	ldr	r3, [r4, #4]
 800b3d8:	4293      	cmp	r3, r2
 800b3da:	d202      	bcs.n	800b3e2 <pvPortMalloc+0x82>
 800b3dc:	6823      	ldr	r3, [r4, #0]
 800b3de:	2b00      	cmp	r3, #0
 800b3e0:	d1f7      	bne.n	800b3d2 <pvPortMalloc+0x72>
				if( pxBlock != pxEnd )
 800b3e2:	4b1f      	ldr	r3, [pc, #124]	@ (800b460 <pvPortMalloc+0x100>)
 800b3e4:	681b      	ldr	r3, [r3, #0]
 800b3e6:	42a3      	cmp	r3, r4
 800b3e8:	d014      	beq.n	800b414 <pvPortMalloc+0xb4>
					pvReturn = ( void * ) ( ( ( uint8_t * ) pxPreviousBlock->pxNextFreeBlock ) + xHeapStructSize );
 800b3ea:	680d      	ldr	r5, [r1, #0]
 800b3ec:	3508      	adds	r5, #8
					pxPreviousBlock->pxNextFreeBlock = pxBlock->pxNextFreeBlock;
 800b3ee:	6823      	ldr	r3, [r4, #0]
 800b3f0:	600b      	str	r3, [r1, #0]
					if( ( pxBlock->xBlockSize - xWantedSize ) > heapMINIMUM_BLOCK_SIZE )
 800b3f2:	6863      	ldr	r3, [r4, #4]
 800b3f4:	1a9b      	subs	r3, r3, r2
 800b3f6:	2b10      	cmp	r3, #16
 800b3f8:	d914      	bls.n	800b424 <pvPortMalloc+0xc4>
						pxNewBlockLink = ( void * ) ( ( ( uint8_t * ) pxBlock ) + xWantedSize );
 800b3fa:	18a0      	adds	r0, r4, r2
						configASSERT( ( ( ( size_t ) pxNewBlockLink ) & portBYTE_ALIGNMENT_MASK ) == 0 );
 800b3fc:	f010 0f07 	tst.w	r0, #7
 800b400:	d00c      	beq.n	800b41c <pvPortMalloc+0xbc>
 800b402:	f04f 0350 	mov.w	r3, #80	@ 0x50
 800b406:	f383 8811 	msr	BASEPRI, r3
 800b40a:	f3bf 8f6f 	isb	sy
 800b40e:	f3bf 8f4f 	dsb	sy
 800b412:	e7fe      	b.n	800b412 <pvPortMalloc+0xb2>
	( void ) xTaskResumeAll();
 800b414:	f005 fb46 	bl	8010aa4 <xTaskResumeAll>
void *pvReturn = NULL;
 800b418:	2500      	movs	r5, #0
 800b41a:	e7c4      	b.n	800b3a6 <pvPortMalloc+0x46>
						pxNewBlockLink->xBlockSize = pxBlock->xBlockSize - xWantedSize;
 800b41c:	6043      	str	r3, [r0, #4]
						pxBlock->xBlockSize = xWantedSize;
 800b41e:	6062      	str	r2, [r4, #4]
						prvInsertBlockIntoFreeList( pxNewBlockLink );
 800b420:	f7ff ff6c 	bl	800b2fc <prvInsertBlockIntoFreeList>
					xFreeBytesRemaining -= pxBlock->xBlockSize;
 800b424:	6862      	ldr	r2, [r4, #4]
 800b426:	4910      	ldr	r1, [pc, #64]	@ (800b468 <pvPortMalloc+0x108>)
 800b428:	680b      	ldr	r3, [r1, #0]
 800b42a:	1a9b      	subs	r3, r3, r2
 800b42c:	600b      	str	r3, [r1, #0]
					if( xFreeBytesRemaining < xMinimumEverFreeBytesRemaining )
 800b42e:	4910      	ldr	r1, [pc, #64]	@ (800b470 <pvPortMalloc+0x110>)
 800b430:	6809      	ldr	r1, [r1, #0]
 800b432:	428b      	cmp	r3, r1
 800b434:	d201      	bcs.n	800b43a <pvPortMalloc+0xda>
						xMinimumEverFreeBytesRemaining = xFreeBytesRemaining;
 800b436:	490e      	ldr	r1, [pc, #56]	@ (800b470 <pvPortMalloc+0x110>)
 800b438:	600b      	str	r3, [r1, #0]
					pxBlock->xBlockSize |= xBlockAllocatedBit;
 800b43a:	4b0a      	ldr	r3, [pc, #40]	@ (800b464 <pvPortMalloc+0x104>)
 800b43c:	681b      	ldr	r3, [r3, #0]
 800b43e:	4313      	orrs	r3, r2
 800b440:	6063      	str	r3, [r4, #4]
					pxBlock->pxNextFreeBlock = NULL;
 800b442:	2300      	movs	r3, #0
 800b444:	6023      	str	r3, [r4, #0]
					xNumberOfSuccessfulAllocations++;
 800b446:	4a0b      	ldr	r2, [pc, #44]	@ (800b474 <pvPortMalloc+0x114>)
 800b448:	6813      	ldr	r3, [r2, #0]
 800b44a:	3301      	adds	r3, #1
 800b44c:	6013      	str	r3, [r2, #0]
 800b44e:	e000      	b.n	800b452 <pvPortMalloc+0xf2>
void *pvReturn = NULL;
 800b450:	2500      	movs	r5, #0
	( void ) xTaskResumeAll();
 800b452:	f005 fb27 	bl	8010aa4 <xTaskResumeAll>
		if( pvReturn == NULL )
 800b456:	2d00      	cmp	r5, #0
 800b458:	d1a7      	bne.n	800b3aa <pvPortMalloc+0x4a>
 800b45a:	e7a4      	b.n	800b3a6 <pvPortMalloc+0x46>
}
 800b45c:	4628      	mov	r0, r5
 800b45e:	bd38      	pop	{r3, r4, r5, pc}
 800b460:	20000dfc 	.word	0x20000dfc
 800b464:	20000de8 	.word	0x20000de8
 800b468:	20000df8 	.word	0x20000df8
 800b46c:	20000e00 	.word	0x20000e00
 800b470:	20000df4 	.word	0x20000df4
 800b474:	20000df0 	.word	0x20000df0

0800b478 <vPortFree>:
	if( pv != NULL )
 800b478:	2800      	cmp	r0, #0
 800b47a:	d034      	beq.n	800b4e6 <vPortFree+0x6e>
{
 800b47c:	b538      	push	{r3, r4, r5, lr}
 800b47e:	4604      	mov	r4, r0
		puc -= xHeapStructSize;
 800b480:	f1a0 0508 	sub.w	r5, r0, #8
		configASSERT( ( pxLink->xBlockSize & xBlockAllocatedBit ) != 0 );
 800b484:	f850 3c04 	ldr.w	r3, [r0, #-4]
 800b488:	4a17      	ldr	r2, [pc, #92]	@ (800b4e8 <vPortFree+0x70>)
 800b48a:	6812      	ldr	r2, [r2, #0]
 800b48c:	4213      	tst	r3, r2
 800b48e:	d108      	bne.n	800b4a2 <vPortFree+0x2a>
 800b490:	f04f 0350 	mov.w	r3, #80	@ 0x50
 800b494:	f383 8811 	msr	BASEPRI, r3
 800b498:	f3bf 8f6f 	isb	sy
 800b49c:	f3bf 8f4f 	dsb	sy
 800b4a0:	e7fe      	b.n	800b4a0 <vPortFree+0x28>
		configASSERT( pxLink->pxNextFreeBlock == NULL );
 800b4a2:	f850 1c08 	ldr.w	r1, [r0, #-8]
 800b4a6:	b141      	cbz	r1, 800b4ba <vPortFree+0x42>
 800b4a8:	f04f 0350 	mov.w	r3, #80	@ 0x50
 800b4ac:	f383 8811 	msr	BASEPRI, r3
 800b4b0:	f3bf 8f6f 	isb	sy
 800b4b4:	f3bf 8f4f 	dsb	sy
 800b4b8:	e7fe      	b.n	800b4b8 <vPortFree+0x40>
				pxLink->xBlockSize &= ~xBlockAllocatedBit;
 800b4ba:	ea23 0302 	bic.w	r3, r3, r2
 800b4be:	f840 3c04 	str.w	r3, [r0, #-4]
				vTaskSuspendAll();
 800b4c2:	f005 fa4d 	bl	8010960 <vTaskSuspendAll>
					xFreeBytesRemaining += pxLink->xBlockSize;
 800b4c6:	f854 1c04 	ldr.w	r1, [r4, #-4]
 800b4ca:	4a08      	ldr	r2, [pc, #32]	@ (800b4ec <vPortFree+0x74>)
 800b4cc:	6813      	ldr	r3, [r2, #0]
 800b4ce:	440b      	add	r3, r1
 800b4d0:	6013      	str	r3, [r2, #0]
					prvInsertBlockIntoFreeList( ( ( BlockLink_t * ) pxLink ) );
 800b4d2:	4628      	mov	r0, r5
 800b4d4:	f7ff ff12 	bl	800b2fc <prvInsertBlockIntoFreeList>
					xNumberOfSuccessfulFrees++;
 800b4d8:	4a05      	ldr	r2, [pc, #20]	@ (800b4f0 <vPortFree+0x78>)
 800b4da:	6813      	ldr	r3, [r2, #0]
 800b4dc:	3301      	adds	r3, #1
 800b4de:	6013      	str	r3, [r2, #0]
				( void ) xTaskResumeAll();
 800b4e0:	f005 fae0 	bl	8010aa4 <xTaskResumeAll>
}
 800b4e4:	bd38      	pop	{r3, r4, r5, pc}
 800b4e6:	4770      	bx	lr
 800b4e8:	20000de8 	.word	0x20000de8
 800b4ec:	20000df8 	.word	0x20000df8
 800b4f0:	20000dec 	.word	0x20000dec

0800b4f4 <xPortGetFreeHeapSize>:
}
 800b4f4:	4b01      	ldr	r3, [pc, #4]	@ (800b4fc <xPortGetFreeHeapSize+0x8>)
 800b4f6:	6818      	ldr	r0, [r3, #0]
 800b4f8:	4770      	bx	lr
 800b4fa:	bf00      	nop
 800b4fc:	20000df8 	.word	0x20000df8

0800b500 <xPortGetMinimumEverFreeHeapSize>:
}
 800b500:	4b01      	ldr	r3, [pc, #4]	@ (800b508 <xPortGetMinimumEverFreeHeapSize+0x8>)
 800b502:	6818      	ldr	r0, [r3, #0]
 800b504:	4770      	bx	lr
 800b506:	bf00      	nop
 800b508:	20000df4 	.word	0x20000df4

0800b50c <vListInitialise>:
void vListInitialise( List_t * const pxList )
{
	/* The list structure contains a list item which is used to mark the
	end of the list.  To initialise the list the list end is inserted
	as the only list entry. */
	pxList->pxIndex = ( ListItem_t * ) &( pxList->xListEnd );			/*lint !e826 !e740 !e9087 The mini list structure is used as the list end to save RAM.  This is checked and valid. */
 800b50c:	f100 0308 	add.w	r3, r0, #8
 800b510:	6043      	str	r3, [r0, #4]

	/* The list end value is the highest possible value in the list to
	ensure it remains at the end of the list. */
	pxList->xListEnd.xItemValue = portMAX_DELAY;
 800b512:	f04f 32ff 	mov.w	r2, #4294967295
 800b516:	6082      	str	r2, [r0, #8]

	/* The list end next and previous pointers point to itself so we know
	when the list is empty. */
	pxList->xListEnd.pxNext = ( ListItem_t * ) &( pxList->xListEnd );	/*lint !e826 !e740 !e9087 The mini list structure is used as the list end to save RAM.  This is checked and valid. */
 800b518:	60c3      	str	r3, [r0, #12]
	pxList->xListEnd.pxPrevious = ( ListItem_t * ) &( pxList->xListEnd );/*lint !e826 !e740 !e9087 The mini list structure is used as the list end to save RAM.  This is checked and valid. */
 800b51a:	6103      	str	r3, [r0, #16]

	pxList->uxNumberOfItems = ( UBaseType_t ) 0U;
 800b51c:	2300      	movs	r3, #0
 800b51e:	6003      	str	r3, [r0, #0]

	/* Write known values into the list if
	configUSE_LIST_DATA_INTEGRITY_CHECK_BYTES is set to 1. */
	listSET_LIST_INTEGRITY_CHECK_1_VALUE( pxList );
	listSET_LIST_INTEGRITY_CHECK_2_VALUE( pxList );
}
 800b520:	4770      	bx	lr

0800b522 <vListInitialiseItem>:
/*-----------------------------------------------------------*/

void vListInitialiseItem( ListItem_t * const pxItem )
{
	/* Make sure the list item is not recorded as being on a list. */
	pxItem->pxContainer = NULL;
 800b522:	2300      	movs	r3, #0
 800b524:	6103      	str	r3, [r0, #16]

	/* Write known values into the list item if
	configUSE_LIST_DATA_INTEGRITY_CHECK_BYTES is set to 1. */
	listSET_FIRST_LIST_ITEM_INTEGRITY_CHECK_VALUE( pxItem );
	listSET_SECOND_LIST_ITEM_INTEGRITY_CHECK_VALUE( pxItem );
}
 800b526:	4770      	bx	lr

0800b528 <vListInsertEnd>:
/*-----------------------------------------------------------*/

void vListInsertEnd( List_t * const pxList, ListItem_t * const pxNewListItem )
{
ListItem_t * const pxIndex = pxList->pxIndex;
 800b528:	6843      	ldr	r3, [r0, #4]
	listTEST_LIST_ITEM_INTEGRITY( pxNewListItem );

	/* Insert a new list item into pxList, but rather than sort the list,
	makes the new list item the last item to be removed by a call to
	listGET_OWNER_OF_NEXT_ENTRY(). */
	pxNewListItem->pxNext = pxIndex;
 800b52a:	604b      	str	r3, [r1, #4]
	pxNewListItem->pxPrevious = pxIndex->pxPrevious;
 800b52c:	689a      	ldr	r2, [r3, #8]
 800b52e:	608a      	str	r2, [r1, #8]

	/* Only used during decision coverage testing. */
	mtCOVERAGE_TEST_DELAY();

	pxIndex->pxPrevious->pxNext = pxNewListItem;
 800b530:	6051      	str	r1, [r2, #4]
	pxIndex->pxPrevious = pxNewListItem;
 800b532:	6099      	str	r1, [r3, #8]

	/* Remember which list the item is in. */
	pxNewListItem->pxContainer = pxList;
 800b534:	6108      	str	r0, [r1, #16]

	( pxList->uxNumberOfItems )++;
 800b536:	6803      	ldr	r3, [r0, #0]
 800b538:	3301      	adds	r3, #1
 800b53a:	6003      	str	r3, [r0, #0]
}
 800b53c:	4770      	bx	lr

0800b53e <vListInsert>:
/*-----------------------------------------------------------*/

void vListInsert( List_t * const pxList, ListItem_t * const pxNewListItem )
{
 800b53e:	b430      	push	{r4, r5}
ListItem_t *pxIterator;
const TickType_t xValueOfInsertion = pxNewListItem->xItemValue;
 800b540:	680d      	ldr	r5, [r1, #0]
	new list item should be placed after it.  This ensures that TCBs which are
	stored in ready lists (all of which have the same xItemValue value) get a
	share of the CPU.  However, if the xItemValue is the same as the back marker
	the iteration loop below will not end.  Therefore the value is checked
	first, and the algorithm slightly modified if necessary. */
	if( xValueOfInsertion == portMAX_DELAY )
 800b542:	f1b5 3fff 	cmp.w	r5, #4294967295
 800b546:	d011      	beq.n	800b56c <vListInsert+0x2e>
			4) Using a queue or semaphore before it has been initialised or
			   before the scheduler has been started (are interrupts firing
			   before vTaskStartScheduler() has been called?).
		**********************************************************************/

		for( pxIterator = ( ListItem_t * ) &( pxList->xListEnd ); pxIterator->pxNext->xItemValue <= xValueOfInsertion; pxIterator = pxIterator->pxNext ) /*lint !e826 !e740 !e9087 The mini list structure is used as the list end to save RAM.  This is checked and valid. *//*lint !e440 The iterator moves to a different value, not xValueOfInsertion. */
 800b548:	f100 0308 	add.w	r3, r0, #8
 800b54c:	461c      	mov	r4, r3
 800b54e:	685b      	ldr	r3, [r3, #4]
 800b550:	681a      	ldr	r2, [r3, #0]
 800b552:	42aa      	cmp	r2, r5
 800b554:	d9fa      	bls.n	800b54c <vListInsert+0xe>
			/* There is nothing to do here, just iterating to the wanted
			insertion position. */
		}
	}

	pxNewListItem->pxNext = pxIterator->pxNext;
 800b556:	6863      	ldr	r3, [r4, #4]
 800b558:	604b      	str	r3, [r1, #4]
	pxNewListItem->pxNext->pxPrevious = pxNewListItem;
 800b55a:	6099      	str	r1, [r3, #8]
	pxNewListItem->pxPrevious = pxIterator;
 800b55c:	608c      	str	r4, [r1, #8]
	pxIterator->pxNext = pxNewListItem;
 800b55e:	6061      	str	r1, [r4, #4]

	/* Remember which list the item is in.  This allows fast removal of the
	item later. */
	pxNewListItem->pxContainer = pxList;
 800b560:	6108      	str	r0, [r1, #16]

	( pxList->uxNumberOfItems )++;
 800b562:	6803      	ldr	r3, [r0, #0]
 800b564:	3301      	adds	r3, #1
 800b566:	6003      	str	r3, [r0, #0]
}
 800b568:	bc30      	pop	{r4, r5}
 800b56a:	4770      	bx	lr
		pxIterator = pxList->xListEnd.pxPrevious;
 800b56c:	6904      	ldr	r4, [r0, #16]
 800b56e:	e7f2      	b.n	800b556 <vListInsert+0x18>

0800b570 <uxListRemove>:

UBaseType_t uxListRemove( ListItem_t * const pxItemToRemove )
{
/* The list item knows which list it is in.  Obtain the list from the list
item. */
List_t * const pxList = pxItemToRemove->pxContainer;
 800b570:	6903      	ldr	r3, [r0, #16]

	pxItemToRemove->pxNext->pxPrevious = pxItemToRemove->pxPrevious;
 800b572:	6841      	ldr	r1, [r0, #4]
 800b574:	6882      	ldr	r2, [r0, #8]
 800b576:	608a      	str	r2, [r1, #8]
	pxItemToRemove->pxPrevious->pxNext = pxItemToRemove->pxNext;
 800b578:	6841      	ldr	r1, [r0, #4]
 800b57a:	6051      	str	r1, [r2, #4]

	/* Only used during decision coverage testing. */
	mtCOVERAGE_TEST_DELAY();

	/* Make sure the index is left pointing to a valid item. */
	if( pxList->pxIndex == pxItemToRemove )
 800b57c:	685a      	ldr	r2, [r3, #4]
 800b57e:	4282      	cmp	r2, r0
 800b580:	d006      	beq.n	800b590 <uxListRemove+0x20>
	else
	{
		mtCOVERAGE_TEST_MARKER();
	}

	pxItemToRemove->pxContainer = NULL;
 800b582:	2200      	movs	r2, #0
 800b584:	6102      	str	r2, [r0, #16]
	( pxList->uxNumberOfItems )--;
 800b586:	681a      	ldr	r2, [r3, #0]
 800b588:	3a01      	subs	r2, #1
 800b58a:	601a      	str	r2, [r3, #0]

	return pxList->uxNumberOfItems;
 800b58c:	6818      	ldr	r0, [r3, #0]
}
 800b58e:	4770      	bx	lr
		pxList->pxIndex = pxItemToRemove->pxPrevious;
 800b590:	6882      	ldr	r2, [r0, #8]
 800b592:	605a      	str	r2, [r3, #4]
 800b594:	e7f5      	b.n	800b582 <uxListRemove+0x12>
	...

0800b598 <MX_GPIO_Init>:
  * @brief GPIO Initialization Function
  * @param None
  * @retval None
  */
static void MX_GPIO_Init(void)
{
 800b598:	b5f0      	push	{r4, r5, r6, r7, lr}
 800b59a:	b089      	sub	sp, #36	@ 0x24
  GPIO_InitTypeDef GPIO_InitStruct = {0};
 800b59c:	ad03      	add	r5, sp, #12
 800b59e:	2400      	movs	r4, #0
 800b5a0:	9403      	str	r4, [sp, #12]
 800b5a2:	9404      	str	r4, [sp, #16]
 800b5a4:	9405      	str	r4, [sp, #20]
 800b5a6:	9406      	str	r4, [sp, #24]
 800b5a8:	9407      	str	r4, [sp, #28]
  /* USER CODE BEGIN MX_GPIO_Init_1 */

  /* USER CODE END MX_GPIO_Init_1 */

  /* GPIO Ports Clock Enable */
  __HAL_RCC_GPIOA_CLK_ENABLE();
 800b5aa:	4b25      	ldr	r3, [pc, #148]	@ (800b640 <MX_GPIO_Init+0xa8>)
 800b5ac:	6cda      	ldr	r2, [r3, #76]	@ 0x4c
 800b5ae:	f042 0201 	orr.w	r2, r2, #1
 800b5b2:	64da      	str	r2, [r3, #76]	@ 0x4c
 800b5b4:	6cda      	ldr	r2, [r3, #76]	@ 0x4c
 800b5b6:	f002 0201 	and.w	r2, r2, #1
 800b5ba:	9201      	str	r2, [sp, #4]
 800b5bc:	9a01      	ldr	r2, [sp, #4]
  __HAL_RCC_GPIOB_CLK_ENABLE();
 800b5be:	6cda      	ldr	r2, [r3, #76]	@ 0x4c
 800b5c0:	f042 0202 	orr.w	r2, r2, #2
 800b5c4:	64da      	str	r2, [r3, #76]	@ 0x4c
 800b5c6:	6cdb      	ldr	r3, [r3, #76]	@ 0x4c
 800b5c8:	f003 0302 	and.w	r3, r3, #2
 800b5cc:	9302      	str	r3, [sp, #8]
 800b5ce:	9b02      	ldr	r3, [sp, #8]

  /*Configure GPIO pin Output Level */
  HAL_GPIO_WritePin(GPIOB, MUX_SIG1_Pin|MUX_SIG3_Pin|BMS_RESET_Pin, GPIO_PIN_RESET);
 800b5d0:	4e1c      	ldr	r6, [pc, #112]	@ (800b644 <MX_GPIO_Init+0xac>)
 800b5d2:	4622      	mov	r2, r4
 800b5d4:	2162      	movs	r1, #98	@ 0x62
 800b5d6:	4630      	mov	r0, r6
 800b5d8:	f002 ffae 	bl	800e538 <HAL_GPIO_WritePin>

  /*Configure GPIO pin Output Level */
  HAL_GPIO_WritePin(MUX_SIG2_GPIO_Port, MUX_SIG2_Pin, GPIO_PIN_RESET);
 800b5dc:	4622      	mov	r2, r4
 800b5de:	f44f 7180 	mov.w	r1, #256	@ 0x100
 800b5e2:	f04f 4090 	mov.w	r0, #1207959552	@ 0x48000000
 800b5e6:	f002 ffa7 	bl	800e538 <HAL_GPIO_WritePin>
  GPIO_InitStruct.Mode = GPIO_MODE_OUTPUT_OD;
  GPIO_InitStruct.Pull = GPIO_NOPULL;
  GPIO_InitStruct.Speed = GPIO_SPEED_FREQ_LOW;
  HAL_GPIO_Init(GPIOB, &GPIO_InitStruct);
#else
  GPIO_InitStruct.Pin = MUX_SIG1_Pin|MUX_SIG3_Pin;
 800b5ea:	2322      	movs	r3, #34	@ 0x22
 800b5ec:	9303      	str	r3, [sp, #12]
  GPIO_InitStruct.Mode = GPIO_MODE_OUTPUT_PP;
 800b5ee:	2701      	movs	r7, #1
 800b5f0:	9704      	str	r7, [sp, #16]
  GPIO_InitStruct.Pull = GPIO_NOPULL;
 800b5f2:	9405      	str	r4, [sp, #20]
  GPIO_InitStruct.Speed = GPIO_SPEED_FREQ_LOW;
 800b5f4:	9406      	str	r4, [sp, #24]
  HAL_GPIO_Init(GPIOB, &GPIO_InitStruct);
 800b5f6:	4629      	mov	r1, r5
 800b5f8:	4630      	mov	r0, r6
 800b5fa:	f002 fe4b 	bl	800e294 <HAL_GPIO_Init>
#endif

  /*Configure GPIO pin : BMS_RESET_Pin (always push-pull) */
  GPIO_InitStruct.Pin = BMS_RESET_Pin;
 800b5fe:	2340      	movs	r3, #64	@ 0x40
 800b600:	9303      	str	r3, [sp, #12]
  GPIO_InitStruct.Mode = GPIO_MODE_OUTPUT_PP;
 800b602:	9704      	str	r7, [sp, #16]
  GPIO_InitStruct.Pull = GPIO_NOPULL;
 800b604:	9405      	str	r4, [sp, #20]
  GPIO_InitStruct.Speed = GPIO_SPEED_FREQ_LOW;
 800b606:	9406      	str	r4, [sp, #24]
  HAL_GPIO_Init(GPIOB, &GPIO_InitStruct);
 800b608:	4629      	mov	r1, r5
 800b60a:	4630      	mov	r0, r6
 800b60c:	f002 fe42 	bl	800e294 <HAL_GPIO_Init>

  /*Configure GPIO pin : MUX_SIG2_Pin */
  GPIO_InitStruct.Pin = MUX_SIG2_Pin;
 800b610:	f44f 7380 	mov.w	r3, #256	@ 0x100
 800b614:	9303      	str	r3, [sp, #12]
#ifdef MUX_SIG_USE_OPEN_DRAIN
  GPIO_InitStruct.Mode = GPIO_MODE_OUTPUT_OD;
#else
  GPIO_InitStruct.Mode = GPIO_MODE_OUTPUT_PP;
 800b616:	9704      	str	r7, [sp, #16]
#endif
  GPIO_InitStruct.Pull = GPIO_NOPULL;
 800b618:	9405      	str	r4, [sp, #20]
  GPIO_InitStruct.Speed = GPIO_SPEED_FREQ_LOW;
 800b61a:	9406      	str	r4, [sp, #24]
  HAL_GPIO_Init(MUX_SIG2_GPIO_Port, &GPIO_InitStruct);
 800b61c:	4629      	mov	r1, r5
 800b61e:	f04f 4090 	mov.w	r0, #1207959552	@ 0x48000000
 800b622:	f002 fe37 	bl	800e294 <HAL_GPIO_Init>

  /*Configure GPIO pin : ALERT_IN_Pin */
  GPIO_InitStruct.Pin = ALERT_IN_Pin;
 800b626:	2380      	movs	r3, #128	@ 0x80
 800b628:	9303      	str	r3, [sp, #12]
  GPIO_InitStruct.Mode = GPIO_MODE_IT_RISING_FALLING;
 800b62a:	f44f 1344 	mov.w	r3, #3211264	@ 0x310000
 800b62e:	9304      	str	r3, [sp, #16]
  GPIO_InitStruct.Pull = GPIO_NOPULL;
 800b630:	9405      	str	r4, [sp, #20]
  HAL_GPIO_Init(ALERT_IN_GPIO_Port, &GPIO_InitStruct);
 800b632:	4629      	mov	r1, r5
 800b634:	4630      	mov	r0, r6
 800b636:	f002 fe2d 	bl	800e294 <HAL_GPIO_Init>

  /* USER CODE BEGIN MX_GPIO_Init_2 */

  /* USER CODE END MX_GPIO_Init_2 */
}
 800b63a:	b009      	add	sp, #36	@ 0x24
 800b63c:	bdf0      	pop	{r4, r5, r6, r7, pc}
 800b63e:	bf00      	nop
 800b640:	40021000 	.word	0x40021000
 800b644:	48000400 	.word	0x48000400

0800b648 <ReadBQBMS1>:
* @param argument: Not used
* @retval None
*/
/* USER CODE END Header_ReadCellVoltageBMS1 */
void ReadBQBMS1(void *argument)
{
 800b648:	b508      	push	{r3, lr}
  /* USER CODE BEGIN ReadCellVoltageBMS1 */
  /* Call the BMS1 cell voltage monitoring task */
  BQ_MonitorTask(argument);
 800b64a:	f7fd fd67 	bl	800911c <BQ_MonitorTask>
  /* USER CODE END ReadCellVoltageBMS1 */
}
 800b64e:	bd08      	pop	{r3, pc}

0800b650 <ReadBQBMS2>:
* @param argument: Not used
* @retval None
*/
/* USER CODE END Header_ReadCellVoltageBMS2 */
void ReadBQBMS2(void *argument)
{
 800b650:	b508      	push	{r3, lr}
  /* USER CODE BEGIN ReadCellVoltageBMS2 */
  /* Call the BMS2 cell voltage monitoring task */
  BQ_MonitorTask_BMS2(argument);
 800b652:	f7fd fe91 	bl	8009378 <BQ_MonitorTask_BMS2>
  /* USER CODE END ReadCellVoltageBMS2 */
}
 800b656:	bd08      	pop	{r3, pc}

0800b658 <ReadCellTemps>:
* @param argument: Not used
* @retval None
*/
/* USER CODE END Header_ReadCellTemps */
void ReadCellTemps(void *argument)
{
 800b658:	b508      	push	{r3, lr}
  /* USER CODE BEGIN ReadCellTemps */
  /* Call the cell temperature monitoring task */
  CellTemp_MonitorTask(argument);
 800b65a:	f7fe fddd 	bl	800a218 <CellTemp_MonitorTask>
  /* USER CODE END ReadCellTemps */
}
 800b65e:	bd08      	pop	{r3, pc}

0800b660 <BMSResetHandlerTask>:
*        Using a dedicated task prevents blocking the CAN manager during
*        the 600ms reset sequence (500ms + 100ms delays).
*/
/* USER CODE END Header_BMSResetHandlerTask */
void BMSResetHandlerTask(void *argument)
{
 800b660:	b508      	push	{r3, lr}
  /* USER CODE BEGIN BMSResetHandlerTask */
  /* Infinite loop */
  for(;;)
  {
    // Wait indefinitely for reset semaphore signal
    if (osSemaphoreAcquire(BMSResetSemHandle, osWaitForever) == osOK)
 800b662:	f04f 31ff 	mov.w	r1, #4294967295
 800b666:	4b04      	ldr	r3, [pc, #16]	@ (800b678 <BMSResetHandlerTask+0x18>)
 800b668:	6818      	ldr	r0, [r3, #0]
 800b66a:	f7ff f8f1 	bl	800a850 <osSemaphoreAcquire>
 800b66e:	2800      	cmp	r0, #0
 800b670:	d1f7      	bne.n	800b662 <BMSResetHandlerTask+0x2>
    {
      // Perform the chip reset (blocks for 600ms total)
      BQ_ResetChips();
 800b672:	f7fd ff47 	bl	8009504 <BQ_ResetChips>
 800b676:	e7f4      	b.n	800b662 <BMSResetHandlerTask+0x2>
 800b678:	20003cec 	.word	0x20003cec

0800b67c <vApplicationMallocFailedHook>:
{
 800b67c:	b500      	push	{lr}
 800b67e:	b083      	sub	sp, #12
 800b680:	f04f 0350 	mov.w	r3, #80	@ 0x50
 800b684:	f383 8811 	msr	BASEPRI, r3
 800b688:	f3bf 8f6f 	isb	sy
 800b68c:	f3bf 8f4f 	dsb	sy
    HAL_GPIO_TogglePin(GPIOB, MUX_SIG1_Pin);
 800b690:	2102      	movs	r1, #2
 800b692:	4806      	ldr	r0, [pc, #24]	@ (800b6ac <vApplicationMallocFailedHook+0x30>)
 800b694:	f002 ff55 	bl	800e542 <HAL_GPIO_TogglePin>
    for(volatile uint32_t i = 0; i < 100000; i++);  // Busy wait
 800b698:	2300      	movs	r3, #0
 800b69a:	9301      	str	r3, [sp, #4]
 800b69c:	9a01      	ldr	r2, [sp, #4]
 800b69e:	4b04      	ldr	r3, [pc, #16]	@ (800b6b0 <vApplicationMallocFailedHook+0x34>)
 800b6a0:	429a      	cmp	r2, r3
 800b6a2:	d8f5      	bhi.n	800b690 <vApplicationMallocFailedHook+0x14>
 800b6a4:	9b01      	ldr	r3, [sp, #4]
 800b6a6:	3301      	adds	r3, #1
 800b6a8:	9301      	str	r3, [sp, #4]
 800b6aa:	e7f7      	b.n	800b69c <vApplicationMallocFailedHook+0x20>
 800b6ac:	48000400 	.word	0x48000400
 800b6b0:	0001869f 	.word	0x0001869f

0800b6b4 <HAL_TIM_PeriodElapsedCallback>:
  * a global variable "uwTick" used as application time base.
  * @param  htim : TIM handle
  * @retval None
  */
void HAL_TIM_PeriodElapsedCallback(TIM_HandleTypeDef *htim)
{
 800b6b4:	b508      	push	{r3, lr}
  /* USER CODE BEGIN Callback 0 */

  /* USER CODE END Callback 0 */
  if (htim->Instance == TIM6)
 800b6b6:	6802      	ldr	r2, [r0, #0]
 800b6b8:	4b03      	ldr	r3, [pc, #12]	@ (800b6c8 <HAL_TIM_PeriodElapsedCallback+0x14>)
 800b6ba:	429a      	cmp	r2, r3
 800b6bc:	d000      	beq.n	800b6c0 <HAL_TIM_PeriodElapsedCallback+0xc>
    HAL_IncTick();
  }
  /* USER CODE BEGIN Callback 1 */

  /* USER CODE END Callback 1 */
}
 800b6be:	bd08      	pop	{r3, pc}
    HAL_IncTick();
 800b6c0:	f001 fa16 	bl	800caf0 <HAL_IncTick>
}
 800b6c4:	e7fb      	b.n	800b6be <HAL_TIM_PeriodElapsedCallback+0xa>
 800b6c6:	bf00      	nop
 800b6c8:	40001000 	.word	0x40001000

0800b6cc <Error_Handler>:
  __ASM volatile ("cpsid i" : : : "memory");
 800b6cc:	b672      	cpsid	i
void Error_Handler(void)
{
  /* USER CODE BEGIN Error_Handler_Debug */
  /* User can add his own implementation to report the HAL error return state */
  __disable_irq();
  while (1)
 800b6ce:	e7fe      	b.n	800b6ce <Error_Handler+0x2>

0800b6d0 <MX_ADC1_Init>:
{
 800b6d0:	b500      	push	{lr}
 800b6d2:	b087      	sub	sp, #28
  ADC_ChannelConfTypeDef sConfig = {0};
 800b6d4:	2300      	movs	r3, #0
 800b6d6:	9300      	str	r3, [sp, #0]
 800b6d8:	9301      	str	r3, [sp, #4]
 800b6da:	9302      	str	r3, [sp, #8]
 800b6dc:	9303      	str	r3, [sp, #12]
 800b6de:	9304      	str	r3, [sp, #16]
 800b6e0:	9305      	str	r3, [sp, #20]
  hadc1.Instance = ADC1;
 800b6e2:	4818      	ldr	r0, [pc, #96]	@ (800b744 <MX_ADC1_Init+0x74>)
 800b6e4:	4a18      	ldr	r2, [pc, #96]	@ (800b748 <MX_ADC1_Init+0x78>)
 800b6e6:	6002      	str	r2, [r0, #0]
  hadc1.Init.ClockPrescaler = ADC_CLOCK_ASYNC_DIV1;
 800b6e8:	6043      	str	r3, [r0, #4]
  hadc1.Init.Resolution = ADC_RESOLUTION_12B;
 800b6ea:	6083      	str	r3, [r0, #8]
  hadc1.Init.DataAlign = ADC_DATAALIGN_RIGHT;
 800b6ec:	60c3      	str	r3, [r0, #12]
  hadc1.Init.ScanConvMode = ADC_SCAN_DISABLE;
 800b6ee:	6103      	str	r3, [r0, #16]
  hadc1.Init.EOCSelection = ADC_EOC_SINGLE_CONV;
 800b6f0:	2204      	movs	r2, #4
 800b6f2:	6142      	str	r2, [r0, #20]
  hadc1.Init.LowPowerAutoWait = DISABLE;
 800b6f4:	7603      	strb	r3, [r0, #24]
  hadc1.Init.ContinuousConvMode = DISABLE;
 800b6f6:	7643      	strb	r3, [r0, #25]
  hadc1.Init.NbrOfConversion = 1;
 800b6f8:	2201      	movs	r2, #1
 800b6fa:	61c2      	str	r2, [r0, #28]
  hadc1.Init.DiscontinuousConvMode = DISABLE;
 800b6fc:	f880 3020 	strb.w	r3, [r0, #32]
  hadc1.Init.ExternalTrigConv = ADC_SOFTWARE_START;
 800b700:	6283      	str	r3, [r0, #40]	@ 0x28
  hadc1.Init.ExternalTrigConvEdge = ADC_EXTERNALTRIGCONVEDGE_NONE;
 800b702:	62c3      	str	r3, [r0, #44]	@ 0x2c
  hadc1.Init.DMAContinuousRequests = DISABLE;
 800b704:	f880 3030 	strb.w	r3, [r0, #48]	@ 0x30
  hadc1.Init.Overrun = ADC_OVR_DATA_PRESERVED;
 800b708:	6343      	str	r3, [r0, #52]	@ 0x34
  hadc1.Init.OversamplingMode = DISABLE;
 800b70a:	f880 3038 	strb.w	r3, [r0, #56]	@ 0x38
  if (HAL_ADC_Init(&hadc1) != HAL_OK)
 800b70e:	f001 fa2f 	bl	800cb70 <HAL_ADC_Init>
 800b712:	b998      	cbnz	r0, 800b73c <MX_ADC1_Init+0x6c>
  sConfig.Channel = ADC_CHANNEL_5;  // ADC1 (PA0) - first thermistor channel
 800b714:	4b0d      	ldr	r3, [pc, #52]	@ (800b74c <MX_ADC1_Init+0x7c>)
 800b716:	9300      	str	r3, [sp, #0]
  sConfig.Rank = ADC_REGULAR_RANK_1;
 800b718:	2306      	movs	r3, #6
 800b71a:	9301      	str	r3, [sp, #4]
  sConfig.SamplingTime = ADC_SAMPLETIME_640CYCLES_5;  // Longer sampling for high impedance thermistors
 800b71c:	2307      	movs	r3, #7
 800b71e:	9302      	str	r3, [sp, #8]
  sConfig.SingleDiff = ADC_SINGLE_ENDED;
 800b720:	237f      	movs	r3, #127	@ 0x7f
 800b722:	9303      	str	r3, [sp, #12]
  sConfig.OffsetNumber = ADC_OFFSET_NONE;
 800b724:	2304      	movs	r3, #4
 800b726:	9304      	str	r3, [sp, #16]
  sConfig.Offset = 0;
 800b728:	2300      	movs	r3, #0
 800b72a:	9305      	str	r3, [sp, #20]
  if (HAL_ADC_ConfigChannel(&hadc1, &sConfig) != HAL_OK)
 800b72c:	4669      	mov	r1, sp
 800b72e:	4805      	ldr	r0, [pc, #20]	@ (800b744 <MX_ADC1_Init+0x74>)
 800b730:	f001 fb60 	bl	800cdf4 <HAL_ADC_ConfigChannel>
 800b734:	b920      	cbnz	r0, 800b740 <MX_ADC1_Init+0x70>
}
 800b736:	b007      	add	sp, #28
 800b738:	f85d fb04 	ldr.w	pc, [sp], #4
    Error_Handler();
 800b73c:	f7ff ffc6 	bl	800b6cc <Error_Handler>
    Error_Handler();
 800b740:	f7ff ffc4 	bl	800b6cc <Error_Handler>
 800b744:	20003e00 	.word	0x20003e00
 800b748:	50040000 	.word	0x50040000
 800b74c:	14f00020 	.word	0x14f00020

0800b750 <MX_CAN1_Init>:
{
 800b750:	b500      	push	{lr}
 800b752:	b08b      	sub	sp, #44	@ 0x2c
  hcan1.Instance = CAN1;
 800b754:	4818      	ldr	r0, [pc, #96]	@ (800b7b8 <MX_CAN1_Init+0x68>)
 800b756:	4b19      	ldr	r3, [pc, #100]	@ (800b7bc <MX_CAN1_Init+0x6c>)
 800b758:	6003      	str	r3, [r0, #0]
  hcan1.Init.Prescaler = 10;
 800b75a:	230a      	movs	r3, #10
 800b75c:	6043      	str	r3, [r0, #4]
  hcan1.Init.Mode = CAN_MODE_NORMAL;
 800b75e:	2300      	movs	r3, #0
 800b760:	6083      	str	r3, [r0, #8]
  hcan1.Init.SyncJumpWidth = CAN_SJW_1TQ;
 800b762:	60c3      	str	r3, [r0, #12]
  hcan1.Init.TimeSeg1 = CAN_BS1_13TQ;
 800b764:	f44f 2240 	mov.w	r2, #786432	@ 0xc0000
 800b768:	6102      	str	r2, [r0, #16]
  hcan1.Init.TimeSeg2 = CAN_BS2_2TQ;
 800b76a:	f44f 1280 	mov.w	r2, #1048576	@ 0x100000
 800b76e:	6142      	str	r2, [r0, #20]
  hcan1.Init.TimeTriggeredMode = DISABLE;
 800b770:	7603      	strb	r3, [r0, #24]
  hcan1.Init.AutoBusOff = DISABLE;
 800b772:	7643      	strb	r3, [r0, #25]
  hcan1.Init.AutoWakeUp = DISABLE;
 800b774:	7683      	strb	r3, [r0, #26]
  hcan1.Init.AutoRetransmission = DISABLE;
 800b776:	76c3      	strb	r3, [r0, #27]
  hcan1.Init.ReceiveFifoLocked = DISABLE;
 800b778:	7703      	strb	r3, [r0, #28]
  hcan1.Init.TransmitFifoPriority = DISABLE;
 800b77a:	7743      	strb	r3, [r0, #29]
  if (HAL_CAN_Init(&hcan1) != HAL_OK)
 800b77c:	f001 ff3d 	bl	800d5fa <HAL_CAN_Init>
 800b780:	b9a8      	cbnz	r0, 800b7ae <MX_CAN1_Init+0x5e>
  filterConfig.FilterBank = 0;
 800b782:	2300      	movs	r3, #0
 800b784:	9305      	str	r3, [sp, #20]
  filterConfig.FilterMode = CAN_FILTERMODE_IDMASK;
 800b786:	9306      	str	r3, [sp, #24]
  filterConfig.FilterScale = CAN_FILTERSCALE_32BIT;
 800b788:	2201      	movs	r2, #1
 800b78a:	9207      	str	r2, [sp, #28]
  filterConfig.FilterIdHigh = 0x0000;
 800b78c:	9300      	str	r3, [sp, #0]
  filterConfig.FilterIdLow = 0x0004;   // Only IDE bit set (extended ID)
 800b78e:	2104      	movs	r1, #4
 800b790:	9101      	str	r1, [sp, #4]
  filterConfig.FilterMaskIdHigh = 0x0000;  // Don't care about any ID bits
 800b792:	9302      	str	r3, [sp, #8]
  filterConfig.FilterMaskIdLow = 0x0004;   // But we DO care about IDE bit (only extended)
 800b794:	9103      	str	r1, [sp, #12]
  filterConfig.FilterFIFOAssignment = CAN_RX_FIFO0;
 800b796:	9304      	str	r3, [sp, #16]
  filterConfig.FilterActivation = ENABLE;
 800b798:	9208      	str	r2, [sp, #32]
  filterConfig.SlaveStartFilterBank = 14;
 800b79a:	230e      	movs	r3, #14
 800b79c:	9309      	str	r3, [sp, #36]	@ 0x24
  if (HAL_CAN_ConfigFilter(&hcan1, &filterConfig) != HAL_OK)
 800b79e:	4669      	mov	r1, sp
 800b7a0:	4805      	ldr	r0, [pc, #20]	@ (800b7b8 <MX_CAN1_Init+0x68>)
 800b7a2:	f001 ffd0 	bl	800d746 <HAL_CAN_ConfigFilter>
 800b7a6:	b920      	cbnz	r0, 800b7b2 <MX_CAN1_Init+0x62>
}
 800b7a8:	b00b      	add	sp, #44	@ 0x2c
 800b7aa:	f85d fb04 	ldr.w	pc, [sp], #4
    Error_Handler();
 800b7ae:	f7ff ff8d 	bl	800b6cc <Error_Handler>
    Error_Handler();
 800b7b2:	f7ff ff8b 	bl	800b6cc <Error_Handler>
 800b7b6:	bf00      	nop
 800b7b8:	20003dd8 	.word	0x20003dd8
 800b7bc:	40006400 	.word	0x40006400

0800b7c0 <MX_CRC_Init>:
{
 800b7c0:	b508      	push	{r3, lr}
  hcrc.Instance = CRC;
 800b7c2:	4808      	ldr	r0, [pc, #32]	@ (800b7e4 <MX_CRC_Init+0x24>)
 800b7c4:	4b08      	ldr	r3, [pc, #32]	@ (800b7e8 <MX_CRC_Init+0x28>)
 800b7c6:	6003      	str	r3, [r0, #0]
  hcrc.Init.DefaultPolynomialUse = DEFAULT_POLYNOMIAL_ENABLE;
 800b7c8:	2300      	movs	r3, #0
 800b7ca:	7103      	strb	r3, [r0, #4]
  hcrc.Init.DefaultInitValueUse = DEFAULT_INIT_VALUE_ENABLE;
 800b7cc:	7143      	strb	r3, [r0, #5]
  hcrc.Init.InputDataInversionMode = CRC_INPUTDATA_INVERSION_NONE;
 800b7ce:	6143      	str	r3, [r0, #20]
  hcrc.Init.OutputDataInversionMode = CRC_OUTPUTDATA_INVERSION_DISABLE;
 800b7d0:	6183      	str	r3, [r0, #24]
  hcrc.InputDataFormat = CRC_INPUTDATA_FORMAT_BYTES;
 800b7d2:	2301      	movs	r3, #1
 800b7d4:	6203      	str	r3, [r0, #32]
  if (HAL_CRC_Init(&hcrc) != HAL_OK)
 800b7d6:	f002 fb3f 	bl	800de58 <HAL_CRC_Init>
 800b7da:	b900      	cbnz	r0, 800b7de <MX_CRC_Init+0x1e>
}
 800b7dc:	bd08      	pop	{r3, pc}
    Error_Handler();
 800b7de:	f7ff ff75 	bl	800b6cc <Error_Handler>
 800b7e2:	bf00      	nop
 800b7e4:	20003db4 	.word	0x20003db4
 800b7e8:	40023000 	.word	0x40023000

0800b7ec <MX_I2C1_Init>:
{
 800b7ec:	b508      	push	{r3, lr}
  hi2c1.Instance = I2C1;
 800b7ee:	4811      	ldr	r0, [pc, #68]	@ (800b834 <MX_I2C1_Init+0x48>)
 800b7f0:	4b11      	ldr	r3, [pc, #68]	@ (800b838 <MX_I2C1_Init+0x4c>)
 800b7f2:	6003      	str	r3, [r0, #0]
  hi2c1.Init.Timing = 0x00503D58;
 800b7f4:	4b11      	ldr	r3, [pc, #68]	@ (800b83c <MX_I2C1_Init+0x50>)
 800b7f6:	6043      	str	r3, [r0, #4]
  hi2c1.Init.OwnAddress1 = 0;
 800b7f8:	2300      	movs	r3, #0
 800b7fa:	6083      	str	r3, [r0, #8]
  hi2c1.Init.AddressingMode = I2C_ADDRESSINGMODE_7BIT;
 800b7fc:	2201      	movs	r2, #1
 800b7fe:	60c2      	str	r2, [r0, #12]
  hi2c1.Init.DualAddressMode = I2C_DUALADDRESS_DISABLE;
 800b800:	6103      	str	r3, [r0, #16]
  hi2c1.Init.OwnAddress2 = 0;
 800b802:	6143      	str	r3, [r0, #20]
  hi2c1.Init.OwnAddress2Masks = I2C_OA2_NOMASK;
 800b804:	6183      	str	r3, [r0, #24]
  hi2c1.Init.GeneralCallMode = I2C_GENERALCALL_DISABLE;
 800b806:	61c3      	str	r3, [r0, #28]
  hi2c1.Init.NoStretchMode = I2C_NOSTRETCH_DISABLE;
 800b808:	6203      	str	r3, [r0, #32]
  if (HAL_I2C_Init(&hi2c1) != HAL_OK)
 800b80a:	f003 f84e 	bl	800e8aa <HAL_I2C_Init>
 800b80e:	b950      	cbnz	r0, 800b826 <MX_I2C1_Init+0x3a>
  if (HAL_I2CEx_ConfigAnalogFilter(&hi2c1, I2C_ANALOGFILTER_ENABLE) != HAL_OK)
 800b810:	2100      	movs	r1, #0
 800b812:	4808      	ldr	r0, [pc, #32]	@ (800b834 <MX_I2C1_Init+0x48>)
 800b814:	f003 faf9 	bl	800ee0a <HAL_I2CEx_ConfigAnalogFilter>
 800b818:	b938      	cbnz	r0, 800b82a <MX_I2C1_Init+0x3e>
  if (HAL_I2CEx_ConfigDigitalFilter(&hi2c1, 0) != HAL_OK)
 800b81a:	2100      	movs	r1, #0
 800b81c:	4805      	ldr	r0, [pc, #20]	@ (800b834 <MX_I2C1_Init+0x48>)
 800b81e:	f003 fb21 	bl	800ee64 <HAL_I2CEx_ConfigDigitalFilter>
 800b822:	b920      	cbnz	r0, 800b82e <MX_I2C1_Init+0x42>
}
 800b824:	bd08      	pop	{r3, pc}
    Error_Handler();
 800b826:	f7ff ff51 	bl	800b6cc <Error_Handler>
    Error_Handler();
 800b82a:	f7ff ff4f 	bl	800b6cc <Error_Handler>
    Error_Handler();
 800b82e:	f7ff ff4d 	bl	800b6cc <Error_Handler>
 800b832:	bf00      	nop
 800b834:	20003d60 	.word	0x20003d60
 800b838:	40005400 	.word	0x40005400
 800b83c:	00503d58 	.word	0x00503d58

0800b840 <MX_I2C3_Init>:
{
 800b840:	b508      	push	{r3, lr}
  hi2c3.Instance = I2C3;
 800b842:	4811      	ldr	r0, [pc, #68]	@ (800b888 <MX_I2C3_Init+0x48>)
 800b844:	4b11      	ldr	r3, [pc, #68]	@ (800b88c <MX_I2C3_Init+0x4c>)
 800b846:	6003      	str	r3, [r0, #0]
  hi2c3.Init.Timing = 0x00503D58;
 800b848:	4b11      	ldr	r3, [pc, #68]	@ (800b890 <MX_I2C3_Init+0x50>)
 800b84a:	6043      	str	r3, [r0, #4]
  hi2c3.Init.OwnAddress1 = 0;
 800b84c:	2300      	movs	r3, #0
 800b84e:	6083      	str	r3, [r0, #8]
  hi2c3.Init.AddressingMode = I2C_ADDRESSINGMODE_7BIT;
 800b850:	2201      	movs	r2, #1
 800b852:	60c2      	str	r2, [r0, #12]
  hi2c3.Init.DualAddressMode = I2C_DUALADDRESS_DISABLE;
 800b854:	6103      	str	r3, [r0, #16]
  hi2c3.Init.OwnAddress2 = 0;
 800b856:	6143      	str	r3, [r0, #20]
  hi2c3.Init.OwnAddress2Masks = I2C_OA2_NOMASK;
 800b858:	6183      	str	r3, [r0, #24]
  hi2c3.Init.GeneralCallMode = I2C_GENERALCALL_DISABLE;
 800b85a:	61c3      	str	r3, [r0, #28]
  hi2c3.Init.NoStretchMode = I2C_NOSTRETCH_DISABLE;
 800b85c:	6203      	str	r3, [r0, #32]
  if (HAL_I2C_Init(&hi2c3) != HAL_OK)
 800b85e:	f003 f824 	bl	800e8aa <HAL_I2C_Init>
 800b862:	b950      	cbnz	r0, 800b87a <MX_I2C3_Init+0x3a>
  if (HAL_I2CEx_ConfigAnalogFilter(&hi2c3, I2C_ANALOGFILTER_ENABLE) != HAL_OK)
 800b864:	2100      	movs	r1, #0
 800b866:	4808      	ldr	r0, [pc, #32]	@ (800b888 <MX_I2C3_Init+0x48>)
 800b868:	f003 facf 	bl	800ee0a <HAL_I2CEx_ConfigAnalogFilter>
 800b86c:	b938      	cbnz	r0, 800b87e <MX_I2C3_Init+0x3e>
  if (HAL_I2CEx_ConfigDigitalFilter(&hi2c3, 0) != HAL_OK)
 800b86e:	2100      	movs	r1, #0
 800b870:	4805      	ldr	r0, [pc, #20]	@ (800b888 <MX_I2C3_Init+0x48>)
 800b872:	f003 faf7 	bl	800ee64 <HAL_I2CEx_ConfigDigitalFilter>
 800b876:	b920      	cbnz	r0, 800b882 <MX_I2C3_Init+0x42>
}
 800b878:	bd08      	pop	{r3, pc}
    Error_Handler();
 800b87a:	f7ff ff27 	bl	800b6cc <Error_Handler>
    Error_Handler();
 800b87e:	f7ff ff25 	bl	800b6cc <Error_Handler>
    Error_Handler();
 800b882:	f7ff ff23 	bl	800b6cc <Error_Handler>
 800b886:	bf00      	nop
 800b888:	20003d0c 	.word	0x20003d0c
 800b88c:	40005c00 	.word	0x40005c00
 800b890:	00503d58 	.word	0x00503d58

0800b894 <SystemClock_Config>:
{
 800b894:	b500      	push	{lr}
 800b896:	b097      	sub	sp, #92	@ 0x5c
  RCC_OscInitTypeDef RCC_OscInitStruct = {0};
 800b898:	2244      	movs	r2, #68	@ 0x44
 800b89a:	2100      	movs	r1, #0
 800b89c:	a805      	add	r0, sp, #20
 800b89e:	f005 fe1a 	bl	80114d6 <memset>
  RCC_ClkInitTypeDef RCC_ClkInitStruct = {0};
 800b8a2:	2300      	movs	r3, #0
 800b8a4:	9300      	str	r3, [sp, #0]
 800b8a6:	9301      	str	r3, [sp, #4]
 800b8a8:	9302      	str	r3, [sp, #8]
 800b8aa:	9303      	str	r3, [sp, #12]
 800b8ac:	9304      	str	r3, [sp, #16]
  if (HAL_PWREx_ControlVoltageScaling(PWR_REGULATOR_VOLTAGE_SCALE1) != HAL_OK)
 800b8ae:	f44f 7000 	mov.w	r0, #512	@ 0x200
 800b8b2:	f003 fcc3 	bl	800f23c <HAL_PWREx_ControlVoltageScaling>
 800b8b6:	bb18      	cbnz	r0, 800b900 <SystemClock_Config+0x6c>
  RCC_OscInitStruct.OscillatorType = RCC_OSCILLATORTYPE_HSI;
 800b8b8:	2302      	movs	r3, #2
 800b8ba:	9305      	str	r3, [sp, #20]
  RCC_OscInitStruct.HSIState = RCC_HSI_ON;
 800b8bc:	f44f 7280 	mov.w	r2, #256	@ 0x100
 800b8c0:	9208      	str	r2, [sp, #32]
  RCC_OscInitStruct.HSICalibrationValue = RCC_HSICALIBRATION_DEFAULT;
 800b8c2:	2210      	movs	r2, #16
 800b8c4:	9209      	str	r2, [sp, #36]	@ 0x24
  RCC_OscInitStruct.PLL.PLLState = RCC_PLL_ON;
 800b8c6:	930f      	str	r3, [sp, #60]	@ 0x3c
  RCC_OscInitStruct.PLL.PLLSource = RCC_PLLSOURCE_HSI;
 800b8c8:	9310      	str	r3, [sp, #64]	@ 0x40
  RCC_OscInitStruct.PLL.PLLM = 2;
 800b8ca:	9311      	str	r3, [sp, #68]	@ 0x44
  RCC_OscInitStruct.PLL.PLLN = 20;
 800b8cc:	2214      	movs	r2, #20
 800b8ce:	9212      	str	r2, [sp, #72]	@ 0x48
  RCC_OscInitStruct.PLL.PLLP = RCC_PLLP_DIV7;
 800b8d0:	2207      	movs	r2, #7
 800b8d2:	9213      	str	r2, [sp, #76]	@ 0x4c
  RCC_OscInitStruct.PLL.PLLQ = RCC_PLLQ_DIV2;
 800b8d4:	9314      	str	r3, [sp, #80]	@ 0x50
  RCC_OscInitStruct.PLL.PLLR = RCC_PLLR_DIV2;
 800b8d6:	9315      	str	r3, [sp, #84]	@ 0x54
  if (HAL_RCC_OscConfig(&RCC_OscInitStruct) != HAL_OK)
 800b8d8:	a805      	add	r0, sp, #20
 800b8da:	f003 fd93 	bl	800f404 <HAL_RCC_OscConfig>
 800b8de:	b988      	cbnz	r0, 800b904 <SystemClock_Config+0x70>
  RCC_ClkInitStruct.ClockType = RCC_CLOCKTYPE_HCLK|RCC_CLOCKTYPE_SYSCLK
 800b8e0:	230f      	movs	r3, #15
 800b8e2:	9300      	str	r3, [sp, #0]
  RCC_ClkInitStruct.SYSCLKSource = RCC_SYSCLKSOURCE_PLLCLK;
 800b8e4:	2303      	movs	r3, #3
 800b8e6:	9301      	str	r3, [sp, #4]
  RCC_ClkInitStruct.AHBCLKDivider = RCC_SYSCLK_DIV1;
 800b8e8:	2300      	movs	r3, #0
 800b8ea:	9302      	str	r3, [sp, #8]
  RCC_ClkInitStruct.APB1CLKDivider = RCC_HCLK_DIV1;
 800b8ec:	9303      	str	r3, [sp, #12]
  RCC_ClkInitStruct.APB2CLKDivider = RCC_HCLK_DIV1;
 800b8ee:	9304      	str	r3, [sp, #16]
  if (HAL_RCC_ClockConfig(&RCC_ClkInitStruct, FLASH_LATENCY_4) != HAL_OK)
 800b8f0:	2104      	movs	r1, #4
 800b8f2:	4668      	mov	r0, sp
 800b8f4:	f004 f8bc 	bl	800fa70 <HAL_RCC_ClockConfig>
 800b8f8:	b930      	cbnz	r0, 800b908 <SystemClock_Config+0x74>
}
 800b8fa:	b017      	add	sp, #92	@ 0x5c
 800b8fc:	f85d fb04 	ldr.w	pc, [sp], #4
    Error_Handler();
 800b900:	f7ff fee4 	bl	800b6cc <Error_Handler>
    Error_Handler();
 800b904:	f7ff fee2 	bl	800b6cc <Error_Handler>
    Error_Handler();  
 800b908:	f7ff fee0 	bl	800b6cc <Error_Handler>

0800b90c <main>:
{
 800b90c:	b508      	push	{r3, lr}
 800b90e:	b672      	cpsid	i
  SysTick->CTRL = 0;
 800b910:	f04f 23e0 	mov.w	r3, #3758153728	@ 0xe000e000
 800b914:	2200      	movs	r2, #0
 800b916:	611a      	str	r2, [r3, #16]
  SysTick->LOAD = 0;
 800b918:	615a      	str	r2, [r3, #20]
  SysTick->VAL = 0;
 800b91a:	619a      	str	r2, [r3, #24]
  HAL_Init();
 800b91c:	f001 f8d8 	bl	800cad0 <HAL_Init>
  SystemClock_Config();
 800b920:	f7ff ffb8 	bl	800b894 <SystemClock_Config>
  MX_GPIO_Init();
 800b924:	f7ff fe38 	bl	800b598 <MX_GPIO_Init>
  MX_ADC1_Init();
 800b928:	f7ff fed2 	bl	800b6d0 <MX_ADC1_Init>
  MX_CAN1_Init();
 800b92c:	f7ff ff10 	bl	800b750 <MX_CAN1_Init>
  MX_CRC_Init();
 800b930:	f7ff ff46 	bl	800b7c0 <MX_CRC_Init>
  MX_I2C1_Init();
 800b934:	f7ff ff5a 	bl	800b7ec <MX_I2C1_Init>
  MX_I2C3_Init();
 800b938:	f7ff ff82 	bl	800b840 <MX_I2C3_Init>
    if (flag_ptr[0] == APP_VALID_MAGIC_NUMBER && 
 800b93c:	4b3a      	ldr	r3, [pc, #232]	@ (800ba28 <main+0x11c>)
 800b93e:	f8d3 2ff8 	ldr.w	r2, [r3, #4088]	@ 0xff8
 800b942:	4b3a      	ldr	r3, [pc, #232]	@ (800ba2c <main+0x120>)
 800b944:	429a      	cmp	r2, r3
 800b946:	d009      	beq.n	800b95c <main+0x50>
      g_bootloader_app_valid = 0;  // No valid flag
 800b948:	4b39      	ldr	r3, [pc, #228]	@ (800ba30 <main+0x124>)
 800b94a:	2200      	movs	r2, #0
 800b94c:	701a      	strb	r2, [r3, #0]
  if (HAL_ADCEx_Calibration_Start(&hadc1, ADC_SINGLE_ENDED) != HAL_OK)
 800b94e:	217f      	movs	r1, #127	@ 0x7f
 800b950:	4838      	ldr	r0, [pc, #224]	@ (800ba34 <main+0x128>)
 800b952:	f001 fe06 	bl	800d562 <HAL_ADCEx_Calibration_Start>
 800b956:	b158      	cbz	r0, 800b970 <main+0x64>
    Error_Handler();
 800b958:	f7ff feb8 	bl	800b6cc <Error_Handler>
        flag_ptr[1] == APP_VALID_FLAG_COMPLEMENT)
 800b95c:	4b32      	ldr	r3, [pc, #200]	@ (800ba28 <main+0x11c>)
 800b95e:	f8d3 2ffc 	ldr.w	r2, [r3, #4092]	@ 0xffc
    if (flag_ptr[0] == APP_VALID_MAGIC_NUMBER && 
 800b962:	4b35      	ldr	r3, [pc, #212]	@ (800ba38 <main+0x12c>)
 800b964:	429a      	cmp	r2, r3
 800b966:	d1ef      	bne.n	800b948 <main+0x3c>
      g_bootloader_app_valid = 1;  // Valid flag found
 800b968:	4b31      	ldr	r3, [pc, #196]	@ (800ba30 <main+0x124>)
 800b96a:	2201      	movs	r2, #1
 800b96c:	701a      	strb	r2, [r3, #0]
 800b96e:	e7ee      	b.n	800b94e <main+0x42>
  if (HAL_CAN_Start(&hcan1) != HAL_OK)
 800b970:	4832      	ldr	r0, [pc, #200]	@ (800ba3c <main+0x130>)
 800b972:	f001 ff6b 	bl	800d84c <HAL_CAN_Start>
 800b976:	b108      	cbz	r0, 800b97c <main+0x70>
    Error_Handler();
 800b978:	f7ff fea8 	bl	800b6cc <Error_Handler>
  osKernelInitialize();
 800b97c:	f7fe fdce 	bl	800a51c <osKernelInitialize>
  I2C1Handle = osMutexNew(&I2C1_attributes);
 800b980:	482f      	ldr	r0, [pc, #188]	@ (800ba40 <main+0x134>)
 800b982:	f7fe fe6b 	bl	800a65c <osMutexNew>
 800b986:	4b2f      	ldr	r3, [pc, #188]	@ (800ba44 <main+0x138>)
 800b988:	6018      	str	r0, [r3, #0]
  I2C3Handle = osMutexNew(&I2C3_attributes);
 800b98a:	482f      	ldr	r0, [pc, #188]	@ (800ba48 <main+0x13c>)
 800b98c:	f7fe fe66 	bl	800a65c <osMutexNew>
 800b990:	4b2e      	ldr	r3, [pc, #184]	@ (800ba4c <main+0x140>)
 800b992:	6018      	str	r0, [r3, #0]
  BMSResetSemHandle = osSemaphoreNew(1, 0, &BMSResetSem_attributes);
 800b994:	4a2e      	ldr	r2, [pc, #184]	@ (800ba50 <main+0x144>)
 800b996:	2100      	movs	r1, #0
 800b998:	2001      	movs	r0, #1
 800b99a:	f7fe ff00 	bl	800a79e <osSemaphoreNew>
 800b99e:	4b2d      	ldr	r3, [pc, #180]	@ (800ba54 <main+0x148>)
 800b9a0:	6018      	str	r0, [r3, #0]
  if (BMSResetSemHandle == NULL)
 800b9a2:	b130      	cbz	r0, 800b9b2 <main+0xa6>
  Config_Init();
 800b9a4:	f7ff f9d8 	bl	800ad58 <Config_Init>
  if (StateMachine_Init() != HAL_OK)
 800b9a8:	f001 f808 	bl	800c9bc <StateMachine_Init>
 800b9ac:	b118      	cbz	r0, 800b9b6 <main+0xaa>
    Error_Handler();
 800b9ae:	f7ff fe8d 	bl	800b6cc <Error_Handler>
    Error_Handler();
 800b9b2:	f7ff fe8b 	bl	800b6cc <Error_Handler>
  if (ErrorMgr_Init() != HAL_OK)
 800b9b6:	f7ff fb51 	bl	800b05c <ErrorMgr_Init>
 800b9ba:	b108      	cbz	r0, 800b9c0 <main+0xb4>
    Error_Handler();
 800b9bc:	f7ff fe86 	bl	800b6cc <Error_Handler>
  if (CAN_Manager_Init() != HAL_OK)
 800b9c0:	f7fd ff7c 	bl	80098bc <CAN_Manager_Init>
 800b9c4:	b108      	cbz	r0, 800b9ca <main+0xbe>
    Error_Handler();
 800b9c6:	f7ff fe81 	bl	800b6cc <Error_Handler>
  if (BalanceMgr_Init() != HAL_OK)
 800b9ca:	f7fc fc9d 	bl	8008308 <BalanceMgr_Init>
 800b9ce:	b108      	cbz	r0, 800b9d4 <main+0xc8>
    Error_Handler();
 800b9d0:	f7ff fe7c 	bl	800b6cc <Error_Handler>
  StateMachine_SetState(BMS_STATE_IDLE);
 800b9d4:	2001      	movs	r0, #1
 800b9d6:	f001 f809 	bl	800c9ec <StateMachine_SetState>
  CellVoltageBMS1Handle = osThreadNew(ReadBQBMS1, NULL, &CellVoltageBMS1_attributes);
 800b9da:	4a1f      	ldr	r2, [pc, #124]	@ (800ba58 <main+0x14c>)
 800b9dc:	2100      	movs	r1, #0
 800b9de:	481f      	ldr	r0, [pc, #124]	@ (800ba5c <main+0x150>)
 800b9e0:	f7fe fdd4 	bl	800a58c <osThreadNew>
 800b9e4:	4b1e      	ldr	r3, [pc, #120]	@ (800ba60 <main+0x154>)
 800b9e6:	6018      	str	r0, [r3, #0]
  CellVoltageBMS2Handle = osThreadNew(ReadBQBMS2, NULL, &CellVoltageBMS2_attributes);
 800b9e8:	4a1e      	ldr	r2, [pc, #120]	@ (800ba64 <main+0x158>)
 800b9ea:	2100      	movs	r1, #0
 800b9ec:	481e      	ldr	r0, [pc, #120]	@ (800ba68 <main+0x15c>)
 800b9ee:	f7fe fdcd 	bl	800a58c <osThreadNew>
 800b9f2:	4b1e      	ldr	r3, [pc, #120]	@ (800ba6c <main+0x160>)
 800b9f4:	6018      	str	r0, [r3, #0]
  CellTemperatureHandle = osThreadNew(ReadCellTemps, NULL, &CellTemperature_attributes);
 800b9f6:	4a1e      	ldr	r2, [pc, #120]	@ (800ba70 <main+0x164>)
 800b9f8:	2100      	movs	r1, #0
 800b9fa:	481e      	ldr	r0, [pc, #120]	@ (800ba74 <main+0x168>)
 800b9fc:	f7fe fdc6 	bl	800a58c <osThreadNew>
 800ba00:	4b1d      	ldr	r3, [pc, #116]	@ (800ba78 <main+0x16c>)
 800ba02:	6018      	str	r0, [r3, #0]
  CANManagerHandle = osThreadNew(CAN_ManagerTask, NULL, &CANManager_attributes);
 800ba04:	4a1d      	ldr	r2, [pc, #116]	@ (800ba7c <main+0x170>)
 800ba06:	2100      	movs	r1, #0
 800ba08:	481d      	ldr	r0, [pc, #116]	@ (800ba80 <main+0x174>)
 800ba0a:	f7fe fdbf 	bl	800a58c <osThreadNew>
 800ba0e:	4b1d      	ldr	r3, [pc, #116]	@ (800ba84 <main+0x178>)
 800ba10:	6018      	str	r0, [r3, #0]
  BMSResetHandlerHandle = osThreadNew(BMSResetHandlerTask, NULL, &BMSResetHandler_attributes);
 800ba12:	4a1d      	ldr	r2, [pc, #116]	@ (800ba88 <main+0x17c>)
 800ba14:	2100      	movs	r1, #0
 800ba16:	481d      	ldr	r0, [pc, #116]	@ (800ba8c <main+0x180>)
 800ba18:	f7fe fdb8 	bl	800a58c <osThreadNew>
 800ba1c:	4b1c      	ldr	r3, [pc, #112]	@ (800ba90 <main+0x184>)
 800ba1e:	6018      	str	r0, [r3, #0]
  osKernelStart();
 800ba20:	f7fe fd8e 	bl	800a540 <osKernelStart>
  while (1)
 800ba24:	e7fe      	b.n	800ba24 <main+0x118>
 800ba26:	bf00      	nop
 800ba28:	08007000 	.word	0x08007000
 800ba2c:	deadbeef 	.word	0xdeadbeef
 800ba30:	20003d08 	.word	0x20003d08
 800ba34:	20003e00 	.word	0x20003e00
 800ba38:	21524110 	.word	0x21524110
 800ba3c:	20003dd8 	.word	0x20003dd8
 800ba40:	08011960 	.word	0x08011960
 800ba44:	20003cf4 	.word	0x20003cf4
 800ba48:	08011950 	.word	0x08011950
 800ba4c:	20003cf0 	.word	0x20003cf0
 800ba50:	08011940 	.word	0x08011940
 800ba54:	20003cec 	.word	0x20003cec
 800ba58:	080119dc 	.word	0x080119dc
 800ba5c:	0800b649 	.word	0x0800b649
 800ba60:	20003d04 	.word	0x20003d04
 800ba64:	080119b8 	.word	0x080119b8
 800ba68:	0800b651 	.word	0x0800b651
 800ba6c:	20003d00 	.word	0x20003d00
 800ba70:	08011994 	.word	0x08011994
 800ba74:	0800b659 	.word	0x0800b659
 800ba78:	20003cfc 	.word	0x20003cfc
 800ba7c:	08011970 	.word	0x08011970
 800ba80:	08009cb1 	.word	0x08009cb1
 800ba84:	20003cf8 	.word	0x20003cf8
 800ba88:	0801191c 	.word	0x0801191c
 800ba8c:	0800b661 	.word	0x0800b661
 800ba90:	20003ce8 	.word	0x20003ce8

0800ba94 <prvTaskExitError>:
	return pxTopOfStack;
}
/*-----------------------------------------------------------*/

static void prvTaskExitError( void )
{
 800ba94:	b082      	sub	sp, #8
volatile uint32_t ulDummy = 0;
 800ba96:	2300      	movs	r3, #0
 800ba98:	9301      	str	r3, [sp, #4]
	its caller as there is nothing to return to.  If a task wants to exit it
	should instead call vTaskDelete( NULL ).

	Artificially force an assert() to be triggered if configASSERT() is
	defined, then stop here so application writers can catch the error. */
	configASSERT( uxCriticalNesting == ~0UL );
 800ba9a:	4b0d      	ldr	r3, [pc, #52]	@ (800bad0 <prvTaskExitError+0x3c>)
 800ba9c:	681b      	ldr	r3, [r3, #0]
 800ba9e:	f1b3 3fff 	cmp.w	r3, #4294967295
 800baa2:	d008      	beq.n	800bab6 <prvTaskExitError+0x22>
 800baa4:	f04f 0350 	mov.w	r3, #80	@ 0x50
 800baa8:	f383 8811 	msr	BASEPRI, r3
 800baac:	f3bf 8f6f 	isb	sy
 800bab0:	f3bf 8f4f 	dsb	sy
 800bab4:	e7fe      	b.n	800bab4 <prvTaskExitError+0x20>
 800bab6:	f04f 0350 	mov.w	r3, #80	@ 0x50
 800baba:	f383 8811 	msr	BASEPRI, r3
 800babe:	f3bf 8f6f 	isb	sy
 800bac2:	f3bf 8f4f 	dsb	sy
	portDISABLE_INTERRUPTS();
	while( ulDummy == 0 )
 800bac6:	9b01      	ldr	r3, [sp, #4]
 800bac8:	2b00      	cmp	r3, #0
 800baca:	d0fc      	beq.n	800bac6 <prvTaskExitError+0x32>
		about code appearing after this function is called - making ulDummy
		volatile makes the compiler think the function could return and
		therefore not output an 'unreachable code' warning for code that appears
		after it. */
	}
}
 800bacc:	b002      	add	sp, #8
 800bace:	4770      	bx	lr
 800bad0:	20000028 	.word	0x20000028

0800bad4 <prvPortStartFirstTask>:
{
	/* Start the first task.  This also clears the bit that indicates the FPU is
	in use in case the FPU was used before the scheduler was started - which
	would otherwise result in the unnecessary leaving of space in the SVC stack
	for lazy saving of FPU registers. */
	__asm volatile(
 800bad4:	4808      	ldr	r0, [pc, #32]	@ (800baf8 <prvPortStartFirstTask+0x24>)
 800bad6:	6800      	ldr	r0, [r0, #0]
 800bad8:	6800      	ldr	r0, [r0, #0]
 800bada:	f380 8808 	msr	MSP, r0
 800bade:	f04f 0000 	mov.w	r0, #0
 800bae2:	f380 8814 	msr	CONTROL, r0
 800bae6:	b662      	cpsie	i
 800bae8:	b661      	cpsie	f
 800baea:	f3bf 8f4f 	dsb	sy
 800baee:	f3bf 8f6f 	isb	sy
 800baf2:	df00      	svc	0
 800baf4:	bf00      	nop
					" dsb					\n"
					" isb					\n"
					" svc 0					\n" /* System call to start first task. */
					" nop					\n"
				);
}
 800baf6:	0000      	.short	0x0000
 800baf8:	e000ed08 	.word	0xe000ed08

0800bafc <vPortEnableVFP>:
/*-----------------------------------------------------------*/

/* This is a naked function. */
static void vPortEnableVFP( void )
{
	__asm volatile
 800bafc:	f8df 000c 	ldr.w	r0, [pc, #12]	@ 800bb0c <vPortEnableVFP+0x10>
 800bb00:	6801      	ldr	r1, [r0, #0]
 800bb02:	f441 0170 	orr.w	r1, r1, #15728640	@ 0xf00000
 800bb06:	6001      	str	r1, [r0, #0]
 800bb08:	4770      	bx	lr
		"								\n"
		"	orr r1, r1, #( 0xf << 20 )	\n" /* Enable CP10 and CP11 coprocessors, then save back. */
		"	str r1, [r0]				\n"
		"	bx r14						"
	);
}
 800bb0a:	0000      	.short	0x0000
 800bb0c:	e000ed88 	.word	0xe000ed88

0800bb10 <pxPortInitialiseStack>:
	*pxTopOfStack = portINITIAL_XPSR;	/* xPSR */
 800bb10:	f04f 7380 	mov.w	r3, #16777216	@ 0x1000000
 800bb14:	f840 3c04 	str.w	r3, [r0, #-4]
	*pxTopOfStack = ( ( StackType_t ) pxCode ) & portSTART_ADDRESS_MASK;	/* PC */
 800bb18:	f021 0101 	bic.w	r1, r1, #1
 800bb1c:	f840 1c08 	str.w	r1, [r0, #-8]
	*pxTopOfStack = ( StackType_t ) portTASK_RETURN_ADDRESS;	/* LR */
 800bb20:	4b05      	ldr	r3, [pc, #20]	@ (800bb38 <pxPortInitialiseStack+0x28>)
 800bb22:	f840 3c0c 	str.w	r3, [r0, #-12]
	*pxTopOfStack = ( StackType_t ) pvParameters;	/* R0 */
 800bb26:	f840 2c20 	str.w	r2, [r0, #-32]
	*pxTopOfStack = portINITIAL_EXC_RETURN;
 800bb2a:	f06f 0302 	mvn.w	r3, #2
 800bb2e:	f840 3c24 	str.w	r3, [r0, #-36]
}
 800bb32:	3844      	subs	r0, #68	@ 0x44
 800bb34:	4770      	bx	lr
 800bb36:	bf00      	nop
 800bb38:	0800ba95 	.word	0x0800ba95
 800bb3c:	00000000 	.word	0x00000000

0800bb40 <SVC_Handler>:
	__asm volatile (
 800bb40:	4b07      	ldr	r3, [pc, #28]	@ (800bb60 <pxCurrentTCBConst2>)
 800bb42:	6819      	ldr	r1, [r3, #0]
 800bb44:	6808      	ldr	r0, [r1, #0]
 800bb46:	e8b0 4ff0 	ldmia.w	r0!, {r4, r5, r6, r7, r8, r9, sl, fp, lr}
 800bb4a:	f380 8809 	msr	PSP, r0
 800bb4e:	f3bf 8f6f 	isb	sy
 800bb52:	f04f 0000 	mov.w	r0, #0
 800bb56:	f380 8811 	msr	BASEPRI, r0
 800bb5a:	4770      	bx	lr
 800bb5c:	f3af 8000 	nop.w

0800bb60 <pxCurrentTCBConst2>:
 800bb60:	20004400 	.word	0x20004400

0800bb64 <vPortEnterCritical>:
 800bb64:	f04f 0350 	mov.w	r3, #80	@ 0x50
 800bb68:	f383 8811 	msr	BASEPRI, r3
 800bb6c:	f3bf 8f6f 	isb	sy
 800bb70:	f3bf 8f4f 	dsb	sy
	uxCriticalNesting++;
 800bb74:	4a0b      	ldr	r2, [pc, #44]	@ (800bba4 <vPortEnterCritical+0x40>)
 800bb76:	6813      	ldr	r3, [r2, #0]
 800bb78:	3301      	adds	r3, #1
 800bb7a:	6013      	str	r3, [r2, #0]
	if( uxCriticalNesting == 1 )
 800bb7c:	2b01      	cmp	r3, #1
 800bb7e:	d000      	beq.n	800bb82 <vPortEnterCritical+0x1e>
}
 800bb80:	4770      	bx	lr
		configASSERT( ( portNVIC_INT_CTRL_REG & portVECTACTIVE_MASK ) == 0 );
 800bb82:	f04f 23e0 	mov.w	r3, #3758153728	@ 0xe000e000
 800bb86:	f8d3 3d04 	ldr.w	r3, [r3, #3332]	@ 0xd04
 800bb8a:	f013 0fff 	tst.w	r3, #255	@ 0xff
 800bb8e:	d0f7      	beq.n	800bb80 <vPortEnterCritical+0x1c>
 800bb90:	f04f 0350 	mov.w	r3, #80	@ 0x50
 800bb94:	f383 8811 	msr	BASEPRI, r3
 800bb98:	f3bf 8f6f 	isb	sy
 800bb9c:	f3bf 8f4f 	dsb	sy
 800bba0:	e7fe      	b.n	800bba0 <vPortEnterCritical+0x3c>
 800bba2:	bf00      	nop
 800bba4:	20000028 	.word	0x20000028

0800bba8 <vPortExitCritical>:
	configASSERT( uxCriticalNesting );
 800bba8:	4b09      	ldr	r3, [pc, #36]	@ (800bbd0 <vPortExitCritical+0x28>)
 800bbaa:	681b      	ldr	r3, [r3, #0]
 800bbac:	b943      	cbnz	r3, 800bbc0 <vPortExitCritical+0x18>
 800bbae:	f04f 0350 	mov.w	r3, #80	@ 0x50
 800bbb2:	f383 8811 	msr	BASEPRI, r3
 800bbb6:	f3bf 8f6f 	isb	sy
 800bbba:	f3bf 8f4f 	dsb	sy
 800bbbe:	e7fe      	b.n	800bbbe <vPortExitCritical+0x16>
	uxCriticalNesting--;
 800bbc0:	3b01      	subs	r3, #1
 800bbc2:	4a03      	ldr	r2, [pc, #12]	@ (800bbd0 <vPortExitCritical+0x28>)
 800bbc4:	6013      	str	r3, [r2, #0]
	if( uxCriticalNesting == 0 )
 800bbc6:	b90b      	cbnz	r3, 800bbcc <vPortExitCritical+0x24>
}
/*-----------------------------------------------------------*/

portFORCE_INLINE static void vPortSetBASEPRI( uint32_t ulNewMaskValue )
{
	__asm volatile
 800bbc8:	f383 8811 	msr	BASEPRI, r3
}
 800bbcc:	4770      	bx	lr
 800bbce:	bf00      	nop
 800bbd0:	20000028 	.word	0x20000028
	...

0800bbe0 <PendSV_Handler>:
	__asm volatile
 800bbe0:	f3ef 8009 	mrs	r0, PSP
 800bbe4:	f3bf 8f6f 	isb	sy
 800bbe8:	4b15      	ldr	r3, [pc, #84]	@ (800bc40 <pxCurrentTCBConst>)
 800bbea:	681a      	ldr	r2, [r3, #0]
 800bbec:	f01e 0f10 	tst.w	lr, #16
 800bbf0:	bf08      	it	eq
 800bbf2:	ed20 8a10 	vstmdbeq	r0!, {s16-s31}
 800bbf6:	e920 4ff0 	stmdb	r0!, {r4, r5, r6, r7, r8, r9, sl, fp, lr}
 800bbfa:	6010      	str	r0, [r2, #0]
 800bbfc:	e92d 0009 	stmdb	sp!, {r0, r3}
 800bc00:	f04f 0050 	mov.w	r0, #80	@ 0x50
 800bc04:	f380 8811 	msr	BASEPRI, r0
 800bc08:	f3bf 8f4f 	dsb	sy
 800bc0c:	f3bf 8f6f 	isb	sy
 800bc10:	f004 ffea 	bl	8010be8 <vTaskSwitchContext>
 800bc14:	f04f 0000 	mov.w	r0, #0
 800bc18:	f380 8811 	msr	BASEPRI, r0
 800bc1c:	bc09      	pop	{r0, r3}
 800bc1e:	6819      	ldr	r1, [r3, #0]
 800bc20:	6808      	ldr	r0, [r1, #0]
 800bc22:	e8b0 4ff0 	ldmia.w	r0!, {r4, r5, r6, r7, r8, r9, sl, fp, lr}
 800bc26:	f01e 0f10 	tst.w	lr, #16
 800bc2a:	bf08      	it	eq
 800bc2c:	ecb0 8a10 	vldmiaeq	r0!, {s16-s31}
 800bc30:	f380 8809 	msr	PSP, r0
 800bc34:	f3bf 8f6f 	isb	sy
 800bc38:	4770      	bx	lr
 800bc3a:	bf00      	nop
 800bc3c:	f3af 8000 	nop.w

0800bc40 <pxCurrentTCBConst>:
 800bc40:	20004400 	.word	0x20004400

0800bc44 <xPortSysTickHandler>:
{
 800bc44:	b508      	push	{r3, lr}
	__asm volatile
 800bc46:	f04f 0350 	mov.w	r3, #80	@ 0x50
 800bc4a:	f383 8811 	msr	BASEPRI, r3
 800bc4e:	f3bf 8f6f 	isb	sy
 800bc52:	f3bf 8f4f 	dsb	sy
		if( xTaskIncrementTick() != pdFALSE )
 800bc56:	f004 fe99 	bl	801098c <xTaskIncrementTick>
 800bc5a:	b128      	cbz	r0, 800bc68 <xPortSysTickHandler+0x24>
			portNVIC_INT_CTRL_REG = portNVIC_PENDSVSET_BIT;
 800bc5c:	f04f 23e0 	mov.w	r3, #3758153728	@ 0xe000e000
 800bc60:	f04f 5280 	mov.w	r2, #268435456	@ 0x10000000
 800bc64:	f8c3 2d04 	str.w	r2, [r3, #3332]	@ 0xd04
	__asm volatile
 800bc68:	2300      	movs	r3, #0
 800bc6a:	f383 8811 	msr	BASEPRI, r3
}
 800bc6e:	bd08      	pop	{r3, pc}

0800bc70 <vPortSetupTimerInterrupt>:
	portNVIC_SYSTICK_CTRL_REG = 0UL;
 800bc70:	f04f 22e0 	mov.w	r2, #3758153728	@ 0xe000e000
 800bc74:	2300      	movs	r3, #0
 800bc76:	6113      	str	r3, [r2, #16]
	portNVIC_SYSTICK_CURRENT_VALUE_REG = 0UL;
 800bc78:	6193      	str	r3, [r2, #24]
	portNVIC_SYSTICK_LOAD_REG = ( configSYSTICK_CLOCK_HZ / configTICK_RATE_HZ ) - 1UL;
 800bc7a:	4b05      	ldr	r3, [pc, #20]	@ (800bc90 <vPortSetupTimerInterrupt+0x20>)
 800bc7c:	681b      	ldr	r3, [r3, #0]
 800bc7e:	4905      	ldr	r1, [pc, #20]	@ (800bc94 <vPortSetupTimerInterrupt+0x24>)
 800bc80:	fba1 1303 	umull	r1, r3, r1, r3
 800bc84:	099b      	lsrs	r3, r3, #6
 800bc86:	3b01      	subs	r3, #1
 800bc88:	6153      	str	r3, [r2, #20]
	portNVIC_SYSTICK_CTRL_REG = ( portNVIC_SYSTICK_CLK_BIT | portNVIC_SYSTICK_INT_BIT | portNVIC_SYSTICK_ENABLE_BIT );
 800bc8a:	2307      	movs	r3, #7
 800bc8c:	6113      	str	r3, [r2, #16]
}
 800bc8e:	4770      	bx	lr
 800bc90:	20000054 	.word	0x20000054
 800bc94:	10624dd3 	.word	0x10624dd3

0800bc98 <xPortStartScheduler>:
	configASSERT( portCPUID != portCORTEX_M7_r0p1_ID );
 800bc98:	f04f 23e0 	mov.w	r3, #3758153728	@ 0xe000e000
 800bc9c:	f8d3 2d00 	ldr.w	r2, [r3, #3328]	@ 0xd00
 800bca0:	4b3d      	ldr	r3, [pc, #244]	@ (800bd98 <xPortStartScheduler+0x100>)
 800bca2:	429a      	cmp	r2, r3
 800bca4:	d01c      	beq.n	800bce0 <xPortStartScheduler+0x48>
	configASSERT( portCPUID != portCORTEX_M7_r0p0_ID );
 800bca6:	f04f 23e0 	mov.w	r3, #3758153728	@ 0xe000e000
 800bcaa:	f8d3 2d00 	ldr.w	r2, [r3, #3328]	@ 0xd00
 800bcae:	4b3b      	ldr	r3, [pc, #236]	@ (800bd9c <xPortStartScheduler+0x104>)
 800bcb0:	429a      	cmp	r2, r3
 800bcb2:	d01e      	beq.n	800bcf2 <xPortStartScheduler+0x5a>
{
 800bcb4:	b530      	push	{r4, r5, lr}
 800bcb6:	b083      	sub	sp, #12
		ulOriginalPriority = *pucFirstUserPriorityRegister;
 800bcb8:	4b39      	ldr	r3, [pc, #228]	@ (800bda0 <xPortStartScheduler+0x108>)
 800bcba:	781a      	ldrb	r2, [r3, #0]
 800bcbc:	b2d2      	uxtb	r2, r2
 800bcbe:	9201      	str	r2, [sp, #4]
		*pucFirstUserPriorityRegister = portMAX_8_BIT_VALUE;
 800bcc0:	22ff      	movs	r2, #255	@ 0xff
 800bcc2:	701a      	strb	r2, [r3, #0]
		ucMaxPriorityValue = *pucFirstUserPriorityRegister;
 800bcc4:	781b      	ldrb	r3, [r3, #0]
 800bcc6:	b2db      	uxtb	r3, r3
 800bcc8:	f88d 3003 	strb.w	r3, [sp, #3]
		ucMaxSysCallPriority = configMAX_SYSCALL_INTERRUPT_PRIORITY & ucMaxPriorityValue;
 800bccc:	f89d 3003 	ldrb.w	r3, [sp, #3]
 800bcd0:	f003 0350 	and.w	r3, r3, #80	@ 0x50
 800bcd4:	4a33      	ldr	r2, [pc, #204]	@ (800bda4 <xPortStartScheduler+0x10c>)
 800bcd6:	7013      	strb	r3, [r2, #0]
		ulMaxPRIGROUPValue = portMAX_PRIGROUP_BITS;
 800bcd8:	4b33      	ldr	r3, [pc, #204]	@ (800bda8 <xPortStartScheduler+0x110>)
 800bcda:	2207      	movs	r2, #7
 800bcdc:	601a      	str	r2, [r3, #0]
		while( ( ucMaxPriorityValue & portTOP_BIT_OF_BYTE ) == portTOP_BIT_OF_BYTE )
 800bcde:	e01b      	b.n	800bd18 <xPortStartScheduler+0x80>
	__asm volatile
 800bce0:	f04f 0350 	mov.w	r3, #80	@ 0x50
 800bce4:	f383 8811 	msr	BASEPRI, r3
 800bce8:	f3bf 8f6f 	isb	sy
 800bcec:	f3bf 8f4f 	dsb	sy
	configASSERT( portCPUID != portCORTEX_M7_r0p1_ID );
 800bcf0:	e7fe      	b.n	800bcf0 <xPortStartScheduler+0x58>
 800bcf2:	f04f 0350 	mov.w	r3, #80	@ 0x50
 800bcf6:	f383 8811 	msr	BASEPRI, r3
 800bcfa:	f3bf 8f6f 	isb	sy
 800bcfe:	f3bf 8f4f 	dsb	sy
	configASSERT( portCPUID != portCORTEX_M7_r0p0_ID );
 800bd02:	e7fe      	b.n	800bd02 <xPortStartScheduler+0x6a>
			ulMaxPRIGROUPValue--;
 800bd04:	4a28      	ldr	r2, [pc, #160]	@ (800bda8 <xPortStartScheduler+0x110>)
 800bd06:	6813      	ldr	r3, [r2, #0]
 800bd08:	3b01      	subs	r3, #1
 800bd0a:	6013      	str	r3, [r2, #0]
			ucMaxPriorityValue <<= ( uint8_t ) 0x01;
 800bd0c:	f89d 3003 	ldrb.w	r3, [sp, #3]
 800bd10:	005b      	lsls	r3, r3, #1
 800bd12:	b2db      	uxtb	r3, r3
 800bd14:	f88d 3003 	strb.w	r3, [sp, #3]
		while( ( ucMaxPriorityValue & portTOP_BIT_OF_BYTE ) == portTOP_BIT_OF_BYTE )
 800bd18:	f89d 3003 	ldrb.w	r3, [sp, #3]
 800bd1c:	f013 0f80 	tst.w	r3, #128	@ 0x80
 800bd20:	d1f0      	bne.n	800bd04 <xPortStartScheduler+0x6c>
			configASSERT( ( portMAX_PRIGROUP_BITS - ulMaxPRIGROUPValue ) == configPRIO_BITS );
 800bd22:	4b21      	ldr	r3, [pc, #132]	@ (800bda8 <xPortStartScheduler+0x110>)
 800bd24:	681b      	ldr	r3, [r3, #0]
 800bd26:	2b03      	cmp	r3, #3
 800bd28:	d008      	beq.n	800bd3c <xPortStartScheduler+0xa4>
 800bd2a:	f04f 0350 	mov.w	r3, #80	@ 0x50
 800bd2e:	f383 8811 	msr	BASEPRI, r3
 800bd32:	f3bf 8f6f 	isb	sy
 800bd36:	f3bf 8f4f 	dsb	sy
 800bd3a:	e7fe      	b.n	800bd3a <xPortStartScheduler+0xa2>
		ulMaxPRIGROUPValue <<= portPRIGROUP_SHIFT;
 800bd3c:	021b      	lsls	r3, r3, #8
 800bd3e:	4a1a      	ldr	r2, [pc, #104]	@ (800bda8 <xPortStartScheduler+0x110>)
 800bd40:	6013      	str	r3, [r2, #0]
		ulMaxPRIGROUPValue &= portPRIORITY_GROUP_MASK;
 800bd42:	f403 63e0 	and.w	r3, r3, #1792	@ 0x700
 800bd46:	6013      	str	r3, [r2, #0]
		*pucFirstUserPriorityRegister = ulOriginalPriority;
 800bd48:	9b01      	ldr	r3, [sp, #4]
 800bd4a:	b2db      	uxtb	r3, r3
 800bd4c:	4a14      	ldr	r2, [pc, #80]	@ (800bda0 <xPortStartScheduler+0x108>)
 800bd4e:	7013      	strb	r3, [r2, #0]
	portNVIC_SYSPRI2_REG |= portNVIC_PENDSV_PRI;
 800bd50:	f04f 24e0 	mov.w	r4, #3758153728	@ 0xe000e000
 800bd54:	f8d4 3d20 	ldr.w	r3, [r4, #3360]	@ 0xd20
 800bd58:	f443 0370 	orr.w	r3, r3, #15728640	@ 0xf00000
 800bd5c:	f8c4 3d20 	str.w	r3, [r4, #3360]	@ 0xd20
	portNVIC_SYSPRI2_REG |= portNVIC_SYSTICK_PRI;
 800bd60:	f8d4 3d20 	ldr.w	r3, [r4, #3360]	@ 0xd20
 800bd64:	f043 4370 	orr.w	r3, r3, #4026531840	@ 0xf0000000
 800bd68:	f8c4 3d20 	str.w	r3, [r4, #3360]	@ 0xd20
	vPortSetupTimerInterrupt();
 800bd6c:	f7ff ff80 	bl	800bc70 <vPortSetupTimerInterrupt>
	uxCriticalNesting = 0;
 800bd70:	2500      	movs	r5, #0
 800bd72:	4b0e      	ldr	r3, [pc, #56]	@ (800bdac <xPortStartScheduler+0x114>)
 800bd74:	601d      	str	r5, [r3, #0]
	vPortEnableVFP();
 800bd76:	f7ff fec1 	bl	800bafc <vPortEnableVFP>
	*( portFPCCR ) |= portASPEN_AND_LSPEN_BITS;
 800bd7a:	f8d4 3f34 	ldr.w	r3, [r4, #3892]	@ 0xf34
 800bd7e:	f043 4340 	orr.w	r3, r3, #3221225472	@ 0xc0000000
 800bd82:	f8c4 3f34 	str.w	r3, [r4, #3892]	@ 0xf34
	prvPortStartFirstTask();
 800bd86:	f7ff fea5 	bl	800bad4 <prvPortStartFirstTask>
	vTaskSwitchContext();
 800bd8a:	f004 ff2d 	bl	8010be8 <vTaskSwitchContext>
	prvTaskExitError();
 800bd8e:	f7ff fe81 	bl	800ba94 <prvTaskExitError>
}
 800bd92:	4628      	mov	r0, r5
 800bd94:	b003      	add	sp, #12
 800bd96:	bd30      	pop	{r4, r5, pc}
 800bd98:	410fc271 	.word	0x410fc271
 800bd9c:	410fc270 	.word	0x410fc270
 800bda0:	e000e400 	.word	0xe000e400
 800bda4:	20003e68 	.word	0x20003e68
 800bda8:	20003e64 	.word	0x20003e64
 800bdac:	20000028 	.word	0x20000028

0800bdb0 <vPortValidateInterruptPriority>:
	{
	uint32_t ulCurrentInterrupt;
	uint8_t ucCurrentPriority;

		/* Obtain the number of the currently executing interrupt. */
		__asm volatile( "mrs %0, ipsr" : "=r"( ulCurrentInterrupt ) :: "memory" );
 800bdb0:	f3ef 8305 	mrs	r3, IPSR

		/* Is the interrupt number a user defined interrupt? */
		if( ulCurrentInterrupt >= portFIRST_USER_INTERRUPT_NUMBER )
 800bdb4:	2b0f      	cmp	r3, #15
 800bdb6:	d90e      	bls.n	800bdd6 <vPortValidateInterruptPriority+0x26>
		{
			/* Look up the interrupt's priority. */
			ucCurrentPriority = pcInterruptPriorityRegisters[ ulCurrentInterrupt ];
 800bdb8:	4a11      	ldr	r2, [pc, #68]	@ (800be00 <vPortValidateInterruptPriority+0x50>)
 800bdba:	5c9a      	ldrb	r2, [r3, r2]
			interrupt entry is as fast and simple as possible.

			The following links provide detailed information:
			http://www.freertos.org/RTOS-Cortex-M3-M4.html
			http://www.freertos.org/FAQHelp.html */
			configASSERT( ucCurrentPriority >= ucMaxSysCallPriority );
 800bdbc:	4b11      	ldr	r3, [pc, #68]	@ (800be04 <vPortValidateInterruptPriority+0x54>)
 800bdbe:	781b      	ldrb	r3, [r3, #0]
 800bdc0:	429a      	cmp	r2, r3
 800bdc2:	d208      	bcs.n	800bdd6 <vPortValidateInterruptPriority+0x26>
 800bdc4:	f04f 0350 	mov.w	r3, #80	@ 0x50
 800bdc8:	f383 8811 	msr	BASEPRI, r3
 800bdcc:	f3bf 8f6f 	isb	sy
 800bdd0:	f3bf 8f4f 	dsb	sy
 800bdd4:	e7fe      	b.n	800bdd4 <vPortValidateInterruptPriority+0x24>
		configuration then the correct setting can be achieved on all Cortex-M
		devices by calling NVIC_SetPriorityGrouping( 0 ); before starting the
		scheduler.  Note however that some vendor specific peripheral libraries
		assume a non-zero priority group setting, in which cases using a value
		of zero will result in unpredictable behaviour. */
		configASSERT( ( portAIRCR_REG & portPRIORITY_GROUP_MASK ) <= ulMaxPRIGROUPValue );
 800bdd6:	f04f 23e0 	mov.w	r3, #3758153728	@ 0xe000e000
 800bdda:	f8d3 3d0c 	ldr.w	r3, [r3, #3340]	@ 0xd0c
 800bdde:	f403 63e0 	and.w	r3, r3, #1792	@ 0x700
 800bde2:	4a09      	ldr	r2, [pc, #36]	@ (800be08 <vPortValidateInterruptPriority+0x58>)
 800bde4:	6812      	ldr	r2, [r2, #0]
 800bde6:	4293      	cmp	r3, r2
 800bde8:	d908      	bls.n	800bdfc <vPortValidateInterruptPriority+0x4c>
 800bdea:	f04f 0350 	mov.w	r3, #80	@ 0x50
 800bdee:	f383 8811 	msr	BASEPRI, r3
 800bdf2:	f3bf 8f6f 	isb	sy
 800bdf6:	f3bf 8f4f 	dsb	sy
 800bdfa:	e7fe      	b.n	800bdfa <vPortValidateInterruptPriority+0x4a>
	}
 800bdfc:	4770      	bx	lr
 800bdfe:	bf00      	nop
 800be00:	e000e3f0 	.word	0xe000e3f0
 800be04:	20003e68 	.word	0x20003e68
 800be08:	20003e64 	.word	0x20003e64

0800be0c <prvGetDisinheritPriorityAfterTimeout>:
/*-----------------------------------------------------------*/

#if( configUSE_MUTEXES == 1 )

	static UBaseType_t prvGetDisinheritPriorityAfterTimeout( const Queue_t * const pxQueue )
	{
 800be0c:	4603      	mov	r3, r0
		priority, but the waiting task times out, then the holder should
		disinherit the priority - but only down to the highest priority of any
		other tasks that are waiting for the same mutex.  For this purpose,
		return the priority of the highest priority task that is waiting for the
		mutex. */
		if( listCURRENT_LIST_LENGTH( &( pxQueue->xTasksWaitingToReceive ) ) > 0U )
 800be0e:	6a40      	ldr	r0, [r0, #36]	@ 0x24
 800be10:	b118      	cbz	r0, 800be1a <prvGetDisinheritPriorityAfterTimeout+0xe>
		{
			uxHighestPriorityOfWaitingTasks = ( UBaseType_t ) configMAX_PRIORITIES - ( UBaseType_t ) listGET_ITEM_VALUE_OF_HEAD_ENTRY( &( pxQueue->xTasksWaitingToReceive ) );
 800be12:	6b1b      	ldr	r3, [r3, #48]	@ 0x30
 800be14:	6818      	ldr	r0, [r3, #0]
 800be16:	f1c0 0038 	rsb	r0, r0, #56	@ 0x38
		{
			uxHighestPriorityOfWaitingTasks = tskIDLE_PRIORITY;
		}

		return uxHighestPriorityOfWaitingTasks;
	}
 800be1a:	4770      	bx	lr

0800be1c <prvIsQueueFull>:
	return xReturn;
} /*lint !e818 xQueue could not be pointer to const because it is a typedef. */
/*-----------------------------------------------------------*/

static BaseType_t prvIsQueueFull( const Queue_t *pxQueue )
{
 800be1c:	b510      	push	{r4, lr}
 800be1e:	4604      	mov	r4, r0
BaseType_t xReturn;

	taskENTER_CRITICAL();
 800be20:	f7ff fea0 	bl	800bb64 <vPortEnterCritical>
	{
		if( pxQueue->uxMessagesWaiting == pxQueue->uxLength )
 800be24:	6ba2      	ldr	r2, [r4, #56]	@ 0x38
 800be26:	6be3      	ldr	r3, [r4, #60]	@ 0x3c
 800be28:	429a      	cmp	r2, r3
 800be2a:	d004      	beq.n	800be36 <prvIsQueueFull+0x1a>
		{
			xReturn = pdTRUE;
		}
		else
		{
			xReturn = pdFALSE;
 800be2c:	2400      	movs	r4, #0
		}
	}
	taskEXIT_CRITICAL();
 800be2e:	f7ff febb 	bl	800bba8 <vPortExitCritical>

	return xReturn;
}
 800be32:	4620      	mov	r0, r4
 800be34:	bd10      	pop	{r4, pc}
			xReturn = pdTRUE;
 800be36:	2401      	movs	r4, #1
 800be38:	e7f9      	b.n	800be2e <prvIsQueueFull+0x12>

0800be3a <prvIsQueueEmpty>:
{
 800be3a:	b510      	push	{r4, lr}
 800be3c:	4604      	mov	r4, r0
	taskENTER_CRITICAL();
 800be3e:	f7ff fe91 	bl	800bb64 <vPortEnterCritical>
		if( pxQueue->uxMessagesWaiting == ( UBaseType_t )  0 )
 800be42:	6ba3      	ldr	r3, [r4, #56]	@ 0x38
 800be44:	b923      	cbnz	r3, 800be50 <prvIsQueueEmpty+0x16>
			xReturn = pdTRUE;
 800be46:	2401      	movs	r4, #1
	taskEXIT_CRITICAL();
 800be48:	f7ff feae 	bl	800bba8 <vPortExitCritical>
}
 800be4c:	4620      	mov	r0, r4
 800be4e:	bd10      	pop	{r4, pc}
			xReturn = pdFALSE;
 800be50:	2400      	movs	r4, #0
 800be52:	e7f9      	b.n	800be48 <prvIsQueueEmpty+0xe>

0800be54 <prvCopyDataToQueue>:
{
 800be54:	b570      	push	{r4, r5, r6, lr}
 800be56:	4604      	mov	r4, r0
 800be58:	4615      	mov	r5, r2
	uxMessagesWaiting = pxQueue->uxMessagesWaiting;
 800be5a:	6b86      	ldr	r6, [r0, #56]	@ 0x38
	if( pxQueue->uxItemSize == ( UBaseType_t ) 0 )
 800be5c:	6c02      	ldr	r2, [r0, #64]	@ 0x40
 800be5e:	b95a      	cbnz	r2, 800be78 <prvCopyDataToQueue+0x24>
			if( pxQueue->uxQueueType == queueQUEUE_IS_MUTEX )
 800be60:	6803      	ldr	r3, [r0, #0]
 800be62:	b11b      	cbz	r3, 800be6c <prvCopyDataToQueue+0x18>
BaseType_t xReturn = pdFALSE;
 800be64:	2000      	movs	r0, #0
	pxQueue->uxMessagesWaiting = uxMessagesWaiting + ( UBaseType_t ) 1;
 800be66:	3601      	adds	r6, #1
 800be68:	63a6      	str	r6, [r4, #56]	@ 0x38
}
 800be6a:	bd70      	pop	{r4, r5, r6, pc}
				xReturn = xTaskPriorityDisinherit( pxQueue->u.xSemaphore.xMutexHolder );
 800be6c:	6880      	ldr	r0, [r0, #8]
 800be6e:	f005 f839 	bl	8010ee4 <xTaskPriorityDisinherit>
				pxQueue->u.xSemaphore.xMutexHolder = NULL;
 800be72:	2300      	movs	r3, #0
 800be74:	60a3      	str	r3, [r4, #8]
 800be76:	e7f6      	b.n	800be66 <prvCopyDataToQueue+0x12>
	else if( xPosition == queueSEND_TO_BACK )
 800be78:	b96d      	cbnz	r5, 800be96 <prvCopyDataToQueue+0x42>
		( void ) memcpy( ( void * ) pxQueue->pcWriteTo, pvItemToQueue, ( size_t ) pxQueue->uxItemSize ); /*lint !e961 !e418 !e9087 MISRA exception as the casts are only redundant for some ports, plus previous logic ensures a null pointer can only be passed to memcpy() if the copy size is 0.  Cast to void required by function signature and safe as no alignment requirement and copy length specified in bytes. */
 800be7a:	6840      	ldr	r0, [r0, #4]
 800be7c:	f005 fb5e 	bl	801153c <memcpy>
		pxQueue->pcWriteTo += pxQueue->uxItemSize; /*lint !e9016 Pointer arithmetic on char types ok, especially in this use case where it is the clearest way of conveying intent. */
 800be80:	6863      	ldr	r3, [r4, #4]
 800be82:	6c22      	ldr	r2, [r4, #64]	@ 0x40
 800be84:	4413      	add	r3, r2
 800be86:	6063      	str	r3, [r4, #4]
		if( pxQueue->pcWriteTo >= pxQueue->u.xQueue.pcTail ) /*lint !e946 MISRA exception justified as comparison of pointers is the cleanest solution. */
 800be88:	68a2      	ldr	r2, [r4, #8]
 800be8a:	4293      	cmp	r3, r2
 800be8c:	d319      	bcc.n	800bec2 <prvCopyDataToQueue+0x6e>
			pxQueue->pcWriteTo = pxQueue->pcHead;
 800be8e:	6823      	ldr	r3, [r4, #0]
 800be90:	6063      	str	r3, [r4, #4]
BaseType_t xReturn = pdFALSE;
 800be92:	4628      	mov	r0, r5
 800be94:	e7e7      	b.n	800be66 <prvCopyDataToQueue+0x12>
		( void ) memcpy( ( void * ) pxQueue->u.xQueue.pcReadFrom, pvItemToQueue, ( size_t ) pxQueue->uxItemSize ); /*lint !e961 !e9087 !e418 MISRA exception as the casts are only redundant for some ports.  Cast to void required by function signature and safe as no alignment requirement and copy length specified in bytes.  Assert checks null pointer only used when length is 0. */
 800be96:	68c0      	ldr	r0, [r0, #12]
 800be98:	f005 fb50 	bl	801153c <memcpy>
		pxQueue->u.xQueue.pcReadFrom -= pxQueue->uxItemSize;
 800be9c:	68e3      	ldr	r3, [r4, #12]
 800be9e:	6c22      	ldr	r2, [r4, #64]	@ 0x40
 800bea0:	4251      	negs	r1, r2
 800bea2:	1a9b      	subs	r3, r3, r2
 800bea4:	60e3      	str	r3, [r4, #12]
		if( pxQueue->u.xQueue.pcReadFrom < pxQueue->pcHead ) /*lint !e946 MISRA exception justified as comparison of pointers is the cleanest solution. */
 800bea6:	6822      	ldr	r2, [r4, #0]
 800bea8:	4293      	cmp	r3, r2
 800beaa:	d202      	bcs.n	800beb2 <prvCopyDataToQueue+0x5e>
			pxQueue->u.xQueue.pcReadFrom = ( pxQueue->u.xQueue.pcTail - pxQueue->uxItemSize );
 800beac:	68a3      	ldr	r3, [r4, #8]
 800beae:	440b      	add	r3, r1
 800beb0:	60e3      	str	r3, [r4, #12]
		if( xPosition == queueOVERWRITE )
 800beb2:	2d02      	cmp	r5, #2
 800beb4:	d001      	beq.n	800beba <prvCopyDataToQueue+0x66>
BaseType_t xReturn = pdFALSE;
 800beb6:	2000      	movs	r0, #0
 800beb8:	e7d5      	b.n	800be66 <prvCopyDataToQueue+0x12>
			if( uxMessagesWaiting > ( UBaseType_t ) 0 )
 800beba:	b126      	cbz	r6, 800bec6 <prvCopyDataToQueue+0x72>
				--uxMessagesWaiting;
 800bebc:	3e01      	subs	r6, #1
BaseType_t xReturn = pdFALSE;
 800bebe:	2000      	movs	r0, #0
 800bec0:	e7d1      	b.n	800be66 <prvCopyDataToQueue+0x12>
 800bec2:	4628      	mov	r0, r5
 800bec4:	e7cf      	b.n	800be66 <prvCopyDataToQueue+0x12>
 800bec6:	2000      	movs	r0, #0
 800bec8:	e7cd      	b.n	800be66 <prvCopyDataToQueue+0x12>

0800beca <prvCopyDataFromQueue>:
{
 800beca:	4603      	mov	r3, r0
	if( pxQueue->uxItemSize != ( UBaseType_t ) 0 )
 800becc:	6c02      	ldr	r2, [r0, #64]	@ 0x40
 800bece:	b16a      	cbz	r2, 800beec <prvCopyDataFromQueue+0x22>
{
 800bed0:	b510      	push	{r4, lr}
 800bed2:	4608      	mov	r0, r1
		pxQueue->u.xQueue.pcReadFrom += pxQueue->uxItemSize; /*lint !e9016 Pointer arithmetic on char types ok, especially in this use case where it is the clearest way of conveying intent. */
 800bed4:	68d9      	ldr	r1, [r3, #12]
 800bed6:	4411      	add	r1, r2
 800bed8:	60d9      	str	r1, [r3, #12]
		if( pxQueue->u.xQueue.pcReadFrom >= pxQueue->u.xQueue.pcTail ) /*lint !e946 MISRA exception justified as use of the relational operator is the cleanest solutions. */
 800beda:	689c      	ldr	r4, [r3, #8]
 800bedc:	42a1      	cmp	r1, r4
 800bede:	d301      	bcc.n	800bee4 <prvCopyDataFromQueue+0x1a>
			pxQueue->u.xQueue.pcReadFrom = pxQueue->pcHead;
 800bee0:	6819      	ldr	r1, [r3, #0]
 800bee2:	60d9      	str	r1, [r3, #12]
		( void ) memcpy( ( void * ) pvBuffer, ( void * ) pxQueue->u.xQueue.pcReadFrom, ( size_t ) pxQueue->uxItemSize ); /*lint !e961 !e418 !e9087 MISRA exception as the casts are only redundant for some ports.  Also previous logic ensures a null pointer can only be passed to memcpy() when the count is 0.  Cast to void required by function signature and safe as no alignment requirement and copy length specified in bytes. */
 800bee4:	68d9      	ldr	r1, [r3, #12]
 800bee6:	f005 fb29 	bl	801153c <memcpy>
}
 800beea:	bd10      	pop	{r4, pc}
 800beec:	4770      	bx	lr

0800beee <prvUnlockQueue>:
{
 800beee:	b538      	push	{r3, r4, r5, lr}
 800bef0:	4605      	mov	r5, r0
	taskENTER_CRITICAL();
 800bef2:	f7ff fe37 	bl	800bb64 <vPortEnterCritical>
		int8_t cTxLock = pxQueue->cTxLock;
 800bef6:	f895 4045 	ldrb.w	r4, [r5, #69]	@ 0x45
 800befa:	b264      	sxtb	r4, r4
		while( cTxLock > queueLOCKED_UNMODIFIED )
 800befc:	e001      	b.n	800bf02 <prvUnlockQueue+0x14>
			--cTxLock;
 800befe:	3c01      	subs	r4, #1
 800bf00:	b264      	sxtb	r4, r4
		while( cTxLock > queueLOCKED_UNMODIFIED )
 800bf02:	2c00      	cmp	r4, #0
 800bf04:	dd0a      	ble.n	800bf1c <prvUnlockQueue+0x2e>
				if( listLIST_IS_EMPTY( &( pxQueue->xTasksWaitingToReceive ) ) == pdFALSE )
 800bf06:	6a6b      	ldr	r3, [r5, #36]	@ 0x24
 800bf08:	b143      	cbz	r3, 800bf1c <prvUnlockQueue+0x2e>
					if( xTaskRemoveFromEventList( &( pxQueue->xTasksWaitingToReceive ) ) != pdFALSE )
 800bf0a:	f105 0024 	add.w	r0, r5, #36	@ 0x24
 800bf0e:	f004 feeb 	bl	8010ce8 <xTaskRemoveFromEventList>
 800bf12:	2800      	cmp	r0, #0
 800bf14:	d0f3      	beq.n	800befe <prvUnlockQueue+0x10>
						vTaskMissedYield();
 800bf16:	f004 ff7d 	bl	8010e14 <vTaskMissedYield>
 800bf1a:	e7f0      	b.n	800befe <prvUnlockQueue+0x10>
		pxQueue->cTxLock = queueUNLOCKED;
 800bf1c:	23ff      	movs	r3, #255	@ 0xff
 800bf1e:	f885 3045 	strb.w	r3, [r5, #69]	@ 0x45
	taskEXIT_CRITICAL();
 800bf22:	f7ff fe41 	bl	800bba8 <vPortExitCritical>
	taskENTER_CRITICAL();
 800bf26:	f7ff fe1d 	bl	800bb64 <vPortEnterCritical>
		int8_t cRxLock = pxQueue->cRxLock;
 800bf2a:	f895 4044 	ldrb.w	r4, [r5, #68]	@ 0x44
 800bf2e:	b264      	sxtb	r4, r4
		while( cRxLock > queueLOCKED_UNMODIFIED )
 800bf30:	e001      	b.n	800bf36 <prvUnlockQueue+0x48>
				--cRxLock;
 800bf32:	3c01      	subs	r4, #1
 800bf34:	b264      	sxtb	r4, r4
		while( cRxLock > queueLOCKED_UNMODIFIED )
 800bf36:	2c00      	cmp	r4, #0
 800bf38:	dd0a      	ble.n	800bf50 <prvUnlockQueue+0x62>
			if( listLIST_IS_EMPTY( &( pxQueue->xTasksWaitingToSend ) ) == pdFALSE )
 800bf3a:	692b      	ldr	r3, [r5, #16]
 800bf3c:	b143      	cbz	r3, 800bf50 <prvUnlockQueue+0x62>
				if( xTaskRemoveFromEventList( &( pxQueue->xTasksWaitingToSend ) ) != pdFALSE )
 800bf3e:	f105 0010 	add.w	r0, r5, #16
 800bf42:	f004 fed1 	bl	8010ce8 <xTaskRemoveFromEventList>
 800bf46:	2800      	cmp	r0, #0
 800bf48:	d0f3      	beq.n	800bf32 <prvUnlockQueue+0x44>
					vTaskMissedYield();
 800bf4a:	f004 ff63 	bl	8010e14 <vTaskMissedYield>
 800bf4e:	e7f0      	b.n	800bf32 <prvUnlockQueue+0x44>
		pxQueue->cRxLock = queueUNLOCKED;
 800bf50:	23ff      	movs	r3, #255	@ 0xff
 800bf52:	f885 3044 	strb.w	r3, [r5, #68]	@ 0x44
	taskEXIT_CRITICAL();
 800bf56:	f7ff fe27 	bl	800bba8 <vPortExitCritical>
}
 800bf5a:	bd38      	pop	{r3, r4, r5, pc}

0800bf5c <xQueueGenericReset>:
{
 800bf5c:	b538      	push	{r3, r4, r5, lr}
	configASSERT( pxQueue );
 800bf5e:	b1e0      	cbz	r0, 800bf9a <xQueueGenericReset+0x3e>
 800bf60:	460d      	mov	r5, r1
 800bf62:	4604      	mov	r4, r0
	taskENTER_CRITICAL();
 800bf64:	f7ff fdfe 	bl	800bb64 <vPortEnterCritical>
		pxQueue->u.xQueue.pcTail = pxQueue->pcHead + ( pxQueue->uxLength * pxQueue->uxItemSize ); /*lint !e9016 Pointer arithmetic allowed on char types, especially when it assists conveying intent. */
 800bf68:	6823      	ldr	r3, [r4, #0]
 800bf6a:	6be2      	ldr	r2, [r4, #60]	@ 0x3c
 800bf6c:	6c21      	ldr	r1, [r4, #64]	@ 0x40
 800bf6e:	fb01 3002 	mla	r0, r1, r2, r3
 800bf72:	60a0      	str	r0, [r4, #8]
		pxQueue->uxMessagesWaiting = ( UBaseType_t ) 0U;
 800bf74:	2000      	movs	r0, #0
 800bf76:	63a0      	str	r0, [r4, #56]	@ 0x38
		pxQueue->pcWriteTo = pxQueue->pcHead;
 800bf78:	6063      	str	r3, [r4, #4]
		pxQueue->u.xQueue.pcReadFrom = pxQueue->pcHead + ( ( pxQueue->uxLength - 1U ) * pxQueue->uxItemSize ); /*lint !e9016 Pointer arithmetic allowed on char types, especially when it assists conveying intent. */
 800bf7a:	3a01      	subs	r2, #1
 800bf7c:	fb02 3301 	mla	r3, r2, r1, r3
 800bf80:	60e3      	str	r3, [r4, #12]
		pxQueue->cRxLock = queueUNLOCKED;
 800bf82:	23ff      	movs	r3, #255	@ 0xff
 800bf84:	f884 3044 	strb.w	r3, [r4, #68]	@ 0x44
		pxQueue->cTxLock = queueUNLOCKED;
 800bf88:	f884 3045 	strb.w	r3, [r4, #69]	@ 0x45
		if( xNewQueue == pdFALSE )
 800bf8c:	b9fd      	cbnz	r5, 800bfce <xQueueGenericReset+0x72>
			if( listLIST_IS_EMPTY( &( pxQueue->xTasksWaitingToSend ) ) == pdFALSE )
 800bf8e:	6923      	ldr	r3, [r4, #16]
 800bf90:	b963      	cbnz	r3, 800bfac <xQueueGenericReset+0x50>
	taskEXIT_CRITICAL();
 800bf92:	f7ff fe09 	bl	800bba8 <vPortExitCritical>
}
 800bf96:	2001      	movs	r0, #1
 800bf98:	bd38      	pop	{r3, r4, r5, pc}
 800bf9a:	f04f 0350 	mov.w	r3, #80	@ 0x50
 800bf9e:	f383 8811 	msr	BASEPRI, r3
 800bfa2:	f3bf 8f6f 	isb	sy
 800bfa6:	f3bf 8f4f 	dsb	sy
	configASSERT( pxQueue );
 800bfaa:	e7fe      	b.n	800bfaa <xQueueGenericReset+0x4e>
				if( xTaskRemoveFromEventList( &( pxQueue->xTasksWaitingToSend ) ) != pdFALSE )
 800bfac:	f104 0010 	add.w	r0, r4, #16
 800bfb0:	f004 fe9a 	bl	8010ce8 <xTaskRemoveFromEventList>
 800bfb4:	2800      	cmp	r0, #0
 800bfb6:	d0ec      	beq.n	800bf92 <xQueueGenericReset+0x36>
					queueYIELD_IF_USING_PREEMPTION();
 800bfb8:	f04f 23e0 	mov.w	r3, #3758153728	@ 0xe000e000
 800bfbc:	f04f 5280 	mov.w	r2, #268435456	@ 0x10000000
 800bfc0:	f8c3 2d04 	str.w	r2, [r3, #3332]	@ 0xd04
 800bfc4:	f3bf 8f4f 	dsb	sy
 800bfc8:	f3bf 8f6f 	isb	sy
 800bfcc:	e7e1      	b.n	800bf92 <xQueueGenericReset+0x36>
			vListInitialise( &( pxQueue->xTasksWaitingToSend ) );
 800bfce:	f104 0010 	add.w	r0, r4, #16
 800bfd2:	f7ff fa9b 	bl	800b50c <vListInitialise>
			vListInitialise( &( pxQueue->xTasksWaitingToReceive ) );
 800bfd6:	f104 0024 	add.w	r0, r4, #36	@ 0x24
 800bfda:	f7ff fa97 	bl	800b50c <vListInitialise>
 800bfde:	e7d8      	b.n	800bf92 <xQueueGenericReset+0x36>

0800bfe0 <prvInitialiseNewQueue>:
{
 800bfe0:	b538      	push	{r3, r4, r5, lr}
 800bfe2:	461d      	mov	r5, r3
 800bfe4:	9c04      	ldr	r4, [sp, #16]
	if( uxItemSize == ( UBaseType_t ) 0 )
 800bfe6:	460b      	mov	r3, r1
 800bfe8:	b949      	cbnz	r1, 800bffe <prvInitialiseNewQueue+0x1e>
		pxNewQueue->pcHead = ( int8_t * ) pxNewQueue;
 800bfea:	6024      	str	r4, [r4, #0]
	pxNewQueue->uxLength = uxQueueLength;
 800bfec:	63e0      	str	r0, [r4, #60]	@ 0x3c
	pxNewQueue->uxItemSize = uxItemSize;
 800bfee:	6423      	str	r3, [r4, #64]	@ 0x40
	( void ) xQueueGenericReset( pxNewQueue, pdTRUE );
 800bff0:	2101      	movs	r1, #1
 800bff2:	4620      	mov	r0, r4
 800bff4:	f7ff ffb2 	bl	800bf5c <xQueueGenericReset>
		pxNewQueue->ucQueueType = ucQueueType;
 800bff8:	f884 504c 	strb.w	r5, [r4, #76]	@ 0x4c
}
 800bffc:	bd38      	pop	{r3, r4, r5, pc}
		pxNewQueue->pcHead = ( int8_t * ) pucQueueStorage;
 800bffe:	6022      	str	r2, [r4, #0]
 800c000:	e7f4      	b.n	800bfec <prvInitialiseNewQueue+0xc>

0800c002 <xQueueGenericCreateStatic>:
		configASSERT( uxQueueLength > ( UBaseType_t ) 0 );
 800c002:	b940      	cbnz	r0, 800c016 <xQueueGenericCreateStatic+0x14>
 800c004:	f04f 0350 	mov.w	r3, #80	@ 0x50
 800c008:	f383 8811 	msr	BASEPRI, r3
 800c00c:	f3bf 8f6f 	isb	sy
 800c010:	f3bf 8f4f 	dsb	sy
 800c014:	e7fe      	b.n	800c014 <xQueueGenericCreateStatic+0x12>
	{
 800c016:	b510      	push	{r4, lr}
 800c018:	b084      	sub	sp, #16
 800c01a:	461c      	mov	r4, r3
 800c01c:	4684      	mov	ip, r0
		configASSERT( pxStaticQueue != NULL );
 800c01e:	b153      	cbz	r3, 800c036 <xQueueGenericCreateStatic+0x34>
		configASSERT( !( ( pucQueueStorage != NULL ) && ( uxItemSize == 0 ) ) );
 800c020:	b192      	cbz	r2, 800c048 <xQueueGenericCreateStatic+0x46>
 800c022:	b989      	cbnz	r1, 800c048 <xQueueGenericCreateStatic+0x46>
 800c024:	f04f 0350 	mov.w	r3, #80	@ 0x50
 800c028:	f383 8811 	msr	BASEPRI, r3
 800c02c:	f3bf 8f6f 	isb	sy
 800c030:	f3bf 8f4f 	dsb	sy
 800c034:	e7fe      	b.n	800c034 <xQueueGenericCreateStatic+0x32>
 800c036:	f04f 0350 	mov.w	r3, #80	@ 0x50
 800c03a:	f383 8811 	msr	BASEPRI, r3
 800c03e:	f3bf 8f6f 	isb	sy
 800c042:	f3bf 8f4f 	dsb	sy
		configASSERT( pxStaticQueue != NULL );
 800c046:	e7fe      	b.n	800c046 <xQueueGenericCreateStatic+0x44>
		configASSERT( !( ( pucQueueStorage == NULL ) && ( uxItemSize != 0 ) ) );
 800c048:	b16a      	cbz	r2, 800c066 <xQueueGenericCreateStatic+0x64>
			volatile size_t xSize = sizeof( StaticQueue_t );
 800c04a:	2350      	movs	r3, #80	@ 0x50
 800c04c:	9303      	str	r3, [sp, #12]
			configASSERT( xSize == sizeof( Queue_t ) );
 800c04e:	9b03      	ldr	r3, [sp, #12]
 800c050:	2b50      	cmp	r3, #80	@ 0x50
 800c052:	d013      	beq.n	800c07c <xQueueGenericCreateStatic+0x7a>
 800c054:	f04f 0350 	mov.w	r3, #80	@ 0x50
 800c058:	f383 8811 	msr	BASEPRI, r3
 800c05c:	f3bf 8f6f 	isb	sy
 800c060:	f3bf 8f4f 	dsb	sy
 800c064:	e7fe      	b.n	800c064 <xQueueGenericCreateStatic+0x62>
		configASSERT( !( ( pucQueueStorage == NULL ) && ( uxItemSize != 0 ) ) );
 800c066:	2900      	cmp	r1, #0
 800c068:	d0ef      	beq.n	800c04a <xQueueGenericCreateStatic+0x48>
 800c06a:	f04f 0350 	mov.w	r3, #80	@ 0x50
 800c06e:	f383 8811 	msr	BASEPRI, r3
 800c072:	f3bf 8f6f 	isb	sy
 800c076:	f3bf 8f4f 	dsb	sy
 800c07a:	e7fe      	b.n	800c07a <xQueueGenericCreateStatic+0x78>
			( void ) xSize; /* Keeps lint quiet when configASSERT() is not defined. */
 800c07c:	9b03      	ldr	r3, [sp, #12]
				pxNewQueue->ucStaticallyAllocated = pdTRUE;
 800c07e:	2301      	movs	r3, #1
 800c080:	f884 3046 	strb.w	r3, [r4, #70]	@ 0x46
			prvInitialiseNewQueue( uxQueueLength, uxItemSize, pucQueueStorage, ucQueueType, pxNewQueue );
 800c084:	9400      	str	r4, [sp, #0]
 800c086:	f89d 3018 	ldrb.w	r3, [sp, #24]
 800c08a:	4660      	mov	r0, ip
 800c08c:	f7ff ffa8 	bl	800bfe0 <prvInitialiseNewQueue>
	}
 800c090:	4620      	mov	r0, r4
 800c092:	b004      	add	sp, #16
 800c094:	bd10      	pop	{r4, pc}

0800c096 <xQueueGenericCreate>:
		configASSERT( uxQueueLength > ( UBaseType_t ) 0 );
 800c096:	b940      	cbnz	r0, 800c0aa <xQueueGenericCreate+0x14>
 800c098:	f04f 0350 	mov.w	r3, #80	@ 0x50
 800c09c:	f383 8811 	msr	BASEPRI, r3
 800c0a0:	f3bf 8f6f 	isb	sy
 800c0a4:	f3bf 8f4f 	dsb	sy
 800c0a8:	e7fe      	b.n	800c0a8 <xQueueGenericCreate+0x12>
	{
 800c0aa:	b5f0      	push	{r4, r5, r6, r7, lr}
 800c0ac:	b083      	sub	sp, #12
 800c0ae:	460d      	mov	r5, r1
 800c0b0:	4614      	mov	r4, r2
 800c0b2:	4606      	mov	r6, r0
		xQueueSizeInBytes = ( size_t ) ( uxQueueLength * uxItemSize ); /*lint !e961 MISRA exception as the casts are only redundant for some ports. */
 800c0b4:	fb01 f000 	mul.w	r0, r1, r0
		pxNewQueue = ( Queue_t * ) pvPortMalloc( sizeof( Queue_t ) + xQueueSizeInBytes ); /*lint !e9087 !e9079 see comment above. */
 800c0b8:	3050      	adds	r0, #80	@ 0x50
 800c0ba:	f7ff f951 	bl	800b360 <pvPortMalloc>
		if( pxNewQueue != NULL )
 800c0be:	4607      	mov	r7, r0
 800c0c0:	b150      	cbz	r0, 800c0d8 <xQueueGenericCreate+0x42>
				pxNewQueue->ucStaticallyAllocated = pdFALSE;
 800c0c2:	2300      	movs	r3, #0
 800c0c4:	f880 3046 	strb.w	r3, [r0, #70]	@ 0x46
			prvInitialiseNewQueue( uxQueueLength, uxItemSize, pucQueueStorage, ucQueueType, pxNewQueue );
 800c0c8:	9000      	str	r0, [sp, #0]
 800c0ca:	4623      	mov	r3, r4
 800c0cc:	f100 0250 	add.w	r2, r0, #80	@ 0x50
 800c0d0:	4629      	mov	r1, r5
 800c0d2:	4630      	mov	r0, r6
 800c0d4:	f7ff ff84 	bl	800bfe0 <prvInitialiseNewQueue>
	}
 800c0d8:	4638      	mov	r0, r7
 800c0da:	b003      	add	sp, #12
 800c0dc:	bdf0      	pop	{r4, r5, r6, r7, pc}

0800c0de <xQueueCreateCountingSemaphoreStatic>:
		configASSERT( uxMaxCount != 0 );
 800c0de:	b940      	cbnz	r0, 800c0f2 <xQueueCreateCountingSemaphoreStatic+0x14>
 800c0e0:	f04f 0350 	mov.w	r3, #80	@ 0x50
 800c0e4:	f383 8811 	msr	BASEPRI, r3
 800c0e8:	f3bf 8f6f 	isb	sy
 800c0ec:	f3bf 8f4f 	dsb	sy
 800c0f0:	e7fe      	b.n	800c0f0 <xQueueCreateCountingSemaphoreStatic+0x12>
	{
 800c0f2:	b510      	push	{r4, lr}
 800c0f4:	b082      	sub	sp, #8
 800c0f6:	460c      	mov	r4, r1
		configASSERT( uxInitialCount <= uxMaxCount );
 800c0f8:	4288      	cmp	r0, r1
 800c0fa:	d208      	bcs.n	800c10e <xQueueCreateCountingSemaphoreStatic+0x30>
 800c0fc:	f04f 0350 	mov.w	r3, #80	@ 0x50
 800c100:	f383 8811 	msr	BASEPRI, r3
 800c104:	f3bf 8f6f 	isb	sy
 800c108:	f3bf 8f4f 	dsb	sy
 800c10c:	e7fe      	b.n	800c10c <xQueueCreateCountingSemaphoreStatic+0x2e>
		xHandle = xQueueGenericCreateStatic( uxMaxCount, queueSEMAPHORE_QUEUE_ITEM_LENGTH, NULL, pxStaticQueue, queueQUEUE_TYPE_COUNTING_SEMAPHORE );
 800c10e:	2302      	movs	r3, #2
 800c110:	9300      	str	r3, [sp, #0]
 800c112:	4613      	mov	r3, r2
 800c114:	2200      	movs	r2, #0
 800c116:	4611      	mov	r1, r2
 800c118:	f7ff ff73 	bl	800c002 <xQueueGenericCreateStatic>
		if( xHandle != NULL )
 800c11c:	b100      	cbz	r0, 800c120 <xQueueCreateCountingSemaphoreStatic+0x42>
			( ( Queue_t * ) xHandle )->uxMessagesWaiting = uxInitialCount;
 800c11e:	6384      	str	r4, [r0, #56]	@ 0x38
	}
 800c120:	b002      	add	sp, #8
 800c122:	bd10      	pop	{r4, pc}

0800c124 <xQueueCreateCountingSemaphore>:
		configASSERT( uxMaxCount != 0 );
 800c124:	b940      	cbnz	r0, 800c138 <xQueueCreateCountingSemaphore+0x14>
 800c126:	f04f 0350 	mov.w	r3, #80	@ 0x50
 800c12a:	f383 8811 	msr	BASEPRI, r3
 800c12e:	f3bf 8f6f 	isb	sy
 800c132:	f3bf 8f4f 	dsb	sy
 800c136:	e7fe      	b.n	800c136 <xQueueCreateCountingSemaphore+0x12>
	{
 800c138:	b510      	push	{r4, lr}
 800c13a:	460c      	mov	r4, r1
		configASSERT( uxInitialCount <= uxMaxCount );
 800c13c:	4288      	cmp	r0, r1
 800c13e:	d208      	bcs.n	800c152 <xQueueCreateCountingSemaphore+0x2e>
 800c140:	f04f 0350 	mov.w	r3, #80	@ 0x50
 800c144:	f383 8811 	msr	BASEPRI, r3
 800c148:	f3bf 8f6f 	isb	sy
 800c14c:	f3bf 8f4f 	dsb	sy
 800c150:	e7fe      	b.n	800c150 <xQueueCreateCountingSemaphore+0x2c>
		xHandle = xQueueGenericCreate( uxMaxCount, queueSEMAPHORE_QUEUE_ITEM_LENGTH, queueQUEUE_TYPE_COUNTING_SEMAPHORE );
 800c152:	2202      	movs	r2, #2
 800c154:	2100      	movs	r1, #0
 800c156:	f7ff ff9e 	bl	800c096 <xQueueGenericCreate>
		if( xHandle != NULL )
 800c15a:	b100      	cbz	r0, 800c15e <xQueueCreateCountingSemaphore+0x3a>
			( ( Queue_t * ) xHandle )->uxMessagesWaiting = uxInitialCount;
 800c15c:	6384      	str	r4, [r0, #56]	@ 0x38
	}
 800c15e:	bd10      	pop	{r4, pc}

0800c160 <xQueueGenericSend>:
{
 800c160:	b5f0      	push	{r4, r5, r6, r7, lr}
 800c162:	b085      	sub	sp, #20
 800c164:	9201      	str	r2, [sp, #4]
	configASSERT( pxQueue );
 800c166:	b188      	cbz	r0, 800c18c <xQueueGenericSend+0x2c>
 800c168:	460f      	mov	r7, r1
 800c16a:	461d      	mov	r5, r3
 800c16c:	4604      	mov	r4, r0
	configASSERT( !( ( pvItemToQueue == NULL ) && ( pxQueue->uxItemSize != ( UBaseType_t ) 0U ) ) );
 800c16e:	b1b1      	cbz	r1, 800c19e <xQueueGenericSend+0x3e>
	configASSERT( !( ( xCopyPosition == queueOVERWRITE ) && ( pxQueue->uxLength != 1 ) ) );
 800c170:	2d02      	cmp	r5, #2
 800c172:	d120      	bne.n	800c1b6 <xQueueGenericSend+0x56>
 800c174:	6be3      	ldr	r3, [r4, #60]	@ 0x3c
 800c176:	2b01      	cmp	r3, #1
 800c178:	d01d      	beq.n	800c1b6 <xQueueGenericSend+0x56>
 800c17a:	f04f 0350 	mov.w	r3, #80	@ 0x50
 800c17e:	f383 8811 	msr	BASEPRI, r3
 800c182:	f3bf 8f6f 	isb	sy
 800c186:	f3bf 8f4f 	dsb	sy
 800c18a:	e7fe      	b.n	800c18a <xQueueGenericSend+0x2a>
 800c18c:	f04f 0350 	mov.w	r3, #80	@ 0x50
 800c190:	f383 8811 	msr	BASEPRI, r3
 800c194:	f3bf 8f6f 	isb	sy
 800c198:	f3bf 8f4f 	dsb	sy
	configASSERT( pxQueue );
 800c19c:	e7fe      	b.n	800c19c <xQueueGenericSend+0x3c>
	configASSERT( !( ( pvItemToQueue == NULL ) && ( pxQueue->uxItemSize != ( UBaseType_t ) 0U ) ) );
 800c19e:	6c03      	ldr	r3, [r0, #64]	@ 0x40
 800c1a0:	2b00      	cmp	r3, #0
 800c1a2:	d0e5      	beq.n	800c170 <xQueueGenericSend+0x10>
 800c1a4:	f04f 0350 	mov.w	r3, #80	@ 0x50
 800c1a8:	f383 8811 	msr	BASEPRI, r3
 800c1ac:	f3bf 8f6f 	isb	sy
 800c1b0:	f3bf 8f4f 	dsb	sy
 800c1b4:	e7fe      	b.n	800c1b4 <xQueueGenericSend+0x54>
		configASSERT( !( ( xTaskGetSchedulerState() == taskSCHEDULER_SUSPENDED ) && ( xTicksToWait != 0 ) ) );
 800c1b6:	f004 fe39 	bl	8010e2c <xTaskGetSchedulerState>
 800c1ba:	4606      	mov	r6, r0
 800c1bc:	b958      	cbnz	r0, 800c1d6 <xQueueGenericSend+0x76>
 800c1be:	9b01      	ldr	r3, [sp, #4]
 800c1c0:	2b00      	cmp	r3, #0
 800c1c2:	d048      	beq.n	800c256 <xQueueGenericSend+0xf6>
 800c1c4:	f04f 0350 	mov.w	r3, #80	@ 0x50
 800c1c8:	f383 8811 	msr	BASEPRI, r3
 800c1cc:	f3bf 8f6f 	isb	sy
 800c1d0:	f3bf 8f4f 	dsb	sy
 800c1d4:	e7fe      	b.n	800c1d4 <xQueueGenericSend+0x74>
 800c1d6:	2600      	movs	r6, #0
 800c1d8:	e03d      	b.n	800c256 <xQueueGenericSend+0xf6>
					xYieldRequired = prvCopyDataToQueue( pxQueue, pvItemToQueue, xCopyPosition );
 800c1da:	462a      	mov	r2, r5
 800c1dc:	4639      	mov	r1, r7
 800c1de:	4620      	mov	r0, r4
 800c1e0:	f7ff fe38 	bl	800be54 <prvCopyDataToQueue>
					if( listLIST_IS_EMPTY( &( pxQueue->xTasksWaitingToReceive ) ) == pdFALSE )
 800c1e4:	6a63      	ldr	r3, [r4, #36]	@ 0x24
 800c1e6:	b97b      	cbnz	r3, 800c208 <xQueueGenericSend+0xa8>
					else if( xYieldRequired != pdFALSE )
 800c1e8:	b148      	cbz	r0, 800c1fe <xQueueGenericSend+0x9e>
						queueYIELD_IF_USING_PREEMPTION();
 800c1ea:	f04f 23e0 	mov.w	r3, #3758153728	@ 0xe000e000
 800c1ee:	f04f 5280 	mov.w	r2, #268435456	@ 0x10000000
 800c1f2:	f8c3 2d04 	str.w	r2, [r3, #3332]	@ 0xd04
 800c1f6:	f3bf 8f4f 	dsb	sy
 800c1fa:	f3bf 8f6f 	isb	sy
				taskEXIT_CRITICAL();
 800c1fe:	f7ff fcd3 	bl	800bba8 <vPortExitCritical>
				return pdPASS;
 800c202:	2001      	movs	r0, #1
}
 800c204:	b005      	add	sp, #20
 800c206:	bdf0      	pop	{r4, r5, r6, r7, pc}
						if( xTaskRemoveFromEventList( &( pxQueue->xTasksWaitingToReceive ) ) != pdFALSE )
 800c208:	f104 0024 	add.w	r0, r4, #36	@ 0x24
 800c20c:	f004 fd6c 	bl	8010ce8 <xTaskRemoveFromEventList>
 800c210:	2800      	cmp	r0, #0
 800c212:	d0f4      	beq.n	800c1fe <xQueueGenericSend+0x9e>
							queueYIELD_IF_USING_PREEMPTION();
 800c214:	f04f 23e0 	mov.w	r3, #3758153728	@ 0xe000e000
 800c218:	f04f 5280 	mov.w	r2, #268435456	@ 0x10000000
 800c21c:	f8c3 2d04 	str.w	r2, [r3, #3332]	@ 0xd04
 800c220:	f3bf 8f4f 	dsb	sy
 800c224:	f3bf 8f6f 	isb	sy
 800c228:	e7e9      	b.n	800c1fe <xQueueGenericSend+0x9e>
					taskEXIT_CRITICAL();
 800c22a:	f7ff fcbd 	bl	800bba8 <vPortExitCritical>
					return errQUEUE_FULL;
 800c22e:	2000      	movs	r0, #0
 800c230:	e7e8      	b.n	800c204 <xQueueGenericSend+0xa4>
					vTaskInternalSetTimeOutState( &xTimeOut );
 800c232:	a802      	add	r0, sp, #8
 800c234:	f004 fd9e 	bl	8010d74 <vTaskInternalSetTimeOutState>
					xEntryTimeSet = pdTRUE;
 800c238:	2601      	movs	r6, #1
 800c23a:	e019      	b.n	800c270 <xQueueGenericSend+0x110>
		prvLockQueue( pxQueue );
 800c23c:	2300      	movs	r3, #0
 800c23e:	f884 3044 	strb.w	r3, [r4, #68]	@ 0x44
 800c242:	e021      	b.n	800c288 <xQueueGenericSend+0x128>
 800c244:	2300      	movs	r3, #0
 800c246:	f884 3045 	strb.w	r3, [r4, #69]	@ 0x45
 800c24a:	e023      	b.n	800c294 <xQueueGenericSend+0x134>
				prvUnlockQueue( pxQueue );
 800c24c:	4620      	mov	r0, r4
 800c24e:	f7ff fe4e 	bl	800beee <prvUnlockQueue>
				( void ) xTaskResumeAll();
 800c252:	f004 fc27 	bl	8010aa4 <xTaskResumeAll>
		taskENTER_CRITICAL();
 800c256:	f7ff fc85 	bl	800bb64 <vPortEnterCritical>
			if( ( pxQueue->uxMessagesWaiting < pxQueue->uxLength ) || ( xCopyPosition == queueOVERWRITE ) )
 800c25a:	6ba2      	ldr	r2, [r4, #56]	@ 0x38
 800c25c:	6be3      	ldr	r3, [r4, #60]	@ 0x3c
 800c25e:	429a      	cmp	r2, r3
 800c260:	d3bb      	bcc.n	800c1da <xQueueGenericSend+0x7a>
 800c262:	2d02      	cmp	r5, #2
 800c264:	d0b9      	beq.n	800c1da <xQueueGenericSend+0x7a>
				if( xTicksToWait == ( TickType_t ) 0 )
 800c266:	9b01      	ldr	r3, [sp, #4]
 800c268:	2b00      	cmp	r3, #0
 800c26a:	d0de      	beq.n	800c22a <xQueueGenericSend+0xca>
				else if( xEntryTimeSet == pdFALSE )
 800c26c:	2e00      	cmp	r6, #0
 800c26e:	d0e0      	beq.n	800c232 <xQueueGenericSend+0xd2>
		taskEXIT_CRITICAL();
 800c270:	f7ff fc9a 	bl	800bba8 <vPortExitCritical>
		vTaskSuspendAll();
 800c274:	f004 fb74 	bl	8010960 <vTaskSuspendAll>
		prvLockQueue( pxQueue );
 800c278:	f7ff fc74 	bl	800bb64 <vPortEnterCritical>
 800c27c:	f894 2044 	ldrb.w	r2, [r4, #68]	@ 0x44
 800c280:	b252      	sxtb	r2, r2
 800c282:	f1b2 3fff 	cmp.w	r2, #4294967295
 800c286:	d0d9      	beq.n	800c23c <xQueueGenericSend+0xdc>
 800c288:	f894 2045 	ldrb.w	r2, [r4, #69]	@ 0x45
 800c28c:	b252      	sxtb	r2, r2
 800c28e:	f1b2 3fff 	cmp.w	r2, #4294967295
 800c292:	d0d7      	beq.n	800c244 <xQueueGenericSend+0xe4>
 800c294:	f7ff fc88 	bl	800bba8 <vPortExitCritical>
		if( xTaskCheckForTimeOut( &xTimeOut, &xTicksToWait ) == pdFALSE )
 800c298:	a901      	add	r1, sp, #4
 800c29a:	a802      	add	r0, sp, #8
 800c29c:	f004 fd76 	bl	8010d8c <xTaskCheckForTimeOut>
 800c2a0:	b9d8      	cbnz	r0, 800c2da <xQueueGenericSend+0x17a>
			if( prvIsQueueFull( pxQueue ) != pdFALSE )
 800c2a2:	4620      	mov	r0, r4
 800c2a4:	f7ff fdba 	bl	800be1c <prvIsQueueFull>
 800c2a8:	2800      	cmp	r0, #0
 800c2aa:	d0cf      	beq.n	800c24c <xQueueGenericSend+0xec>
				vTaskPlaceOnEventList( &( pxQueue->xTasksWaitingToSend ), xTicksToWait );
 800c2ac:	9901      	ldr	r1, [sp, #4]
 800c2ae:	f104 0010 	add.w	r0, r4, #16
 800c2b2:	f004 fce5 	bl	8010c80 <vTaskPlaceOnEventList>
				prvUnlockQueue( pxQueue );
 800c2b6:	4620      	mov	r0, r4
 800c2b8:	f7ff fe19 	bl	800beee <prvUnlockQueue>
				if( xTaskResumeAll() == pdFALSE )
 800c2bc:	f004 fbf2 	bl	8010aa4 <xTaskResumeAll>
 800c2c0:	2800      	cmp	r0, #0
 800c2c2:	d1c8      	bne.n	800c256 <xQueueGenericSend+0xf6>
					portYIELD_WITHIN_API();
 800c2c4:	f04f 23e0 	mov.w	r3, #3758153728	@ 0xe000e000
 800c2c8:	f04f 5280 	mov.w	r2, #268435456	@ 0x10000000
 800c2cc:	f8c3 2d04 	str.w	r2, [r3, #3332]	@ 0xd04
 800c2d0:	f3bf 8f4f 	dsb	sy
 800c2d4:	f3bf 8f6f 	isb	sy
 800c2d8:	e7bd      	b.n	800c256 <xQueueGenericSend+0xf6>
			prvUnlockQueue( pxQueue );
 800c2da:	4620      	mov	r0, r4
 800c2dc:	f7ff fe07 	bl	800beee <prvUnlockQueue>
			( void ) xTaskResumeAll();
 800c2e0:	f004 fbe0 	bl	8010aa4 <xTaskResumeAll>
			return errQUEUE_FULL;
 800c2e4:	2000      	movs	r0, #0
 800c2e6:	e78d      	b.n	800c204 <xQueueGenericSend+0xa4>

0800c2e8 <prvInitialiseMutex>:
		if( pxNewQueue != NULL )
 800c2e8:	b148      	cbz	r0, 800c2fe <prvInitialiseMutex+0x16>
	{
 800c2ea:	b508      	push	{r3, lr}
			pxNewQueue->u.xSemaphore.xMutexHolder = NULL;
 800c2ec:	2100      	movs	r1, #0
 800c2ee:	6081      	str	r1, [r0, #8]
			pxNewQueue->uxQueueType = queueQUEUE_IS_MUTEX;
 800c2f0:	6001      	str	r1, [r0, #0]
			pxNewQueue->u.xSemaphore.uxRecursiveCallCount = 0;
 800c2f2:	60c1      	str	r1, [r0, #12]
			( void ) xQueueGenericSend( pxNewQueue, NULL, ( TickType_t ) 0U, queueSEND_TO_BACK );
 800c2f4:	460b      	mov	r3, r1
 800c2f6:	460a      	mov	r2, r1
 800c2f8:	f7ff ff32 	bl	800c160 <xQueueGenericSend>
	}
 800c2fc:	bd08      	pop	{r3, pc}
 800c2fe:	4770      	bx	lr

0800c300 <xQueueCreateMutex>:
	{
 800c300:	b510      	push	{r4, lr}
 800c302:	4602      	mov	r2, r0
		xNewQueue = xQueueGenericCreate( uxMutexLength, uxMutexSize, ucQueueType );
 800c304:	2100      	movs	r1, #0
 800c306:	2001      	movs	r0, #1
 800c308:	f7ff fec5 	bl	800c096 <xQueueGenericCreate>
 800c30c:	4604      	mov	r4, r0
		prvInitialiseMutex( ( Queue_t * ) xNewQueue );
 800c30e:	f7ff ffeb 	bl	800c2e8 <prvInitialiseMutex>
	}
 800c312:	4620      	mov	r0, r4
 800c314:	bd10      	pop	{r4, pc}

0800c316 <xQueueCreateMutexStatic>:
	{
 800c316:	b510      	push	{r4, lr}
 800c318:	b082      	sub	sp, #8
 800c31a:	460b      	mov	r3, r1
		xNewQueue = xQueueGenericCreateStatic( uxMutexLength, uxMutexSize, NULL, pxStaticQueue, ucQueueType );
 800c31c:	9000      	str	r0, [sp, #0]
 800c31e:	2200      	movs	r2, #0
 800c320:	4611      	mov	r1, r2
 800c322:	2001      	movs	r0, #1
 800c324:	f7ff fe6d 	bl	800c002 <xQueueGenericCreateStatic>
 800c328:	4604      	mov	r4, r0
		prvInitialiseMutex( ( Queue_t * ) xNewQueue );
 800c32a:	f7ff ffdd 	bl	800c2e8 <prvInitialiseMutex>
	}
 800c32e:	4620      	mov	r0, r4
 800c330:	b002      	add	sp, #8
 800c332:	bd10      	pop	{r4, pc}

0800c334 <xQueueGiveMutexRecursive>:
	{
 800c334:	b538      	push	{r3, r4, r5, lr}
		configASSERT( pxMutex );
 800c336:	b138      	cbz	r0, 800c348 <xQueueGiveMutexRecursive+0x14>
 800c338:	4604      	mov	r4, r0
		if( pxMutex->u.xSemaphore.xMutexHolder == xTaskGetCurrentTaskHandle() )
 800c33a:	6885      	ldr	r5, [r0, #8]
 800c33c:	f004 fd70 	bl	8010e20 <xTaskGetCurrentTaskHandle>
 800c340:	4285      	cmp	r5, r0
 800c342:	d00a      	beq.n	800c35a <xQueueGiveMutexRecursive+0x26>
			xReturn = pdFAIL;
 800c344:	2000      	movs	r0, #0
	}
 800c346:	bd38      	pop	{r3, r4, r5, pc}
 800c348:	f04f 0350 	mov.w	r3, #80	@ 0x50
 800c34c:	f383 8811 	msr	BASEPRI, r3
 800c350:	f3bf 8f6f 	isb	sy
 800c354:	f3bf 8f4f 	dsb	sy
		configASSERT( pxMutex );
 800c358:	e7fe      	b.n	800c358 <xQueueGiveMutexRecursive+0x24>
			( pxMutex->u.xSemaphore.uxRecursiveCallCount )--;
 800c35a:	68e3      	ldr	r3, [r4, #12]
 800c35c:	3b01      	subs	r3, #1
 800c35e:	60e3      	str	r3, [r4, #12]
			if( pxMutex->u.xSemaphore.uxRecursiveCallCount == ( UBaseType_t ) 0 )
 800c360:	b10b      	cbz	r3, 800c366 <xQueueGiveMutexRecursive+0x32>
			xReturn = pdPASS;
 800c362:	2001      	movs	r0, #1
		return xReturn;
 800c364:	e7ef      	b.n	800c346 <xQueueGiveMutexRecursive+0x12>
				( void ) xQueueGenericSend( pxMutex, NULL, queueMUTEX_GIVE_BLOCK_TIME, queueSEND_TO_BACK );
 800c366:	461a      	mov	r2, r3
 800c368:	4619      	mov	r1, r3
 800c36a:	4620      	mov	r0, r4
 800c36c:	f7ff fef8 	bl	800c160 <xQueueGenericSend>
			xReturn = pdPASS;
 800c370:	2001      	movs	r0, #1
 800c372:	e7e8      	b.n	800c346 <xQueueGiveMutexRecursive+0x12>

0800c374 <xQueueGenericSendFromISR>:
{
 800c374:	e92d 43f8 	stmdb	sp!, {r3, r4, r5, r6, r7, r8, r9, lr}
	configASSERT( pxQueue );
 800c378:	b190      	cbz	r0, 800c3a0 <xQueueGenericSendFromISR+0x2c>
 800c37a:	460f      	mov	r7, r1
 800c37c:	4616      	mov	r6, r2
 800c37e:	461c      	mov	r4, r3
 800c380:	4605      	mov	r5, r0
	configASSERT( !( ( pvItemToQueue == NULL ) && ( pxQueue->uxItemSize != ( UBaseType_t ) 0U ) ) );
 800c382:	b1b1      	cbz	r1, 800c3b2 <xQueueGenericSendFromISR+0x3e>
	configASSERT( !( ( xCopyPosition == queueOVERWRITE ) && ( pxQueue->uxLength != 1 ) ) );
 800c384:	2c02      	cmp	r4, #2
 800c386:	d120      	bne.n	800c3ca <xQueueGenericSendFromISR+0x56>
 800c388:	6beb      	ldr	r3, [r5, #60]	@ 0x3c
 800c38a:	2b01      	cmp	r3, #1
 800c38c:	d01d      	beq.n	800c3ca <xQueueGenericSendFromISR+0x56>
 800c38e:	f04f 0350 	mov.w	r3, #80	@ 0x50
 800c392:	f383 8811 	msr	BASEPRI, r3
 800c396:	f3bf 8f6f 	isb	sy
 800c39a:	f3bf 8f4f 	dsb	sy
 800c39e:	e7fe      	b.n	800c39e <xQueueGenericSendFromISR+0x2a>
 800c3a0:	f04f 0350 	mov.w	r3, #80	@ 0x50
 800c3a4:	f383 8811 	msr	BASEPRI, r3
 800c3a8:	f3bf 8f6f 	isb	sy
 800c3ac:	f3bf 8f4f 	dsb	sy
	configASSERT( pxQueue );
 800c3b0:	e7fe      	b.n	800c3b0 <xQueueGenericSendFromISR+0x3c>
	configASSERT( !( ( pvItemToQueue == NULL ) && ( pxQueue->uxItemSize != ( UBaseType_t ) 0U ) ) );
 800c3b2:	6c03      	ldr	r3, [r0, #64]	@ 0x40
 800c3b4:	2b00      	cmp	r3, #0
 800c3b6:	d0e5      	beq.n	800c384 <xQueueGenericSendFromISR+0x10>
 800c3b8:	f04f 0350 	mov.w	r3, #80	@ 0x50
 800c3bc:	f383 8811 	msr	BASEPRI, r3
 800c3c0:	f3bf 8f6f 	isb	sy
 800c3c4:	f3bf 8f4f 	dsb	sy
 800c3c8:	e7fe      	b.n	800c3c8 <xQueueGenericSendFromISR+0x54>
	portASSERT_IF_INTERRUPT_PRIORITY_INVALID();
 800c3ca:	f7ff fcf1 	bl	800bdb0 <vPortValidateInterruptPriority>
	__asm volatile
 800c3ce:	f3ef 8811 	mrs	r8, BASEPRI
 800c3d2:	f04f 0350 	mov.w	r3, #80	@ 0x50
 800c3d6:	f383 8811 	msr	BASEPRI, r3
 800c3da:	f3bf 8f6f 	isb	sy
 800c3de:	f3bf 8f4f 	dsb	sy
		if( ( pxQueue->uxMessagesWaiting < pxQueue->uxLength ) || ( xCopyPosition == queueOVERWRITE ) )
 800c3e2:	6baa      	ldr	r2, [r5, #56]	@ 0x38
 800c3e4:	6beb      	ldr	r3, [r5, #60]	@ 0x3c
 800c3e6:	429a      	cmp	r2, r3
 800c3e8:	d306      	bcc.n	800c3f8 <xQueueGenericSendFromISR+0x84>
 800c3ea:	2c02      	cmp	r4, #2
 800c3ec:	d004      	beq.n	800c3f8 <xQueueGenericSendFromISR+0x84>
			xReturn = errQUEUE_FULL;
 800c3ee:	2000      	movs	r0, #0
	__asm volatile
 800c3f0:	f388 8811 	msr	BASEPRI, r8
}
 800c3f4:	e8bd 83f8 	ldmia.w	sp!, {r3, r4, r5, r6, r7, r8, r9, pc}
			const int8_t cTxLock = pxQueue->cTxLock;
 800c3f8:	f895 9045 	ldrb.w	r9, [r5, #69]	@ 0x45
 800c3fc:	fa4f f989 	sxtb.w	r9, r9
			const UBaseType_t uxPreviousMessagesWaiting = pxQueue->uxMessagesWaiting;
 800c400:	6bab      	ldr	r3, [r5, #56]	@ 0x38
			( void ) prvCopyDataToQueue( pxQueue, pvItemToQueue, xCopyPosition );
 800c402:	4622      	mov	r2, r4
 800c404:	4639      	mov	r1, r7
 800c406:	4628      	mov	r0, r5
 800c408:	f7ff fd24 	bl	800be54 <prvCopyDataToQueue>
			if( cTxLock == queueUNLOCKED )
 800c40c:	f1b9 3fff 	cmp.w	r9, #4294967295
 800c410:	d006      	beq.n	800c420 <xQueueGenericSendFromISR+0xac>
				pxQueue->cTxLock = ( int8_t ) ( cTxLock + 1 );
 800c412:	f109 0301 	add.w	r3, r9, #1
 800c416:	b25b      	sxtb	r3, r3
 800c418:	f885 3045 	strb.w	r3, [r5, #69]	@ 0x45
			xReturn = pdPASS;
 800c41c:	2001      	movs	r0, #1
 800c41e:	e7e7      	b.n	800c3f0 <xQueueGenericSendFromISR+0x7c>
					if( listLIST_IS_EMPTY( &( pxQueue->xTasksWaitingToReceive ) ) == pdFALSE )
 800c420:	6a6b      	ldr	r3, [r5, #36]	@ 0x24
 800c422:	b90b      	cbnz	r3, 800c428 <xQueueGenericSendFromISR+0xb4>
			xReturn = pdPASS;
 800c424:	2001      	movs	r0, #1
 800c426:	e7e3      	b.n	800c3f0 <xQueueGenericSendFromISR+0x7c>
						if( xTaskRemoveFromEventList( &( pxQueue->xTasksWaitingToReceive ) ) != pdFALSE )
 800c428:	f105 0024 	add.w	r0, r5, #36	@ 0x24
 800c42c:	f004 fc5c 	bl	8010ce8 <xTaskRemoveFromEventList>
 800c430:	b118      	cbz	r0, 800c43a <xQueueGenericSendFromISR+0xc6>
							if( pxHigherPriorityTaskWoken != NULL )
 800c432:	b126      	cbz	r6, 800c43e <xQueueGenericSendFromISR+0xca>
								*pxHigherPriorityTaskWoken = pdTRUE;
 800c434:	2001      	movs	r0, #1
 800c436:	6030      	str	r0, [r6, #0]
 800c438:	e7da      	b.n	800c3f0 <xQueueGenericSendFromISR+0x7c>
			xReturn = pdPASS;
 800c43a:	2001      	movs	r0, #1
 800c43c:	e7d8      	b.n	800c3f0 <xQueueGenericSendFromISR+0x7c>
 800c43e:	2001      	movs	r0, #1
 800c440:	e7d6      	b.n	800c3f0 <xQueueGenericSendFromISR+0x7c>

0800c442 <xQueueGiveFromISR>:
	configASSERT( pxQueue );
 800c442:	b168      	cbz	r0, 800c460 <xQueueGiveFromISR+0x1e>
{
 800c444:	b570      	push	{r4, r5, r6, lr}
 800c446:	460c      	mov	r4, r1
 800c448:	4605      	mov	r5, r0
	configASSERT( pxQueue->uxItemSize == 0 );
 800c44a:	6c03      	ldr	r3, [r0, #64]	@ 0x40
 800c44c:	b18b      	cbz	r3, 800c472 <xQueueGiveFromISR+0x30>
	__asm volatile
 800c44e:	f04f 0350 	mov.w	r3, #80	@ 0x50
 800c452:	f383 8811 	msr	BASEPRI, r3
 800c456:	f3bf 8f6f 	isb	sy
 800c45a:	f3bf 8f4f 	dsb	sy
 800c45e:	e7fe      	b.n	800c45e <xQueueGiveFromISR+0x1c>
 800c460:	f04f 0350 	mov.w	r3, #80	@ 0x50
 800c464:	f383 8811 	msr	BASEPRI, r3
 800c468:	f3bf 8f6f 	isb	sy
 800c46c:	f3bf 8f4f 	dsb	sy
	configASSERT( pxQueue );
 800c470:	e7fe      	b.n	800c470 <xQueueGiveFromISR+0x2e>
	configASSERT( !( ( pxQueue->uxQueueType == queueQUEUE_IS_MUTEX ) && ( pxQueue->u.xSemaphore.xMutexHolder != NULL ) ) );
 800c472:	6803      	ldr	r3, [r0, #0]
 800c474:	b1eb      	cbz	r3, 800c4b2 <xQueueGiveFromISR+0x70>
	portASSERT_IF_INTERRUPT_PRIORITY_INVALID();
 800c476:	f7ff fc9b 	bl	800bdb0 <vPortValidateInterruptPriority>
	__asm volatile
 800c47a:	f3ef 8611 	mrs	r6, BASEPRI
 800c47e:	f04f 0350 	mov.w	r3, #80	@ 0x50
 800c482:	f383 8811 	msr	BASEPRI, r3
 800c486:	f3bf 8f6f 	isb	sy
 800c48a:	f3bf 8f4f 	dsb	sy
		const UBaseType_t uxMessagesWaiting = pxQueue->uxMessagesWaiting;
 800c48e:	6baa      	ldr	r2, [r5, #56]	@ 0x38
		if( uxMessagesWaiting < pxQueue->uxLength )
 800c490:	6beb      	ldr	r3, [r5, #60]	@ 0x3c
 800c492:	4293      	cmp	r3, r2
 800c494:	d926      	bls.n	800c4e4 <xQueueGiveFromISR+0xa2>
			const int8_t cTxLock = pxQueue->cTxLock;
 800c496:	f895 3045 	ldrb.w	r3, [r5, #69]	@ 0x45
 800c49a:	b25b      	sxtb	r3, r3
			pxQueue->uxMessagesWaiting = uxMessagesWaiting + ( UBaseType_t ) 1;
 800c49c:	3201      	adds	r2, #1
 800c49e:	63aa      	str	r2, [r5, #56]	@ 0x38
			if( cTxLock == queueUNLOCKED )
 800c4a0:	f1b3 3fff 	cmp.w	r3, #4294967295
 800c4a4:	d011      	beq.n	800c4ca <xQueueGiveFromISR+0x88>
				pxQueue->cTxLock = ( int8_t ) ( cTxLock + 1 );
 800c4a6:	3301      	adds	r3, #1
 800c4a8:	b25b      	sxtb	r3, r3
 800c4aa:	f885 3045 	strb.w	r3, [r5, #69]	@ 0x45
			xReturn = pdPASS;
 800c4ae:	2001      	movs	r0, #1
 800c4b0:	e019      	b.n	800c4e6 <xQueueGiveFromISR+0xa4>
	configASSERT( !( ( pxQueue->uxQueueType == queueQUEUE_IS_MUTEX ) && ( pxQueue->u.xSemaphore.xMutexHolder != NULL ) ) );
 800c4b2:	6883      	ldr	r3, [r0, #8]
 800c4b4:	2b00      	cmp	r3, #0
 800c4b6:	d0de      	beq.n	800c476 <xQueueGiveFromISR+0x34>
	__asm volatile
 800c4b8:	f04f 0350 	mov.w	r3, #80	@ 0x50
 800c4bc:	f383 8811 	msr	BASEPRI, r3
 800c4c0:	f3bf 8f6f 	isb	sy
 800c4c4:	f3bf 8f4f 	dsb	sy
 800c4c8:	e7fe      	b.n	800c4c8 <xQueueGiveFromISR+0x86>
					if( listLIST_IS_EMPTY( &( pxQueue->xTasksWaitingToReceive ) ) == pdFALSE )
 800c4ca:	6a6b      	ldr	r3, [r5, #36]	@ 0x24
 800c4cc:	b90b      	cbnz	r3, 800c4d2 <xQueueGiveFromISR+0x90>
			xReturn = pdPASS;
 800c4ce:	2001      	movs	r0, #1
 800c4d0:	e009      	b.n	800c4e6 <xQueueGiveFromISR+0xa4>
						if( xTaskRemoveFromEventList( &( pxQueue->xTasksWaitingToReceive ) ) != pdFALSE )
 800c4d2:	f105 0024 	add.w	r0, r5, #36	@ 0x24
 800c4d6:	f004 fc07 	bl	8010ce8 <xTaskRemoveFromEventList>
 800c4da:	b138      	cbz	r0, 800c4ec <xQueueGiveFromISR+0xaa>
							if( pxHigherPriorityTaskWoken != NULL )
 800c4dc:	b144      	cbz	r4, 800c4f0 <xQueueGiveFromISR+0xae>
								*pxHigherPriorityTaskWoken = pdTRUE;
 800c4de:	2001      	movs	r0, #1
 800c4e0:	6020      	str	r0, [r4, #0]
 800c4e2:	e000      	b.n	800c4e6 <xQueueGiveFromISR+0xa4>
			xReturn = errQUEUE_FULL;
 800c4e4:	2000      	movs	r0, #0
	__asm volatile
 800c4e6:	f386 8811 	msr	BASEPRI, r6
}
 800c4ea:	bd70      	pop	{r4, r5, r6, pc}
			xReturn = pdPASS;
 800c4ec:	2001      	movs	r0, #1
 800c4ee:	e7fa      	b.n	800c4e6 <xQueueGiveFromISR+0xa4>
 800c4f0:	2001      	movs	r0, #1
 800c4f2:	e7f8      	b.n	800c4e6 <xQueueGiveFromISR+0xa4>

0800c4f4 <xQueueReceive>:
{
 800c4f4:	b5f0      	push	{r4, r5, r6, r7, lr}
 800c4f6:	b085      	sub	sp, #20
 800c4f8:	9201      	str	r2, [sp, #4]
	configASSERT( ( pxQueue ) );
 800c4fa:	b190      	cbz	r0, 800c522 <xQueueReceive+0x2e>
 800c4fc:	460f      	mov	r7, r1
 800c4fe:	4604      	mov	r4, r0
	configASSERT( !( ( ( pvBuffer ) == NULL ) && ( ( pxQueue )->uxItemSize != ( UBaseType_t ) 0U ) ) );
 800c500:	b1c1      	cbz	r1, 800c534 <xQueueReceive+0x40>
		configASSERT( !( ( xTaskGetSchedulerState() == taskSCHEDULER_SUSPENDED ) && ( xTicksToWait != 0 ) ) );
 800c502:	f004 fc93 	bl	8010e2c <xTaskGetSchedulerState>
 800c506:	4606      	mov	r6, r0
 800c508:	bb00      	cbnz	r0, 800c54c <xQueueReceive+0x58>
 800c50a:	9b01      	ldr	r3, [sp, #4]
 800c50c:	2b00      	cmp	r3, #0
 800c50e:	d05e      	beq.n	800c5ce <xQueueReceive+0xda>
	__asm volatile
 800c510:	f04f 0350 	mov.w	r3, #80	@ 0x50
 800c514:	f383 8811 	msr	BASEPRI, r3
 800c518:	f3bf 8f6f 	isb	sy
 800c51c:	f3bf 8f4f 	dsb	sy
 800c520:	e7fe      	b.n	800c520 <xQueueReceive+0x2c>
 800c522:	f04f 0350 	mov.w	r3, #80	@ 0x50
 800c526:	f383 8811 	msr	BASEPRI, r3
 800c52a:	f3bf 8f6f 	isb	sy
 800c52e:	f3bf 8f4f 	dsb	sy
	configASSERT( ( pxQueue ) );
 800c532:	e7fe      	b.n	800c532 <xQueueReceive+0x3e>
	configASSERT( !( ( ( pvBuffer ) == NULL ) && ( ( pxQueue )->uxItemSize != ( UBaseType_t ) 0U ) ) );
 800c534:	6c03      	ldr	r3, [r0, #64]	@ 0x40
 800c536:	2b00      	cmp	r3, #0
 800c538:	d0e3      	beq.n	800c502 <xQueueReceive+0xe>
 800c53a:	f04f 0350 	mov.w	r3, #80	@ 0x50
 800c53e:	f383 8811 	msr	BASEPRI, r3
 800c542:	f3bf 8f6f 	isb	sy
 800c546:	f3bf 8f4f 	dsb	sy
 800c54a:	e7fe      	b.n	800c54a <xQueueReceive+0x56>
 800c54c:	2600      	movs	r6, #0
 800c54e:	e03e      	b.n	800c5ce <xQueueReceive+0xda>
				prvCopyDataFromQueue( pxQueue, pvBuffer );
 800c550:	4639      	mov	r1, r7
 800c552:	4620      	mov	r0, r4
 800c554:	f7ff fcb9 	bl	800beca <prvCopyDataFromQueue>
				pxQueue->uxMessagesWaiting = uxMessagesWaiting - ( UBaseType_t ) 1;
 800c558:	3d01      	subs	r5, #1
 800c55a:	63a5      	str	r5, [r4, #56]	@ 0x38
				if( listLIST_IS_EMPTY( &( pxQueue->xTasksWaitingToSend ) ) == pdFALSE )
 800c55c:	6923      	ldr	r3, [r4, #16]
 800c55e:	b923      	cbnz	r3, 800c56a <xQueueReceive+0x76>
				taskEXIT_CRITICAL();
 800c560:	f7ff fb22 	bl	800bba8 <vPortExitCritical>
				return pdPASS;
 800c564:	2001      	movs	r0, #1
}
 800c566:	b005      	add	sp, #20
 800c568:	bdf0      	pop	{r4, r5, r6, r7, pc}
					if( xTaskRemoveFromEventList( &( pxQueue->xTasksWaitingToSend ) ) != pdFALSE )
 800c56a:	f104 0010 	add.w	r0, r4, #16
 800c56e:	f004 fbbb 	bl	8010ce8 <xTaskRemoveFromEventList>
 800c572:	2800      	cmp	r0, #0
 800c574:	d0f4      	beq.n	800c560 <xQueueReceive+0x6c>
						queueYIELD_IF_USING_PREEMPTION();
 800c576:	f04f 23e0 	mov.w	r3, #3758153728	@ 0xe000e000
 800c57a:	f04f 5280 	mov.w	r2, #268435456	@ 0x10000000
 800c57e:	f8c3 2d04 	str.w	r2, [r3, #3332]	@ 0xd04
 800c582:	f3bf 8f4f 	dsb	sy
 800c586:	f3bf 8f6f 	isb	sy
 800c58a:	e7e9      	b.n	800c560 <xQueueReceive+0x6c>
					taskEXIT_CRITICAL();
 800c58c:	f7ff fb0c 	bl	800bba8 <vPortExitCritical>
					return errQUEUE_EMPTY;
 800c590:	2000      	movs	r0, #0
 800c592:	e7e8      	b.n	800c566 <xQueueReceive+0x72>
					vTaskInternalSetTimeOutState( &xTimeOut );
 800c594:	a802      	add	r0, sp, #8
 800c596:	f004 fbed 	bl	8010d74 <vTaskInternalSetTimeOutState>
					xEntryTimeSet = pdTRUE;
 800c59a:	2601      	movs	r6, #1
 800c59c:	e021      	b.n	800c5e2 <xQueueReceive+0xee>
		prvLockQueue( pxQueue );
 800c59e:	2300      	movs	r3, #0
 800c5a0:	f884 3044 	strb.w	r3, [r4, #68]	@ 0x44
 800c5a4:	e029      	b.n	800c5fa <xQueueReceive+0x106>
 800c5a6:	2300      	movs	r3, #0
 800c5a8:	f884 3045 	strb.w	r3, [r4, #69]	@ 0x45
 800c5ac:	e02b      	b.n	800c606 <xQueueReceive+0x112>
				prvUnlockQueue( pxQueue );
 800c5ae:	4620      	mov	r0, r4
 800c5b0:	f7ff fc9d 	bl	800beee <prvUnlockQueue>
				( void ) xTaskResumeAll();
 800c5b4:	f004 fa76 	bl	8010aa4 <xTaskResumeAll>
 800c5b8:	e009      	b.n	800c5ce <xQueueReceive+0xda>
			prvUnlockQueue( pxQueue );
 800c5ba:	4620      	mov	r0, r4
 800c5bc:	f7ff fc97 	bl	800beee <prvUnlockQueue>
			( void ) xTaskResumeAll();
 800c5c0:	f004 fa70 	bl	8010aa4 <xTaskResumeAll>
			if( prvIsQueueEmpty( pxQueue ) != pdFALSE )
 800c5c4:	4620      	mov	r0, r4
 800c5c6:	f7ff fc38 	bl	800be3a <prvIsQueueEmpty>
 800c5ca:	2800      	cmp	r0, #0
 800c5cc:	d13f      	bne.n	800c64e <xQueueReceive+0x15a>
		taskENTER_CRITICAL();
 800c5ce:	f7ff fac9 	bl	800bb64 <vPortEnterCritical>
			const UBaseType_t uxMessagesWaiting = pxQueue->uxMessagesWaiting;
 800c5d2:	6ba5      	ldr	r5, [r4, #56]	@ 0x38
			if( uxMessagesWaiting > ( UBaseType_t ) 0 )
 800c5d4:	2d00      	cmp	r5, #0
 800c5d6:	d1bb      	bne.n	800c550 <xQueueReceive+0x5c>
				if( xTicksToWait == ( TickType_t ) 0 )
 800c5d8:	9b01      	ldr	r3, [sp, #4]
 800c5da:	2b00      	cmp	r3, #0
 800c5dc:	d0d6      	beq.n	800c58c <xQueueReceive+0x98>
				else if( xEntryTimeSet == pdFALSE )
 800c5de:	2e00      	cmp	r6, #0
 800c5e0:	d0d8      	beq.n	800c594 <xQueueReceive+0xa0>
		taskEXIT_CRITICAL();
 800c5e2:	f7ff fae1 	bl	800bba8 <vPortExitCritical>
		vTaskSuspendAll();
 800c5e6:	f004 f9bb 	bl	8010960 <vTaskSuspendAll>
		prvLockQueue( pxQueue );
 800c5ea:	f7ff fabb 	bl	800bb64 <vPortEnterCritical>
 800c5ee:	f894 3044 	ldrb.w	r3, [r4, #68]	@ 0x44
 800c5f2:	b25b      	sxtb	r3, r3
 800c5f4:	f1b3 3fff 	cmp.w	r3, #4294967295
 800c5f8:	d0d1      	beq.n	800c59e <xQueueReceive+0xaa>
 800c5fa:	f894 3045 	ldrb.w	r3, [r4, #69]	@ 0x45
 800c5fe:	b25b      	sxtb	r3, r3
 800c600:	f1b3 3fff 	cmp.w	r3, #4294967295
 800c604:	d0cf      	beq.n	800c5a6 <xQueueReceive+0xb2>
 800c606:	f7ff facf 	bl	800bba8 <vPortExitCritical>
		if( xTaskCheckForTimeOut( &xTimeOut, &xTicksToWait ) == pdFALSE )
 800c60a:	a901      	add	r1, sp, #4
 800c60c:	a802      	add	r0, sp, #8
 800c60e:	f004 fbbd 	bl	8010d8c <xTaskCheckForTimeOut>
 800c612:	2800      	cmp	r0, #0
 800c614:	d1d1      	bne.n	800c5ba <xQueueReceive+0xc6>
			if( prvIsQueueEmpty( pxQueue ) != pdFALSE )
 800c616:	4620      	mov	r0, r4
 800c618:	f7ff fc0f 	bl	800be3a <prvIsQueueEmpty>
 800c61c:	2800      	cmp	r0, #0
 800c61e:	d0c6      	beq.n	800c5ae <xQueueReceive+0xba>
				vTaskPlaceOnEventList( &( pxQueue->xTasksWaitingToReceive ), xTicksToWait );
 800c620:	9901      	ldr	r1, [sp, #4]
 800c622:	f104 0024 	add.w	r0, r4, #36	@ 0x24
 800c626:	f004 fb2b 	bl	8010c80 <vTaskPlaceOnEventList>
				prvUnlockQueue( pxQueue );
 800c62a:	4620      	mov	r0, r4
 800c62c:	f7ff fc5f 	bl	800beee <prvUnlockQueue>
				if( xTaskResumeAll() == pdFALSE )
 800c630:	f004 fa38 	bl	8010aa4 <xTaskResumeAll>
 800c634:	2800      	cmp	r0, #0
 800c636:	d1ca      	bne.n	800c5ce <xQueueReceive+0xda>
					portYIELD_WITHIN_API();
 800c638:	f04f 23e0 	mov.w	r3, #3758153728	@ 0xe000e000
 800c63c:	f04f 5280 	mov.w	r2, #268435456	@ 0x10000000
 800c640:	f8c3 2d04 	str.w	r2, [r3, #3332]	@ 0xd04
 800c644:	f3bf 8f4f 	dsb	sy
 800c648:	f3bf 8f6f 	isb	sy
 800c64c:	e7bf      	b.n	800c5ce <xQueueReceive+0xda>
				return errQUEUE_EMPTY;
 800c64e:	2000      	movs	r0, #0
 800c650:	e789      	b.n	800c566 <xQueueReceive+0x72>

0800c652 <xQueueSemaphoreTake>:
{
 800c652:	b570      	push	{r4, r5, r6, lr}
 800c654:	b084      	sub	sp, #16
 800c656:	9101      	str	r1, [sp, #4]
	configASSERT( ( pxQueue ) );
 800c658:	b158      	cbz	r0, 800c672 <xQueueSemaphoreTake+0x20>
 800c65a:	4604      	mov	r4, r0
	configASSERT( pxQueue->uxItemSize == 0 );
 800c65c:	6c03      	ldr	r3, [r0, #64]	@ 0x40
 800c65e:	b18b      	cbz	r3, 800c684 <xQueueSemaphoreTake+0x32>
 800c660:	f04f 0350 	mov.w	r3, #80	@ 0x50
 800c664:	f383 8811 	msr	BASEPRI, r3
 800c668:	f3bf 8f6f 	isb	sy
 800c66c:	f3bf 8f4f 	dsb	sy
 800c670:	e7fe      	b.n	800c670 <xQueueSemaphoreTake+0x1e>
 800c672:	f04f 0350 	mov.w	r3, #80	@ 0x50
 800c676:	f383 8811 	msr	BASEPRI, r3
 800c67a:	f3bf 8f6f 	isb	sy
 800c67e:	f3bf 8f4f 	dsb	sy
	configASSERT( ( pxQueue ) );
 800c682:	e7fe      	b.n	800c682 <xQueueSemaphoreTake+0x30>
		configASSERT( !( ( xTaskGetSchedulerState() == taskSCHEDULER_SUSPENDED ) && ( xTicksToWait != 0 ) ) );
 800c684:	f004 fbd2 	bl	8010e2c <xTaskGetSchedulerState>
 800c688:	4605      	mov	r5, r0
 800c68a:	b950      	cbnz	r0, 800c6a2 <xQueueSemaphoreTake+0x50>
 800c68c:	9b01      	ldr	r3, [sp, #4]
 800c68e:	b15b      	cbz	r3, 800c6a8 <xQueueSemaphoreTake+0x56>
 800c690:	f04f 0350 	mov.w	r3, #80	@ 0x50
 800c694:	f383 8811 	msr	BASEPRI, r3
 800c698:	f3bf 8f6f 	isb	sy
 800c69c:	f3bf 8f4f 	dsb	sy
 800c6a0:	e7fe      	b.n	800c6a0 <xQueueSemaphoreTake+0x4e>
 800c6a2:	2600      	movs	r6, #0
 800c6a4:	4635      	mov	r5, r6
 800c6a6:	e055      	b.n	800c754 <xQueueSemaphoreTake+0x102>
 800c6a8:	4606      	mov	r6, r0
 800c6aa:	e053      	b.n	800c754 <xQueueSemaphoreTake+0x102>
				pxQueue->uxMessagesWaiting = uxSemaphoreCount - ( UBaseType_t ) 1;
 800c6ac:	3b01      	subs	r3, #1
 800c6ae:	63a3      	str	r3, [r4, #56]	@ 0x38
					if( pxQueue->uxQueueType == queueQUEUE_IS_MUTEX )
 800c6b0:	6823      	ldr	r3, [r4, #0]
 800c6b2:	b13b      	cbz	r3, 800c6c4 <xQueueSemaphoreTake+0x72>
				if( listLIST_IS_EMPTY( &( pxQueue->xTasksWaitingToSend ) ) == pdFALSE )
 800c6b4:	6923      	ldr	r3, [r4, #16]
 800c6b6:	b94b      	cbnz	r3, 800c6cc <xQueueSemaphoreTake+0x7a>
				taskEXIT_CRITICAL();
 800c6b8:	f7ff fa76 	bl	800bba8 <vPortExitCritical>
				return pdPASS;
 800c6bc:	2601      	movs	r6, #1
}
 800c6be:	4630      	mov	r0, r6
 800c6c0:	b004      	add	sp, #16
 800c6c2:	bd70      	pop	{r4, r5, r6, pc}
						pxQueue->u.xSemaphore.xMutexHolder = pvTaskIncrementMutexHeldCount();
 800c6c4:	f004 fca6 	bl	8011014 <pvTaskIncrementMutexHeldCount>
 800c6c8:	60a0      	str	r0, [r4, #8]
 800c6ca:	e7f3      	b.n	800c6b4 <xQueueSemaphoreTake+0x62>
					if( xTaskRemoveFromEventList( &( pxQueue->xTasksWaitingToSend ) ) != pdFALSE )
 800c6cc:	f104 0010 	add.w	r0, r4, #16
 800c6d0:	f004 fb0a 	bl	8010ce8 <xTaskRemoveFromEventList>
 800c6d4:	2800      	cmp	r0, #0
 800c6d6:	d0ef      	beq.n	800c6b8 <xQueueSemaphoreTake+0x66>
						queueYIELD_IF_USING_PREEMPTION();
 800c6d8:	f04f 23e0 	mov.w	r3, #3758153728	@ 0xe000e000
 800c6dc:	f04f 5280 	mov.w	r2, #268435456	@ 0x10000000
 800c6e0:	f8c3 2d04 	str.w	r2, [r3, #3332]	@ 0xd04
 800c6e4:	f3bf 8f4f 	dsb	sy
 800c6e8:	f3bf 8f6f 	isb	sy
 800c6ec:	e7e4      	b.n	800c6b8 <xQueueSemaphoreTake+0x66>
						configASSERT( xInheritanceOccurred == pdFALSE );
 800c6ee:	b146      	cbz	r6, 800c702 <xQueueSemaphoreTake+0xb0>
 800c6f0:	f04f 0350 	mov.w	r3, #80	@ 0x50
 800c6f4:	f383 8811 	msr	BASEPRI, r3
 800c6f8:	f3bf 8f6f 	isb	sy
 800c6fc:	f3bf 8f4f 	dsb	sy
 800c700:	e7fe      	b.n	800c700 <xQueueSemaphoreTake+0xae>
					taskEXIT_CRITICAL();
 800c702:	f7ff fa51 	bl	800bba8 <vPortExitCritical>
					return errQUEUE_EMPTY;
 800c706:	e7da      	b.n	800c6be <xQueueSemaphoreTake+0x6c>
					vTaskInternalSetTimeOutState( &xTimeOut );
 800c708:	a802      	add	r0, sp, #8
 800c70a:	f004 fb33 	bl	8010d74 <vTaskInternalSetTimeOutState>
					xEntryTimeSet = pdTRUE;
 800c70e:	2501      	movs	r5, #1
 800c710:	e02a      	b.n	800c768 <xQueueSemaphoreTake+0x116>
		prvLockQueue( pxQueue );
 800c712:	2300      	movs	r3, #0
 800c714:	f884 3044 	strb.w	r3, [r4, #68]	@ 0x44
 800c718:	e032      	b.n	800c780 <xQueueSemaphoreTake+0x12e>
 800c71a:	2300      	movs	r3, #0
 800c71c:	f884 3045 	strb.w	r3, [r4, #69]	@ 0x45
 800c720:	e034      	b.n	800c78c <xQueueSemaphoreTake+0x13a>
						taskENTER_CRITICAL();
 800c722:	f7ff fa1f 	bl	800bb64 <vPortEnterCritical>
							xInheritanceOccurred = xTaskPriorityInherit( pxQueue->u.xSemaphore.xMutexHolder );
 800c726:	68a0      	ldr	r0, [r4, #8]
 800c728:	f004 fb90 	bl	8010e4c <xTaskPriorityInherit>
 800c72c:	4606      	mov	r6, r0
						taskEXIT_CRITICAL();
 800c72e:	f7ff fa3b 	bl	800bba8 <vPortExitCritical>
 800c732:	e03b      	b.n	800c7ac <xQueueSemaphoreTake+0x15a>
				prvUnlockQueue( pxQueue );
 800c734:	4620      	mov	r0, r4
 800c736:	f7ff fbda 	bl	800beee <prvUnlockQueue>
				( void ) xTaskResumeAll();
 800c73a:	f004 f9b3 	bl	8010aa4 <xTaskResumeAll>
 800c73e:	e009      	b.n	800c754 <xQueueSemaphoreTake+0x102>
			prvUnlockQueue( pxQueue );
 800c740:	4620      	mov	r0, r4
 800c742:	f7ff fbd4 	bl	800beee <prvUnlockQueue>
			( void ) xTaskResumeAll();
 800c746:	f004 f9ad 	bl	8010aa4 <xTaskResumeAll>
			if( prvIsQueueEmpty( pxQueue ) != pdFALSE )
 800c74a:	4620      	mov	r0, r4
 800c74c:	f7ff fb75 	bl	800be3a <prvIsQueueEmpty>
 800c750:	2800      	cmp	r0, #0
 800c752:	d142      	bne.n	800c7da <xQueueSemaphoreTake+0x188>
		taskENTER_CRITICAL();
 800c754:	f7ff fa06 	bl	800bb64 <vPortEnterCritical>
			const UBaseType_t uxSemaphoreCount = pxQueue->uxMessagesWaiting;
 800c758:	6ba3      	ldr	r3, [r4, #56]	@ 0x38
			if( uxSemaphoreCount > ( UBaseType_t ) 0 )
 800c75a:	2b00      	cmp	r3, #0
 800c75c:	d1a6      	bne.n	800c6ac <xQueueSemaphoreTake+0x5a>
				if( xTicksToWait == ( TickType_t ) 0 )
 800c75e:	9b01      	ldr	r3, [sp, #4]
 800c760:	2b00      	cmp	r3, #0
 800c762:	d0c4      	beq.n	800c6ee <xQueueSemaphoreTake+0x9c>
				else if( xEntryTimeSet == pdFALSE )
 800c764:	2d00      	cmp	r5, #0
 800c766:	d0cf      	beq.n	800c708 <xQueueSemaphoreTake+0xb6>
		taskEXIT_CRITICAL();
 800c768:	f7ff fa1e 	bl	800bba8 <vPortExitCritical>
		vTaskSuspendAll();
 800c76c:	f004 f8f8 	bl	8010960 <vTaskSuspendAll>
		prvLockQueue( pxQueue );
 800c770:	f7ff f9f8 	bl	800bb64 <vPortEnterCritical>
 800c774:	f894 3044 	ldrb.w	r3, [r4, #68]	@ 0x44
 800c778:	b25b      	sxtb	r3, r3
 800c77a:	f1b3 3fff 	cmp.w	r3, #4294967295
 800c77e:	d0c8      	beq.n	800c712 <xQueueSemaphoreTake+0xc0>
 800c780:	f894 3045 	ldrb.w	r3, [r4, #69]	@ 0x45
 800c784:	b25b      	sxtb	r3, r3
 800c786:	f1b3 3fff 	cmp.w	r3, #4294967295
 800c78a:	d0c6      	beq.n	800c71a <xQueueSemaphoreTake+0xc8>
 800c78c:	f7ff fa0c 	bl	800bba8 <vPortExitCritical>
		if( xTaskCheckForTimeOut( &xTimeOut, &xTicksToWait ) == pdFALSE )
 800c790:	a901      	add	r1, sp, #4
 800c792:	a802      	add	r0, sp, #8
 800c794:	f004 fafa 	bl	8010d8c <xTaskCheckForTimeOut>
 800c798:	2800      	cmp	r0, #0
 800c79a:	d1d1      	bne.n	800c740 <xQueueSemaphoreTake+0xee>
			if( prvIsQueueEmpty( pxQueue ) != pdFALSE )
 800c79c:	4620      	mov	r0, r4
 800c79e:	f7ff fb4c 	bl	800be3a <prvIsQueueEmpty>
 800c7a2:	2800      	cmp	r0, #0
 800c7a4:	d0c6      	beq.n	800c734 <xQueueSemaphoreTake+0xe2>
					if( pxQueue->uxQueueType == queueQUEUE_IS_MUTEX )
 800c7a6:	6823      	ldr	r3, [r4, #0]
 800c7a8:	2b00      	cmp	r3, #0
 800c7aa:	d0ba      	beq.n	800c722 <xQueueSemaphoreTake+0xd0>
				vTaskPlaceOnEventList( &( pxQueue->xTasksWaitingToReceive ), xTicksToWait );
 800c7ac:	9901      	ldr	r1, [sp, #4]
 800c7ae:	f104 0024 	add.w	r0, r4, #36	@ 0x24
 800c7b2:	f004 fa65 	bl	8010c80 <vTaskPlaceOnEventList>
				prvUnlockQueue( pxQueue );
 800c7b6:	4620      	mov	r0, r4
 800c7b8:	f7ff fb99 	bl	800beee <prvUnlockQueue>
				if( xTaskResumeAll() == pdFALSE )
 800c7bc:	f004 f972 	bl	8010aa4 <xTaskResumeAll>
 800c7c0:	2800      	cmp	r0, #0
 800c7c2:	d1c7      	bne.n	800c754 <xQueueSemaphoreTake+0x102>
					portYIELD_WITHIN_API();
 800c7c4:	f04f 23e0 	mov.w	r3, #3758153728	@ 0xe000e000
 800c7c8:	f04f 5280 	mov.w	r2, #268435456	@ 0x10000000
 800c7cc:	f8c3 2d04 	str.w	r2, [r3, #3332]	@ 0xd04
 800c7d0:	f3bf 8f4f 	dsb	sy
 800c7d4:	f3bf 8f6f 	isb	sy
 800c7d8:	e7bc      	b.n	800c754 <xQueueSemaphoreTake+0x102>
					if( xInheritanceOccurred != pdFALSE )
 800c7da:	b90e      	cbnz	r6, 800c7e0 <xQueueSemaphoreTake+0x18e>
				return errQUEUE_EMPTY;
 800c7dc:	2600      	movs	r6, #0
 800c7de:	e76e      	b.n	800c6be <xQueueSemaphoreTake+0x6c>
						taskENTER_CRITICAL();
 800c7e0:	f7ff f9c0 	bl	800bb64 <vPortEnterCritical>
							uxHighestWaitingPriority = prvGetDisinheritPriorityAfterTimeout( pxQueue );
 800c7e4:	4620      	mov	r0, r4
 800c7e6:	f7ff fb11 	bl	800be0c <prvGetDisinheritPriorityAfterTimeout>
 800c7ea:	4601      	mov	r1, r0
							vTaskPriorityDisinheritAfterTimeout( pxQueue->u.xSemaphore.xMutexHolder, uxHighestWaitingPriority );
 800c7ec:	68a0      	ldr	r0, [r4, #8]
 800c7ee:	f004 fbc1 	bl	8010f74 <vTaskPriorityDisinheritAfterTimeout>
						taskEXIT_CRITICAL();
 800c7f2:	f7ff f9d9 	bl	800bba8 <vPortExitCritical>
 800c7f6:	e7f1      	b.n	800c7dc <xQueueSemaphoreTake+0x18a>

0800c7f8 <xQueueTakeMutexRecursive>:
		configASSERT( pxMutex );
 800c7f8:	b180      	cbz	r0, 800c81c <xQueueTakeMutexRecursive+0x24>
	{
 800c7fa:	b570      	push	{r4, r5, r6, lr}
 800c7fc:	460c      	mov	r4, r1
 800c7fe:	4605      	mov	r5, r0
		if( pxMutex->u.xSemaphore.xMutexHolder == xTaskGetCurrentTaskHandle() )
 800c800:	6886      	ldr	r6, [r0, #8]
 800c802:	f004 fb0d 	bl	8010e20 <xTaskGetCurrentTaskHandle>
 800c806:	4286      	cmp	r6, r0
 800c808:	d011      	beq.n	800c82e <xQueueTakeMutexRecursive+0x36>
			xReturn = xQueueSemaphoreTake( pxMutex, xTicksToWait );
 800c80a:	4621      	mov	r1, r4
 800c80c:	4628      	mov	r0, r5
 800c80e:	f7ff ff20 	bl	800c652 <xQueueSemaphoreTake>
			if( xReturn != pdFAIL )
 800c812:	b180      	cbz	r0, 800c836 <xQueueTakeMutexRecursive+0x3e>
				( pxMutex->u.xSemaphore.uxRecursiveCallCount )++;
 800c814:	68eb      	ldr	r3, [r5, #12]
 800c816:	3301      	adds	r3, #1
 800c818:	60eb      	str	r3, [r5, #12]
		return xReturn;
 800c81a:	e00c      	b.n	800c836 <xQueueTakeMutexRecursive+0x3e>
 800c81c:	f04f 0350 	mov.w	r3, #80	@ 0x50
 800c820:	f383 8811 	msr	BASEPRI, r3
 800c824:	f3bf 8f6f 	isb	sy
 800c828:	f3bf 8f4f 	dsb	sy
		configASSERT( pxMutex );
 800c82c:	e7fe      	b.n	800c82c <xQueueTakeMutexRecursive+0x34>
			( pxMutex->u.xSemaphore.uxRecursiveCallCount )++;
 800c82e:	68eb      	ldr	r3, [r5, #12]
 800c830:	3301      	adds	r3, #1
 800c832:	60eb      	str	r3, [r5, #12]
			xReturn = pdPASS;
 800c834:	2001      	movs	r0, #1
	}
 800c836:	bd70      	pop	{r4, r5, r6, pc}

0800c838 <xQueueReceiveFromISR>:
{
 800c838:	e92d 43f8 	stmdb	sp!, {r3, r4, r5, r6, r7, r8, r9, lr}
	configASSERT( pxQueue );
 800c83c:	b1b0      	cbz	r0, 800c86c <xQueueReceiveFromISR+0x34>
 800c83e:	460d      	mov	r5, r1
 800c840:	4690      	mov	r8, r2
 800c842:	4604      	mov	r4, r0
	configASSERT( !( ( pvBuffer == NULL ) && ( pxQueue->uxItemSize != ( UBaseType_t ) 0U ) ) );
 800c844:	b1d9      	cbz	r1, 800c87e <xQueueReceiveFromISR+0x46>
	portASSERT_IF_INTERRUPT_PRIORITY_INVALID();
 800c846:	f7ff fab3 	bl	800bdb0 <vPortValidateInterruptPriority>
	__asm volatile
 800c84a:	f3ef 8711 	mrs	r7, BASEPRI
 800c84e:	f04f 0350 	mov.w	r3, #80	@ 0x50
 800c852:	f383 8811 	msr	BASEPRI, r3
 800c856:	f3bf 8f6f 	isb	sy
 800c85a:	f3bf 8f4f 	dsb	sy
		const UBaseType_t uxMessagesWaiting = pxQueue->uxMessagesWaiting;
 800c85e:	6ba6      	ldr	r6, [r4, #56]	@ 0x38
		if( uxMessagesWaiting > ( UBaseType_t ) 0 )
 800c860:	b9ce      	cbnz	r6, 800c896 <xQueueReceiveFromISR+0x5e>
			xReturn = pdFAIL;
 800c862:	2000      	movs	r0, #0
	__asm volatile
 800c864:	f387 8811 	msr	BASEPRI, r7
}
 800c868:	e8bd 83f8 	ldmia.w	sp!, {r3, r4, r5, r6, r7, r8, r9, pc}
	__asm volatile
 800c86c:	f04f 0350 	mov.w	r3, #80	@ 0x50
 800c870:	f383 8811 	msr	BASEPRI, r3
 800c874:	f3bf 8f6f 	isb	sy
 800c878:	f3bf 8f4f 	dsb	sy
	configASSERT( pxQueue );
 800c87c:	e7fe      	b.n	800c87c <xQueueReceiveFromISR+0x44>
	configASSERT( !( ( pvBuffer == NULL ) && ( pxQueue->uxItemSize != ( UBaseType_t ) 0U ) ) );
 800c87e:	6c03      	ldr	r3, [r0, #64]	@ 0x40
 800c880:	2b00      	cmp	r3, #0
 800c882:	d0e0      	beq.n	800c846 <xQueueReceiveFromISR+0xe>
 800c884:	f04f 0350 	mov.w	r3, #80	@ 0x50
 800c888:	f383 8811 	msr	BASEPRI, r3
 800c88c:	f3bf 8f6f 	isb	sy
 800c890:	f3bf 8f4f 	dsb	sy
 800c894:	e7fe      	b.n	800c894 <xQueueReceiveFromISR+0x5c>
			const int8_t cRxLock = pxQueue->cRxLock;
 800c896:	f894 9044 	ldrb.w	r9, [r4, #68]	@ 0x44
 800c89a:	fa4f f989 	sxtb.w	r9, r9
			prvCopyDataFromQueue( pxQueue, pvBuffer );
 800c89e:	4629      	mov	r1, r5
 800c8a0:	4620      	mov	r0, r4
 800c8a2:	f7ff fb12 	bl	800beca <prvCopyDataFromQueue>
			pxQueue->uxMessagesWaiting = uxMessagesWaiting - ( UBaseType_t ) 1;
 800c8a6:	1e73      	subs	r3, r6, #1
 800c8a8:	63a3      	str	r3, [r4, #56]	@ 0x38
			if( cRxLock == queueUNLOCKED )
 800c8aa:	f1b9 3fff 	cmp.w	r9, #4294967295
 800c8ae:	d006      	beq.n	800c8be <xQueueReceiveFromISR+0x86>
				pxQueue->cRxLock = ( int8_t ) ( cRxLock + 1 );
 800c8b0:	f109 0301 	add.w	r3, r9, #1
 800c8b4:	b25b      	sxtb	r3, r3
 800c8b6:	f884 3044 	strb.w	r3, [r4, #68]	@ 0x44
			xReturn = pdPASS;
 800c8ba:	2001      	movs	r0, #1
 800c8bc:	e7d2      	b.n	800c864 <xQueueReceiveFromISR+0x2c>
				if( listLIST_IS_EMPTY( &( pxQueue->xTasksWaitingToSend ) ) == pdFALSE )
 800c8be:	6923      	ldr	r3, [r4, #16]
 800c8c0:	b90b      	cbnz	r3, 800c8c6 <xQueueReceiveFromISR+0x8e>
			xReturn = pdPASS;
 800c8c2:	2001      	movs	r0, #1
 800c8c4:	e7ce      	b.n	800c864 <xQueueReceiveFromISR+0x2c>
					if( xTaskRemoveFromEventList( &( pxQueue->xTasksWaitingToSend ) ) != pdFALSE )
 800c8c6:	f104 0010 	add.w	r0, r4, #16
 800c8ca:	f004 fa0d 	bl	8010ce8 <xTaskRemoveFromEventList>
 800c8ce:	b130      	cbz	r0, 800c8de <xQueueReceiveFromISR+0xa6>
						if( pxHigherPriorityTaskWoken != NULL )
 800c8d0:	f1b8 0f00 	cmp.w	r8, #0
 800c8d4:	d005      	beq.n	800c8e2 <xQueueReceiveFromISR+0xaa>
							*pxHigherPriorityTaskWoken = pdTRUE;
 800c8d6:	2001      	movs	r0, #1
 800c8d8:	f8c8 0000 	str.w	r0, [r8]
 800c8dc:	e7c2      	b.n	800c864 <xQueueReceiveFromISR+0x2c>
			xReturn = pdPASS;
 800c8de:	2001      	movs	r0, #1
 800c8e0:	e7c0      	b.n	800c864 <xQueueReceiveFromISR+0x2c>
 800c8e2:	2001      	movs	r0, #1
 800c8e4:	e7be      	b.n	800c864 <xQueueReceiveFromISR+0x2c>
	...

0800c8e8 <vQueueAddToRegistry>:
	{
	UBaseType_t ux;

		/* See if there is an empty space in the registry.  A NULL name denotes
		a free slot. */
		for( ux = ( UBaseType_t ) 0U; ux < ( UBaseType_t ) configQUEUE_REGISTRY_SIZE; ux++ )
 800c8e8:	2300      	movs	r3, #0
 800c8ea:	2b07      	cmp	r3, #7
 800c8ec:	d80c      	bhi.n	800c908 <vQueueAddToRegistry+0x20>
		{
			if( xQueueRegistry[ ux ].pcQueueName == NULL )
 800c8ee:	4a07      	ldr	r2, [pc, #28]	@ (800c90c <vQueueAddToRegistry+0x24>)
 800c8f0:	f852 2033 	ldr.w	r2, [r2, r3, lsl #3]
 800c8f4:	b10a      	cbz	r2, 800c8fa <vQueueAddToRegistry+0x12>
		for( ux = ( UBaseType_t ) 0U; ux < ( UBaseType_t ) configQUEUE_REGISTRY_SIZE; ux++ )
 800c8f6:	3301      	adds	r3, #1
 800c8f8:	e7f7      	b.n	800c8ea <vQueueAddToRegistry+0x2>
			{
				/* Store the information on this queue. */
				xQueueRegistry[ ux ].pcQueueName = pcQueueName;
 800c8fa:	4a04      	ldr	r2, [pc, #16]	@ (800c90c <vQueueAddToRegistry+0x24>)
 800c8fc:	f842 1033 	str.w	r1, [r2, r3, lsl #3]
				xQueueRegistry[ ux ].xHandle = xQueue;
 800c900:	eb02 02c3 	add.w	r2, r2, r3, lsl #3
 800c904:	6050      	str	r0, [r2, #4]

				traceQUEUE_REGISTRY_ADD( xQueue, pcQueueName );
				break;
 800c906:	4770      	bx	lr
			else
			{
				mtCOVERAGE_TEST_MARKER();
			}
		}
	}
 800c908:	4770      	bx	lr
 800c90a:	bf00      	nop
 800c90c:	20003e6c 	.word	0x20003e6c

0800c910 <vQueueUnregisterQueue>:
	{
	UBaseType_t ux;

		/* See if the handle of the queue being unregistered in actually in the
		registry. */
		for( ux = ( UBaseType_t ) 0U; ux < ( UBaseType_t ) configQUEUE_REGISTRY_SIZE; ux++ )
 800c910:	2300      	movs	r3, #0
 800c912:	2b07      	cmp	r3, #7
 800c914:	d80f      	bhi.n	800c936 <vQueueUnregisterQueue+0x26>
		{
			if( xQueueRegistry[ ux ].xHandle == xQueue )
 800c916:	4a08      	ldr	r2, [pc, #32]	@ (800c938 <vQueueUnregisterQueue+0x28>)
 800c918:	eb02 02c3 	add.w	r2, r2, r3, lsl #3
 800c91c:	6852      	ldr	r2, [r2, #4]
 800c91e:	4282      	cmp	r2, r0
 800c920:	d001      	beq.n	800c926 <vQueueUnregisterQueue+0x16>
		for( ux = ( UBaseType_t ) 0U; ux < ( UBaseType_t ) configQUEUE_REGISTRY_SIZE; ux++ )
 800c922:	3301      	adds	r3, #1
 800c924:	e7f5      	b.n	800c912 <vQueueUnregisterQueue+0x2>
			{
				/* Set the name to NULL to show that this slot if free again. */
				xQueueRegistry[ ux ].pcQueueName = NULL;
 800c926:	4a04      	ldr	r2, [pc, #16]	@ (800c938 <vQueueUnregisterQueue+0x28>)
 800c928:	2100      	movs	r1, #0
 800c92a:	f842 1033 	str.w	r1, [r2, r3, lsl #3]

				/* Set the handle to NULL to ensure the same queue handle cannot
				appear in the registry twice if it is added, removed, then
				added again. */
				xQueueRegistry[ ux ].xHandle = ( QueueHandle_t ) 0;
 800c92e:	eb02 02c3 	add.w	r2, r2, r3, lsl #3
 800c932:	6051      	str	r1, [r2, #4]
				break;
 800c934:	4770      	bx	lr
			{
				mtCOVERAGE_TEST_MARKER();
			}
		}

	} /*lint !e818 xQueue could not be pointer to const because it is a typedef. */
 800c936:	4770      	bx	lr
 800c938:	20003e6c 	.word	0x20003e6c

0800c93c <vQueueDelete>:
	configASSERT( pxQueue );
 800c93c:	b138      	cbz	r0, 800c94e <vQueueDelete+0x12>
{
 800c93e:	b510      	push	{r4, lr}
 800c940:	4604      	mov	r4, r0
		vQueueUnregisterQueue( pxQueue );
 800c942:	f7ff ffe5 	bl	800c910 <vQueueUnregisterQueue>
		if( pxQueue->ucStaticallyAllocated == ( uint8_t ) pdFALSE )
 800c946:	f894 3046 	ldrb.w	r3, [r4, #70]	@ 0x46
 800c94a:	b14b      	cbz	r3, 800c960 <vQueueDelete+0x24>
}
 800c94c:	bd10      	pop	{r4, pc}
 800c94e:	f04f 0350 	mov.w	r3, #80	@ 0x50
 800c952:	f383 8811 	msr	BASEPRI, r3
 800c956:	f3bf 8f6f 	isb	sy
 800c95a:	f3bf 8f4f 	dsb	sy
	configASSERT( pxQueue );
 800c95e:	e7fe      	b.n	800c95e <vQueueDelete+0x22>
			vPortFree( pxQueue );
 800c960:	4620      	mov	r0, r4
 800c962:	f7fe fd89 	bl	800b478 <vPortFree>
}
 800c966:	e7f1      	b.n	800c94c <vQueueDelete+0x10>

0800c968 <vQueueWaitForMessageRestricted>:
/*-----------------------------------------------------------*/

#if ( configUSE_TIMERS == 1 )

	void vQueueWaitForMessageRestricted( QueueHandle_t xQueue, TickType_t xTicksToWait, const BaseType_t xWaitIndefinitely )
	{
 800c968:	b570      	push	{r4, r5, r6, lr}
 800c96a:	4604      	mov	r4, r0
 800c96c:	460d      	mov	r5, r1
 800c96e:	4616      	mov	r6, r2
		will not actually cause the task to block, just place it on a blocked
		list.  It will not block until the scheduler is unlocked - at which
		time a yield will be performed.  If an item is added to the queue while
		the queue is locked, and the calling task blocks on the queue, then the
		calling task will be immediately unblocked when the queue is unlocked. */
		prvLockQueue( pxQueue );
 800c970:	f7ff f8f8 	bl	800bb64 <vPortEnterCritical>
 800c974:	f894 3044 	ldrb.w	r3, [r4, #68]	@ 0x44
 800c978:	b25b      	sxtb	r3, r3
 800c97a:	f1b3 3fff 	cmp.w	r3, #4294967295
 800c97e:	d00d      	beq.n	800c99c <vQueueWaitForMessageRestricted+0x34>
 800c980:	f894 3045 	ldrb.w	r3, [r4, #69]	@ 0x45
 800c984:	b25b      	sxtb	r3, r3
 800c986:	f1b3 3fff 	cmp.w	r3, #4294967295
 800c98a:	d00b      	beq.n	800c9a4 <vQueueWaitForMessageRestricted+0x3c>
 800c98c:	f7ff f90c 	bl	800bba8 <vPortExitCritical>
		if( pxQueue->uxMessagesWaiting == ( UBaseType_t ) 0U )
 800c990:	6ba3      	ldr	r3, [r4, #56]	@ 0x38
 800c992:	b15b      	cbz	r3, 800c9ac <vQueueWaitForMessageRestricted+0x44>
		}
		else
		{
			mtCOVERAGE_TEST_MARKER();
		}
		prvUnlockQueue( pxQueue );
 800c994:	4620      	mov	r0, r4
 800c996:	f7ff faaa 	bl	800beee <prvUnlockQueue>
	}
 800c99a:	bd70      	pop	{r4, r5, r6, pc}
		prvLockQueue( pxQueue );
 800c99c:	2300      	movs	r3, #0
 800c99e:	f884 3044 	strb.w	r3, [r4, #68]	@ 0x44
 800c9a2:	e7ed      	b.n	800c980 <vQueueWaitForMessageRestricted+0x18>
 800c9a4:	2300      	movs	r3, #0
 800c9a6:	f884 3045 	strb.w	r3, [r4, #69]	@ 0x45
 800c9aa:	e7ef      	b.n	800c98c <vQueueWaitForMessageRestricted+0x24>
			vTaskPlaceOnEventListRestricted( &( pxQueue->xTasksWaitingToReceive ), xTicksToWait, xWaitIndefinitely );
 800c9ac:	4632      	mov	r2, r6
 800c9ae:	4629      	mov	r1, r5
 800c9b0:	f104 0024 	add.w	r0, r4, #36	@ 0x24
 800c9b4:	f004 f97c 	bl	8010cb0 <vTaskPlaceOnEventListRestricted>
 800c9b8:	e7ec      	b.n	800c994 <vQueueWaitForMessageRestricted+0x2c>
	...

0800c9bc <StateMachine_Init>:
/**
  * @brief  Initialize state machine
  * @retval HAL_StatusTypeDef
  */
HAL_StatusTypeDef StateMachine_Init(void)
{
 800c9bc:	b508      	push	{r3, lr}
    current_state = BMS_STATE_INIT;
 800c9be:	2300      	movs	r3, #0
 800c9c0:	4a06      	ldr	r2, [pc, #24]	@ (800c9dc <StateMachine_Init+0x20>)
 800c9c2:	7013      	strb	r3, [r2, #0]
    fault_active = false;
 800c9c4:	4a06      	ldr	r2, [pc, #24]	@ (800c9e0 <StateMachine_Init+0x24>)
 800c9c6:	7013      	strb	r3, [r2, #0]
    
    // Create mutex for thread-safe access
    state_mutex = osMutexNew(&state_mutex_attributes);
 800c9c8:	4806      	ldr	r0, [pc, #24]	@ (800c9e4 <StateMachine_Init+0x28>)
 800c9ca:	f7fd fe47 	bl	800a65c <osMutexNew>
 800c9ce:	4b06      	ldr	r3, [pc, #24]	@ (800c9e8 <StateMachine_Init+0x2c>)
 800c9d0:	6018      	str	r0, [r3, #0]
    if (state_mutex == NULL) {
 800c9d2:	b108      	cbz	r0, 800c9d8 <StateMachine_Init+0x1c>
        return HAL_ERROR;
    }
    
    return HAL_OK;
 800c9d4:	2000      	movs	r0, #0
}
 800c9d6:	bd08      	pop	{r3, pc}
        return HAL_ERROR;
 800c9d8:	2001      	movs	r0, #1
 800c9da:	e7fc      	b.n	800c9d6 <StateMachine_Init+0x1a>
 800c9dc:	20003eb1 	.word	0x20003eb1
 800c9e0:	20003eb0 	.word	0x20003eb0
 800c9e4:	08011a00 	.word	0x08011a00
 800c9e8:	20003eac 	.word	0x20003eac

0800c9ec <StateMachine_SetState>:
  * @brief  Set BMS state
  * @param  state: New BMS state
  * @retval None
  */
void StateMachine_SetState(BMS_State_t state)
{
 800c9ec:	b510      	push	{r4, lr}
 800c9ee:	4604      	mov	r4, r0
    if (osMutexAcquire(state_mutex, osWaitForever) == osOK) {
 800c9f0:	f04f 31ff 	mov.w	r1, #4294967295
 800c9f4:	4b0c      	ldr	r3, [pc, #48]	@ (800ca28 <StateMachine_SetState+0x3c>)
 800c9f6:	6818      	ldr	r0, [r3, #0]
 800c9f8:	f7fd fe7b 	bl	800a6f2 <osMutexAcquire>
 800c9fc:	b970      	cbnz	r0, 800ca1c <StateMachine_SetState+0x30>
        // Don't allow transition out of error state if faults are active
        if (current_state == BMS_STATE_ERROR && fault_active) {
 800c9fe:	4b0b      	ldr	r3, [pc, #44]	@ (800ca2c <StateMachine_SetState+0x40>)
 800ca00:	781b      	ldrb	r3, [r3, #0]
 800ca02:	2b05      	cmp	r3, #5
 800ca04:	d104      	bne.n	800ca10 <StateMachine_SetState+0x24>
 800ca06:	4b0a      	ldr	r3, [pc, #40]	@ (800ca30 <StateMachine_SetState+0x44>)
 800ca08:	781b      	ldrb	r3, [r3, #0]
 800ca0a:	b10b      	cbz	r3, 800ca10 <StateMachine_SetState+0x24>
            // Only allow staying in error state
            if (state != BMS_STATE_ERROR) {
 800ca0c:	2c05      	cmp	r4, #5
 800ca0e:	d106      	bne.n	800ca1e <StateMachine_SetState+0x32>
                osMutexRelease(state_mutex);
                return;
            }
        }
        
        current_state = state;
 800ca10:	4b06      	ldr	r3, [pc, #24]	@ (800ca2c <StateMachine_SetState+0x40>)
 800ca12:	701c      	strb	r4, [r3, #0]
        osMutexRelease(state_mutex);
 800ca14:	4b04      	ldr	r3, [pc, #16]	@ (800ca28 <StateMachine_SetState+0x3c>)
 800ca16:	6818      	ldr	r0, [r3, #0]
 800ca18:	f7fd fe9a 	bl	800a750 <osMutexRelease>
    }
}
 800ca1c:	bd10      	pop	{r4, pc}
                osMutexRelease(state_mutex);
 800ca1e:	4b02      	ldr	r3, [pc, #8]	@ (800ca28 <StateMachine_SetState+0x3c>)
 800ca20:	6818      	ldr	r0, [r3, #0]
 800ca22:	f7fd fe95 	bl	800a750 <osMutexRelease>
                return;
 800ca26:	e7f9      	b.n	800ca1c <StateMachine_SetState+0x30>
 800ca28:	20003eac 	.word	0x20003eac
 800ca2c:	20003eb1 	.word	0x20003eb1
 800ca30:	20003eb0 	.word	0x20003eb0

0800ca34 <StateMachine_GetState>:
/**
  * @brief  Get current BMS state
  * @retval BMS_State_t: Current BMS state
  */
BMS_State_t StateMachine_GetState(void)
{
 800ca34:	b510      	push	{r4, lr}
    BMS_State_t state = BMS_STATE_INIT;
    
    if (osMutexAcquire(state_mutex, osWaitForever) == osOK) {
 800ca36:	f04f 31ff 	mov.w	r1, #4294967295
 800ca3a:	4b07      	ldr	r3, [pc, #28]	@ (800ca58 <StateMachine_GetState+0x24>)
 800ca3c:	6818      	ldr	r0, [r3, #0]
 800ca3e:	f7fd fe58 	bl	800a6f2 <osMutexAcquire>
 800ca42:	b110      	cbz	r0, 800ca4a <StateMachine_GetState+0x16>
    BMS_State_t state = BMS_STATE_INIT;
 800ca44:	2400      	movs	r4, #0
        state = current_state;
        osMutexRelease(state_mutex);
    }
    
    return state;
}
 800ca46:	4620      	mov	r0, r4
 800ca48:	bd10      	pop	{r4, pc}
        state = current_state;
 800ca4a:	4b04      	ldr	r3, [pc, #16]	@ (800ca5c <StateMachine_GetState+0x28>)
 800ca4c:	781c      	ldrb	r4, [r3, #0]
        osMutexRelease(state_mutex);
 800ca4e:	4b02      	ldr	r3, [pc, #8]	@ (800ca58 <StateMachine_GetState+0x24>)
 800ca50:	6818      	ldr	r0, [r3, #0]
 800ca52:	f7fd fe7d 	bl	800a750 <osMutexRelease>
 800ca56:	e7f6      	b.n	800ca46 <StateMachine_GetState+0x12>
 800ca58:	20003eac 	.word	0x20003eac
 800ca5c:	20003eb1 	.word	0x20003eb1

0800ca60 <StateMachine_EnterFault>:
/**
  * @brief  Signal fault entry - called by error manager when critical fault occurs
  * @retval None
  */
void StateMachine_EnterFault(void)
{
 800ca60:	b508      	push	{r3, lr}
    if (osMutexAcquire(state_mutex, osWaitForever) == osOK) {
 800ca62:	f04f 31ff 	mov.w	r1, #4294967295
 800ca66:	4b08      	ldr	r3, [pc, #32]	@ (800ca88 <StateMachine_EnterFault+0x28>)
 800ca68:	6818      	ldr	r0, [r3, #0]
 800ca6a:	f7fd fe42 	bl	800a6f2 <osMutexAcquire>
 800ca6e:	b100      	cbz	r0, 800ca72 <StateMachine_EnterFault+0x12>
        fault_active = true;
        current_state = BMS_STATE_ERROR;
        osMutexRelease(state_mutex);
    }
}
 800ca70:	bd08      	pop	{r3, pc}
        fault_active = true;
 800ca72:	4b06      	ldr	r3, [pc, #24]	@ (800ca8c <StateMachine_EnterFault+0x2c>)
 800ca74:	2201      	movs	r2, #1
 800ca76:	701a      	strb	r2, [r3, #0]
        current_state = BMS_STATE_ERROR;
 800ca78:	4b05      	ldr	r3, [pc, #20]	@ (800ca90 <StateMachine_EnterFault+0x30>)
 800ca7a:	2205      	movs	r2, #5
 800ca7c:	701a      	strb	r2, [r3, #0]
        osMutexRelease(state_mutex);
 800ca7e:	4b02      	ldr	r3, [pc, #8]	@ (800ca88 <StateMachine_EnterFault+0x28>)
 800ca80:	6818      	ldr	r0, [r3, #0]
 800ca82:	f7fd fe65 	bl	800a750 <osMutexRelease>
}
 800ca86:	e7f3      	b.n	800ca70 <StateMachine_EnterFault+0x10>
 800ca88:	20003eac 	.word	0x20003eac
 800ca8c:	20003eb0 	.word	0x20003eb0
 800ca90:	20003eb1 	.word	0x20003eb1

0800ca94 <StateMachine_ExitFault>:
/**
  * @brief  Signal fault exit - called by error manager when all faults cleared
  * @retval None
  */
void StateMachine_ExitFault(void)
{
 800ca94:	b508      	push	{r3, lr}
    if (osMutexAcquire(state_mutex, osWaitForever) == osOK) {
 800ca96:	f04f 31ff 	mov.w	r1, #4294967295
 800ca9a:	4b0a      	ldr	r3, [pc, #40]	@ (800cac4 <StateMachine_ExitFault+0x30>)
 800ca9c:	6818      	ldr	r0, [r3, #0]
 800ca9e:	f7fd fe28 	bl	800a6f2 <osMutexAcquire>
 800caa2:	b950      	cbnz	r0, 800caba <StateMachine_ExitFault+0x26>
        fault_active = false;
 800caa4:	4b08      	ldr	r3, [pc, #32]	@ (800cac8 <StateMachine_ExitFault+0x34>)
 800caa6:	2200      	movs	r2, #0
 800caa8:	701a      	strb	r2, [r3, #0]
        // Transition to IDLE when exiting fault
        if (current_state == BMS_STATE_ERROR) {
 800caaa:	4b08      	ldr	r3, [pc, #32]	@ (800cacc <StateMachine_ExitFault+0x38>)
 800caac:	781b      	ldrb	r3, [r3, #0]
 800caae:	2b05      	cmp	r3, #5
 800cab0:	d004      	beq.n	800cabc <StateMachine_ExitFault+0x28>
            current_state = BMS_STATE_IDLE;
        }
        osMutexRelease(state_mutex);
 800cab2:	4b04      	ldr	r3, [pc, #16]	@ (800cac4 <StateMachine_ExitFault+0x30>)
 800cab4:	6818      	ldr	r0, [r3, #0]
 800cab6:	f7fd fe4b 	bl	800a750 <osMutexRelease>
    }
}
 800caba:	bd08      	pop	{r3, pc}
            current_state = BMS_STATE_IDLE;
 800cabc:	4b03      	ldr	r3, [pc, #12]	@ (800cacc <StateMachine_ExitFault+0x38>)
 800cabe:	2201      	movs	r2, #1
 800cac0:	701a      	strb	r2, [r3, #0]
 800cac2:	e7f6      	b.n	800cab2 <StateMachine_ExitFault+0x1e>
 800cac4:	20003eac 	.word	0x20003eac
 800cac8:	20003eb0 	.word	0x20003eb0
 800cacc:	20003eb1 	.word	0x20003eb1

0800cad0 <HAL_Init>:
  *         each 1ms in the SysTick_Handler() interrupt handler.
  *
  * @retval HAL status
  */
HAL_StatusTypeDef HAL_Init(void)
{
 800cad0:	b510      	push	{r4, lr}
#if (PREFETCH_ENABLE != 0)
  __HAL_FLASH_PREFETCH_BUFFER_ENABLE();
#endif /* PREFETCH_ENABLE */

  /* Set Interrupt Group Priority */
  HAL_NVIC_SetPriorityGrouping(NVIC_PRIORITYGROUP_4);
 800cad2:	2003      	movs	r0, #3
 800cad4:	f001 f99a 	bl	800de0c <HAL_NVIC_SetPriorityGrouping>

  /* Use SysTick as time base source and configure 1ms tick (default clock after Reset is MSI) */
  if (HAL_InitTick(TICK_INT_PRIORITY) != HAL_OK)
 800cad8:	200f      	movs	r0, #15
 800cada:	f003 fc5d 	bl	8010398 <HAL_InitTick>
 800cade:	b110      	cbz	r0, 800cae6 <HAL_Init+0x16>
  {
    status = HAL_ERROR;
 800cae0:	2401      	movs	r4, #1
    HAL_MspInit();
  }

  /* Return function status */
  return status;
}
 800cae2:	4620      	mov	r0, r4
 800cae4:	bd10      	pop	{r4, pc}
 800cae6:	4604      	mov	r4, r0
    HAL_MspInit();
 800cae8:	f002 f9e8 	bl	800eebc <HAL_MspInit>
 800caec:	e7f9      	b.n	800cae2 <HAL_Init+0x12>
	...

0800caf0 <HAL_IncTick>:
  *      implementations in user file.
  * @retval None
  */
__weak void HAL_IncTick(void)
{
  uwTick += (uint32_t)uwTickFreq;
 800caf0:	4b03      	ldr	r3, [pc, #12]	@ (800cb00 <HAL_IncTick+0x10>)
 800caf2:	781b      	ldrb	r3, [r3, #0]
 800caf4:	4a03      	ldr	r2, [pc, #12]	@ (800cb04 <HAL_IncTick+0x14>)
 800caf6:	6811      	ldr	r1, [r2, #0]
 800caf8:	440b      	add	r3, r1
 800cafa:	6013      	str	r3, [r2, #0]
}
 800cafc:	4770      	bx	lr
 800cafe:	bf00      	nop
 800cb00:	2000002c 	.word	0x2000002c
 800cb04:	20003eb4 	.word	0x20003eb4

0800cb08 <HAL_GetTick>:
  *       implementations in user file.
  * @retval tick value
  */
__weak uint32_t HAL_GetTick(void)
{
  return uwTick;
 800cb08:	4b01      	ldr	r3, [pc, #4]	@ (800cb10 <HAL_GetTick+0x8>)
 800cb0a:	6818      	ldr	r0, [r3, #0]
}
 800cb0c:	4770      	bx	lr
 800cb0e:	bf00      	nop
 800cb10:	20003eb4 	.word	0x20003eb4

0800cb14 <LL_ADC_REG_SetSequencerRanks>:
  *         (7) On STM32L4, fast channel (0.188 us for 12-bit resolution (ADC conversion rate up to 5.33 Ms/s)).
  *             Other channels are slow channels (0.238 us for 12-bit resolution (ADC conversion rate up to 4.21 Ms/s)).
  * @retval None
  */
__STATIC_INLINE void LL_ADC_REG_SetSequencerRanks(ADC_TypeDef *ADCx, uint32_t Rank, uint32_t Channel)
{
 800cb14:	b410      	push	{r4}
  /* Set bits with content of parameter "Channel" with bits position          */
  /* in register and register position depending on parameter "Rank".         */
  /* Parameters "Rank" and "Channel" are used with masks because containing   */
  /* other bits reserved for other purpose.                                   */
  __IO uint32_t *preg = __ADC_PTR_REG_OFFSET(ADCx->SQR1,
 800cb16:	3030      	adds	r0, #48	@ 0x30
 800cb18:	0a0b      	lsrs	r3, r1, #8
 800cb1a:	009b      	lsls	r3, r3, #2
 800cb1c:	f003 030c 	and.w	r3, r3, #12
                                             ((Rank & ADC_REG_SQRX_REGOFFSET_MASK) >> ADC_SQRX_REGOFFSET_POS));

  MODIFY_REG(*preg,
 800cb20:	58c4      	ldr	r4, [r0, r3]
 800cb22:	f001 011f 	and.w	r1, r1, #31
 800cb26:	f04f 0c1f 	mov.w	ip, #31
 800cb2a:	fa0c fc01 	lsl.w	ip, ip, r1
 800cb2e:	ea24 0c0c 	bic.w	ip, r4, ip
 800cb32:	f3c2 6284 	ubfx	r2, r2, #26, #5
 800cb36:	408a      	lsls	r2, r1
 800cb38:	ea4c 0202 	orr.w	r2, ip, r2
 800cb3c:	50c2      	str	r2, [r0, r3]
             ADC_CHANNEL_ID_NUMBER_MASK_POSBIT0 << (Rank & ADC_REG_RANK_ID_SQRX_MASK),
             ((Channel & ADC_CHANNEL_ID_NUMBER_MASK) >> ADC_CHANNEL_ID_NUMBER_BITOFFSET_POS)
             << (Rank & ADC_REG_RANK_ID_SQRX_MASK));
}
 800cb3e:	f85d 4b04 	ldr.w	r4, [sp], #4
 800cb42:	4770      	bx	lr

0800cb44 <LL_ADC_SetChannelSamplingTime>:
  *             can be replaced by 3.5 ADC clock cycles.
  *             Refer to function @ref LL_ADC_SetSamplingTimeCommonConfig().
  * @retval None
  */
__STATIC_INLINE void LL_ADC_SetChannelSamplingTime(ADC_TypeDef *ADCx, uint32_t Channel, uint32_t SamplingTime)
{
 800cb44:	b410      	push	{r4}
  /* Set bits with content of parameter "SamplingTime" with bits position     */
  /* in register and register position depending on parameter "Channel".      */
  /* Parameter "Channel" is used with masks because containing                */
  /* other bits reserved for other purpose.                                   */
  __IO uint32_t *preg = __ADC_PTR_REG_OFFSET(ADCx->SMPR1,
 800cb46:	3014      	adds	r0, #20
 800cb48:	0e4b      	lsrs	r3, r1, #25
 800cb4a:	009b      	lsls	r3, r3, #2
 800cb4c:	f003 0304 	and.w	r3, r3, #4
                                             ((Channel & ADC_CHANNEL_SMPRX_REGOFFSET_MASK) >> ADC_SMPRX_REGOFFSET_POS));

  MODIFY_REG(*preg,
 800cb50:	58c4      	ldr	r4, [r0, r3]
 800cb52:	f3c1 5104 	ubfx	r1, r1, #20, #5
 800cb56:	f04f 0c07 	mov.w	ip, #7
 800cb5a:	fa0c fc01 	lsl.w	ip, ip, r1
 800cb5e:	ea24 0c0c 	bic.w	ip, r4, ip
 800cb62:	408a      	lsls	r2, r1
 800cb64:	ea4c 0202 	orr.w	r2, ip, r2
 800cb68:	50c2      	str	r2, [r0, r3]
             ADC_SMPR1_SMP0 << ((Channel & ADC_CHANNEL_SMPx_BITOFFSET_MASK) >> ADC_CHANNEL_SMPx_BITOFFSET_POS),
             SamplingTime   << ((Channel & ADC_CHANNEL_SMPx_BITOFFSET_MASK) >> ADC_CHANNEL_SMPx_BITOFFSET_POS));
}
 800cb6a:	f85d 4b04 	ldr.w	r4, [sp], #4
 800cb6e:	4770      	bx	lr

0800cb70 <HAL_ADC_Init>:
  *         without  disabling the other ADCs.
  * @param hadc ADC handle
  * @retval HAL status
  */
HAL_StatusTypeDef HAL_ADC_Init(ADC_HandleTypeDef *hadc)
{
 800cb70:	b530      	push	{r4, r5, lr}
 800cb72:	b083      	sub	sp, #12
  HAL_StatusTypeDef tmp_hal_status = HAL_OK;
  uint32_t tmp_cfgr;
  uint32_t tmp_adc_is_conversion_on_going_regular;
  uint32_t tmp_adc_is_conversion_on_going_injected;
  __IO uint32_t wait_loop_index = 0UL;
 800cb74:	2300      	movs	r3, #0
 800cb76:	9301      	str	r3, [sp, #4]

  /* Check ADC handle */
  if (hadc == NULL)
 800cb78:	2800      	cmp	r0, #0
 800cb7a:	f000 80d0 	beq.w	800cd1e <HAL_ADC_Init+0x1ae>
 800cb7e:	4604      	mov	r4, r0
  /* DISCEN and CONT bits cannot be set at the same time */
  assert_param(!((hadc->Init.DiscontinuousConvMode == ENABLE) && (hadc->Init.ContinuousConvMode == ENABLE)));

  /* Actions performed only if ADC is coming from state reset:                */
  /* - Initialization of ADC MSP                                              */
  if (hadc->State == HAL_ADC_STATE_RESET)
 800cb80:	6d43      	ldr	r3, [r0, #84]	@ 0x54
 800cb82:	b313      	cbz	r3, 800cbca <HAL_ADC_Init+0x5a>
    /* Initialize Lock */
    hadc->Lock = HAL_UNLOCKED;
  }

  /* - Exit from deep-power-down mode and ADC voltage regulator enable        */
  if (LL_ADC_IsDeepPowerDownEnabled(hadc->Instance) != 0UL)
 800cb84:	6823      	ldr	r3, [r4, #0]
  * @param  ADCx ADC instance
  * @retval 0: deep power down is disabled, 1: deep power down is enabled.
  */
__STATIC_INLINE uint32_t LL_ADC_IsDeepPowerDownEnabled(const ADC_TypeDef *ADCx)
{
  return ((READ_BIT(ADCx->CR, ADC_CR_DEEPPWD) == (ADC_CR_DEEPPWD)) ? 1UL : 0UL);
 800cb86:	689a      	ldr	r2, [r3, #8]
 800cb88:	f012 5f00 	tst.w	r2, #536870912	@ 0x20000000
 800cb8c:	d005      	beq.n	800cb9a <HAL_ADC_Init+0x2a>
  CLEAR_BIT(ADCx->CR, (ADC_CR_DEEPPWD | ADC_CR_BITS_PROPERTY_RS));
 800cb8e:	689a      	ldr	r2, [r3, #8]
 800cb90:	f022 4220 	bic.w	r2, r2, #2684354560	@ 0xa0000000
 800cb94:	f022 023f 	bic.w	r2, r2, #63	@ 0x3f
 800cb98:	609a      	str	r2, [r3, #8]
    /* System was in deep power down mode, calibration must
     be relaunched or a previously saved calibration factor
     re-applied once the ADC voltage regulator is enabled */
  }

  if (LL_ADC_IsInternalRegulatorEnabled(hadc->Instance) == 0UL)
 800cb9a:	6822      	ldr	r2, [r4, #0]
  * @param  ADCx ADC instance
  * @retval 0: internal regulator is disabled, 1: internal regulator is enabled.
  */
__STATIC_INLINE uint32_t LL_ADC_IsInternalRegulatorEnabled(const ADC_TypeDef *ADCx)
{
  return ((READ_BIT(ADCx->CR, ADC_CR_ADVREGEN) == (ADC_CR_ADVREGEN)) ? 1UL : 0UL);
 800cb9c:	6893      	ldr	r3, [r2, #8]
 800cb9e:	f013 5f80 	tst.w	r3, #268435456	@ 0x10000000
 800cba2:	d11f      	bne.n	800cbe4 <HAL_ADC_Init+0x74>
  MODIFY_REG(ADCx->CR,
 800cba4:	6893      	ldr	r3, [r2, #8]
 800cba6:	f023 4310 	bic.w	r3, r3, #2415919104	@ 0x90000000
 800cbaa:	f023 033f 	bic.w	r3, r3, #63	@ 0x3f
 800cbae:	f043 5380 	orr.w	r3, r3, #268435456	@ 0x10000000
 800cbb2:	6093      	str	r3, [r2, #8]
    LL_ADC_EnableInternalRegulator(hadc->Instance);

    /* Note: Variable divided by 2 to compensate partially              */
    /*       CPU processing cycles, scaling in us split to not          */
    /*       exceed 32 bits register capacity and handle low frequency. */
    wait_loop_index = ((LL_ADC_DELAY_INTERNAL_REGUL_STAB_US / 10UL) * ((SystemCoreClock / (100000UL * 2UL)) + 1UL));
 800cbb4:	4b5b      	ldr	r3, [pc, #364]	@ (800cd24 <HAL_ADC_Init+0x1b4>)
 800cbb6:	681b      	ldr	r3, [r3, #0]
 800cbb8:	099b      	lsrs	r3, r3, #6
 800cbba:	4a5b      	ldr	r2, [pc, #364]	@ (800cd28 <HAL_ADC_Init+0x1b8>)
 800cbbc:	fba2 2303 	umull	r2, r3, r2, r3
 800cbc0:	099b      	lsrs	r3, r3, #6
 800cbc2:	3301      	adds	r3, #1
 800cbc4:	005b      	lsls	r3, r3, #1
 800cbc6:	9301      	str	r3, [sp, #4]
    while (wait_loop_index != 0UL)
 800cbc8:	e009      	b.n	800cbde <HAL_ADC_Init+0x6e>
    HAL_ADC_MspInit(hadc);
 800cbca:	f002 f997 	bl	800eefc <HAL_ADC_MspInit>
    ADC_CLEAR_ERRORCODE(hadc);
 800cbce:	2300      	movs	r3, #0
 800cbd0:	65a3      	str	r3, [r4, #88]	@ 0x58
    hadc->Lock = HAL_UNLOCKED;
 800cbd2:	f884 3050 	strb.w	r3, [r4, #80]	@ 0x50
 800cbd6:	e7d5      	b.n	800cb84 <HAL_ADC_Init+0x14>
    {
      wait_loop_index--;
 800cbd8:	9b01      	ldr	r3, [sp, #4]
 800cbda:	3b01      	subs	r3, #1
 800cbdc:	9301      	str	r3, [sp, #4]
    while (wait_loop_index != 0UL)
 800cbde:	9b01      	ldr	r3, [sp, #4]
 800cbe0:	2b00      	cmp	r3, #0
 800cbe2:	d1f9      	bne.n	800cbd8 <HAL_ADC_Init+0x68>
  }

  /* Verification that ADC voltage regulator is correctly enabled, whether    */
  /* or not ADC is coming from state reset (if any potential problem of       */
  /* clocking, voltage regulator would not be enabled).                       */
  if (LL_ADC_IsInternalRegulatorEnabled(hadc->Instance) == 0UL)
 800cbe4:	6822      	ldr	r2, [r4, #0]
  return ((READ_BIT(ADCx->CR, ADC_CR_ADVREGEN) == (ADC_CR_ADVREGEN)) ? 1UL : 0UL);
 800cbe6:	6893      	ldr	r3, [r2, #8]
 800cbe8:	f013 5f80 	tst.w	r3, #268435456	@ 0x10000000
 800cbec:	d170      	bne.n	800ccd0 <HAL_ADC_Init+0x160>
  {
    /* Update ADC state machine to error */
    SET_BIT(hadc->State, HAL_ADC_STATE_ERROR_INTERNAL);
 800cbee:	6d63      	ldr	r3, [r4, #84]	@ 0x54
 800cbf0:	f043 0310 	orr.w	r3, r3, #16
 800cbf4:	6563      	str	r3, [r4, #84]	@ 0x54

    /* Set ADC error code to ADC peripheral internal error */
    SET_BIT(hadc->ErrorCode, HAL_ADC_ERROR_INTERNAL);
 800cbf6:	6da3      	ldr	r3, [r4, #88]	@ 0x58
 800cbf8:	f043 0301 	orr.w	r3, r3, #1
 800cbfc:	65a3      	str	r3, [r4, #88]	@ 0x58

    tmp_hal_status = HAL_ERROR;
 800cbfe:	2001      	movs	r0, #1
  * @param  ADCx ADC instance
  * @retval 0: no conversion is on going on ADC group regular.
  */
__STATIC_INLINE uint32_t LL_ADC_REG_IsConversionOngoing(const ADC_TypeDef *ADCx)
{
  return ((READ_BIT(ADCx->CR, ADC_CR_ADSTART) == (ADC_CR_ADSTART)) ? 1UL : 0UL);
 800cc00:	6893      	ldr	r3, [r2, #8]
 800cc02:	f013 0304 	ands.w	r3, r3, #4
 800cc06:	d000      	beq.n	800cc0a <HAL_ADC_Init+0x9a>
 800cc08:	2301      	movs	r3, #1
  /* correctly completed and if there is no conversion on going on regular    */
  /* group (ADC may already be enabled at this point if HAL_ADC_Init() is     */
  /* called to update a parameter on the fly).                                */
  tmp_adc_is_conversion_on_going_regular = LL_ADC_REG_IsConversionOngoing(hadc->Instance);

  if (((hadc->State & HAL_ADC_STATE_ERROR_INTERNAL) == 0UL)
 800cc0a:	6d61      	ldr	r1, [r4, #84]	@ 0x54
 800cc0c:	f011 0f10 	tst.w	r1, #16
 800cc10:	d17e      	bne.n	800cd10 <HAL_ADC_Init+0x1a0>
      && (tmp_adc_is_conversion_on_going_regular == 0UL)
 800cc12:	2b00      	cmp	r3, #0
 800cc14:	d17c      	bne.n	800cd10 <HAL_ADC_Init+0x1a0>
     )
  {
    /* Set ADC state */
    ADC_STATE_CLR_SET(hadc->State,
 800cc16:	6d63      	ldr	r3, [r4, #84]	@ 0x54
 800cc18:	f423 7381 	bic.w	r3, r3, #258	@ 0x102
 800cc1c:	f043 0302 	orr.w	r3, r3, #2
 800cc20:	6563      	str	r3, [r4, #84]	@ 0x54
  return ((READ_BIT(ADCx->CR, ADC_CR_ADEN) == (ADC_CR_ADEN)) ? 1UL : 0UL);
 800cc22:	6893      	ldr	r3, [r2, #8]
 800cc24:	f013 0f01 	tst.w	r3, #1
 800cc28:	d10b      	bne.n	800cc42 <HAL_ADC_Init+0xd2>
 800cc2a:	4b40      	ldr	r3, [pc, #256]	@ (800cd2c <HAL_ADC_Init+0x1bc>)
 800cc2c:	689b      	ldr	r3, [r3, #8]
 800cc2e:	f013 0f01 	tst.w	r3, #1
 800cc32:	d106      	bne.n	800cc42 <HAL_ADC_Init+0xd2>
        /*     parameters: MDMA, DMACFG, DELAY, DUAL (set by API                */
        /*     HAL_ADCEx_MultiModeConfigChannel() )                             */
        /*   - internal measurement paths: Vbat, temperature sensor, Vref       */
        /*     (set into HAL_ADC_ConfigChannel() or                             */
        /*     HAL_ADCEx_InjectedConfigChannel() )                              */
        LL_ADC_SetCommonClock(__LL_ADC_COMMON_INSTANCE(hadc->Instance), hadc->Init.ClockPrescaler);
 800cc34:	6863      	ldr	r3, [r4, #4]
  MODIFY_REG(ADCxy_COMMON->CCR, ADC_CCR_CKMODE | ADC_CCR_PRESC, CommonClock);
 800cc36:	493e      	ldr	r1, [pc, #248]	@ (800cd30 <HAL_ADC_Init+0x1c0>)
 800cc38:	688a      	ldr	r2, [r1, #8]
 800cc3a:	f422 127c 	bic.w	r2, r2, #4128768	@ 0x3f0000
 800cc3e:	4313      	orrs	r3, r2
 800cc40:	608b      	str	r3, [r1, #8]
    /*  - external trigger polarity                Init.ExternalTrigConvEdge  */
    /*  - continuous conversion mode               Init.ContinuousConvMode    */
    /*  - overrun                                  Init.Overrun               */
    /*  - discontinuous mode                       Init.DiscontinuousConvMode */
    /*  - discontinuous mode channel count         Init.NbrOfDiscConversion   */
    tmp_cfgr  = (ADC_CFGR_CONTINUOUS((uint32_t)hadc->Init.ContinuousConvMode)           |
 800cc42:	7e62      	ldrb	r2, [r4, #25]
                 hadc->Init.Overrun                                                     |
 800cc44:	6b63      	ldr	r3, [r4, #52]	@ 0x34
    tmp_cfgr  = (ADC_CFGR_CONTINUOUS((uint32_t)hadc->Init.ContinuousConvMode)           |
 800cc46:	ea43 3342 	orr.w	r3, r3, r2, lsl #13
                 hadc->Init.DataAlign                                                   |
 800cc4a:	68e2      	ldr	r2, [r4, #12]
                 hadc->Init.Overrun                                                     |
 800cc4c:	4313      	orrs	r3, r2
                 hadc->Init.Resolution                                                  |
 800cc4e:	68a2      	ldr	r2, [r4, #8]
                 hadc->Init.DataAlign                                                   |
 800cc50:	4313      	orrs	r3, r2
                 ADC_CFGR_REG_DISCONTINUOUS((uint32_t)hadc->Init.DiscontinuousConvMode));
 800cc52:	f894 2020 	ldrb.w	r2, [r4, #32]
    tmp_cfgr  = (ADC_CFGR_CONTINUOUS((uint32_t)hadc->Init.ContinuousConvMode)           |
 800cc56:	ea43 4302 	orr.w	r3, r3, r2, lsl #16

    if (hadc->Init.DiscontinuousConvMode == ENABLE)
 800cc5a:	2a01      	cmp	r2, #1
 800cc5c:	d03a      	beq.n	800ccd4 <HAL_ADC_Init+0x164>
    /* Enable external trigger if trigger selection is different of software  */
    /* start.                                                                 */
    /* Note: This configuration keeps the hardware feature of parameter       */
    /*       ExternalTrigConvEdge "trigger edge none" equivalent to           */
    /*       software start.                                                  */
    if (hadc->Init.ExternalTrigConv != ADC_SOFTWARE_START)
 800cc5e:	6aa2      	ldr	r2, [r4, #40]	@ 0x28
 800cc60:	b122      	cbz	r2, 800cc6c <HAL_ADC_Init+0xfc>
    {
      tmp_cfgr |= ((hadc->Init.ExternalTrigConv & ADC_CFGR_EXTSEL)
 800cc62:	f402 7270 	and.w	r2, r2, #960	@ 0x3c0
                   | hadc->Init.ExternalTrigConvEdge
 800cc66:	6ae1      	ldr	r1, [r4, #44]	@ 0x2c
 800cc68:	430a      	orrs	r2, r1
      tmp_cfgr |= ((hadc->Init.ExternalTrigConv & ADC_CFGR_EXTSEL)
 800cc6a:	4313      	orrs	r3, r2
                  );
    }

    /* Update Configuration Register CFGR */
    MODIFY_REG(hadc->Instance->CFGR, ADC_CFGR_FIELDS_1, tmp_cfgr);
 800cc6c:	6821      	ldr	r1, [r4, #0]
 800cc6e:	68cd      	ldr	r5, [r1, #12]
 800cc70:	4a30      	ldr	r2, [pc, #192]	@ (800cd34 <HAL_ADC_Init+0x1c4>)
 800cc72:	402a      	ands	r2, r5
 800cc74:	431a      	orrs	r2, r3
 800cc76:	60ca      	str	r2, [r1, #12]
    /* Parameters that can be updated when ADC is disabled or enabled without */
    /* conversion on going on regular and injected groups:                    */
    /*  - DMA continuous request          Init.DMAContinuousRequests          */
    /*  - LowPowerAutoWait feature        Init.LowPowerAutoWait               */
    /*  - Oversampling parameters         Init.Oversampling                   */
    tmp_adc_is_conversion_on_going_injected = LL_ADC_INJ_IsConversionOngoing(hadc->Instance);
 800cc78:	6822      	ldr	r2, [r4, #0]
  * @param  ADCx ADC instance
  * @retval 0: no conversion is on going on ADC group injected.
  */
__STATIC_INLINE uint32_t LL_ADC_INJ_IsConversionOngoing(const ADC_TypeDef *ADCx)
{
  return ((READ_BIT(ADCx->CR, ADC_CR_JADSTART) == (ADC_CR_JADSTART)) ? 1UL : 0UL);
 800cc7a:	6893      	ldr	r3, [r2, #8]
 800cc7c:	f013 0308 	ands.w	r3, r3, #8
 800cc80:	d000      	beq.n	800cc84 <HAL_ADC_Init+0x114>
 800cc82:	2301      	movs	r3, #1
    if ((tmp_adc_is_conversion_on_going_regular == 0UL)
        && (tmp_adc_is_conversion_on_going_injected == 0UL)
 800cc84:	b9ab      	cbnz	r3, 800ccb2 <HAL_ADC_Init+0x142>
       )
    {
      tmp_cfgr = (ADC_CFGR_DFSDM(hadc)                                            |
                   ADC_CFGR_AUTOWAIT((uint32_t)hadc->Init.LowPowerAutoWait)        |
 800cc86:	7e23      	ldrb	r3, [r4, #24]
                   ADC_CFGR_DMACONTREQ((uint32_t)hadc->Init.DMAContinuousRequests));
 800cc88:	f894 1030 	ldrb.w	r1, [r4, #48]	@ 0x30
 800cc8c:	0049      	lsls	r1, r1, #1
      tmp_cfgr = (ADC_CFGR_DFSDM(hadc)                                            |
 800cc8e:	ea41 3183 	orr.w	r1, r1, r3, lsl #14

      MODIFY_REG(hadc->Instance->CFGR, ADC_CFGR_FIELDS_2, tmp_cfgr);
 800cc92:	68d3      	ldr	r3, [r2, #12]
 800cc94:	f423 4380 	bic.w	r3, r3, #16384	@ 0x4000
 800cc98:	f023 0302 	bic.w	r3, r3, #2
 800cc9c:	430b      	orrs	r3, r1
 800cc9e:	60d3      	str	r3, [r2, #12]

      if (hadc->Init.OversamplingMode == ENABLE)
 800cca0:	f894 3038 	ldrb.w	r3, [r4, #56]	@ 0x38
 800cca4:	2b01      	cmp	r3, #1
 800cca6:	d01a      	beq.n	800ccde <HAL_ADC_Init+0x16e>
                  );
      }
      else
      {
        /* Disable ADC oversampling scope on ADC group regular */
        CLEAR_BIT(hadc->Instance->CFGR2, ADC_CFGR2_ROVSE);
 800cca8:	6822      	ldr	r2, [r4, #0]
 800ccaa:	6913      	ldr	r3, [r2, #16]
 800ccac:	f023 0301 	bic.w	r3, r3, #1
 800ccb0:	6113      	str	r3, [r2, #16]
    /*   Note: Scan mode is not present by hardware on this device, but       */
    /*   emulated by software for alignment over all STM32 devices.           */
    /* - if scan mode is enabled, regular channels sequence length is set to  */
    /*   parameter "NbrOfConversion".                                         */

    if (hadc->Init.ScanConvMode == ADC_SCAN_ENABLE)
 800ccb2:	6923      	ldr	r3, [r4, #16]
 800ccb4:	2b01      	cmp	r3, #1
 800ccb6:	d022      	beq.n	800ccfe <HAL_ADC_Init+0x18e>
      /* Set number of ranks in regular group sequencer */
      MODIFY_REG(hadc->Instance->SQR1, ADC_SQR1_L, (hadc->Init.NbrOfConversion - (uint8_t)1));
    }
    else
    {
      CLEAR_BIT(hadc->Instance->SQR1, ADC_SQR1_L);
 800ccb8:	6822      	ldr	r2, [r4, #0]
 800ccba:	6b13      	ldr	r3, [r2, #48]	@ 0x30
 800ccbc:	f023 030f 	bic.w	r3, r3, #15
 800ccc0:	6313      	str	r3, [r2, #48]	@ 0x30
    }

    /* Initialize the ADC state */
    /* Clear HAL_ADC_STATE_BUSY_INTERNAL bit, set HAL_ADC_STATE_READY bit */
    ADC_STATE_CLR_SET(hadc->State, HAL_ADC_STATE_BUSY_INTERNAL, HAL_ADC_STATE_READY);
 800ccc2:	6d63      	ldr	r3, [r4, #84]	@ 0x54
 800ccc4:	f023 0303 	bic.w	r3, r3, #3
 800ccc8:	f043 0301 	orr.w	r3, r3, #1
 800cccc:	6563      	str	r3, [r4, #84]	@ 0x54
 800ccce:	e024      	b.n	800cd1a <HAL_ADC_Init+0x1aa>
  HAL_StatusTypeDef tmp_hal_status = HAL_OK;
 800ccd0:	2000      	movs	r0, #0
 800ccd2:	e795      	b.n	800cc00 <HAL_ADC_Init+0x90>
      tmp_cfgr |= ADC_CFGR_DISCONTINUOUS_NUM(hadc->Init.NbrOfDiscConversion);
 800ccd4:	6a62      	ldr	r2, [r4, #36]	@ 0x24
 800ccd6:	3a01      	subs	r2, #1
 800ccd8:	ea43 4342 	orr.w	r3, r3, r2, lsl #17
 800ccdc:	e7bf      	b.n	800cc5e <HAL_ADC_Init+0xee>
        MODIFY_REG(hadc->Instance->CFGR2,
 800ccde:	6821      	ldr	r1, [r4, #0]
 800cce0:	690b      	ldr	r3, [r1, #16]
 800cce2:	f36f 038a 	bfc	r3, #2, #9
 800cce6:	6be2      	ldr	r2, [r4, #60]	@ 0x3c
 800cce8:	6c25      	ldr	r5, [r4, #64]	@ 0x40
 800ccea:	432a      	orrs	r2, r5
 800ccec:	6c65      	ldr	r5, [r4, #68]	@ 0x44
 800ccee:	432a      	orrs	r2, r5
 800ccf0:	6ca5      	ldr	r5, [r4, #72]	@ 0x48
 800ccf2:	432a      	orrs	r2, r5
 800ccf4:	4313      	orrs	r3, r2
 800ccf6:	f043 0301 	orr.w	r3, r3, #1
 800ccfa:	610b      	str	r3, [r1, #16]
 800ccfc:	e7d9      	b.n	800ccb2 <HAL_ADC_Init+0x142>
      MODIFY_REG(hadc->Instance->SQR1, ADC_SQR1_L, (hadc->Init.NbrOfConversion - (uint8_t)1));
 800ccfe:	6821      	ldr	r1, [r4, #0]
 800cd00:	6b0b      	ldr	r3, [r1, #48]	@ 0x30
 800cd02:	f023 030f 	bic.w	r3, r3, #15
 800cd06:	69e2      	ldr	r2, [r4, #28]
 800cd08:	3a01      	subs	r2, #1
 800cd0a:	4313      	orrs	r3, r2
 800cd0c:	630b      	str	r3, [r1, #48]	@ 0x30
 800cd0e:	e7d8      	b.n	800ccc2 <HAL_ADC_Init+0x152>
  }
  else
  {
    /* Update ADC state machine to error */
    SET_BIT(hadc->State, HAL_ADC_STATE_ERROR_INTERNAL);
 800cd10:	6d63      	ldr	r3, [r4, #84]	@ 0x54
 800cd12:	f043 0310 	orr.w	r3, r3, #16
 800cd16:	6563      	str	r3, [r4, #84]	@ 0x54

    tmp_hal_status = HAL_ERROR;
 800cd18:	2001      	movs	r0, #1
  }

  /* Return function status */
  return tmp_hal_status;
}
 800cd1a:	b003      	add	sp, #12
 800cd1c:	bd30      	pop	{r4, r5, pc}
    return HAL_ERROR;
 800cd1e:	2001      	movs	r0, #1
 800cd20:	e7fb      	b.n	800cd1a <HAL_ADC_Init+0x1aa>
 800cd22:	bf00      	nop
 800cd24:	20000054 	.word	0x20000054
 800cd28:	053e2d63 	.word	0x053e2d63
 800cd2c:	50040000 	.word	0x50040000
 800cd30:	50040300 	.word	0x50040300
 800cd34:	fff0c007 	.word	0xfff0c007

0800cd38 <HAL_ADC_PollForConversion>:
  * @param hadc ADC handle
  * @param Timeout Timeout value in millisecond.
  * @retval HAL status
  */
HAL_StatusTypeDef HAL_ADC_PollForConversion(ADC_HandleTypeDef *hadc, uint32_t Timeout)
{
 800cd38:	b5f8      	push	{r3, r4, r5, r6, r7, lr}
 800cd3a:	4604      	mov	r4, r0
 800cd3c:	460e      	mov	r6, r1

  /* Check the parameters */
  assert_param(IS_ADC_ALL_INSTANCE(hadc->Instance));

  /* If end of conversion selected to end of sequence conversions */
  if (hadc->Init.EOCSelection == ADC_EOC_SEQ_CONV)
 800cd3e:	6945      	ldr	r5, [r0, #20]
 800cd40:	2d08      	cmp	r5, #8
 800cd42:	d005      	beq.n	800cd50 <HAL_ADC_PollForConversion+0x18>
        tmp_Flag_End = (ADC_FLAG_EOC);
      }
    }
#else
    /* Check ADC DMA mode */
    if (READ_BIT(hadc->Instance->CFGR, ADC_CFGR_DMAEN) != 0UL)
 800cd44:	6803      	ldr	r3, [r0, #0]
 800cd46:	68db      	ldr	r3, [r3, #12]
 800cd48:	f013 0f01 	tst.w	r3, #1
 800cd4c:	d11e      	bne.n	800cd8c <HAL_ADC_PollForConversion+0x54>
      SET_BIT(hadc->State, HAL_ADC_STATE_ERROR_CONFIG);
      return HAL_ERROR;
    }
    else
    {
      tmp_Flag_End = (ADC_FLAG_EOC);
 800cd4e:	2504      	movs	r5, #4
    }
#endif /* ADC_MULTIMODE_SUPPORT */
  }

  /* Get tick count */
  tickstart = HAL_GetTick();
 800cd50:	f7ff feda 	bl	800cb08 <HAL_GetTick>
 800cd54:	4607      	mov	r7, r0

  /* Wait until End of unitary conversion or sequence conversions flag is raised */
  while ((hadc->Instance->ISR & tmp_Flag_End) == 0UL)
 800cd56:	6823      	ldr	r3, [r4, #0]
 800cd58:	681a      	ldr	r2, [r3, #0]
 800cd5a:	422a      	tst	r2, r5
 800cd5c:	d11c      	bne.n	800cd98 <HAL_ADC_PollForConversion+0x60>
  {
    /* Check if timeout is disabled (set to infinite wait) */
    if (Timeout != HAL_MAX_DELAY)
 800cd5e:	f1b6 3fff 	cmp.w	r6, #4294967295
 800cd62:	d0f8      	beq.n	800cd56 <HAL_ADC_PollForConversion+0x1e>
    {
      if (((HAL_GetTick() - tickstart) > Timeout) || (Timeout == 0UL))
 800cd64:	f7ff fed0 	bl	800cb08 <HAL_GetTick>
 800cd68:	1bc3      	subs	r3, r0, r7
 800cd6a:	42b3      	cmp	r3, r6
 800cd6c:	d801      	bhi.n	800cd72 <HAL_ADC_PollForConversion+0x3a>
 800cd6e:	2e00      	cmp	r6, #0
 800cd70:	d1f1      	bne.n	800cd56 <HAL_ADC_PollForConversion+0x1e>
      {
        /* New check to avoid false timeout detection in case of preemption */
        if ((hadc->Instance->ISR & tmp_Flag_End) == 0UL)
 800cd72:	6823      	ldr	r3, [r4, #0]
 800cd74:	681b      	ldr	r3, [r3, #0]
 800cd76:	422b      	tst	r3, r5
 800cd78:	d1ed      	bne.n	800cd56 <HAL_ADC_PollForConversion+0x1e>
        {
          /* Update ADC state machine to timeout */
          SET_BIT(hadc->State, HAL_ADC_STATE_TIMEOUT);
 800cd7a:	6d63      	ldr	r3, [r4, #84]	@ 0x54
 800cd7c:	f043 0304 	orr.w	r3, r3, #4
 800cd80:	6563      	str	r3, [r4, #84]	@ 0x54

          /* Process unlocked */
          __HAL_UNLOCK(hadc);
 800cd82:	2300      	movs	r3, #0
 800cd84:	f884 3050 	strb.w	r3, [r4, #80]	@ 0x50

          return HAL_TIMEOUT;
 800cd88:	2003      	movs	r0, #3
 800cd8a:	e004      	b.n	800cd96 <HAL_ADC_PollForConversion+0x5e>
      SET_BIT(hadc->State, HAL_ADC_STATE_ERROR_CONFIG);
 800cd8c:	6d43      	ldr	r3, [r0, #84]	@ 0x54
 800cd8e:	f043 0320 	orr.w	r3, r3, #32
 800cd92:	6543      	str	r3, [r0, #84]	@ 0x54
      return HAL_ERROR;
 800cd94:	2001      	movs	r0, #1
    }
  }

  /* Return function status */
  return HAL_OK;
}
 800cd96:	bdf8      	pop	{r3, r4, r5, r6, r7, pc}
  SET_BIT(hadc->State, HAL_ADC_STATE_REG_EOC);
 800cd98:	6d62      	ldr	r2, [r4, #84]	@ 0x54
 800cd9a:	f442 7200 	orr.w	r2, r2, #512	@ 0x200
 800cd9e:	6562      	str	r2, [r4, #84]	@ 0x54
  return ((READ_BIT(ADCx->CFGR, ADC_CFGR_EXTEN) == (LL_ADC_REG_TRIG_SOFTWARE & ADC_CFGR_EXTEN)) ? 1UL : 0UL);
 800cda0:	68da      	ldr	r2, [r3, #12]
 800cda2:	f412 6f40 	tst.w	r2, #3072	@ 0xc00
 800cda6:	d111      	bne.n	800cdcc <HAL_ADC_PollForConversion+0x94>
      && (hadc->Init.ContinuousConvMode == DISABLE)
 800cda8:	7e62      	ldrb	r2, [r4, #25]
 800cdaa:	b97a      	cbnz	r2, 800cdcc <HAL_ADC_PollForConversion+0x94>
    if (__HAL_ADC_GET_FLAG(hadc, ADC_FLAG_EOS))
 800cdac:	681a      	ldr	r2, [r3, #0]
 800cdae:	f012 0f08 	tst.w	r2, #8
 800cdb2:	d00b      	beq.n	800cdcc <HAL_ADC_PollForConversion+0x94>
      CLEAR_BIT(hadc->State, HAL_ADC_STATE_REG_BUSY);
 800cdb4:	6d62      	ldr	r2, [r4, #84]	@ 0x54
 800cdb6:	f422 7280 	bic.w	r2, r2, #256	@ 0x100
 800cdba:	6562      	str	r2, [r4, #84]	@ 0x54
      if ((hadc->State & HAL_ADC_STATE_INJ_BUSY) == 0UL)
 800cdbc:	6d62      	ldr	r2, [r4, #84]	@ 0x54
 800cdbe:	f412 5f80 	tst.w	r2, #4096	@ 0x1000
 800cdc2:	d103      	bne.n	800cdcc <HAL_ADC_PollForConversion+0x94>
        SET_BIT(hadc->State, HAL_ADC_STATE_READY);
 800cdc4:	6d62      	ldr	r2, [r4, #84]	@ 0x54
 800cdc6:	f042 0201 	orr.w	r2, r2, #1
 800cdca:	6562      	str	r2, [r4, #84]	@ 0x54
  tmp_cfgr = READ_REG(hadc->Instance->CFGR);
 800cdcc:	68da      	ldr	r2, [r3, #12]
  if (tmp_Flag_End == ADC_FLAG_EOS)
 800cdce:	2d08      	cmp	r5, #8
 800cdd0:	d006      	beq.n	800cde0 <HAL_ADC_PollForConversion+0xa8>
    if (READ_BIT(tmp_cfgr, ADC_CFGR_AUTDLY) == 0UL)
 800cdd2:	f412 4f80 	tst.w	r2, #16384	@ 0x4000
 800cdd6:	d107      	bne.n	800cde8 <HAL_ADC_PollForConversion+0xb0>
      __HAL_ADC_CLEAR_FLAG(hadc, (ADC_FLAG_EOC | ADC_FLAG_EOS));
 800cdd8:	220c      	movs	r2, #12
 800cdda:	601a      	str	r2, [r3, #0]
  return HAL_OK;
 800cddc:	2000      	movs	r0, #0
 800cdde:	e7da      	b.n	800cd96 <HAL_ADC_PollForConversion+0x5e>
    __HAL_ADC_CLEAR_FLAG(hadc, ADC_FLAG_EOS);
 800cde0:	2208      	movs	r2, #8
 800cde2:	601a      	str	r2, [r3, #0]
  return HAL_OK;
 800cde4:	2000      	movs	r0, #0
 800cde6:	e7d6      	b.n	800cd96 <HAL_ADC_PollForConversion+0x5e>
 800cde8:	2000      	movs	r0, #0
 800cdea:	e7d4      	b.n	800cd96 <HAL_ADC_PollForConversion+0x5e>

0800cdec <HAL_ADC_GetValue>:

  /* Note: EOC flag is not cleared here by software because automatically     */
  /*       cleared by hardware when reading register DR.                      */

  /* Return ADC converted value */
  return hadc->Instance->DR;
 800cdec:	6803      	ldr	r3, [r0, #0]
 800cdee:	6c18      	ldr	r0, [r3, #64]	@ 0x40
}
 800cdf0:	4770      	bx	lr
	...

0800cdf4 <HAL_ADC_ConfigChannel>:
  * @param hadc ADC handle
  * @param pConfig Structure of ADC channel assigned to ADC group regular.
  * @retval HAL status
  */
HAL_StatusTypeDef HAL_ADC_ConfigChannel(ADC_HandleTypeDef *hadc, const ADC_ChannelConfTypeDef *pConfig)
{
 800cdf4:	b5f0      	push	{r4, r5, r6, r7, lr}
 800cdf6:	b083      	sub	sp, #12
  HAL_StatusTypeDef tmp_hal_status = HAL_OK;
  uint32_t tmpOffsetShifted;
  uint32_t tmp_config_internal_channel;
  __IO uint32_t wait_loop_index = 0UL;
 800cdf8:	2300      	movs	r3, #0
 800cdfa:	9301      	str	r3, [sp, #4]
  {
    assert_param(IS_ADC_DIFF_CHANNEL(hadc, pConfig->Channel));
  }

  /* Process locked */
  __HAL_LOCK(hadc);
 800cdfc:	f890 3050 	ldrb.w	r3, [r0, #80]	@ 0x50
 800ce00:	2b01      	cmp	r3, #1
 800ce02:	f000 8203 	beq.w	800d20c <HAL_ADC_ConfigChannel+0x418>
 800ce06:	4604      	mov	r4, r0
 800ce08:	460d      	mov	r5, r1
 800ce0a:	2301      	movs	r3, #1
 800ce0c:	f880 3050 	strb.w	r3, [r0, #80]	@ 0x50
  /* Parameters update conditioned to ADC state:                              */
  /* Parameters that can be updated when ADC is disabled or enabled without   */
  /* conversion on going on regular group:                                    */
  /*  - Channel number                                                        */
  /*  - Channel rank                                                          */
  if (LL_ADC_REG_IsConversionOngoing(hadc->Instance) == 0UL)
 800ce10:	6800      	ldr	r0, [r0, #0]
  return ((READ_BIT(ADCx->CR, ADC_CR_ADSTART) == (ADC_CR_ADSTART)) ? 1UL : 0UL);
 800ce12:	6883      	ldr	r3, [r0, #8]
 800ce14:	f013 0f04 	tst.w	r3, #4
 800ce18:	d009      	beq.n	800ce2e <HAL_ADC_ConfigChannel+0x3a>
  /* channel could be done on neither of the channel configuration structure  */
  /* parameters.                                                              */
  else
  {
    /* Update ADC state machine to error */
    SET_BIT(hadc->State, HAL_ADC_STATE_ERROR_CONFIG);
 800ce1a:	6d63      	ldr	r3, [r4, #84]	@ 0x54
 800ce1c:	f043 0320 	orr.w	r3, r3, #32
 800ce20:	6563      	str	r3, [r4, #84]	@ 0x54

    tmp_hal_status = HAL_ERROR;
 800ce22:	2001      	movs	r0, #1
  }

  /* Process unlocked */
  __HAL_UNLOCK(hadc);
 800ce24:	2300      	movs	r3, #0
 800ce26:	f884 3050 	strb.w	r3, [r4, #80]	@ 0x50

  /* Return function status */
  return tmp_hal_status;
}
 800ce2a:	b003      	add	sp, #12
 800ce2c:	bdf0      	pop	{r4, r5, r6, r7, pc}
    uint32_t config_rank = pConfig->Rank;
 800ce2e:	6849      	ldr	r1, [r1, #4]
    if (pConfig->Rank <= 5U)
 800ce30:	2905      	cmp	r1, #5
 800ce32:	d807      	bhi.n	800ce44 <HAL_ADC_ConfigChannel+0x50>
      switch (pConfig->Rank)
 800ce34:	3902      	subs	r1, #2
 800ce36:	2903      	cmp	r1, #3
 800ce38:	d84e      	bhi.n	800ced8 <HAL_ADC_ConfigChannel+0xe4>
 800ce3a:	e8df f001 	tbb	[pc, r1]
 800ce3e:	4f02      	.short	0x4f02
 800ce40:	4a48      	.short	0x4a48
 800ce42:	210c      	movs	r1, #12
    LL_ADC_REG_SetSequencerRanks(hadc->Instance, config_rank, pConfig->Channel);
 800ce44:	682a      	ldr	r2, [r5, #0]
 800ce46:	f7ff fe65 	bl	800cb14 <LL_ADC_REG_SetSequencerRanks>
    tmp_adc_is_conversion_on_going_regular = LL_ADC_REG_IsConversionOngoing(hadc->Instance);
 800ce4a:	6820      	ldr	r0, [r4, #0]
 800ce4c:	6883      	ldr	r3, [r0, #8]
 800ce4e:	f013 0304 	ands.w	r3, r3, #4
 800ce52:	d000      	beq.n	800ce56 <HAL_ADC_ConfigChannel+0x62>
 800ce54:	2301      	movs	r3, #1
  return ((READ_BIT(ADCx->CR, ADC_CR_JADSTART) == (ADC_CR_JADSTART)) ? 1UL : 0UL);
 800ce56:	6882      	ldr	r2, [r0, #8]
 800ce58:	f012 0208 	ands.w	r2, r2, #8
 800ce5c:	d000      	beq.n	800ce60 <HAL_ADC_ConfigChannel+0x6c>
 800ce5e:	2201      	movs	r2, #1
    if ((tmp_adc_is_conversion_on_going_regular == 0UL)
 800ce60:	b90b      	cbnz	r3, 800ce66 <HAL_ADC_ConfigChannel+0x72>
        && (tmp_adc_is_conversion_on_going_injected == 0UL)
 800ce62:	2a00      	cmp	r2, #0
 800ce64:	d03c      	beq.n	800cee0 <HAL_ADC_ConfigChannel+0xec>
    if (LL_ADC_IsEnabled(hadc->Instance) == 0UL)
 800ce66:	6822      	ldr	r2, [r4, #0]
  return ((READ_BIT(ADCx->CR, ADC_CR_ADEN) == (ADC_CR_ADEN)) ? 1UL : 0UL);
 800ce68:	6893      	ldr	r3, [r2, #8]
 800ce6a:	f013 0f01 	tst.w	r3, #1
 800ce6e:	d117      	bne.n	800cea0 <HAL_ADC_ConfigChannel+0xac>
      LL_ADC_SetChannelSingleDiff(hadc->Instance, pConfig->Channel, pConfig->SingleDiff);
 800ce70:	682b      	ldr	r3, [r5, #0]
 800ce72:	68e8      	ldr	r0, [r5, #12]
  MODIFY_REG(ADCx->DIFSEL,
 800ce74:	f8d2 10b0 	ldr.w	r1, [r2, #176]	@ 0xb0
 800ce78:	f3c3 0612 	ubfx	r6, r3, #0, #19
 800ce7c:	ea21 0106 	bic.w	r1, r1, r6
 800ce80:	f000 0c18 	and.w	ip, r0, #24
 800ce84:	48a8      	ldr	r0, [pc, #672]	@ (800d128 <HAL_ADC_ConfigChannel+0x334>)
 800ce86:	fa20 f00c 	lsr.w	r0, r0, ip
 800ce8a:	4003      	ands	r3, r0
 800ce8c:	f3c3 0312 	ubfx	r3, r3, #0, #19
 800ce90:	430b      	orrs	r3, r1
 800ce92:	f8c2 30b0 	str.w	r3, [r2, #176]	@ 0xb0
      if (pConfig->SingleDiff == ADC_DIFFERENTIAL_ENDED)
 800ce96:	68ea      	ldr	r2, [r5, #12]
 800ce98:	4ba4      	ldr	r3, [pc, #656]	@ (800d12c <HAL_ADC_ConfigChannel+0x338>)
 800ce9a:	429a      	cmp	r2, r3
 800ce9c:	f000 80a5 	beq.w	800cfea <HAL_ADC_ConfigChannel+0x1f6>
    if (__LL_ADC_IS_CHANNEL_INTERNAL(pConfig->Channel))
 800cea0:	682b      	ldr	r3, [r5, #0]
 800cea2:	4aa3      	ldr	r2, [pc, #652]	@ (800d130 <HAL_ADC_ConfigChannel+0x33c>)
 800cea4:	4213      	tst	r3, r2
 800cea6:	f000 81ad 	beq.w	800d204 <HAL_ADC_ConfigChannel+0x410>
  return (uint32_t)(READ_BIT(ADCxy_COMMON->CCR, ADC_CCR_VREFEN | ADC_CCR_TSEN | ADC_CCR_VBATEN));
 800ceaa:	4aa2      	ldr	r2, [pc, #648]	@ (800d134 <HAL_ADC_ConfigChannel+0x340>)
 800ceac:	6892      	ldr	r2, [r2, #8]
 800ceae:	f002 70e0 	and.w	r0, r2, #29360128	@ 0x1c00000
      if ((pConfig->Channel == ADC_CHANNEL_TEMPSENSOR)
 800ceb2:	49a1      	ldr	r1, [pc, #644]	@ (800d138 <HAL_ADC_ConfigChannel+0x344>)
 800ceb4:	428b      	cmp	r3, r1
 800ceb6:	f000 8158 	beq.w	800d16a <HAL_ADC_ConfigChannel+0x376>
      else if ((pConfig->Channel == ADC_CHANNEL_VBAT)
 800ceba:	49a0      	ldr	r1, [pc, #640]	@ (800d13c <HAL_ADC_ConfigChannel+0x348>)
 800cebc:	428b      	cmp	r3, r1
 800cebe:	f000 817a 	beq.w	800d1b6 <HAL_ADC_ConfigChannel+0x3c2>
      else if ((pConfig->Channel == ADC_CHANNEL_VREFINT)
 800cec2:	499f      	ldr	r1, [pc, #636]	@ (800d140 <HAL_ADC_ConfigChannel+0x34c>)
 800cec4:	428b      	cmp	r3, r1
 800cec6:	f000 818a 	beq.w	800d1de <HAL_ADC_ConfigChannel+0x3ea>
  HAL_StatusTypeDef tmp_hal_status = HAL_OK;
 800ceca:	2000      	movs	r0, #0
 800cecc:	e7aa      	b.n	800ce24 <HAL_ADC_ConfigChannel+0x30>
          config_rank = ADC_REGULAR_RANK_4;
 800cece:	2118      	movs	r1, #24
          break;
 800ced0:	e7b8      	b.n	800ce44 <HAL_ADC_ConfigChannel+0x50>
          config_rank = ADC_REGULAR_RANK_5;
 800ced2:	f44f 7180 	mov.w	r1, #256	@ 0x100
          break;
 800ced6:	e7b5      	b.n	800ce44 <HAL_ADC_ConfigChannel+0x50>
          config_rank = ADC_REGULAR_RANK_1;
 800ced8:	2106      	movs	r1, #6
          break;
 800ceda:	e7b3      	b.n	800ce44 <HAL_ADC_ConfigChannel+0x50>
          config_rank = ADC_REGULAR_RANK_3;
 800cedc:	2112      	movs	r1, #18
 800cede:	e7b1      	b.n	800ce44 <HAL_ADC_ConfigChannel+0x50>
      LL_ADC_SetChannelSamplingTime(hadc->Instance, pConfig->Channel, pConfig->SamplingTime);
 800cee0:	68aa      	ldr	r2, [r5, #8]
 800cee2:	6829      	ldr	r1, [r5, #0]
 800cee4:	f7ff fe2e 	bl	800cb44 <LL_ADC_SetChannelSamplingTime>
      tmpOffsetShifted = ADC_OFFSET_SHIFT_RESOLUTION(hadc, (uint32_t)pConfig->Offset);
 800cee8:	6969      	ldr	r1, [r5, #20]
 800ceea:	6822      	ldr	r2, [r4, #0]
 800ceec:	68d3      	ldr	r3, [r2, #12]
 800ceee:	f3c3 03c1 	ubfx	r3, r3, #3, #2
 800cef2:	005b      	lsls	r3, r3, #1
 800cef4:	4099      	lsls	r1, r3
      if (pConfig->OffsetNumber != ADC_OFFSET_NONE)
 800cef6:	6928      	ldr	r0, [r5, #16]
 800cef8:	2804      	cmp	r0, #4
 800cefa:	d00e      	beq.n	800cf1a <HAL_ADC_ConfigChannel+0x126>
        LL_ADC_SetOffset(hadc->Instance, pConfig->OffsetNumber, pConfig->Channel, tmpOffsetShifted);
 800cefc:	682e      	ldr	r6, [r5, #0]
  __IO uint32_t *preg = __ADC_PTR_REG_OFFSET(ADCx->OFR1, Offsety);
 800cefe:	3260      	adds	r2, #96	@ 0x60
  MODIFY_REG(*preg,
 800cf00:	f852 7020 	ldr.w	r7, [r2, r0, lsl #2]
 800cf04:	4b8f      	ldr	r3, [pc, #572]	@ (800d144 <HAL_ADC_ConfigChannel+0x350>)
 800cf06:	403b      	ands	r3, r7
 800cf08:	f006 46f8 	and.w	r6, r6, #2080374784	@ 0x7c000000
 800cf0c:	4331      	orrs	r1, r6
 800cf0e:	430b      	orrs	r3, r1
 800cf10:	f043 4300 	orr.w	r3, r3, #2147483648	@ 0x80000000
 800cf14:	f842 3020 	str.w	r3, [r2, r0, lsl #2]
}
 800cf18:	e7a5      	b.n	800ce66 <HAL_ADC_ConfigChannel+0x72>
  return (uint32_t) READ_BIT(*preg, ADC_OFR1_OFFSET1_CH);
 800cf1a:	6e13      	ldr	r3, [r2, #96]	@ 0x60
 800cf1c:	6e11      	ldr	r1, [r2, #96]	@ 0x60
        if (__LL_ADC_CHANNEL_TO_DECIMAL_NB(LL_ADC_GetOffsetChannel(hadc->Instance, LL_ADC_OFFSET_1))
 800cf1e:	f3c1 6184 	ubfx	r1, r1, #26, #5
            == __LL_ADC_CHANNEL_TO_DECIMAL_NB(pConfig->Channel))
 800cf22:	682b      	ldr	r3, [r5, #0]
 800cf24:	f3c3 0012 	ubfx	r0, r3, #0, #19
 800cf28:	bb80      	cbnz	r0, 800cf8c <HAL_ADC_ConfigChannel+0x198>
 800cf2a:	f3c3 6384 	ubfx	r3, r3, #26, #5
        if (__LL_ADC_CHANNEL_TO_DECIMAL_NB(LL_ADC_GetOffsetChannel(hadc->Instance, LL_ADC_OFFSET_1))
 800cf2e:	4299      	cmp	r1, r3
 800cf30:	d034      	beq.n	800cf9c <HAL_ADC_ConfigChannel+0x1a8>
        if (__LL_ADC_CHANNEL_TO_DECIMAL_NB(LL_ADC_GetOffsetChannel(hadc->Instance, LL_ADC_OFFSET_2))
 800cf32:	6821      	ldr	r1, [r4, #0]
 800cf34:	6e4b      	ldr	r3, [r1, #100]	@ 0x64
 800cf36:	6e4a      	ldr	r2, [r1, #100]	@ 0x64
 800cf38:	f3c2 6284 	ubfx	r2, r2, #26, #5
            == __LL_ADC_CHANNEL_TO_DECIMAL_NB(pConfig->Channel))
 800cf3c:	682b      	ldr	r3, [r5, #0]
 800cf3e:	f3c3 0012 	ubfx	r0, r3, #0, #19
 800cf42:	bb80      	cbnz	r0, 800cfa6 <HAL_ADC_ConfigChannel+0x1b2>
 800cf44:	f3c3 6384 	ubfx	r3, r3, #26, #5
        if (__LL_ADC_CHANNEL_TO_DECIMAL_NB(LL_ADC_GetOffsetChannel(hadc->Instance, LL_ADC_OFFSET_2))
 800cf48:	429a      	cmp	r2, r3
 800cf4a:	d034      	beq.n	800cfb6 <HAL_ADC_ConfigChannel+0x1c2>
        if (__LL_ADC_CHANNEL_TO_DECIMAL_NB(LL_ADC_GetOffsetChannel(hadc->Instance, LL_ADC_OFFSET_3))
 800cf4c:	6821      	ldr	r1, [r4, #0]
 800cf4e:	6e8b      	ldr	r3, [r1, #104]	@ 0x68
 800cf50:	6e8a      	ldr	r2, [r1, #104]	@ 0x68
 800cf52:	f3c2 6284 	ubfx	r2, r2, #26, #5
            == __LL_ADC_CHANNEL_TO_DECIMAL_NB(pConfig->Channel))
 800cf56:	682b      	ldr	r3, [r5, #0]
 800cf58:	f3c3 0012 	ubfx	r0, r3, #0, #19
 800cf5c:	bb80      	cbnz	r0, 800cfc0 <HAL_ADC_ConfigChannel+0x1cc>
 800cf5e:	f3c3 6384 	ubfx	r3, r3, #26, #5
        if (__LL_ADC_CHANNEL_TO_DECIMAL_NB(LL_ADC_GetOffsetChannel(hadc->Instance, LL_ADC_OFFSET_3))
 800cf62:	429a      	cmp	r2, r3
 800cf64:	d034      	beq.n	800cfd0 <HAL_ADC_ConfigChannel+0x1dc>
        if (__LL_ADC_CHANNEL_TO_DECIMAL_NB(LL_ADC_GetOffsetChannel(hadc->Instance, LL_ADC_OFFSET_4))
 800cf66:	6821      	ldr	r1, [r4, #0]
 800cf68:	6ecb      	ldr	r3, [r1, #108]	@ 0x6c
 800cf6a:	6eca      	ldr	r2, [r1, #108]	@ 0x6c
 800cf6c:	f3c2 6284 	ubfx	r2, r2, #26, #5
            == __LL_ADC_CHANNEL_TO_DECIMAL_NB(pConfig->Channel))
 800cf70:	682b      	ldr	r3, [r5, #0]
 800cf72:	f3c3 0012 	ubfx	r0, r3, #0, #19
 800cf76:	bb80      	cbnz	r0, 800cfda <HAL_ADC_ConfigChannel+0x1e6>
 800cf78:	f3c3 6384 	ubfx	r3, r3, #26, #5
        if (__LL_ADC_CHANNEL_TO_DECIMAL_NB(LL_ADC_GetOffsetChannel(hadc->Instance, LL_ADC_OFFSET_4))
 800cf7c:	429a      	cmp	r2, r3
 800cf7e:	f47f af72 	bne.w	800ce66 <HAL_ADC_ConfigChannel+0x72>
  MODIFY_REG(*preg,
 800cf82:	6ecb      	ldr	r3, [r1, #108]	@ 0x6c
 800cf84:	f023 4300 	bic.w	r3, r3, #2147483648	@ 0x80000000
 800cf88:	66cb      	str	r3, [r1, #108]	@ 0x6c
}
 800cf8a:	e76c      	b.n	800ce66 <HAL_ADC_ConfigChannel+0x72>
  uint32_t result;

#if ((defined (__ARM_ARCH_7M__      ) && (__ARM_ARCH_7M__      == 1)) || \
     (defined (__ARM_ARCH_7EM__     ) && (__ARM_ARCH_7EM__     == 1)) || \
     (defined (__ARM_ARCH_8M_MAIN__ ) && (__ARM_ARCH_8M_MAIN__ == 1))    )
   __ASM volatile ("rbit %0, %1" : "=r" (result) : "r" (value) );
 800cf8c:	fa93 f3a3 	rbit	r3, r3
     optimisations using the logic "value was passed to __builtin_clz, so it
     is non-zero".
     ARM GCC 7.3 and possibly earlier will optimise this test away, leaving a
     single CLZ instruction.
   */
  if (value == 0U)
 800cf90:	b113      	cbz	r3, 800cf98 <HAL_ADC_ConfigChannel+0x1a4>
  {
    return 32U;
  }
  return __builtin_clz(value);
 800cf92:	fab3 f383 	clz	r3, r3
 800cf96:	e7ca      	b.n	800cf2e <HAL_ADC_ConfigChannel+0x13a>
    return 32U;
 800cf98:	2320      	movs	r3, #32
 800cf9a:	e7c8      	b.n	800cf2e <HAL_ADC_ConfigChannel+0x13a>
  MODIFY_REG(*preg,
 800cf9c:	6e13      	ldr	r3, [r2, #96]	@ 0x60
 800cf9e:	f023 4300 	bic.w	r3, r3, #2147483648	@ 0x80000000
 800cfa2:	6613      	str	r3, [r2, #96]	@ 0x60
}
 800cfa4:	e7c5      	b.n	800cf32 <HAL_ADC_ConfigChannel+0x13e>
   __ASM volatile ("rbit %0, %1" : "=r" (result) : "r" (value) );
 800cfa6:	fa93 f3a3 	rbit	r3, r3
  if (value == 0U)
 800cfaa:	b113      	cbz	r3, 800cfb2 <HAL_ADC_ConfigChannel+0x1be>
  return __builtin_clz(value);
 800cfac:	fab3 f383 	clz	r3, r3
 800cfb0:	e7ca      	b.n	800cf48 <HAL_ADC_ConfigChannel+0x154>
    return 32U;
 800cfb2:	2320      	movs	r3, #32
 800cfb4:	e7c8      	b.n	800cf48 <HAL_ADC_ConfigChannel+0x154>
  MODIFY_REG(*preg,
 800cfb6:	6e4b      	ldr	r3, [r1, #100]	@ 0x64
 800cfb8:	f023 4300 	bic.w	r3, r3, #2147483648	@ 0x80000000
 800cfbc:	664b      	str	r3, [r1, #100]	@ 0x64
}
 800cfbe:	e7c5      	b.n	800cf4c <HAL_ADC_ConfigChannel+0x158>
   __ASM volatile ("rbit %0, %1" : "=r" (result) : "r" (value) );
 800cfc0:	fa93 f3a3 	rbit	r3, r3
  if (value == 0U)
 800cfc4:	b113      	cbz	r3, 800cfcc <HAL_ADC_ConfigChannel+0x1d8>
  return __builtin_clz(value);
 800cfc6:	fab3 f383 	clz	r3, r3
 800cfca:	e7ca      	b.n	800cf62 <HAL_ADC_ConfigChannel+0x16e>
    return 32U;
 800cfcc:	2320      	movs	r3, #32
 800cfce:	e7c8      	b.n	800cf62 <HAL_ADC_ConfigChannel+0x16e>
  MODIFY_REG(*preg,
 800cfd0:	6e8b      	ldr	r3, [r1, #104]	@ 0x68
 800cfd2:	f023 4300 	bic.w	r3, r3, #2147483648	@ 0x80000000
 800cfd6:	668b      	str	r3, [r1, #104]	@ 0x68
}
 800cfd8:	e7c5      	b.n	800cf66 <HAL_ADC_ConfigChannel+0x172>
   __ASM volatile ("rbit %0, %1" : "=r" (result) : "r" (value) );
 800cfda:	fa93 f3a3 	rbit	r3, r3
  if (value == 0U)
 800cfde:	b113      	cbz	r3, 800cfe6 <HAL_ADC_ConfigChannel+0x1f2>
  return __builtin_clz(value);
 800cfe0:	fab3 f383 	clz	r3, r3
 800cfe4:	e7ca      	b.n	800cf7c <HAL_ADC_ConfigChannel+0x188>
    return 32U;
 800cfe6:	2320      	movs	r3, #32
 800cfe8:	e7c8      	b.n	800cf7c <HAL_ADC_ConfigChannel+0x188>
        LL_ADC_SetChannelSamplingTime(hadc->Instance,
 800cfea:	6820      	ldr	r0, [r4, #0]
                                      (uint32_t)(__LL_ADC_DECIMAL_NB_TO_CHANNEL(
 800cfec:	682b      	ldr	r3, [r5, #0]
 800cfee:	f3c3 0612 	ubfx	r6, r3, #0, #19
 800cff2:	bb3e      	cbnz	r6, 800d044 <HAL_ADC_ConfigChannel+0x250>
 800cff4:	0e9a      	lsrs	r2, r3, #26
 800cff6:	3201      	adds	r2, #1
 800cff8:	f002 021f 	and.w	r2, r2, #31
 800cffc:	2a09      	cmp	r2, #9
 800cffe:	bf8c      	ite	hi
 800d000:	2200      	movhi	r2, #0
 800d002:	2201      	movls	r2, #1
        LL_ADC_SetChannelSamplingTime(hadc->Instance,
 800d004:	2a00      	cmp	r2, #0
 800d006:	d055      	beq.n	800d0b4 <HAL_ADC_ConfigChannel+0x2c0>
                                      (uint32_t)(__LL_ADC_DECIMAL_NB_TO_CHANNEL(
 800d008:	bb5e      	cbnz	r6, 800d062 <HAL_ADC_ConfigChannel+0x26e>
 800d00a:	0e99      	lsrs	r1, r3, #26
 800d00c:	3101      	adds	r1, #1
 800d00e:	0689      	lsls	r1, r1, #26
 800d010:	f001 41f8 	and.w	r1, r1, #2080374784	@ 0x7c000000
 800d014:	bb8e      	cbnz	r6, 800d07a <HAL_ADC_ConfigChannel+0x286>
 800d016:	ea4f 6c93 	mov.w	ip, r3, lsr #26
 800d01a:	f10c 0c01 	add.w	ip, ip, #1
 800d01e:	f00c 0c1f 	and.w	ip, ip, #31
 800d022:	2201      	movs	r2, #1
 800d024:	fa02 f20c 	lsl.w	r2, r2, ip
 800d028:	4311      	orrs	r1, r2
 800d02a:	bbae      	cbnz	r6, 800d098 <HAL_ADC_ConfigChannel+0x2a4>
 800d02c:	0e9b      	lsrs	r3, r3, #26
 800d02e:	3301      	adds	r3, #1
 800d030:	f003 031f 	and.w	r3, r3, #31
 800d034:	eb03 0343 	add.w	r3, r3, r3, lsl #1
 800d038:	051b      	lsls	r3, r3, #20
        LL_ADC_SetChannelSamplingTime(hadc->Instance,
 800d03a:	4319      	orrs	r1, r3
 800d03c:	68aa      	ldr	r2, [r5, #8]
 800d03e:	f7ff fd81 	bl	800cb44 <LL_ADC_SetChannelSamplingTime>
 800d042:	e72d      	b.n	800cea0 <HAL_ADC_ConfigChannel+0xac>
   __ASM volatile ("rbit %0, %1" : "=r" (result) : "r" (value) );
 800d044:	fa93 f2a3 	rbit	r2, r3
  if (value == 0U)
 800d048:	b14a      	cbz	r2, 800d05e <HAL_ADC_ConfigChannel+0x26a>
  return __builtin_clz(value);
 800d04a:	fab2 f282 	clz	r2, r2
                                      (uint32_t)(__LL_ADC_DECIMAL_NB_TO_CHANNEL(
 800d04e:	3201      	adds	r2, #1
 800d050:	f002 021f 	and.w	r2, r2, #31
 800d054:	2a09      	cmp	r2, #9
 800d056:	bf8c      	ite	hi
 800d058:	2200      	movhi	r2, #0
 800d05a:	2201      	movls	r2, #1
 800d05c:	e7d2      	b.n	800d004 <HAL_ADC_ConfigChannel+0x210>
    return 32U;
 800d05e:	2220      	movs	r2, #32
 800d060:	e7f5      	b.n	800d04e <HAL_ADC_ConfigChannel+0x25a>
   __ASM volatile ("rbit %0, %1" : "=r" (result) : "r" (value) );
 800d062:	fa93 f1a3 	rbit	r1, r3
  if (value == 0U)
 800d066:	b131      	cbz	r1, 800d076 <HAL_ADC_ConfigChannel+0x282>
  return __builtin_clz(value);
 800d068:	fab1 f181 	clz	r1, r1
 800d06c:	3101      	adds	r1, #1
 800d06e:	0689      	lsls	r1, r1, #26
 800d070:	f001 41f8 	and.w	r1, r1, #2080374784	@ 0x7c000000
 800d074:	e7ce      	b.n	800d014 <HAL_ADC_ConfigChannel+0x220>
    return 32U;
 800d076:	2120      	movs	r1, #32
 800d078:	e7f8      	b.n	800d06c <HAL_ADC_ConfigChannel+0x278>
   __ASM volatile ("rbit %0, %1" : "=r" (result) : "r" (value) );
 800d07a:	fa93 f2a3 	rbit	r2, r3
  if (value == 0U)
 800d07e:	b14a      	cbz	r2, 800d094 <HAL_ADC_ConfigChannel+0x2a0>
  return __builtin_clz(value);
 800d080:	fab2 f282 	clz	r2, r2
 800d084:	3201      	adds	r2, #1
 800d086:	f002 021f 	and.w	r2, r2, #31
 800d08a:	f04f 0c01 	mov.w	ip, #1
 800d08e:	fa0c f202 	lsl.w	r2, ip, r2
 800d092:	e7c9      	b.n	800d028 <HAL_ADC_ConfigChannel+0x234>
    return 32U;
 800d094:	2220      	movs	r2, #32
 800d096:	e7f5      	b.n	800d084 <HAL_ADC_ConfigChannel+0x290>
   __ASM volatile ("rbit %0, %1" : "=r" (result) : "r" (value) );
 800d098:	fa93 f3a3 	rbit	r3, r3
  if (value == 0U)
 800d09c:	b143      	cbz	r3, 800d0b0 <HAL_ADC_ConfigChannel+0x2bc>
  return __builtin_clz(value);
 800d09e:	fab3 f383 	clz	r3, r3
 800d0a2:	3301      	adds	r3, #1
 800d0a4:	f003 031f 	and.w	r3, r3, #31
 800d0a8:	eb03 0343 	add.w	r3, r3, r3, lsl #1
 800d0ac:	051b      	lsls	r3, r3, #20
 800d0ae:	e7c4      	b.n	800d03a <HAL_ADC_ConfigChannel+0x246>
    return 32U;
 800d0b0:	2320      	movs	r3, #32
 800d0b2:	e7f6      	b.n	800d0a2 <HAL_ADC_ConfigChannel+0x2ae>
 800d0b4:	b9e6      	cbnz	r6, 800d0f0 <HAL_ADC_ConfigChannel+0x2fc>
 800d0b6:	0e99      	lsrs	r1, r3, #26
 800d0b8:	3101      	adds	r1, #1
 800d0ba:	0689      	lsls	r1, r1, #26
 800d0bc:	f001 41f8 	and.w	r1, r1, #2080374784	@ 0x7c000000
 800d0c0:	bb16      	cbnz	r6, 800d108 <HAL_ADC_ConfigChannel+0x314>
 800d0c2:	ea4f 6c93 	mov.w	ip, r3, lsr #26
 800d0c6:	f10c 0c01 	add.w	ip, ip, #1
 800d0ca:	f00c 0c1f 	and.w	ip, ip, #31
 800d0ce:	2201      	movs	r2, #1
 800d0d0:	fa02 f20c 	lsl.w	r2, r2, ip
 800d0d4:	4311      	orrs	r1, r2
 800d0d6:	bbbe      	cbnz	r6, 800d148 <HAL_ADC_ConfigChannel+0x354>
 800d0d8:	0e9b      	lsrs	r3, r3, #26
 800d0da:	3301      	adds	r3, #1
 800d0dc:	f003 031f 	and.w	r3, r3, #31
 800d0e0:	eb03 0343 	add.w	r3, r3, r3, lsl #1
 800d0e4:	3b1e      	subs	r3, #30
 800d0e6:	051b      	lsls	r3, r3, #20
 800d0e8:	f043 7300 	orr.w	r3, r3, #33554432	@ 0x2000000
        LL_ADC_SetChannelSamplingTime(hadc->Instance,
 800d0ec:	4319      	orrs	r1, r3
 800d0ee:	e7a5      	b.n	800d03c <HAL_ADC_ConfigChannel+0x248>
   __ASM volatile ("rbit %0, %1" : "=r" (result) : "r" (value) );
 800d0f0:	fa93 f1a3 	rbit	r1, r3
  if (value == 0U)
 800d0f4:	b131      	cbz	r1, 800d104 <HAL_ADC_ConfigChannel+0x310>
  return __builtin_clz(value);
 800d0f6:	fab1 f181 	clz	r1, r1
                                      (uint32_t)(__LL_ADC_DECIMAL_NB_TO_CHANNEL(
 800d0fa:	3101      	adds	r1, #1
 800d0fc:	0689      	lsls	r1, r1, #26
 800d0fe:	f001 41f8 	and.w	r1, r1, #2080374784	@ 0x7c000000
 800d102:	e7dd      	b.n	800d0c0 <HAL_ADC_ConfigChannel+0x2cc>
    return 32U;
 800d104:	2120      	movs	r1, #32
 800d106:	e7f8      	b.n	800d0fa <HAL_ADC_ConfigChannel+0x306>
   __ASM volatile ("rbit %0, %1" : "=r" (result) : "r" (value) );
 800d108:	fa93 f2a3 	rbit	r2, r3
  if (value == 0U)
 800d10c:	b14a      	cbz	r2, 800d122 <HAL_ADC_ConfigChannel+0x32e>
  return __builtin_clz(value);
 800d10e:	fab2 f282 	clz	r2, r2
 800d112:	3201      	adds	r2, #1
 800d114:	f002 021f 	and.w	r2, r2, #31
 800d118:	f04f 0c01 	mov.w	ip, #1
 800d11c:	fa0c f202 	lsl.w	r2, ip, r2
 800d120:	e7d8      	b.n	800d0d4 <HAL_ADC_ConfigChannel+0x2e0>
    return 32U;
 800d122:	2220      	movs	r2, #32
 800d124:	e7f5      	b.n	800d112 <HAL_ADC_ConfigChannel+0x31e>
 800d126:	bf00      	nop
 800d128:	0007ffff 	.word	0x0007ffff
 800d12c:	407f0000 	.word	0x407f0000
 800d130:	80080000 	.word	0x80080000
 800d134:	50040300 	.word	0x50040300
 800d138:	c7520000 	.word	0xc7520000
 800d13c:	cb840000 	.word	0xcb840000
 800d140:	80000001 	.word	0x80000001
 800d144:	03fff000 	.word	0x03fff000
   __ASM volatile ("rbit %0, %1" : "=r" (result) : "r" (value) );
 800d148:	fa93 f3a3 	rbit	r3, r3
  if (value == 0U)
 800d14c:	b15b      	cbz	r3, 800d166 <HAL_ADC_ConfigChannel+0x372>
  return __builtin_clz(value);
 800d14e:	fab3 f383 	clz	r3, r3
 800d152:	3301      	adds	r3, #1
 800d154:	f003 031f 	and.w	r3, r3, #31
 800d158:	eb03 0343 	add.w	r3, r3, r3, lsl #1
 800d15c:	3b1e      	subs	r3, #30
 800d15e:	051b      	lsls	r3, r3, #20
 800d160:	f043 7300 	orr.w	r3, r3, #33554432	@ 0x2000000
 800d164:	e7c2      	b.n	800d0ec <HAL_ADC_ConfigChannel+0x2f8>
    return 32U;
 800d166:	2320      	movs	r3, #32
 800d168:	e7f3      	b.n	800d152 <HAL_ADC_ConfigChannel+0x35e>
          && ((tmp_config_internal_channel & LL_ADC_PATH_INTERNAL_TEMPSENSOR) == 0UL))
 800d16a:	f412 0f00 	tst.w	r2, #8388608	@ 0x800000
 800d16e:	f47f aea4 	bne.w	800ceba <HAL_ADC_ConfigChannel+0xc6>
        if (ADC_TEMPERATURE_SENSOR_INSTANCE(hadc))
 800d172:	6822      	ldr	r2, [r4, #0]
 800d174:	4b26      	ldr	r3, [pc, #152]	@ (800d210 <HAL_ADC_ConfigChannel+0x41c>)
 800d176:	429a      	cmp	r2, r3
 800d178:	d001      	beq.n	800d17e <HAL_ADC_ConfigChannel+0x38a>
  HAL_StatusTypeDef tmp_hal_status = HAL_OK;
 800d17a:	2000      	movs	r0, #0
 800d17c:	e652      	b.n	800ce24 <HAL_ADC_ConfigChannel+0x30>
          LL_ADC_SetCommonPathInternalCh(__LL_ADC_COMMON_INSTANCE(hadc->Instance),
 800d17e:	f440 0300 	orr.w	r3, r0, #8388608	@ 0x800000
  MODIFY_REG(ADCxy_COMMON->CCR, ADC_CCR_VREFEN | ADC_CCR_TSEN | ADC_CCR_VBATEN, PathInternal);
 800d182:	4924      	ldr	r1, [pc, #144]	@ (800d214 <HAL_ADC_ConfigChannel+0x420>)
 800d184:	688a      	ldr	r2, [r1, #8]
 800d186:	f022 72e0 	bic.w	r2, r2, #29360128	@ 0x1c00000
 800d18a:	4313      	orrs	r3, r2
 800d18c:	608b      	str	r3, [r1, #8]
          wait_loop_index = ((LL_ADC_DELAY_TEMPSENSOR_STAB_US / 10UL) * ((SystemCoreClock / (100000UL * 2UL)) + 1UL));
 800d18e:	4b22      	ldr	r3, [pc, #136]	@ (800d218 <HAL_ADC_ConfigChannel+0x424>)
 800d190:	681b      	ldr	r3, [r3, #0]
 800d192:	099b      	lsrs	r3, r3, #6
 800d194:	4a21      	ldr	r2, [pc, #132]	@ (800d21c <HAL_ADC_ConfigChannel+0x428>)
 800d196:	fba2 2303 	umull	r2, r3, r2, r3
 800d19a:	099b      	lsrs	r3, r3, #6
 800d19c:	3301      	adds	r3, #1
 800d19e:	eb03 0343 	add.w	r3, r3, r3, lsl #1
 800d1a2:	009b      	lsls	r3, r3, #2
 800d1a4:	9301      	str	r3, [sp, #4]
          while (wait_loop_index != 0UL)
 800d1a6:	9b01      	ldr	r3, [sp, #4]
 800d1a8:	b11b      	cbz	r3, 800d1b2 <HAL_ADC_ConfigChannel+0x3be>
            wait_loop_index--;
 800d1aa:	9b01      	ldr	r3, [sp, #4]
 800d1ac:	3b01      	subs	r3, #1
 800d1ae:	9301      	str	r3, [sp, #4]
 800d1b0:	e7f9      	b.n	800d1a6 <HAL_ADC_ConfigChannel+0x3b2>
  HAL_StatusTypeDef tmp_hal_status = HAL_OK;
 800d1b2:	2000      	movs	r0, #0
 800d1b4:	e636      	b.n	800ce24 <HAL_ADC_ConfigChannel+0x30>
               && ((tmp_config_internal_channel & LL_ADC_PATH_INTERNAL_VBAT) == 0UL))
 800d1b6:	f012 7f80 	tst.w	r2, #16777216	@ 0x1000000
 800d1ba:	f47f ae82 	bne.w	800cec2 <HAL_ADC_ConfigChannel+0xce>
        if (ADC_BATTERY_VOLTAGE_INSTANCE(hadc))
 800d1be:	6822      	ldr	r2, [r4, #0]
 800d1c0:	4b13      	ldr	r3, [pc, #76]	@ (800d210 <HAL_ADC_ConfigChannel+0x41c>)
 800d1c2:	429a      	cmp	r2, r3
 800d1c4:	d001      	beq.n	800d1ca <HAL_ADC_ConfigChannel+0x3d6>
  HAL_StatusTypeDef tmp_hal_status = HAL_OK;
 800d1c6:	2000      	movs	r0, #0
 800d1c8:	e62c      	b.n	800ce24 <HAL_ADC_ConfigChannel+0x30>
          LL_ADC_SetCommonPathInternalCh(__LL_ADC_COMMON_INSTANCE(hadc->Instance),
 800d1ca:	f040 7380 	orr.w	r3, r0, #16777216	@ 0x1000000
 800d1ce:	4911      	ldr	r1, [pc, #68]	@ (800d214 <HAL_ADC_ConfigChannel+0x420>)
 800d1d0:	688a      	ldr	r2, [r1, #8]
 800d1d2:	f022 72e0 	bic.w	r2, r2, #29360128	@ 0x1c00000
 800d1d6:	4313      	orrs	r3, r2
 800d1d8:	608b      	str	r3, [r1, #8]
  HAL_StatusTypeDef tmp_hal_status = HAL_OK;
 800d1da:	2000      	movs	r0, #0
}
 800d1dc:	e622      	b.n	800ce24 <HAL_ADC_ConfigChannel+0x30>
               && ((tmp_config_internal_channel & LL_ADC_PATH_INTERNAL_VREFINT) == 0UL))
 800d1de:	f412 0f80 	tst.w	r2, #4194304	@ 0x400000
 800d1e2:	d111      	bne.n	800d208 <HAL_ADC_ConfigChannel+0x414>
        if (ADC_VREFINT_INSTANCE(hadc))
 800d1e4:	6822      	ldr	r2, [r4, #0]
 800d1e6:	4b0a      	ldr	r3, [pc, #40]	@ (800d210 <HAL_ADC_ConfigChannel+0x41c>)
 800d1e8:	429a      	cmp	r2, r3
 800d1ea:	d001      	beq.n	800d1f0 <HAL_ADC_ConfigChannel+0x3fc>
  HAL_StatusTypeDef tmp_hal_status = HAL_OK;
 800d1ec:	2000      	movs	r0, #0
 800d1ee:	e619      	b.n	800ce24 <HAL_ADC_ConfigChannel+0x30>
          LL_ADC_SetCommonPathInternalCh(__LL_ADC_COMMON_INSTANCE(hadc->Instance),
 800d1f0:	f440 0380 	orr.w	r3, r0, #4194304	@ 0x400000
  MODIFY_REG(ADCxy_COMMON->CCR, ADC_CCR_VREFEN | ADC_CCR_TSEN | ADC_CCR_VBATEN, PathInternal);
 800d1f4:	4907      	ldr	r1, [pc, #28]	@ (800d214 <HAL_ADC_ConfigChannel+0x420>)
 800d1f6:	688a      	ldr	r2, [r1, #8]
 800d1f8:	f022 72e0 	bic.w	r2, r2, #29360128	@ 0x1c00000
 800d1fc:	4313      	orrs	r3, r2
 800d1fe:	608b      	str	r3, [r1, #8]
  HAL_StatusTypeDef tmp_hal_status = HAL_OK;
 800d200:	2000      	movs	r0, #0
}
 800d202:	e60f      	b.n	800ce24 <HAL_ADC_ConfigChannel+0x30>
 800d204:	2000      	movs	r0, #0
 800d206:	e60d      	b.n	800ce24 <HAL_ADC_ConfigChannel+0x30>
 800d208:	2000      	movs	r0, #0
 800d20a:	e60b      	b.n	800ce24 <HAL_ADC_ConfigChannel+0x30>
  __HAL_LOCK(hadc);
 800d20c:	2002      	movs	r0, #2
 800d20e:	e60c      	b.n	800ce2a <HAL_ADC_ConfigChannel+0x36>
 800d210:	50040000 	.word	0x50040000
 800d214:	50040300 	.word	0x50040300
 800d218:	20000054 	.word	0x20000054
 800d21c:	053e2d63 	.word	0x053e2d63

0800d220 <ADC_ConversionStop>:
  *            @arg @ref ADC_INJECTED_GROUP          ADC injected conversion type.
  *            @arg @ref ADC_REGULAR_INJECTED_GROUP  ADC regular and injected conversion type.
  * @retval HAL status.
  */
HAL_StatusTypeDef ADC_ConversionStop(ADC_HandleTypeDef *hadc, uint32_t ConversionGroup)
{
 800d220:	b570      	push	{r4, r5, r6, lr}
 800d222:	4604      	mov	r4, r0
  assert_param(IS_ADC_ALL_INSTANCE(hadc->Instance));
  assert_param(IS_ADC_CONVERSION_GROUP(ConversionGroup));

  /* Verification if ADC is not already stopped (on regular and injected      */
  /* groups) to bypass this function if not needed.                           */
  tmp_adc_is_conversion_on_going_regular = LL_ADC_REG_IsConversionOngoing(hadc->Instance);
 800d224:	6803      	ldr	r3, [r0, #0]
  return ((READ_BIT(ADCx->CR, ADC_CR_ADSTART) == (ADC_CR_ADSTART)) ? 1UL : 0UL);
 800d226:	689a      	ldr	r2, [r3, #8]
 800d228:	f012 0204 	ands.w	r2, r2, #4
 800d22c:	d000      	beq.n	800d230 <ADC_ConversionStop+0x10>
 800d22e:	2201      	movs	r2, #1
  return ((READ_BIT(ADCx->CR, ADC_CR_JADSTART) == (ADC_CR_JADSTART)) ? 1UL : 0UL);
 800d230:	6898      	ldr	r0, [r3, #8]
 800d232:	f010 0008 	ands.w	r0, r0, #8
 800d236:	d000      	beq.n	800d23a <ADC_ConversionStop+0x1a>
 800d238:	2001      	movs	r0, #1
  tmp_adc_is_conversion_on_going_injected = LL_ADC_INJ_IsConversionOngoing(hadc->Instance);
  if ((tmp_adc_is_conversion_on_going_regular != 0UL)
 800d23a:	b90a      	cbnz	r2, 800d240 <ADC_ConversionStop+0x20>
      || (tmp_adc_is_conversion_on_going_injected != 0UL)
 800d23c:	2800      	cmp	r0, #0
 800d23e:	d06d      	beq.n	800d31c <ADC_ConversionStop+0xfc>
    /* auto-delay mode.                                                       */
    /* In auto-injection mode, regular group stop ADC_CR_ADSTP is used (not   */
    /* injected group stop ADC_CR_JADSTP).                                    */
    /* Procedure to be followed: Wait until JEOS=1, clear JEOS, set ADSTP=1   */
    /* (see reference manual).                                                */
    if (((hadc->Instance->CFGR & ADC_CFGR_JAUTO) != 0UL)
 800d240:	68da      	ldr	r2, [r3, #12]
 800d242:	f012 7f00 	tst.w	r2, #33554432	@ 0x2000000
 800d246:	d004      	beq.n	800d252 <ADC_ConversionStop+0x32>
        && (hadc->Init.ContinuousConvMode == ENABLE)
        && (hadc->Init.LowPowerAutoWait == ENABLE)
 800d248:	8b20      	ldrh	r0, [r4, #24]
 800d24a:	f240 1201 	movw	r2, #257	@ 0x101
 800d24e:	4290      	cmp	r0, r2
 800d250:	d04e      	beq.n	800d2f0 <ADC_ConversionStop+0xd0>
      /* Clear JEOS */
      __HAL_ADC_CLEAR_FLAG(hadc, ADC_FLAG_JEOS);
    }

    /* Stop potential conversion on going on ADC group regular */
    if (conversion_group_reassigned != ADC_INJECTED_GROUP)
 800d252:	2902      	cmp	r1, #2
 800d254:	d012      	beq.n	800d27c <ADC_ConversionStop+0x5c>
    {
      /* Software is allowed to set ADSTP only when ADSTART=1 and ADDIS=0 */
      if (LL_ADC_REG_IsConversionOngoing(hadc->Instance) != 0UL)
 800d256:	6823      	ldr	r3, [r4, #0]
  return ((READ_BIT(ADCx->CR, ADC_CR_ADSTART) == (ADC_CR_ADSTART)) ? 1UL : 0UL);
 800d258:	689a      	ldr	r2, [r3, #8]
 800d25a:	f012 0f04 	tst.w	r2, #4
 800d25e:	d00b      	beq.n	800d278 <ADC_ConversionStop+0x58>
  return ((READ_BIT(ADCx->CR, ADC_CR_ADDIS) == (ADC_CR_ADDIS)) ? 1UL : 0UL);
 800d260:	689a      	ldr	r2, [r3, #8]
 800d262:	f012 0f02 	tst.w	r2, #2
 800d266:	d107      	bne.n	800d278 <ADC_ConversionStop+0x58>
  MODIFY_REG(ADCx->CR,
 800d268:	689a      	ldr	r2, [r3, #8]
 800d26a:	f022 4200 	bic.w	r2, r2, #2147483648	@ 0x80000000
 800d26e:	f022 023f 	bic.w	r2, r2, #63	@ 0x3f
 800d272:	f042 0210 	orr.w	r2, r2, #16
 800d276:	609a      	str	r2, [r3, #8]
        }
      }
    }

    /* Stop potential conversion on going on ADC group injected */
    if (conversion_group_reassigned != ADC_REGULAR_GROUP)
 800d278:	2901      	cmp	r1, #1
 800d27a:	d047      	beq.n	800d30c <ADC_ConversionStop+0xec>
    {
      /* Software is allowed to set JADSTP only when JADSTART=1 and ADDIS=0 */
      if (LL_ADC_INJ_IsConversionOngoing(hadc->Instance) != 0UL)
 800d27c:	6823      	ldr	r3, [r4, #0]
  return ((READ_BIT(ADCx->CR, ADC_CR_JADSTART) == (ADC_CR_JADSTART)) ? 1UL : 0UL);
 800d27e:	689a      	ldr	r2, [r3, #8]
 800d280:	f012 0f08 	tst.w	r2, #8
 800d284:	d00b      	beq.n	800d29e <ADC_ConversionStop+0x7e>
  return ((READ_BIT(ADCx->CR, ADC_CR_ADDIS) == (ADC_CR_ADDIS)) ? 1UL : 0UL);
 800d286:	689a      	ldr	r2, [r3, #8]
 800d288:	f012 0f02 	tst.w	r2, #2
 800d28c:	d107      	bne.n	800d29e <ADC_ConversionStop+0x7e>
  MODIFY_REG(ADCx->CR,
 800d28e:	689a      	ldr	r2, [r3, #8]
 800d290:	f022 4200 	bic.w	r2, r2, #2147483648	@ 0x80000000
 800d294:	f022 023f 	bic.w	r2, r2, #63	@ 0x3f
 800d298:	f042 0220 	orr.w	r2, r2, #32
 800d29c:	609a      	str	r2, [r3, #8]
        }
      }
    }

    /* Selection of start and stop bits with respect to the regular or injected group */
    switch (conversion_group_reassigned)
 800d29e:	2902      	cmp	r1, #2
 800d2a0:	d036      	beq.n	800d310 <ADC_ConversionStop+0xf0>
 800d2a2:	2903      	cmp	r1, #3
 800d2a4:	d136      	bne.n	800d314 <ADC_ConversionStop+0xf4>
 800d2a6:	250c      	movs	r5, #12
        tmp_ADC_CR_ADSTART_JADSTART = ADC_CR_ADSTART;
        break;
    }

    /* Wait for conversion effectively stopped */
    tickstart = HAL_GetTick();
 800d2a8:	f7ff fc2e 	bl	800cb08 <HAL_GetTick>
 800d2ac:	4606      	mov	r6, r0

    while ((hadc->Instance->CR & tmp_ADC_CR_ADSTART_JADSTART) != 0UL)
 800d2ae:	6823      	ldr	r3, [r4, #0]
 800d2b0:	689b      	ldr	r3, [r3, #8]
 800d2b2:	422b      	tst	r3, r5
 800d2b4:	d030      	beq.n	800d318 <ADC_ConversionStop+0xf8>
    {
      if ((HAL_GetTick() - tickstart) > ADC_STOP_CONVERSION_TIMEOUT)
 800d2b6:	f7ff fc27 	bl	800cb08 <HAL_GetTick>
 800d2ba:	1b80      	subs	r0, r0, r6
 800d2bc:	2805      	cmp	r0, #5
 800d2be:	d9f6      	bls.n	800d2ae <ADC_ConversionStop+0x8e>
      {
        /* New check to avoid false timeout detection in case of preemption */
        if ((hadc->Instance->CR & tmp_ADC_CR_ADSTART_JADSTART) != 0UL)
 800d2c0:	6823      	ldr	r3, [r4, #0]
 800d2c2:	689b      	ldr	r3, [r3, #8]
 800d2c4:	422b      	tst	r3, r5
 800d2c6:	d0f2      	beq.n	800d2ae <ADC_ConversionStop+0x8e>
        {
          /* Update ADC state machine to error */
          SET_BIT(hadc->State, HAL_ADC_STATE_ERROR_INTERNAL);
 800d2c8:	6d63      	ldr	r3, [r4, #84]	@ 0x54
 800d2ca:	f043 0310 	orr.w	r3, r3, #16
 800d2ce:	6563      	str	r3, [r4, #84]	@ 0x54

          /* Set ADC error code to ADC peripheral internal error */
          SET_BIT(hadc->ErrorCode, HAL_ADC_ERROR_INTERNAL);
 800d2d0:	6da3      	ldr	r3, [r4, #88]	@ 0x58
 800d2d2:	f043 0301 	orr.w	r3, r3, #1
 800d2d6:	65a3      	str	r3, [r4, #88]	@ 0x58

          return HAL_ERROR;
 800d2d8:	2001      	movs	r0, #1
 800d2da:	e01e      	b.n	800d31a <ADC_ConversionStop+0xfa>
          SET_BIT(hadc->State, HAL_ADC_STATE_ERROR_INTERNAL);
 800d2dc:	6d63      	ldr	r3, [r4, #84]	@ 0x54
 800d2de:	f043 0310 	orr.w	r3, r3, #16
 800d2e2:	6563      	str	r3, [r4, #84]	@ 0x54
          SET_BIT(hadc->ErrorCode, HAL_ADC_ERROR_INTERNAL);
 800d2e4:	6da3      	ldr	r3, [r4, #88]	@ 0x58
 800d2e6:	f043 0301 	orr.w	r3, r3, #1
 800d2ea:	65a3      	str	r3, [r4, #88]	@ 0x58
          return HAL_ERROR;
 800d2ec:	2001      	movs	r0, #1
 800d2ee:	e014      	b.n	800d31a <ADC_ConversionStop+0xfa>
  uint32_t Conversion_Timeout_CPU_cycles = 0UL;
 800d2f0:	2200      	movs	r2, #0
      while (__HAL_ADC_GET_FLAG(hadc, ADC_FLAG_JEOS) == 0UL)
 800d2f2:	6819      	ldr	r1, [r3, #0]
 800d2f4:	f011 0f40 	tst.w	r1, #64	@ 0x40
 800d2f8:	d104      	bne.n	800d304 <ADC_ConversionStop+0xe4>
        if (Conversion_Timeout_CPU_cycles >= (ADC_CONVERSION_TIME_MAX_CPU_CYCLES * 4UL))
 800d2fa:	4909      	ldr	r1, [pc, #36]	@ (800d320 <ADC_ConversionStop+0x100>)
 800d2fc:	428a      	cmp	r2, r1
 800d2fe:	d8ed      	bhi.n	800d2dc <ADC_ConversionStop+0xbc>
        Conversion_Timeout_CPU_cycles ++;
 800d300:	3201      	adds	r2, #1
 800d302:	e7f6      	b.n	800d2f2 <ADC_ConversionStop+0xd2>
      __HAL_ADC_CLEAR_FLAG(hadc, ADC_FLAG_JEOS);
 800d304:	2240      	movs	r2, #64	@ 0x40
 800d306:	601a      	str	r2, [r3, #0]
      conversion_group_reassigned = ADC_REGULAR_GROUP;
 800d308:	2101      	movs	r1, #1
 800d30a:	e7a4      	b.n	800d256 <ADC_ConversionStop+0x36>
        tmp_ADC_CR_ADSTART_JADSTART = ADC_CR_ADSTART;
 800d30c:	2504      	movs	r5, #4
 800d30e:	e7cb      	b.n	800d2a8 <ADC_ConversionStop+0x88>
        tmp_ADC_CR_ADSTART_JADSTART = ADC_CR_JADSTART;
 800d310:	2508      	movs	r5, #8
 800d312:	e7c9      	b.n	800d2a8 <ADC_ConversionStop+0x88>
        tmp_ADC_CR_ADSTART_JADSTART = ADC_CR_ADSTART;
 800d314:	2504      	movs	r5, #4
 800d316:	e7c7      	b.n	800d2a8 <ADC_ConversionStop+0x88>
    }

  }

  /* Return HAL status */
  return HAL_OK;
 800d318:	2000      	movs	r0, #0
}
 800d31a:	bd70      	pop	{r4, r5, r6, pc}
  return HAL_OK;
 800d31c:	2000      	movs	r0, #0
 800d31e:	e7fc      	b.n	800d31a <ADC_ConversionStop+0xfa>
 800d320:	a33fffff 	.word	0xa33fffff

0800d324 <ADC_Enable>:
  *         and voltage regulator must be enabled (done into HAL_ADC_Init()).
  * @param hadc ADC handle
  * @retval HAL status.
  */
HAL_StatusTypeDef ADC_Enable(ADC_HandleTypeDef *hadc)
{
 800d324:	b530      	push	{r4, r5, lr}
 800d326:	b083      	sub	sp, #12
  uint32_t tickstart;
  __IO uint32_t wait_loop_index = 0UL;
 800d328:	2300      	movs	r3, #0
 800d32a:	9301      	str	r3, [sp, #4]

  /* ADC enable and wait for ADC ready (in case of ADC is disabled or         */
  /* enabling phase not yet completed: flag ADC ready not yet set).           */
  /* Timeout implemented to not be stuck if ADC cannot be enabled (possible   */
  /* causes: ADC clock not running, ...).                                     */
  if (LL_ADC_IsEnabled(hadc->Instance) == 0UL)
 800d32c:	6803      	ldr	r3, [r0, #0]
  return ((READ_BIT(ADCx->CR, ADC_CR_ADEN) == (ADC_CR_ADEN)) ? 1UL : 0UL);
 800d32e:	689a      	ldr	r2, [r3, #8]
 800d330:	f012 0f01 	tst.w	r2, #1
 800d334:	d158      	bne.n	800d3e8 <ADC_Enable+0xc4>
 800d336:	4604      	mov	r4, r0
  {
    /* Check if conditions to enable the ADC are fulfilled */
    if ((hadc->Instance->CR & (ADC_CR_ADCAL | ADC_CR_JADSTP | ADC_CR_ADSTP | ADC_CR_JADSTART | ADC_CR_ADSTART
 800d338:	6899      	ldr	r1, [r3, #8]
 800d33a:	4a2d      	ldr	r2, [pc, #180]	@ (800d3f0 <ADC_Enable+0xcc>)
 800d33c:	4211      	tst	r1, r2
 800d33e:	d119      	bne.n	800d374 <ADC_Enable+0x50>
  MODIFY_REG(ADCx->CR,
 800d340:	689a      	ldr	r2, [r3, #8]
 800d342:	f022 4200 	bic.w	r2, r2, #2147483648	@ 0x80000000
 800d346:	f022 023f 	bic.w	r2, r2, #63	@ 0x3f
 800d34a:	f042 0201 	orr.w	r2, r2, #1
 800d34e:	609a      	str	r2, [r3, #8]
  return (uint32_t)(READ_BIT(ADCxy_COMMON->CCR, ADC_CCR_VREFEN | ADC_CCR_TSEN | ADC_CCR_VBATEN));
 800d350:	4b28      	ldr	r3, [pc, #160]	@ (800d3f4 <ADC_Enable+0xd0>)
 800d352:	689b      	ldr	r3, [r3, #8]
    }

    /* Enable the ADC peripheral */
    LL_ADC_Enable(hadc->Instance);

    if ((LL_ADC_GetCommonPathInternalCh(__LL_ADC_COMMON_INSTANCE(hadc->Instance))
 800d354:	f413 0f00 	tst.w	r3, #8388608	@ 0x800000
 800d358:	d01c      	beq.n	800d394 <ADC_Enable+0x70>

      /* Wait loop initialization and execution */
      /* Note: Variable divided by 2 to compensate partially              */
      /*       CPU processing cycles, scaling in us split to not          */
      /*       exceed 32 bits register capacity and handle low frequency. */
      wait_loop_index = ((LL_ADC_DELAY_TEMPSENSOR_STAB_US / 10UL) * ((SystemCoreClock / (100000UL * 2UL)) + 1UL));
 800d35a:	4b27      	ldr	r3, [pc, #156]	@ (800d3f8 <ADC_Enable+0xd4>)
 800d35c:	681b      	ldr	r3, [r3, #0]
 800d35e:	099b      	lsrs	r3, r3, #6
 800d360:	4a26      	ldr	r2, [pc, #152]	@ (800d3fc <ADC_Enable+0xd8>)
 800d362:	fba2 2303 	umull	r2, r3, r2, r3
 800d366:	099b      	lsrs	r3, r3, #6
 800d368:	3301      	adds	r3, #1
 800d36a:	eb03 0343 	add.w	r3, r3, r3, lsl #1
 800d36e:	009b      	lsls	r3, r3, #2
 800d370:	9301      	str	r3, [sp, #4]
      while (wait_loop_index != 0UL)
 800d372:	e00c      	b.n	800d38e <ADC_Enable+0x6a>
      SET_BIT(hadc->State, HAL_ADC_STATE_ERROR_INTERNAL);
 800d374:	6d43      	ldr	r3, [r0, #84]	@ 0x54
 800d376:	f043 0310 	orr.w	r3, r3, #16
 800d37a:	6543      	str	r3, [r0, #84]	@ 0x54
      SET_BIT(hadc->ErrorCode, HAL_ADC_ERROR_INTERNAL);
 800d37c:	6d83      	ldr	r3, [r0, #88]	@ 0x58
 800d37e:	f043 0301 	orr.w	r3, r3, #1
 800d382:	6583      	str	r3, [r0, #88]	@ 0x58
      return HAL_ERROR;
 800d384:	2001      	movs	r0, #1
 800d386:	e030      	b.n	800d3ea <ADC_Enable+0xc6>
      {
        wait_loop_index--;
 800d388:	9b01      	ldr	r3, [sp, #4]
 800d38a:	3b01      	subs	r3, #1
 800d38c:	9301      	str	r3, [sp, #4]
      while (wait_loop_index != 0UL)
 800d38e:	9b01      	ldr	r3, [sp, #4]
 800d390:	2b00      	cmp	r3, #0
 800d392:	d1f9      	bne.n	800d388 <ADC_Enable+0x64>
      }
    }

    /* Wait for ADC effectively enabled */
    tickstart = HAL_GetTick();
 800d394:	f7ff fbb8 	bl	800cb08 <HAL_GetTick>
 800d398:	4605      	mov	r5, r0

    while (__HAL_ADC_GET_FLAG(hadc, ADC_FLAG_RDY) == 0UL)
 800d39a:	6823      	ldr	r3, [r4, #0]
 800d39c:	681a      	ldr	r2, [r3, #0]
 800d39e:	f012 0f01 	tst.w	r2, #1
 800d3a2:	d11f      	bne.n	800d3e4 <ADC_Enable+0xc0>
  return ((READ_BIT(ADCx->CR, ADC_CR_ADEN) == (ADC_CR_ADEN)) ? 1UL : 0UL);
 800d3a4:	689a      	ldr	r2, [r3, #8]
 800d3a6:	f012 0f01 	tst.w	r2, #1
 800d3aa:	d107      	bne.n	800d3bc <ADC_Enable+0x98>
  MODIFY_REG(ADCx->CR,
 800d3ac:	689a      	ldr	r2, [r3, #8]
 800d3ae:	f022 4200 	bic.w	r2, r2, #2147483648	@ 0x80000000
 800d3b2:	f022 023f 	bic.w	r2, r2, #63	@ 0x3f
 800d3b6:	f042 0201 	orr.w	r2, r2, #1
 800d3ba:	609a      	str	r2, [r3, #8]
      if (LL_ADC_IsEnabled(hadc->Instance) == 0UL)
      {
        LL_ADC_Enable(hadc->Instance);
      }

      if ((HAL_GetTick() - tickstart) > ADC_ENABLE_TIMEOUT)
 800d3bc:	f7ff fba4 	bl	800cb08 <HAL_GetTick>
 800d3c0:	1b43      	subs	r3, r0, r5
 800d3c2:	2b02      	cmp	r3, #2
 800d3c4:	d9e9      	bls.n	800d39a <ADC_Enable+0x76>
      {
        /* New check to avoid false timeout detection in case of preemption */
        if (__HAL_ADC_GET_FLAG(hadc, ADC_FLAG_RDY) == 0UL)
 800d3c6:	6823      	ldr	r3, [r4, #0]
 800d3c8:	681b      	ldr	r3, [r3, #0]
 800d3ca:	f013 0f01 	tst.w	r3, #1
 800d3ce:	d1e4      	bne.n	800d39a <ADC_Enable+0x76>
        {
          /* Update ADC state machine to error */
          SET_BIT(hadc->State, HAL_ADC_STATE_ERROR_INTERNAL);
 800d3d0:	6d63      	ldr	r3, [r4, #84]	@ 0x54
 800d3d2:	f043 0310 	orr.w	r3, r3, #16
 800d3d6:	6563      	str	r3, [r4, #84]	@ 0x54

          /* Set ADC error code to ADC peripheral internal error */
          SET_BIT(hadc->ErrorCode, HAL_ADC_ERROR_INTERNAL);
 800d3d8:	6da3      	ldr	r3, [r4, #88]	@ 0x58
 800d3da:	f043 0301 	orr.w	r3, r3, #1
 800d3de:	65a3      	str	r3, [r4, #88]	@ 0x58

          return HAL_ERROR;
 800d3e0:	2001      	movs	r0, #1
 800d3e2:	e002      	b.n	800d3ea <ADC_Enable+0xc6>
      }
    }
  }

  /* Return HAL status */
  return HAL_OK;
 800d3e4:	2000      	movs	r0, #0
 800d3e6:	e000      	b.n	800d3ea <ADC_Enable+0xc6>
 800d3e8:	2000      	movs	r0, #0
}
 800d3ea:	b003      	add	sp, #12
 800d3ec:	bd30      	pop	{r4, r5, pc}
 800d3ee:	bf00      	nop
 800d3f0:	8000003f 	.word	0x8000003f
 800d3f4:	50040300 	.word	0x50040300
 800d3f8:	20000054 	.word	0x20000054
 800d3fc:	053e2d63 	.word	0x053e2d63

0800d400 <HAL_ADC_Start>:
  if (LL_ADC_REG_IsConversionOngoing(hadc->Instance) == 0UL)
 800d400:	6803      	ldr	r3, [r0, #0]
  return ((READ_BIT(ADCx->CR, ADC_CR_ADSTART) == (ADC_CR_ADSTART)) ? 1UL : 0UL);
 800d402:	689b      	ldr	r3, [r3, #8]
 800d404:	f013 0f04 	tst.w	r3, #4
 800d408:	d13c      	bne.n	800d484 <HAL_ADC_Start+0x84>
{
 800d40a:	b510      	push	{r4, lr}
 800d40c:	4604      	mov	r4, r0
    __HAL_LOCK(hadc);
 800d40e:	f890 3050 	ldrb.w	r3, [r0, #80]	@ 0x50
 800d412:	2b01      	cmp	r3, #1
 800d414:	d038      	beq.n	800d488 <HAL_ADC_Start+0x88>
 800d416:	2301      	movs	r3, #1
 800d418:	f880 3050 	strb.w	r3, [r0, #80]	@ 0x50
    tmp_hal_status = ADC_Enable(hadc);
 800d41c:	f7ff ff82 	bl	800d324 <ADC_Enable>
    if (tmp_hal_status == HAL_OK)
 800d420:	bb60      	cbnz	r0, 800d47c <HAL_ADC_Start+0x7c>
      ADC_STATE_CLR_SET(hadc->State,
 800d422:	6d63      	ldr	r3, [r4, #84]	@ 0x54
 800d424:	f423 6370 	bic.w	r3, r3, #3840	@ 0xf00
 800d428:	f023 0301 	bic.w	r3, r3, #1
 800d42c:	f443 7380 	orr.w	r3, r3, #256	@ 0x100
 800d430:	6563      	str	r3, [r4, #84]	@ 0x54
      if (HAL_IS_BIT_SET(hadc->State, HAL_ADC_STATE_INJ_BUSY))
 800d432:	6d63      	ldr	r3, [r4, #84]	@ 0x54
 800d434:	f413 5f80 	tst.w	r3, #4096	@ 0x1000
 800d438:	d01d      	beq.n	800d476 <HAL_ADC_Start+0x76>
        CLEAR_BIT(hadc->ErrorCode, (HAL_ADC_ERROR_OVR | HAL_ADC_ERROR_DMA));
 800d43a:	6da3      	ldr	r3, [r4, #88]	@ 0x58
 800d43c:	f023 0306 	bic.w	r3, r3, #6
 800d440:	65a3      	str	r3, [r4, #88]	@ 0x58
      __HAL_ADC_CLEAR_FLAG(hadc, (ADC_FLAG_EOC | ADC_FLAG_EOS | ADC_FLAG_OVR));
 800d442:	6823      	ldr	r3, [r4, #0]
 800d444:	221c      	movs	r2, #28
 800d446:	601a      	str	r2, [r3, #0]
      __HAL_UNLOCK(hadc);
 800d448:	2300      	movs	r3, #0
 800d44a:	f884 3050 	strb.w	r3, [r4, #80]	@ 0x50
      if (READ_BIT(hadc->Instance->CFGR, ADC_CFGR_JAUTO) != 0UL)
 800d44e:	6822      	ldr	r2, [r4, #0]
 800d450:	68d3      	ldr	r3, [r2, #12]
 800d452:	f013 7f00 	tst.w	r3, #33554432	@ 0x2000000
 800d456:	d005      	beq.n	800d464 <HAL_ADC_Start+0x64>
        ADC_STATE_CLR_SET(hadc->State, HAL_ADC_STATE_INJ_EOC, HAL_ADC_STATE_INJ_BUSY);
 800d458:	6d63      	ldr	r3, [r4, #84]	@ 0x54
 800d45a:	f423 5340 	bic.w	r3, r3, #12288	@ 0x3000
 800d45e:	f443 5380 	orr.w	r3, r3, #4096	@ 0x1000
 800d462:	6563      	str	r3, [r4, #84]	@ 0x54
  MODIFY_REG(ADCx->CR,
 800d464:	6893      	ldr	r3, [r2, #8]
 800d466:	f023 4300 	bic.w	r3, r3, #2147483648	@ 0x80000000
 800d46a:	f023 033f 	bic.w	r3, r3, #63	@ 0x3f
 800d46e:	f043 0304 	orr.w	r3, r3, #4
 800d472:	6093      	str	r3, [r2, #8]
}
 800d474:	bd10      	pop	{r4, pc}
        ADC_CLEAR_ERRORCODE(hadc);
 800d476:	2300      	movs	r3, #0
 800d478:	65a3      	str	r3, [r4, #88]	@ 0x58
 800d47a:	e7e2      	b.n	800d442 <HAL_ADC_Start+0x42>
      __HAL_UNLOCK(hadc);
 800d47c:	2300      	movs	r3, #0
 800d47e:	f884 3050 	strb.w	r3, [r4, #80]	@ 0x50
 800d482:	e7f7      	b.n	800d474 <HAL_ADC_Start+0x74>
    tmp_hal_status = HAL_BUSY;
 800d484:	2002      	movs	r0, #2
}
 800d486:	4770      	bx	lr
    __HAL_LOCK(hadc);
 800d488:	2002      	movs	r0, #2
 800d48a:	e7f3      	b.n	800d474 <HAL_ADC_Start+0x74>

0800d48c <ADC_Disable>:
  *         stopped.
  * @param hadc ADC handle
  * @retval HAL status.
  */
HAL_StatusTypeDef ADC_Disable(ADC_HandleTypeDef *hadc)
{
 800d48c:	b538      	push	{r3, r4, r5, lr}
 800d48e:	4604      	mov	r4, r0
  uint32_t tickstart;
  const uint32_t tmp_adc_is_disable_on_going = LL_ADC_IsDisableOngoing(hadc->Instance);
 800d490:	6802      	ldr	r2, [r0, #0]
  return ((READ_BIT(ADCx->CR, ADC_CR_ADDIS) == (ADC_CR_ADDIS)) ? 1UL : 0UL);
 800d492:	6893      	ldr	r3, [r2, #8]
 800d494:	f013 0302 	ands.w	r3, r3, #2
 800d498:	d000      	beq.n	800d49c <ADC_Disable+0x10>
 800d49a:	2301      	movs	r3, #1
  return ((READ_BIT(ADCx->CR, ADC_CR_ADEN) == (ADC_CR_ADEN)) ? 1UL : 0UL);
 800d49c:	6891      	ldr	r1, [r2, #8]
 800d49e:	f011 0f01 	tst.w	r1, #1
 800d4a2:	d039      	beq.n	800d518 <ADC_Disable+0x8c>

  /* Verification if ADC is not already disabled:                             */
  /* Note: forbidden to disable ADC (set bit ADC_CR_ADDIS) if ADC is already  */
  /*       disabled.                                                          */
  if ((LL_ADC_IsEnabled(hadc->Instance) != 0UL)
      && (tmp_adc_is_disable_on_going == 0UL)
 800d4a4:	2b00      	cmp	r3, #0
 800d4a6:	d139      	bne.n	800d51c <ADC_Disable+0x90>
     )
  {
    /* Check if conditions to disable the ADC are fulfilled */
    if ((hadc->Instance->CR & (ADC_CR_JADSTART | ADC_CR_ADSTART | ADC_CR_ADEN)) == ADC_CR_ADEN)
 800d4a8:	6893      	ldr	r3, [r2, #8]
 800d4aa:	f003 030d 	and.w	r3, r3, #13
 800d4ae:	2b01      	cmp	r3, #1
 800d4b0:	d009      	beq.n	800d4c6 <ADC_Disable+0x3a>
      __HAL_ADC_CLEAR_FLAG(hadc, (ADC_FLAG_EOSMP | ADC_FLAG_RDY));
    }
    else
    {
      /* Update ADC state machine to error */
      SET_BIT(hadc->State, HAL_ADC_STATE_ERROR_INTERNAL);
 800d4b2:	6d63      	ldr	r3, [r4, #84]	@ 0x54
 800d4b4:	f043 0310 	orr.w	r3, r3, #16
 800d4b8:	6563      	str	r3, [r4, #84]	@ 0x54

      /* Set ADC error code to ADC peripheral internal error */
      SET_BIT(hadc->ErrorCode, HAL_ADC_ERROR_INTERNAL);
 800d4ba:	6da3      	ldr	r3, [r4, #88]	@ 0x58
 800d4bc:	f043 0301 	orr.w	r3, r3, #1
 800d4c0:	65a3      	str	r3, [r4, #88]	@ 0x58

      return HAL_ERROR;
 800d4c2:	2001      	movs	r0, #1
 800d4c4:	e029      	b.n	800d51a <ADC_Disable+0x8e>
  MODIFY_REG(ADCx->CR,
 800d4c6:	6893      	ldr	r3, [r2, #8]
 800d4c8:	f023 4300 	bic.w	r3, r3, #2147483648	@ 0x80000000
 800d4cc:	f023 033f 	bic.w	r3, r3, #63	@ 0x3f
 800d4d0:	f043 0302 	orr.w	r3, r3, #2
 800d4d4:	6093      	str	r3, [r2, #8]
      __HAL_ADC_CLEAR_FLAG(hadc, (ADC_FLAG_EOSMP | ADC_FLAG_RDY));
 800d4d6:	6823      	ldr	r3, [r4, #0]
 800d4d8:	2203      	movs	r2, #3
 800d4da:	601a      	str	r2, [r3, #0]
    }

    /* Wait for ADC effectively disabled */
    /* Get tick count */
    tickstart = HAL_GetTick();
 800d4dc:	f7ff fb14 	bl	800cb08 <HAL_GetTick>
 800d4e0:	4605      	mov	r5, r0

    while ((hadc->Instance->CR & ADC_CR_ADEN) != 0UL)
 800d4e2:	6823      	ldr	r3, [r4, #0]
 800d4e4:	689b      	ldr	r3, [r3, #8]
 800d4e6:	f013 0f01 	tst.w	r3, #1
 800d4ea:	d013      	beq.n	800d514 <ADC_Disable+0x88>
    {
      if ((HAL_GetTick() - tickstart) > ADC_DISABLE_TIMEOUT)
 800d4ec:	f7ff fb0c 	bl	800cb08 <HAL_GetTick>
 800d4f0:	1b40      	subs	r0, r0, r5
 800d4f2:	2802      	cmp	r0, #2
 800d4f4:	d9f5      	bls.n	800d4e2 <ADC_Disable+0x56>
      {
        /* New check to avoid false timeout detection in case of preemption */
        if ((hadc->Instance->CR & ADC_CR_ADEN) != 0UL)
 800d4f6:	6823      	ldr	r3, [r4, #0]
 800d4f8:	689b      	ldr	r3, [r3, #8]
 800d4fa:	f013 0f01 	tst.w	r3, #1
 800d4fe:	d0f0      	beq.n	800d4e2 <ADC_Disable+0x56>
        {
          /* Update ADC state machine to error */
          SET_BIT(hadc->State, HAL_ADC_STATE_ERROR_INTERNAL);
 800d500:	6d63      	ldr	r3, [r4, #84]	@ 0x54
 800d502:	f043 0310 	orr.w	r3, r3, #16
 800d506:	6563      	str	r3, [r4, #84]	@ 0x54

          /* Set ADC error code to ADC peripheral internal error */
          SET_BIT(hadc->ErrorCode, HAL_ADC_ERROR_INTERNAL);
 800d508:	6da3      	ldr	r3, [r4, #88]	@ 0x58
 800d50a:	f043 0301 	orr.w	r3, r3, #1
 800d50e:	65a3      	str	r3, [r4, #88]	@ 0x58

          return HAL_ERROR;
 800d510:	2001      	movs	r0, #1
 800d512:	e002      	b.n	800d51a <ADC_Disable+0x8e>
      }
    }
  }

  /* Return HAL status */
  return HAL_OK;
 800d514:	2000      	movs	r0, #0
 800d516:	e000      	b.n	800d51a <ADC_Disable+0x8e>
 800d518:	2000      	movs	r0, #0
}
 800d51a:	bd38      	pop	{r3, r4, r5, pc}
  return HAL_OK;
 800d51c:	2000      	movs	r0, #0
 800d51e:	e7fc      	b.n	800d51a <ADC_Disable+0x8e>

0800d520 <HAL_ADC_Stop>:
  __HAL_LOCK(hadc);
 800d520:	f890 3050 	ldrb.w	r3, [r0, #80]	@ 0x50
 800d524:	2b01      	cmp	r3, #1
 800d526:	d01a      	beq.n	800d55e <HAL_ADC_Stop+0x3e>
{
 800d528:	b510      	push	{r4, lr}
 800d52a:	4604      	mov	r4, r0
  __HAL_LOCK(hadc);
 800d52c:	2301      	movs	r3, #1
 800d52e:	f880 3050 	strb.w	r3, [r0, #80]	@ 0x50
  tmp_hal_status = ADC_ConversionStop(hadc, ADC_REGULAR_INJECTED_GROUP);
 800d532:	2103      	movs	r1, #3
 800d534:	f7ff fe74 	bl	800d220 <ADC_ConversionStop>
  if (tmp_hal_status == HAL_OK)
 800d538:	b118      	cbz	r0, 800d542 <HAL_ADC_Stop+0x22>
  __HAL_UNLOCK(hadc);
 800d53a:	2300      	movs	r3, #0
 800d53c:	f884 3050 	strb.w	r3, [r4, #80]	@ 0x50
}
 800d540:	bd10      	pop	{r4, pc}
    tmp_hal_status = ADC_Disable(hadc);
 800d542:	4620      	mov	r0, r4
 800d544:	f7ff ffa2 	bl	800d48c <ADC_Disable>
    if (tmp_hal_status == HAL_OK)
 800d548:	2800      	cmp	r0, #0
 800d54a:	d1f6      	bne.n	800d53a <HAL_ADC_Stop+0x1a>
      ADC_STATE_CLR_SET(hadc->State,
 800d54c:	6d63      	ldr	r3, [r4, #84]	@ 0x54
 800d54e:	f423 5388 	bic.w	r3, r3, #4352	@ 0x1100
 800d552:	f023 0301 	bic.w	r3, r3, #1
 800d556:	f043 0301 	orr.w	r3, r3, #1
 800d55a:	6563      	str	r3, [r4, #84]	@ 0x54
 800d55c:	e7ed      	b.n	800d53a <HAL_ADC_Stop+0x1a>
  __HAL_LOCK(hadc);
 800d55e:	2002      	movs	r0, #2
}
 800d560:	4770      	bx	lr

0800d562 <HAL_ADCEx_Calibration_Start>:
  *           @arg @ref ADC_SINGLE_ENDED       Channel in mode input single ended
  *           @arg @ref ADC_DIFFERENTIAL_ENDED Channel in mode input differential ended
  * @retval HAL status
  */
HAL_StatusTypeDef HAL_ADCEx_Calibration_Start(ADC_HandleTypeDef *hadc, uint32_t SingleDiff)
{
 800d562:	b530      	push	{r4, r5, lr}
 800d564:	b083      	sub	sp, #12
  HAL_StatusTypeDef tmp_hal_status;
  __IO uint32_t wait_loop_index = 0UL;
 800d566:	2300      	movs	r3, #0
 800d568:	9301      	str	r3, [sp, #4]
  /* Check the parameters */
  assert_param(IS_ADC_ALL_INSTANCE(hadc->Instance));
  assert_param(IS_ADC_SINGLE_DIFFERENTIAL(SingleDiff));

  /* Process locked */
  __HAL_LOCK(hadc);
 800d56a:	f890 3050 	ldrb.w	r3, [r0, #80]	@ 0x50
 800d56e:	2b01      	cmp	r3, #1
 800d570:	d041      	beq.n	800d5f6 <HAL_ADCEx_Calibration_Start+0x94>
 800d572:	4604      	mov	r4, r0
 800d574:	460d      	mov	r5, r1
 800d576:	2301      	movs	r3, #1
 800d578:	f880 3050 	strb.w	r3, [r0, #80]	@ 0x50

  /* Calibration prerequisite: ADC must be disabled. */

  /* Disable the ADC (if not already disabled) */
  tmp_hal_status = ADC_Disable(hadc);
 800d57c:	f7ff ff86 	bl	800d48c <ADC_Disable>

  /* Check if ADC is effectively disabled */
  if (tmp_hal_status == HAL_OK)
 800d580:	bb80      	cbnz	r0, 800d5e4 <HAL_ADCEx_Calibration_Start+0x82>
  {
    /* Set ADC state */
    ADC_STATE_CLR_SET(hadc->State,
 800d582:	6d63      	ldr	r3, [r4, #84]	@ 0x54
 800d584:	f423 5388 	bic.w	r3, r3, #4352	@ 0x1100
 800d588:	f023 0302 	bic.w	r3, r3, #2
 800d58c:	f043 0302 	orr.w	r3, r3, #2
 800d590:	6563      	str	r3, [r4, #84]	@ 0x54
                      HAL_ADC_STATE_REG_BUSY | HAL_ADC_STATE_INJ_BUSY,
                      HAL_ADC_STATE_BUSY_INTERNAL);

    /* Start ADC calibration in mode single-ended or differential */
    LL_ADC_StartCalibration(hadc->Instance, SingleDiff);
 800d592:	6822      	ldr	r2, [r4, #0]
  MODIFY_REG(ADCx->CR,
 800d594:	6893      	ldr	r3, [r2, #8]
 800d596:	f023 4340 	bic.w	r3, r3, #3221225472	@ 0xc0000000
 800d59a:	f023 033f 	bic.w	r3, r3, #63	@ 0x3f
 800d59e:	f005 4580 	and.w	r5, r5, #1073741824	@ 0x40000000
 800d5a2:	432b      	orrs	r3, r5
 800d5a4:	f043 4300 	orr.w	r3, r3, #2147483648	@ 0x80000000
 800d5a8:	6093      	str	r3, [r2, #8]

    /* Wait for calibration completion */
    while (LL_ADC_IsCalibrationOnGoing(hadc->Instance) != 0UL)
 800d5aa:	6823      	ldr	r3, [r4, #0]
  return ((READ_BIT(ADCx->CR, ADC_CR_ADCAL) == (ADC_CR_ADCAL)) ? 1UL : 0UL);
 800d5ac:	689b      	ldr	r3, [r3, #8]
 800d5ae:	2b00      	cmp	r3, #0
 800d5b0:	db06      	blt.n	800d5c0 <HAL_ADCEx_Calibration_Start+0x5e>
        return HAL_ERROR;
      }
    }

    /* Set ADC state */
    ADC_STATE_CLR_SET(hadc->State,
 800d5b2:	6d63      	ldr	r3, [r4, #84]	@ 0x54
 800d5b4:	f023 0303 	bic.w	r3, r3, #3
 800d5b8:	f043 0301 	orr.w	r3, r3, #1
 800d5bc:	6563      	str	r3, [r4, #84]	@ 0x54
 800d5be:	e015      	b.n	800d5ec <HAL_ADCEx_Calibration_Start+0x8a>
      wait_loop_index++;
 800d5c0:	9b01      	ldr	r3, [sp, #4]
 800d5c2:	3301      	adds	r3, #1
 800d5c4:	9301      	str	r3, [sp, #4]
      if (wait_loop_index >= ADC_CALIBRATION_TIMEOUT)
 800d5c6:	9b01      	ldr	r3, [sp, #4]
 800d5c8:	f5b3 2f91 	cmp.w	r3, #296960	@ 0x48800
 800d5cc:	d3ed      	bcc.n	800d5aa <HAL_ADCEx_Calibration_Start+0x48>
        ADC_STATE_CLR_SET(hadc->State,
 800d5ce:	6d63      	ldr	r3, [r4, #84]	@ 0x54
 800d5d0:	f023 0312 	bic.w	r3, r3, #18
 800d5d4:	f043 0310 	orr.w	r3, r3, #16
 800d5d8:	6563      	str	r3, [r4, #84]	@ 0x54
        __HAL_UNLOCK(hadc);
 800d5da:	2300      	movs	r3, #0
 800d5dc:	f884 3050 	strb.w	r3, [r4, #80]	@ 0x50
        return HAL_ERROR;
 800d5e0:	2001      	movs	r0, #1
 800d5e2:	e006      	b.n	800d5f2 <HAL_ADCEx_Calibration_Start+0x90>
                      HAL_ADC_STATE_BUSY_INTERNAL,
                      HAL_ADC_STATE_READY);
  }
  else
  {
    SET_BIT(hadc->State, HAL_ADC_STATE_ERROR_INTERNAL);
 800d5e4:	6d63      	ldr	r3, [r4, #84]	@ 0x54
 800d5e6:	f043 0310 	orr.w	r3, r3, #16
 800d5ea:	6563      	str	r3, [r4, #84]	@ 0x54
    /* Note: No need to update variable "tmp_hal_status" here: already set    */
    /*       to state "HAL_ERROR" by function disabling the ADC.              */
  }

  /* Process unlocked */
  __HAL_UNLOCK(hadc);
 800d5ec:	2300      	movs	r3, #0
 800d5ee:	f884 3050 	strb.w	r3, [r4, #80]	@ 0x50

  /* Return function status */
  return tmp_hal_status;
}
 800d5f2:	b003      	add	sp, #12
 800d5f4:	bd30      	pop	{r4, r5, pc}
  __HAL_LOCK(hadc);
 800d5f6:	2002      	movs	r0, #2
 800d5f8:	e7fb      	b.n	800d5f2 <HAL_ADCEx_Calibration_Start+0x90>

0800d5fa <HAL_CAN_Init>:
HAL_StatusTypeDef HAL_CAN_Init(CAN_HandleTypeDef *hcan)
{
  uint32_t tickstart;

  /* Check CAN handle */
  if (hcan == NULL)
 800d5fa:	2800      	cmp	r0, #0
 800d5fc:	f000 80a1 	beq.w	800d742 <HAL_CAN_Init+0x148>
{
 800d600:	b538      	push	{r3, r4, r5, lr}
 800d602:	4604      	mov	r4, r0
    /* Init the low level hardware: CLOCK, NVIC */
    hcan->MspInitCallback(hcan);
  }

#else
  if (hcan->State == HAL_CAN_STATE_RESET)
 800d604:	f890 3020 	ldrb.w	r3, [r0, #32]
 800d608:	b1d3      	cbz	r3, 800d640 <HAL_CAN_Init+0x46>
    HAL_CAN_MspInit(hcan);
  }
#endif /* USE_HAL_CAN_REGISTER_CALLBACKS */

  /* Request initialisation */
  SET_BIT(hcan->Instance->MCR, CAN_MCR_INRQ);
 800d60a:	6822      	ldr	r2, [r4, #0]
 800d60c:	6813      	ldr	r3, [r2, #0]
 800d60e:	f043 0301 	orr.w	r3, r3, #1
 800d612:	6013      	str	r3, [r2, #0]

  /* Get tick */
  tickstart = HAL_GetTick();
 800d614:	f7ff fa78 	bl	800cb08 <HAL_GetTick>
 800d618:	4605      	mov	r5, r0

  /* Wait initialisation acknowledge */
  while ((hcan->Instance->MSR & CAN_MSR_INAK) == 0U)
 800d61a:	6823      	ldr	r3, [r4, #0]
 800d61c:	685a      	ldr	r2, [r3, #4]
 800d61e:	f012 0f01 	tst.w	r2, #1
 800d622:	d110      	bne.n	800d646 <HAL_CAN_Init+0x4c>
  {
    if ((HAL_GetTick() - tickstart) > CAN_TIMEOUT_VALUE)
 800d624:	f7ff fa70 	bl	800cb08 <HAL_GetTick>
 800d628:	1b40      	subs	r0, r0, r5
 800d62a:	280a      	cmp	r0, #10
 800d62c:	d9f5      	bls.n	800d61a <HAL_CAN_Init+0x20>
    {
      /* Update error code */
      hcan->ErrorCode |= HAL_CAN_ERROR_TIMEOUT;
 800d62e:	6a63      	ldr	r3, [r4, #36]	@ 0x24
 800d630:	f443 3300 	orr.w	r3, r3, #131072	@ 0x20000
 800d634:	6263      	str	r3, [r4, #36]	@ 0x24

      /* Change CAN state */
      hcan->State = HAL_CAN_STATE_ERROR;
 800d636:	2305      	movs	r3, #5
 800d638:	f884 3020 	strb.w	r3, [r4, #32]

      return HAL_ERROR;
 800d63c:	2001      	movs	r0, #1
  /* Initialize the CAN state */
  hcan->State = HAL_CAN_STATE_READY;

  /* Return function status */
  return HAL_OK;
}
 800d63e:	bd38      	pop	{r3, r4, r5, pc}
    HAL_CAN_MspInit(hcan);
 800d640:	f001 fcc0 	bl	800efc4 <HAL_CAN_MspInit>
 800d644:	e7e1      	b.n	800d60a <HAL_CAN_Init+0x10>
  CLEAR_BIT(hcan->Instance->MCR, CAN_MCR_SLEEP);
 800d646:	681a      	ldr	r2, [r3, #0]
 800d648:	f022 0202 	bic.w	r2, r2, #2
 800d64c:	601a      	str	r2, [r3, #0]
  tickstart = HAL_GetTick();
 800d64e:	f7ff fa5b 	bl	800cb08 <HAL_GetTick>
 800d652:	4605      	mov	r5, r0
  while ((hcan->Instance->MSR & CAN_MSR_SLAK) != 0U)
 800d654:	6823      	ldr	r3, [r4, #0]
 800d656:	685a      	ldr	r2, [r3, #4]
 800d658:	f012 0f02 	tst.w	r2, #2
 800d65c:	d00d      	beq.n	800d67a <HAL_CAN_Init+0x80>
    if ((HAL_GetTick() - tickstart) > CAN_TIMEOUT_VALUE)
 800d65e:	f7ff fa53 	bl	800cb08 <HAL_GetTick>
 800d662:	1b40      	subs	r0, r0, r5
 800d664:	280a      	cmp	r0, #10
 800d666:	d9f5      	bls.n	800d654 <HAL_CAN_Init+0x5a>
      hcan->ErrorCode |= HAL_CAN_ERROR_TIMEOUT;
 800d668:	6a63      	ldr	r3, [r4, #36]	@ 0x24
 800d66a:	f443 3300 	orr.w	r3, r3, #131072	@ 0x20000
 800d66e:	6263      	str	r3, [r4, #36]	@ 0x24
      hcan->State = HAL_CAN_STATE_ERROR;
 800d670:	2305      	movs	r3, #5
 800d672:	f884 3020 	strb.w	r3, [r4, #32]
      return HAL_ERROR;
 800d676:	2001      	movs	r0, #1
 800d678:	e7e1      	b.n	800d63e <HAL_CAN_Init+0x44>
  if (hcan->Init.TimeTriggeredMode == ENABLE)
 800d67a:	7e22      	ldrb	r2, [r4, #24]
 800d67c:	2a01      	cmp	r2, #1
 800d67e:	d03d      	beq.n	800d6fc <HAL_CAN_Init+0x102>
    CLEAR_BIT(hcan->Instance->MCR, CAN_MCR_TTCM);
 800d680:	681a      	ldr	r2, [r3, #0]
 800d682:	f022 0280 	bic.w	r2, r2, #128	@ 0x80
 800d686:	601a      	str	r2, [r3, #0]
  if (hcan->Init.AutoBusOff == ENABLE)
 800d688:	7e63      	ldrb	r3, [r4, #25]
 800d68a:	2b01      	cmp	r3, #1
 800d68c:	d03b      	beq.n	800d706 <HAL_CAN_Init+0x10c>
    CLEAR_BIT(hcan->Instance->MCR, CAN_MCR_ABOM);
 800d68e:	6822      	ldr	r2, [r4, #0]
 800d690:	6813      	ldr	r3, [r2, #0]
 800d692:	f023 0340 	bic.w	r3, r3, #64	@ 0x40
 800d696:	6013      	str	r3, [r2, #0]
  if (hcan->Init.AutoWakeUp == ENABLE)
 800d698:	7ea3      	ldrb	r3, [r4, #26]
 800d69a:	2b01      	cmp	r3, #1
 800d69c:	d039      	beq.n	800d712 <HAL_CAN_Init+0x118>
    CLEAR_BIT(hcan->Instance->MCR, CAN_MCR_AWUM);
 800d69e:	6822      	ldr	r2, [r4, #0]
 800d6a0:	6813      	ldr	r3, [r2, #0]
 800d6a2:	f023 0320 	bic.w	r3, r3, #32
 800d6a6:	6013      	str	r3, [r2, #0]
  if (hcan->Init.AutoRetransmission == ENABLE)
 800d6a8:	7ee3      	ldrb	r3, [r4, #27]
 800d6aa:	2b01      	cmp	r3, #1
 800d6ac:	d037      	beq.n	800d71e <HAL_CAN_Init+0x124>
    SET_BIT(hcan->Instance->MCR, CAN_MCR_NART);
 800d6ae:	6822      	ldr	r2, [r4, #0]
 800d6b0:	6813      	ldr	r3, [r2, #0]
 800d6b2:	f043 0310 	orr.w	r3, r3, #16
 800d6b6:	6013      	str	r3, [r2, #0]
  if (hcan->Init.ReceiveFifoLocked == ENABLE)
 800d6b8:	7f23      	ldrb	r3, [r4, #28]
 800d6ba:	2b01      	cmp	r3, #1
 800d6bc:	d035      	beq.n	800d72a <HAL_CAN_Init+0x130>
    CLEAR_BIT(hcan->Instance->MCR, CAN_MCR_RFLM);
 800d6be:	6822      	ldr	r2, [r4, #0]
 800d6c0:	6813      	ldr	r3, [r2, #0]
 800d6c2:	f023 0308 	bic.w	r3, r3, #8
 800d6c6:	6013      	str	r3, [r2, #0]
  if (hcan->Init.TransmitFifoPriority == ENABLE)
 800d6c8:	7f63      	ldrb	r3, [r4, #29]
 800d6ca:	2b01      	cmp	r3, #1
 800d6cc:	d033      	beq.n	800d736 <HAL_CAN_Init+0x13c>
    CLEAR_BIT(hcan->Instance->MCR, CAN_MCR_TXFP);
 800d6ce:	6822      	ldr	r2, [r4, #0]
 800d6d0:	6813      	ldr	r3, [r2, #0]
 800d6d2:	f023 0304 	bic.w	r3, r3, #4
 800d6d6:	6013      	str	r3, [r2, #0]
  WRITE_REG(hcan->Instance->BTR, (uint32_t)(hcan->Init.Mode           |
 800d6d8:	68a3      	ldr	r3, [r4, #8]
 800d6da:	68e2      	ldr	r2, [r4, #12]
 800d6dc:	4313      	orrs	r3, r2
 800d6de:	6922      	ldr	r2, [r4, #16]
 800d6e0:	4313      	orrs	r3, r2
 800d6e2:	6962      	ldr	r2, [r4, #20]
 800d6e4:	4313      	orrs	r3, r2
 800d6e6:	6862      	ldr	r2, [r4, #4]
 800d6e8:	3a01      	subs	r2, #1
 800d6ea:	6821      	ldr	r1, [r4, #0]
 800d6ec:	4313      	orrs	r3, r2
 800d6ee:	61cb      	str	r3, [r1, #28]
  hcan->ErrorCode = HAL_CAN_ERROR_NONE;
 800d6f0:	2000      	movs	r0, #0
 800d6f2:	6260      	str	r0, [r4, #36]	@ 0x24
  hcan->State = HAL_CAN_STATE_READY;
 800d6f4:	2301      	movs	r3, #1
 800d6f6:	f884 3020 	strb.w	r3, [r4, #32]
  return HAL_OK;
 800d6fa:	e7a0      	b.n	800d63e <HAL_CAN_Init+0x44>
    SET_BIT(hcan->Instance->MCR, CAN_MCR_TTCM);
 800d6fc:	681a      	ldr	r2, [r3, #0]
 800d6fe:	f042 0280 	orr.w	r2, r2, #128	@ 0x80
 800d702:	601a      	str	r2, [r3, #0]
 800d704:	e7c0      	b.n	800d688 <HAL_CAN_Init+0x8e>
    SET_BIT(hcan->Instance->MCR, CAN_MCR_ABOM);
 800d706:	6822      	ldr	r2, [r4, #0]
 800d708:	6813      	ldr	r3, [r2, #0]
 800d70a:	f043 0340 	orr.w	r3, r3, #64	@ 0x40
 800d70e:	6013      	str	r3, [r2, #0]
 800d710:	e7c2      	b.n	800d698 <HAL_CAN_Init+0x9e>
    SET_BIT(hcan->Instance->MCR, CAN_MCR_AWUM);
 800d712:	6822      	ldr	r2, [r4, #0]
 800d714:	6813      	ldr	r3, [r2, #0]
 800d716:	f043 0320 	orr.w	r3, r3, #32
 800d71a:	6013      	str	r3, [r2, #0]
 800d71c:	e7c4      	b.n	800d6a8 <HAL_CAN_Init+0xae>
    CLEAR_BIT(hcan->Instance->MCR, CAN_MCR_NART);
 800d71e:	6822      	ldr	r2, [r4, #0]
 800d720:	6813      	ldr	r3, [r2, #0]
 800d722:	f023 0310 	bic.w	r3, r3, #16
 800d726:	6013      	str	r3, [r2, #0]
 800d728:	e7c6      	b.n	800d6b8 <HAL_CAN_Init+0xbe>
    SET_BIT(hcan->Instance->MCR, CAN_MCR_RFLM);
 800d72a:	6822      	ldr	r2, [r4, #0]
 800d72c:	6813      	ldr	r3, [r2, #0]
 800d72e:	f043 0308 	orr.w	r3, r3, #8
 800d732:	6013      	str	r3, [r2, #0]
 800d734:	e7c8      	b.n	800d6c8 <HAL_CAN_Init+0xce>
    SET_BIT(hcan->Instance->MCR, CAN_MCR_TXFP);
 800d736:	6822      	ldr	r2, [r4, #0]
 800d738:	6813      	ldr	r3, [r2, #0]
 800d73a:	f043 0304 	orr.w	r3, r3, #4
 800d73e:	6013      	str	r3, [r2, #0]
 800d740:	e7ca      	b.n	800d6d8 <HAL_CAN_Init+0xde>
    return HAL_ERROR;
 800d742:	2001      	movs	r0, #1
}
 800d744:	4770      	bx	lr

0800d746 <HAL_CAN_ConfigFilter>:
  * @retval None
  */
HAL_StatusTypeDef HAL_CAN_ConfigFilter(CAN_HandleTypeDef *hcan, const CAN_FilterTypeDef *sFilterConfig)
{
  uint32_t filternbrbitpos;
  CAN_TypeDef *can_ip = hcan->Instance;
 800d746:	6802      	ldr	r2, [r0, #0]
  HAL_CAN_StateTypeDef state = hcan->State;
 800d748:	f890 3020 	ldrb.w	r3, [r0, #32]

  if ((state == HAL_CAN_STATE_READY) ||
 800d74c:	3b01      	subs	r3, #1
 800d74e:	b2db      	uxtb	r3, r3
 800d750:	2b01      	cmp	r3, #1
 800d752:	d905      	bls.n	800d760 <HAL_CAN_ConfigFilter+0x1a>
    return HAL_OK;
  }
  else
  {
    /* Update error code */
    hcan->ErrorCode |= HAL_CAN_ERROR_NOT_INITIALIZED;
 800d754:	6a43      	ldr	r3, [r0, #36]	@ 0x24
 800d756:	f443 2380 	orr.w	r3, r3, #262144	@ 0x40000
 800d75a:	6243      	str	r3, [r0, #36]	@ 0x24

    return HAL_ERROR;
 800d75c:	2001      	movs	r0, #1
  }
}
 800d75e:	4770      	bx	lr
{
 800d760:	b430      	push	{r4, r5}
    SET_BIT(can_ip->FMR, CAN_FMR_FINIT);
 800d762:	f8d2 3200 	ldr.w	r3, [r2, #512]	@ 0x200
 800d766:	f043 0301 	orr.w	r3, r3, #1
 800d76a:	f8c2 3200 	str.w	r3, [r2, #512]	@ 0x200
    filternbrbitpos = (uint32_t)1 << (sFilterConfig->FilterBank & 0x1FU);
 800d76e:	694b      	ldr	r3, [r1, #20]
 800d770:	f003 031f 	and.w	r3, r3, #31
 800d774:	2001      	movs	r0, #1
 800d776:	fa00 f303 	lsl.w	r3, r0, r3
    CLEAR_BIT(can_ip->FA1R, filternbrbitpos);
 800d77a:	f8d2 021c 	ldr.w	r0, [r2, #540]	@ 0x21c
 800d77e:	ea6f 0c03 	mvn.w	ip, r3
 800d782:	ea20 0003 	bic.w	r0, r0, r3
 800d786:	f8c2 021c 	str.w	r0, [r2, #540]	@ 0x21c
    if (sFilterConfig->FilterScale == CAN_FILTERSCALE_16BIT)
 800d78a:	69c8      	ldr	r0, [r1, #28]
 800d78c:	b9b0      	cbnz	r0, 800d7bc <HAL_CAN_ConfigFilter+0x76>
      CLEAR_BIT(can_ip->FS1R, filternbrbitpos);
 800d78e:	f8d2 020c 	ldr.w	r0, [r2, #524]	@ 0x20c
 800d792:	ea0c 0000 	and.w	r0, ip, r0
 800d796:	f8c2 020c 	str.w	r0, [r2, #524]	@ 0x20c
        (0x0000FFFFU & (uint32_t)sFilterConfig->FilterIdLow);
 800d79a:	888c      	ldrh	r4, [r1, #4]
      can_ip->sFilterRegister[sFilterConfig->FilterBank].FR1 =
 800d79c:	6948      	ldr	r0, [r1, #20]
        ((0x0000FFFFU & (uint32_t)sFilterConfig->FilterMaskIdLow) << 16U) |
 800d79e:	68cd      	ldr	r5, [r1, #12]
 800d7a0:	ea44 4405 	orr.w	r4, r4, r5, lsl #16
      can_ip->sFilterRegister[sFilterConfig->FilterBank].FR1 =
 800d7a4:	3048      	adds	r0, #72	@ 0x48
 800d7a6:	f842 4030 	str.w	r4, [r2, r0, lsl #3]
        (0x0000FFFFU & (uint32_t)sFilterConfig->FilterIdHigh);
 800d7aa:	880c      	ldrh	r4, [r1, #0]
      can_ip->sFilterRegister[sFilterConfig->FilterBank].FR2 =
 800d7ac:	6948      	ldr	r0, [r1, #20]
        ((0x0000FFFFU & (uint32_t)sFilterConfig->FilterMaskIdHigh) << 16U) |
 800d7ae:	688d      	ldr	r5, [r1, #8]
 800d7b0:	ea44 4405 	orr.w	r4, r4, r5, lsl #16
      can_ip->sFilterRegister[sFilterConfig->FilterBank].FR2 =
 800d7b4:	3048      	adds	r0, #72	@ 0x48
 800d7b6:	eb02 00c0 	add.w	r0, r2, r0, lsl #3
 800d7ba:	6044      	str	r4, [r0, #4]
    if (sFilterConfig->FilterScale == CAN_FILTERSCALE_32BIT)
 800d7bc:	69c8      	ldr	r0, [r1, #28]
 800d7be:	2801      	cmp	r0, #1
 800d7c0:	d01b      	beq.n	800d7fa <HAL_CAN_ConfigFilter+0xb4>
    if (sFilterConfig->FilterMode == CAN_FILTERMODE_IDMASK)
 800d7c2:	6988      	ldr	r0, [r1, #24]
 800d7c4:	bb80      	cbnz	r0, 800d828 <HAL_CAN_ConfigFilter+0xe2>
      CLEAR_BIT(can_ip->FM1R, filternbrbitpos);
 800d7c6:	f8d2 0204 	ldr.w	r0, [r2, #516]	@ 0x204
 800d7ca:	ea0c 0000 	and.w	r0, ip, r0
 800d7ce:	f8c2 0204 	str.w	r0, [r2, #516]	@ 0x204
    if (sFilterConfig->FilterFIFOAssignment == CAN_FILTER_FIFO0)
 800d7d2:	6908      	ldr	r0, [r1, #16]
 800d7d4:	bb70      	cbnz	r0, 800d834 <HAL_CAN_ConfigFilter+0xee>
      CLEAR_BIT(can_ip->FFA1R, filternbrbitpos);
 800d7d6:	f8d2 0214 	ldr.w	r0, [r2, #532]	@ 0x214
 800d7da:	ea0c 0000 	and.w	r0, ip, r0
 800d7de:	f8c2 0214 	str.w	r0, [r2, #532]	@ 0x214
    if (sFilterConfig->FilterActivation == CAN_FILTER_ENABLE)
 800d7e2:	6a09      	ldr	r1, [r1, #32]
 800d7e4:	2901      	cmp	r1, #1
 800d7e6:	d02b      	beq.n	800d840 <HAL_CAN_ConfigFilter+0xfa>
    CLEAR_BIT(can_ip->FMR, CAN_FMR_FINIT);
 800d7e8:	f8d2 3200 	ldr.w	r3, [r2, #512]	@ 0x200
 800d7ec:	f023 0301 	bic.w	r3, r3, #1
 800d7f0:	f8c2 3200 	str.w	r3, [r2, #512]	@ 0x200
    return HAL_OK;
 800d7f4:	2000      	movs	r0, #0
}
 800d7f6:	bc30      	pop	{r4, r5}
 800d7f8:	4770      	bx	lr
      SET_BIT(can_ip->FS1R, filternbrbitpos);
 800d7fa:	f8d2 020c 	ldr.w	r0, [r2, #524]	@ 0x20c
 800d7fe:	4318      	orrs	r0, r3
 800d800:	f8c2 020c 	str.w	r0, [r2, #524]	@ 0x20c
        (0x0000FFFFU & (uint32_t)sFilterConfig->FilterIdLow);
 800d804:	888c      	ldrh	r4, [r1, #4]
      can_ip->sFilterRegister[sFilterConfig->FilterBank].FR1 =
 800d806:	6948      	ldr	r0, [r1, #20]
        ((0x0000FFFFU & (uint32_t)sFilterConfig->FilterIdHigh) << 16U) |
 800d808:	680d      	ldr	r5, [r1, #0]
 800d80a:	ea44 4405 	orr.w	r4, r4, r5, lsl #16
      can_ip->sFilterRegister[sFilterConfig->FilterBank].FR1 =
 800d80e:	3048      	adds	r0, #72	@ 0x48
 800d810:	f842 4030 	str.w	r4, [r2, r0, lsl #3]
        (0x0000FFFFU & (uint32_t)sFilterConfig->FilterMaskIdLow);
 800d814:	898c      	ldrh	r4, [r1, #12]
      can_ip->sFilterRegister[sFilterConfig->FilterBank].FR2 =
 800d816:	6948      	ldr	r0, [r1, #20]
        ((0x0000FFFFU & (uint32_t)sFilterConfig->FilterMaskIdHigh) << 16U) |
 800d818:	688d      	ldr	r5, [r1, #8]
 800d81a:	ea44 4405 	orr.w	r4, r4, r5, lsl #16
      can_ip->sFilterRegister[sFilterConfig->FilterBank].FR2 =
 800d81e:	3048      	adds	r0, #72	@ 0x48
 800d820:	eb02 00c0 	add.w	r0, r2, r0, lsl #3
 800d824:	6044      	str	r4, [r0, #4]
 800d826:	e7cc      	b.n	800d7c2 <HAL_CAN_ConfigFilter+0x7c>
      SET_BIT(can_ip->FM1R, filternbrbitpos);
 800d828:	f8d2 0204 	ldr.w	r0, [r2, #516]	@ 0x204
 800d82c:	4318      	orrs	r0, r3
 800d82e:	f8c2 0204 	str.w	r0, [r2, #516]	@ 0x204
 800d832:	e7ce      	b.n	800d7d2 <HAL_CAN_ConfigFilter+0x8c>
      SET_BIT(can_ip->FFA1R, filternbrbitpos);
 800d834:	f8d2 0214 	ldr.w	r0, [r2, #532]	@ 0x214
 800d838:	4318      	orrs	r0, r3
 800d83a:	f8c2 0214 	str.w	r0, [r2, #532]	@ 0x214
 800d83e:	e7d0      	b.n	800d7e2 <HAL_CAN_ConfigFilter+0x9c>
      SET_BIT(can_ip->FA1R, filternbrbitpos);
 800d840:	f8d2 121c 	ldr.w	r1, [r2, #540]	@ 0x21c
 800d844:	430b      	orrs	r3, r1
 800d846:	f8c2 321c 	str.w	r3, [r2, #540]	@ 0x21c
 800d84a:	e7cd      	b.n	800d7e8 <HAL_CAN_ConfigFilter+0xa2>

0800d84c <HAL_CAN_Start>:
  * @param  hcan pointer to an CAN_HandleTypeDef structure that contains
  *         the configuration information for the specified CAN.
  * @retval HAL status
  */
HAL_StatusTypeDef HAL_CAN_Start(CAN_HandleTypeDef *hcan)
{
 800d84c:	b570      	push	{r4, r5, r6, lr}
 800d84e:	4604      	mov	r4, r0
  uint32_t tickstart;

  if (hcan->State == HAL_CAN_STATE_READY)
 800d850:	f890 3020 	ldrb.w	r3, [r0, #32]
 800d854:	2b01      	cmp	r3, #1
 800d856:	d006      	beq.n	800d866 <HAL_CAN_Start+0x1a>
    return HAL_OK;
  }
  else
  {
    /* Update error code */
    hcan->ErrorCode |= HAL_CAN_ERROR_NOT_READY;
 800d858:	6a43      	ldr	r3, [r0, #36]	@ 0x24
 800d85a:	f443 2300 	orr.w	r3, r3, #524288	@ 0x80000
 800d85e:	6243      	str	r3, [r0, #36]	@ 0x24

    return HAL_ERROR;
 800d860:	2601      	movs	r6, #1
  }
}
 800d862:	4630      	mov	r0, r6
 800d864:	bd70      	pop	{r4, r5, r6, pc}
 800d866:	b2de      	uxtb	r6, r3
    hcan->State = HAL_CAN_STATE_LISTENING;
 800d868:	2302      	movs	r3, #2
 800d86a:	f880 3020 	strb.w	r3, [r0, #32]
    CLEAR_BIT(hcan->Instance->MCR, CAN_MCR_INRQ);
 800d86e:	6802      	ldr	r2, [r0, #0]
 800d870:	6813      	ldr	r3, [r2, #0]
 800d872:	f023 0301 	bic.w	r3, r3, #1
 800d876:	6013      	str	r3, [r2, #0]
    tickstart = HAL_GetTick();
 800d878:	f7ff f946 	bl	800cb08 <HAL_GetTick>
 800d87c:	4605      	mov	r5, r0
    while ((hcan->Instance->MSR & CAN_MSR_INAK) != 0U)
 800d87e:	6823      	ldr	r3, [r4, #0]
 800d880:	685b      	ldr	r3, [r3, #4]
 800d882:	f013 0f01 	tst.w	r3, #1
 800d886:	d00c      	beq.n	800d8a2 <HAL_CAN_Start+0x56>
      if ((HAL_GetTick() - tickstart) > CAN_TIMEOUT_VALUE)
 800d888:	f7ff f93e 	bl	800cb08 <HAL_GetTick>
 800d88c:	1b43      	subs	r3, r0, r5
 800d88e:	2b0a      	cmp	r3, #10
 800d890:	d9f5      	bls.n	800d87e <HAL_CAN_Start+0x32>
        hcan->ErrorCode |= HAL_CAN_ERROR_TIMEOUT;
 800d892:	6a63      	ldr	r3, [r4, #36]	@ 0x24
 800d894:	f443 3300 	orr.w	r3, r3, #131072	@ 0x20000
 800d898:	6263      	str	r3, [r4, #36]	@ 0x24
        hcan->State = HAL_CAN_STATE_ERROR;
 800d89a:	2305      	movs	r3, #5
 800d89c:	f884 3020 	strb.w	r3, [r4, #32]
        return HAL_ERROR;
 800d8a0:	e7df      	b.n	800d862 <HAL_CAN_Start+0x16>
    hcan->ErrorCode = HAL_CAN_ERROR_NONE;
 800d8a2:	2600      	movs	r6, #0
 800d8a4:	6266      	str	r6, [r4, #36]	@ 0x24
    return HAL_OK;
 800d8a6:	e7dc      	b.n	800d862 <HAL_CAN_Start+0x16>

0800d8a8 <HAL_CAN_AddTxMessage>:
  *         This parameter can be a value of @arg CAN_Tx_Mailboxes.
  * @retval HAL status
  */
HAL_StatusTypeDef HAL_CAN_AddTxMessage(CAN_HandleTypeDef *hcan, const CAN_TxHeaderTypeDef *pHeader,
                                       const uint8_t aData[], uint32_t *pTxMailbox)
{
 800d8a8:	b530      	push	{r4, r5, lr}
  uint32_t transmitmailbox;
  HAL_CAN_StateTypeDef state = hcan->State;
 800d8aa:	f890 c020 	ldrb.w	ip, [r0, #32]
  uint32_t tsr = READ_REG(hcan->Instance->TSR);
 800d8ae:	6804      	ldr	r4, [r0, #0]
 800d8b0:	68a4      	ldr	r4, [r4, #8]
  {
    assert_param(IS_CAN_EXTID(pHeader->ExtId));
  }
  assert_param(IS_FUNCTIONAL_STATE(pHeader->TransmitGlobalTime));

  if ((state == HAL_CAN_STATE_READY) ||
 800d8b2:	f10c 3cff 	add.w	ip, ip, #4294967295
 800d8b6:	fa5f fc8c 	uxtb.w	ip, ip
 800d8ba:	f1bc 0f01 	cmp.w	ip, #1
 800d8be:	d862      	bhi.n	800d986 <HAL_CAN_AddTxMessage+0xde>
      (state == HAL_CAN_STATE_LISTENING))
  {
    /* Check that all the Tx mailboxes are not full */
    if (((tsr & CAN_TSR_TME0) != 0U) ||
 800d8c0:	f014 5fe0 	tst.w	r4, #469762048	@ 0x1c000000
 800d8c4:	d059      	beq.n	800d97a <HAL_CAN_AddTxMessage+0xd2>
        ((tsr & CAN_TSR_TME1) != 0U) ||
        ((tsr & CAN_TSR_TME2) != 0U))
    {
      /* Select an empty transmit mailbox */
      transmitmailbox = (tsr & CAN_TSR_CODE) >> CAN_TSR_CODE_Pos;
 800d8c6:	f3c4 6c01 	ubfx	ip, r4, #24, #2

      /* Store the Tx mailbox */
      *pTxMailbox = (uint32_t)1 << transmitmailbox;
 800d8ca:	2401      	movs	r4, #1
 800d8cc:	fa04 f40c 	lsl.w	r4, r4, ip
 800d8d0:	601c      	str	r4, [r3, #0]

      /* Set up the Id */
      if (pHeader->IDE == CAN_ID_STD)
 800d8d2:	688b      	ldr	r3, [r1, #8]
 800d8d4:	2b00      	cmp	r3, #0
 800d8d6:	d13d      	bne.n	800d954 <HAL_CAN_AddTxMessage+0xac>
      {
        hcan->Instance->sTxMailBox[transmitmailbox].TIR = ((pHeader->StdId << CAN_TI0R_STID_Pos) |
 800d8d8:	680d      	ldr	r5, [r1, #0]
                                                           pHeader->RTR);
 800d8da:	68cb      	ldr	r3, [r1, #12]
        hcan->Instance->sTxMailBox[transmitmailbox].TIR = ((pHeader->StdId << CAN_TI0R_STID_Pos) |
 800d8dc:	6804      	ldr	r4, [r0, #0]
 800d8de:	ea43 5545 	orr.w	r5, r3, r5, lsl #21
 800d8e2:	f10c 0318 	add.w	r3, ip, #24
 800d8e6:	011b      	lsls	r3, r3, #4
 800d8e8:	50e5      	str	r5, [r4, r3]
                                                           pHeader->IDE |
                                                           pHeader->RTR);
      }

      /* Set up the DLC */
      hcan->Instance->sTxMailBox[transmitmailbox].TDTR = (pHeader->DLC);
 800d8ea:	6803      	ldr	r3, [r0, #0]
 800d8ec:	690c      	ldr	r4, [r1, #16]
 800d8ee:	f10c 0e18 	add.w	lr, ip, #24
 800d8f2:	eb03 130e 	add.w	r3, r3, lr, lsl #4
 800d8f6:	605c      	str	r4, [r3, #4]

      /* Set up the Transmit Global Time mode */
      if (pHeader->TransmitGlobalTime == ENABLE)
 800d8f8:	7d0b      	ldrb	r3, [r1, #20]
 800d8fa:	2b01      	cmp	r3, #1
 800d8fc:	d035      	beq.n	800d96a <HAL_CAN_AddTxMessage+0xc2>
      {
        SET_BIT(hcan->Instance->sTxMailBox[transmitmailbox].TDTR, CAN_TDT0R_TGT);
      }

      /* Set up the data field */
      WRITE_REG(hcan->Instance->sTxMailBox[transmitmailbox].TDHR,
 800d8fe:	79d1      	ldrb	r1, [r2, #7]
 800d900:	7993      	ldrb	r3, [r2, #6]
 800d902:	041b      	lsls	r3, r3, #16
 800d904:	ea43 6301 	orr.w	r3, r3, r1, lsl #24
 800d908:	7951      	ldrb	r1, [r2, #5]
 800d90a:	ea43 2301 	orr.w	r3, r3, r1, lsl #8
 800d90e:	7914      	ldrb	r4, [r2, #4]
 800d910:	6801      	ldr	r1, [r0, #0]
 800d912:	4323      	orrs	r3, r4
 800d914:	eb01 110c 	add.w	r1, r1, ip, lsl #4
 800d918:	f8c1 318c 	str.w	r3, [r1, #396]	@ 0x18c
                ((uint32_t)aData[7] << CAN_TDH0R_DATA7_Pos) |
                ((uint32_t)aData[6] << CAN_TDH0R_DATA6_Pos) |
                ((uint32_t)aData[5] << CAN_TDH0R_DATA5_Pos) |
                ((uint32_t)aData[4] << CAN_TDH0R_DATA4_Pos));
      WRITE_REG(hcan->Instance->sTxMailBox[transmitmailbox].TDLR,
 800d91c:	78d1      	ldrb	r1, [r2, #3]
 800d91e:	7893      	ldrb	r3, [r2, #2]
 800d920:	041b      	lsls	r3, r3, #16
 800d922:	ea43 6301 	orr.w	r3, r3, r1, lsl #24
 800d926:	7851      	ldrb	r1, [r2, #1]
 800d928:	ea43 2301 	orr.w	r3, r3, r1, lsl #8
 800d92c:	7811      	ldrb	r1, [r2, #0]
 800d92e:	6802      	ldr	r2, [r0, #0]
 800d930:	430b      	orrs	r3, r1
 800d932:	eb02 120c 	add.w	r2, r2, ip, lsl #4
 800d936:	f8c2 3188 	str.w	r3, [r2, #392]	@ 0x188
                ((uint32_t)aData[2] << CAN_TDL0R_DATA2_Pos) |
                ((uint32_t)aData[1] << CAN_TDL0R_DATA1_Pos) |
                ((uint32_t)aData[0] << CAN_TDL0R_DATA0_Pos));

      /* Request transmission */
      SET_BIT(hcan->Instance->sTxMailBox[transmitmailbox].TIR, CAN_TI0R_TXRQ);
 800d93a:	6802      	ldr	r2, [r0, #0]
 800d93c:	f10c 0c18 	add.w	ip, ip, #24
 800d940:	ea4f 1c0c 	mov.w	ip, ip, lsl #4
 800d944:	f852 300c 	ldr.w	r3, [r2, ip]
 800d948:	f043 0301 	orr.w	r3, r3, #1
 800d94c:	f842 300c 	str.w	r3, [r2, ip]

      /* Return function status */
      return HAL_OK;
 800d950:	2000      	movs	r0, #0
 800d952:	e01d      	b.n	800d990 <HAL_CAN_AddTxMessage+0xe8>
        hcan->Instance->sTxMailBox[transmitmailbox].TIR = ((pHeader->ExtId << CAN_TI0R_EXID_Pos) |
 800d954:	684c      	ldr	r4, [r1, #4]
 800d956:	ea43 03c4 	orr.w	r3, r3, r4, lsl #3
                                                           pHeader->RTR);
 800d95a:	68cc      	ldr	r4, [r1, #12]
                                                           pHeader->IDE |
 800d95c:	4323      	orrs	r3, r4
        hcan->Instance->sTxMailBox[transmitmailbox].TIR = ((pHeader->ExtId << CAN_TI0R_EXID_Pos) |
 800d95e:	f10c 0418 	add.w	r4, ip, #24
 800d962:	0124      	lsls	r4, r4, #4
 800d964:	6805      	ldr	r5, [r0, #0]
 800d966:	512b      	str	r3, [r5, r4]
 800d968:	e7bf      	b.n	800d8ea <HAL_CAN_AddTxMessage+0x42>
        SET_BIT(hcan->Instance->sTxMailBox[transmitmailbox].TDTR, CAN_TDT0R_TGT);
 800d96a:	6803      	ldr	r3, [r0, #0]
 800d96c:	eb03 130e 	add.w	r3, r3, lr, lsl #4
 800d970:	6859      	ldr	r1, [r3, #4]
 800d972:	f441 7180 	orr.w	r1, r1, #256	@ 0x100
 800d976:	6059      	str	r1, [r3, #4]
 800d978:	e7c1      	b.n	800d8fe <HAL_CAN_AddTxMessage+0x56>
    }
    else
    {
      /* Update error code */
      hcan->ErrorCode |= HAL_CAN_ERROR_PARAM;
 800d97a:	6a43      	ldr	r3, [r0, #36]	@ 0x24
 800d97c:	f443 1300 	orr.w	r3, r3, #2097152	@ 0x200000
 800d980:	6243      	str	r3, [r0, #36]	@ 0x24

      return HAL_ERROR;
 800d982:	2001      	movs	r0, #1
 800d984:	e004      	b.n	800d990 <HAL_CAN_AddTxMessage+0xe8>
    }
  }
  else
  {
    /* Update error code */
    hcan->ErrorCode |= HAL_CAN_ERROR_NOT_INITIALIZED;
 800d986:	6a43      	ldr	r3, [r0, #36]	@ 0x24
 800d988:	f443 2380 	orr.w	r3, r3, #262144	@ 0x40000
 800d98c:	6243      	str	r3, [r0, #36]	@ 0x24

    return HAL_ERROR;
 800d98e:	2001      	movs	r0, #1
  }
}
 800d990:	bd30      	pop	{r4, r5, pc}

0800d992 <HAL_CAN_GetRxMessage>:
  * @retval HAL status
  */
HAL_StatusTypeDef HAL_CAN_GetRxMessage(CAN_HandleTypeDef *hcan, uint32_t RxFifo,
                                       CAN_RxHeaderTypeDef *pHeader, uint8_t aData[])
{
  HAL_CAN_StateTypeDef state = hcan->State;
 800d992:	f890 c020 	ldrb.w	ip, [r0, #32]

  assert_param(IS_CAN_RX_FIFO(RxFifo));

  if ((state == HAL_CAN_STATE_READY) ||
 800d996:	f10c 3cff 	add.w	ip, ip, #4294967295
 800d99a:	fa5f fc8c 	uxtb.w	ip, ip
 800d99e:	f1bc 0f01 	cmp.w	ip, #1
 800d9a2:	f200 80a5 	bhi.w	800daf0 <HAL_CAN_GetRxMessage+0x15e>
{
 800d9a6:	b430      	push	{r4, r5}
      (state == HAL_CAN_STATE_LISTENING))
  {
    /* Check the Rx FIFO */
    if (RxFifo == CAN_RX_FIFO0) /* Rx element is assigned to Rx FIFO 0 */
 800d9a8:	b951      	cbnz	r1, 800d9c0 <HAL_CAN_GetRxMessage+0x2e>
    {
      /* Check that the Rx FIFO 0 is not empty */
      if ((hcan->Instance->RF0R & CAN_RF0R_FMP0) == 0U)
 800d9aa:	6804      	ldr	r4, [r0, #0]
 800d9ac:	68e4      	ldr	r4, [r4, #12]
 800d9ae:	f014 0f03 	tst.w	r4, #3
 800d9b2:	d110      	bne.n	800d9d6 <HAL_CAN_GetRxMessage+0x44>
      {
        /* Update error code */
        hcan->ErrorCode |= HAL_CAN_ERROR_PARAM;
 800d9b4:	6a43      	ldr	r3, [r0, #36]	@ 0x24
 800d9b6:	f443 1300 	orr.w	r3, r3, #2097152	@ 0x200000
 800d9ba:	6243      	str	r3, [r0, #36]	@ 0x24

        return HAL_ERROR;
 800d9bc:	2001      	movs	r0, #1
 800d9be:	e07e      	b.n	800dabe <HAL_CAN_GetRxMessage+0x12c>
      }
    }
    else /* Rx element is assigned to Rx FIFO 1 */
    {
      /* Check that the Rx FIFO 1 is not empty */
      if ((hcan->Instance->RF1R & CAN_RF1R_FMP1) == 0U)
 800d9c0:	6804      	ldr	r4, [r0, #0]
 800d9c2:	6924      	ldr	r4, [r4, #16]
 800d9c4:	f014 0f03 	tst.w	r4, #3
 800d9c8:	d105      	bne.n	800d9d6 <HAL_CAN_GetRxMessage+0x44>
      {
        /* Update error code */
        hcan->ErrorCode |= HAL_CAN_ERROR_PARAM;
 800d9ca:	6a43      	ldr	r3, [r0, #36]	@ 0x24
 800d9cc:	f443 1300 	orr.w	r3, r3, #2097152	@ 0x200000
 800d9d0:	6243      	str	r3, [r0, #36]	@ 0x24

        return HAL_ERROR;
 800d9d2:	2001      	movs	r0, #1
 800d9d4:	e073      	b.n	800dabe <HAL_CAN_GetRxMessage+0x12c>
      }
    }

    /* Get the header */
    pHeader->IDE = CAN_RI0R_IDE & hcan->Instance->sFIFOMailBox[RxFifo].RIR;
 800d9d6:	6805      	ldr	r5, [r0, #0]
 800d9d8:	f101 041b 	add.w	r4, r1, #27
 800d9dc:	0124      	lsls	r4, r4, #4
 800d9de:	592c      	ldr	r4, [r5, r4]
 800d9e0:	f004 0404 	and.w	r4, r4, #4
 800d9e4:	6094      	str	r4, [r2, #8]
    if (pHeader->IDE == CAN_ID_STD)
 800d9e6:	2c00      	cmp	r4, #0
 800d9e8:	d16b      	bne.n	800dac2 <HAL_CAN_GetRxMessage+0x130>
    {
      pHeader->StdId = (CAN_RI0R_STID & hcan->Instance->sFIFOMailBox[RxFifo].RIR) >> CAN_TI0R_STID_Pos;
 800d9ea:	6805      	ldr	r5, [r0, #0]
 800d9ec:	f101 041b 	add.w	r4, r1, #27
 800d9f0:	0124      	lsls	r4, r4, #4
 800d9f2:	592c      	ldr	r4, [r5, r4]
 800d9f4:	0d64      	lsrs	r4, r4, #21
 800d9f6:	6014      	str	r4, [r2, #0]
    else
    {
      pHeader->ExtId = ((CAN_RI0R_EXID | CAN_RI0R_STID) &
                        hcan->Instance->sFIFOMailBox[RxFifo].RIR) >> CAN_RI0R_EXID_Pos;
    }
    pHeader->RTR = (CAN_RI0R_RTR & hcan->Instance->sFIFOMailBox[RxFifo].RIR);
 800d9f8:	6804      	ldr	r4, [r0, #0]
 800d9fa:	f101 0c1b 	add.w	ip, r1, #27
 800d9fe:	ea4f 1c0c 	mov.w	ip, ip, lsl #4
 800da02:	f854 400c 	ldr.w	r4, [r4, ip]
 800da06:	f004 0402 	and.w	r4, r4, #2
 800da0a:	60d4      	str	r4, [r2, #12]
    if (((CAN_RDT0R_DLC & hcan->Instance->sFIFOMailBox[RxFifo].RDTR) >> CAN_RDT0R_DLC_Pos) >= 8U)
 800da0c:	6804      	ldr	r4, [r0, #0]
 800da0e:	44a4      	add	ip, r4
 800da10:	f8dc 5004 	ldr.w	r5, [ip, #4]
 800da14:	f015 0f08 	tst.w	r5, #8
 800da18:	d05b      	beq.n	800dad2 <HAL_CAN_GetRxMessage+0x140>
    {
      /* Truncate DLC to 8 if received field is over range */
      pHeader->DLC = 8U;
 800da1a:	2408      	movs	r4, #8
 800da1c:	6114      	str	r4, [r2, #16]
    }
    else
    {
      pHeader->DLC = (CAN_RDT0R_DLC & hcan->Instance->sFIFOMailBox[RxFifo].RDTR) >> CAN_RDT0R_DLC_Pos;
    }
    pHeader->FilterMatchIndex = (CAN_RDT0R_FMI & hcan->Instance->sFIFOMailBox[RxFifo].RDTR) >> CAN_RDT0R_FMI_Pos;
 800da1e:	6804      	ldr	r4, [r0, #0]
 800da20:	f101 0c1b 	add.w	ip, r1, #27
 800da24:	eb04 140c 	add.w	r4, r4, ip, lsl #4
 800da28:	6864      	ldr	r4, [r4, #4]
 800da2a:	f3c4 2407 	ubfx	r4, r4, #8, #8
 800da2e:	6194      	str	r4, [r2, #24]
    pHeader->Timestamp = (CAN_RDT0R_TIME & hcan->Instance->sFIFOMailBox[RxFifo].RDTR) >> CAN_RDT0R_TIME_Pos;
 800da30:	6804      	ldr	r4, [r0, #0]
 800da32:	eb04 140c 	add.w	r4, r4, ip, lsl #4
 800da36:	6864      	ldr	r4, [r4, #4]
 800da38:	0c24      	lsrs	r4, r4, #16
 800da3a:	6154      	str	r4, [r2, #20]

    /* Get the data */
    aData[0] = (uint8_t)((CAN_RDL0R_DATA0 & hcan->Instance->sFIFOMailBox[RxFifo].RDLR) >> CAN_RDL0R_DATA0_Pos);
 800da3c:	6802      	ldr	r2, [r0, #0]
 800da3e:	eb02 1201 	add.w	r2, r2, r1, lsl #4
 800da42:	f8d2 21b8 	ldr.w	r2, [r2, #440]	@ 0x1b8
 800da46:	701a      	strb	r2, [r3, #0]
    aData[1] = (uint8_t)((CAN_RDL0R_DATA1 & hcan->Instance->sFIFOMailBox[RxFifo].RDLR) >> CAN_RDL0R_DATA1_Pos);
 800da48:	6802      	ldr	r2, [r0, #0]
 800da4a:	eb02 1201 	add.w	r2, r2, r1, lsl #4
 800da4e:	f8d2 21b8 	ldr.w	r2, [r2, #440]	@ 0x1b8
 800da52:	f3c2 2207 	ubfx	r2, r2, #8, #8
 800da56:	705a      	strb	r2, [r3, #1]
    aData[2] = (uint8_t)((CAN_RDL0R_DATA2 & hcan->Instance->sFIFOMailBox[RxFifo].RDLR) >> CAN_RDL0R_DATA2_Pos);
 800da58:	6802      	ldr	r2, [r0, #0]
 800da5a:	eb02 1201 	add.w	r2, r2, r1, lsl #4
 800da5e:	f8d2 21b8 	ldr.w	r2, [r2, #440]	@ 0x1b8
 800da62:	f3c2 4207 	ubfx	r2, r2, #16, #8
 800da66:	709a      	strb	r2, [r3, #2]
    aData[3] = (uint8_t)((CAN_RDL0R_DATA3 & hcan->Instance->sFIFOMailBox[RxFifo].RDLR) >> CAN_RDL0R_DATA3_Pos);
 800da68:	6802      	ldr	r2, [r0, #0]
 800da6a:	eb02 1201 	add.w	r2, r2, r1, lsl #4
 800da6e:	f8d2 21b8 	ldr.w	r2, [r2, #440]	@ 0x1b8
 800da72:	0e12      	lsrs	r2, r2, #24
 800da74:	70da      	strb	r2, [r3, #3]
    aData[4] = (uint8_t)((CAN_RDH0R_DATA4 & hcan->Instance->sFIFOMailBox[RxFifo].RDHR) >> CAN_RDH0R_DATA4_Pos);
 800da76:	6802      	ldr	r2, [r0, #0]
 800da78:	eb02 1201 	add.w	r2, r2, r1, lsl #4
 800da7c:	f8d2 21bc 	ldr.w	r2, [r2, #444]	@ 0x1bc
 800da80:	711a      	strb	r2, [r3, #4]
    aData[5] = (uint8_t)((CAN_RDH0R_DATA5 & hcan->Instance->sFIFOMailBox[RxFifo].RDHR) >> CAN_RDH0R_DATA5_Pos);
 800da82:	6802      	ldr	r2, [r0, #0]
 800da84:	eb02 1201 	add.w	r2, r2, r1, lsl #4
 800da88:	f8d2 21bc 	ldr.w	r2, [r2, #444]	@ 0x1bc
 800da8c:	f3c2 2207 	ubfx	r2, r2, #8, #8
 800da90:	715a      	strb	r2, [r3, #5]
    aData[6] = (uint8_t)((CAN_RDH0R_DATA6 & hcan->Instance->sFIFOMailBox[RxFifo].RDHR) >> CAN_RDH0R_DATA6_Pos);
 800da92:	6802      	ldr	r2, [r0, #0]
 800da94:	eb02 1201 	add.w	r2, r2, r1, lsl #4
 800da98:	f8d2 21bc 	ldr.w	r2, [r2, #444]	@ 0x1bc
 800da9c:	f3c2 4207 	ubfx	r2, r2, #16, #8
 800daa0:	719a      	strb	r2, [r3, #6]
    aData[7] = (uint8_t)((CAN_RDH0R_DATA7 & hcan->Instance->sFIFOMailBox[RxFifo].RDHR) >> CAN_RDH0R_DATA7_Pos);
 800daa2:	6802      	ldr	r2, [r0, #0]
 800daa4:	eb02 1201 	add.w	r2, r2, r1, lsl #4
 800daa8:	f8d2 21bc 	ldr.w	r2, [r2, #444]	@ 0x1bc
 800daac:	0e12      	lsrs	r2, r2, #24
 800daae:	71da      	strb	r2, [r3, #7]

    /* Release the FIFO */
    if (RxFifo == CAN_RX_FIFO0) /* Rx element is assigned to Rx FIFO 0 */
 800dab0:	b9c1      	cbnz	r1, 800dae4 <HAL_CAN_GetRxMessage+0x152>
    {
      /* Release RX FIFO 0 */
      SET_BIT(hcan->Instance->RF0R, CAN_RF0R_RFOM0);
 800dab2:	6802      	ldr	r2, [r0, #0]
 800dab4:	68d3      	ldr	r3, [r2, #12]
 800dab6:	f043 0320 	orr.w	r3, r3, #32
 800daba:	60d3      	str	r3, [r2, #12]
      /* Release RX FIFO 1 */
      SET_BIT(hcan->Instance->RF1R, CAN_RF1R_RFOM1);
    }

    /* Return function status */
    return HAL_OK;
 800dabc:	2000      	movs	r0, #0
    /* Update error code */
    hcan->ErrorCode |= HAL_CAN_ERROR_NOT_INITIALIZED;

    return HAL_ERROR;
  }
}
 800dabe:	bc30      	pop	{r4, r5}
 800dac0:	4770      	bx	lr
                        hcan->Instance->sFIFOMailBox[RxFifo].RIR) >> CAN_RI0R_EXID_Pos;
 800dac2:	6805      	ldr	r5, [r0, #0]
 800dac4:	f101 041b 	add.w	r4, r1, #27
 800dac8:	0124      	lsls	r4, r4, #4
 800daca:	592c      	ldr	r4, [r5, r4]
 800dacc:	08e4      	lsrs	r4, r4, #3
      pHeader->ExtId = ((CAN_RI0R_EXID | CAN_RI0R_STID) &
 800dace:	6054      	str	r4, [r2, #4]
 800dad0:	e792      	b.n	800d9f8 <HAL_CAN_GetRxMessage+0x66>
      pHeader->DLC = (CAN_RDT0R_DLC & hcan->Instance->sFIFOMailBox[RxFifo].RDTR) >> CAN_RDT0R_DLC_Pos;
 800dad2:	f101 051b 	add.w	r5, r1, #27
 800dad6:	eb04 1405 	add.w	r4, r4, r5, lsl #4
 800dada:	6864      	ldr	r4, [r4, #4]
 800dadc:	f004 040f 	and.w	r4, r4, #15
 800dae0:	6114      	str	r4, [r2, #16]
 800dae2:	e79c      	b.n	800da1e <HAL_CAN_GetRxMessage+0x8c>
      SET_BIT(hcan->Instance->RF1R, CAN_RF1R_RFOM1);
 800dae4:	6802      	ldr	r2, [r0, #0]
 800dae6:	6913      	ldr	r3, [r2, #16]
 800dae8:	f043 0320 	orr.w	r3, r3, #32
 800daec:	6113      	str	r3, [r2, #16]
 800daee:	e7e5      	b.n	800dabc <HAL_CAN_GetRxMessage+0x12a>
    hcan->ErrorCode |= HAL_CAN_ERROR_NOT_INITIALIZED;
 800daf0:	6a43      	ldr	r3, [r0, #36]	@ 0x24
 800daf2:	f443 2380 	orr.w	r3, r3, #262144	@ 0x40000
 800daf6:	6243      	str	r3, [r0, #36]	@ 0x24
    return HAL_ERROR;
 800daf8:	2001      	movs	r0, #1
}
 800dafa:	4770      	bx	lr

0800dafc <HAL_CAN_ActivateNotification>:
  *         This parameter can be any combination of @arg CAN_Interrupts.
  * @retval HAL status
  */
HAL_StatusTypeDef HAL_CAN_ActivateNotification(CAN_HandleTypeDef *hcan, uint32_t ActiveITs)
{
  HAL_CAN_StateTypeDef state = hcan->State;
 800dafc:	f890 3020 	ldrb.w	r3, [r0, #32]

  /* Check function parameters */
  assert_param(IS_CAN_IT(ActiveITs));

  if ((state == HAL_CAN_STATE_READY) ||
 800db00:	3b01      	subs	r3, #1
 800db02:	b2db      	uxtb	r3, r3
 800db04:	2b01      	cmp	r3, #1
 800db06:	d905      	bls.n	800db14 <HAL_CAN_ActivateNotification+0x18>
    return HAL_OK;
  }
  else
  {
    /* Update error code */
    hcan->ErrorCode |= HAL_CAN_ERROR_NOT_INITIALIZED;
 800db08:	6a43      	ldr	r3, [r0, #36]	@ 0x24
 800db0a:	f443 2380 	orr.w	r3, r3, #262144	@ 0x40000
 800db0e:	6243      	str	r3, [r0, #36]	@ 0x24

    return HAL_ERROR;
 800db10:	2001      	movs	r0, #1
  }
}
 800db12:	4770      	bx	lr
    __HAL_CAN_ENABLE_IT(hcan, ActiveITs);
 800db14:	6802      	ldr	r2, [r0, #0]
 800db16:	6953      	ldr	r3, [r2, #20]
 800db18:	430b      	orrs	r3, r1
 800db1a:	6153      	str	r3, [r2, #20]
    return HAL_OK;
 800db1c:	2000      	movs	r0, #0
 800db1e:	4770      	bx	lr

0800db20 <HAL_CAN_TxMailbox0CompleteCallback>:

  /* NOTE : This function Should not be modified, when the callback is needed,
            the HAL_CAN_TxMailbox0CompleteCallback could be implemented in the
            user file
   */
}
 800db20:	4770      	bx	lr

0800db22 <HAL_CAN_TxMailbox1CompleteCallback>:

  /* NOTE : This function Should not be modified, when the callback is needed,
            the HAL_CAN_TxMailbox1CompleteCallback could be implemented in the
            user file
   */
}
 800db22:	4770      	bx	lr

0800db24 <HAL_CAN_TxMailbox2CompleteCallback>:

  /* NOTE : This function Should not be modified, when the callback is needed,
            the HAL_CAN_TxMailbox2CompleteCallback could be implemented in the
            user file
   */
}
 800db24:	4770      	bx	lr

0800db26 <HAL_CAN_TxMailbox0AbortCallback>:

  /* NOTE : This function Should not be modified, when the callback is needed,
            the HAL_CAN_TxMailbox0AbortCallback could be implemented in the
            user file
   */
}
 800db26:	4770      	bx	lr

0800db28 <HAL_CAN_TxMailbox1AbortCallback>:

  /* NOTE : This function Should not be modified, when the callback is needed,
            the HAL_CAN_TxMailbox1AbortCallback could be implemented in the
            user file
   */
}
 800db28:	4770      	bx	lr

0800db2a <HAL_CAN_TxMailbox2AbortCallback>:

  /* NOTE : This function Should not be modified, when the callback is needed,
            the HAL_CAN_TxMailbox2AbortCallback could be implemented in the
            user file
   */
}
 800db2a:	4770      	bx	lr

0800db2c <HAL_CAN_RxFifo0FullCallback>:

  /* NOTE : This function Should not be modified, when the callback is needed,
            the HAL_CAN_RxFifo0FullCallback could be implemented in the user
            file
   */
}
 800db2c:	4770      	bx	lr

0800db2e <HAL_CAN_RxFifo1FullCallback>:

  /* NOTE : This function Should not be modified, when the callback is needed,
            the HAL_CAN_RxFifo1FullCallback could be implemented in the user
            file
   */
}
 800db2e:	4770      	bx	lr

0800db30 <HAL_CAN_SleepCallback>:
  UNUSED(hcan);

  /* NOTE : This function Should not be modified, when the callback is needed,
            the HAL_CAN_SleepCallback could be implemented in the user file
   */
}
 800db30:	4770      	bx	lr

0800db32 <HAL_CAN_WakeUpFromRxMsgCallback>:

  /* NOTE : This function Should not be modified, when the callback is needed,
            the HAL_CAN_WakeUpFromRxMsgCallback could be implemented in the
            user file
   */
}
 800db32:	4770      	bx	lr

0800db34 <HAL_CAN_IRQHandler>:
{
 800db34:	e92d 4ff8 	stmdb	sp!, {r3, r4, r5, r6, r7, r8, r9, sl, fp, lr}
 800db38:	4605      	mov	r5, r0
  uint32_t interrupts = READ_REG(hcan->Instance->IER);
 800db3a:	6803      	ldr	r3, [r0, #0]
 800db3c:	695c      	ldr	r4, [r3, #20]
  uint32_t msrflags = READ_REG(hcan->Instance->MSR);
 800db3e:	f8d3 8004 	ldr.w	r8, [r3, #4]
  uint32_t tsrflags = READ_REG(hcan->Instance->TSR);
 800db42:	689f      	ldr	r7, [r3, #8]
  uint32_t rf0rflags = READ_REG(hcan->Instance->RF0R);
 800db44:	f8d3 a00c 	ldr.w	sl, [r3, #12]
  uint32_t rf1rflags = READ_REG(hcan->Instance->RF1R);
 800db48:	f8d3 9010 	ldr.w	r9, [r3, #16]
  uint32_t esrflags = READ_REG(hcan->Instance->ESR);
 800db4c:	f8d3 b018 	ldr.w	fp, [r3, #24]
  if ((interrupts & CAN_IT_TX_MAILBOX_EMPTY) != 0U)
 800db50:	f014 0601 	ands.w	r6, r4, #1
 800db54:	d03b      	beq.n	800dbce <HAL_CAN_IRQHandler+0x9a>
    if ((tsrflags & CAN_TSR_RQCP0) != 0U)
 800db56:	f017 0601 	ands.w	r6, r7, #1
 800db5a:	d016      	beq.n	800db8a <HAL_CAN_IRQHandler+0x56>
      __HAL_CAN_CLEAR_FLAG(hcan, CAN_FLAG_RQCP0);
 800db5c:	2201      	movs	r2, #1
 800db5e:	609a      	str	r2, [r3, #8]
      if ((tsrflags & CAN_TSR_TXOK0) != 0U)
 800db60:	f017 0f02 	tst.w	r7, #2
 800db64:	d108      	bne.n	800db78 <HAL_CAN_IRQHandler+0x44>
        if ((tsrflags & CAN_TSR_ALST0) != 0U)
 800db66:	f017 0f04 	tst.w	r7, #4
 800db6a:	d10c      	bne.n	800db86 <HAL_CAN_IRQHandler+0x52>
        else if ((tsrflags & CAN_TSR_TERR0) != 0U)
 800db6c:	f017 0608 	ands.w	r6, r7, #8
 800db70:	d006      	beq.n	800db80 <HAL_CAN_IRQHandler+0x4c>
          errorcode |= HAL_CAN_ERROR_TX_TERR0;
 800db72:	f44f 5680 	mov.w	r6, #4096	@ 0x1000
 800db76:	e008      	b.n	800db8a <HAL_CAN_IRQHandler+0x56>
        HAL_CAN_TxMailbox0CompleteCallback(hcan);
 800db78:	f7ff ffd2 	bl	800db20 <HAL_CAN_TxMailbox0CompleteCallback>
  uint32_t errorcode = HAL_CAN_ERROR_NONE;
 800db7c:	2600      	movs	r6, #0
 800db7e:	e004      	b.n	800db8a <HAL_CAN_IRQHandler+0x56>
          HAL_CAN_TxMailbox0AbortCallback(hcan);
 800db80:	f7ff ffd1 	bl	800db26 <HAL_CAN_TxMailbox0AbortCallback>
 800db84:	e001      	b.n	800db8a <HAL_CAN_IRQHandler+0x56>
          errorcode |= HAL_CAN_ERROR_TX_ALST0;
 800db86:	f44f 6600 	mov.w	r6, #2048	@ 0x800
    if ((tsrflags & CAN_TSR_RQCP1) != 0U)
 800db8a:	f417 7f80 	tst.w	r7, #256	@ 0x100
 800db8e:	d00d      	beq.n	800dbac <HAL_CAN_IRQHandler+0x78>
      __HAL_CAN_CLEAR_FLAG(hcan, CAN_FLAG_RQCP1);
 800db90:	682b      	ldr	r3, [r5, #0]
 800db92:	f44f 7280 	mov.w	r2, #256	@ 0x100
 800db96:	609a      	str	r2, [r3, #8]
      if ((tsrflags & CAN_TSR_TXOK1) != 0U)
 800db98:	f417 7f00 	tst.w	r7, #512	@ 0x200
 800db9c:	f040 8096 	bne.w	800dccc <HAL_CAN_IRQHandler+0x198>
        if ((tsrflags & CAN_TSR_ALST1) != 0U)
 800dba0:	f417 6f80 	tst.w	r7, #1024	@ 0x400
 800dba4:	f000 8096 	beq.w	800dcd4 <HAL_CAN_IRQHandler+0x1a0>
          errorcode |= HAL_CAN_ERROR_TX_ALST1;
 800dba8:	f446 5600 	orr.w	r6, r6, #8192	@ 0x2000
    if ((tsrflags & CAN_TSR_RQCP2) != 0U)
 800dbac:	f417 3f80 	tst.w	r7, #65536	@ 0x10000
 800dbb0:	d00d      	beq.n	800dbce <HAL_CAN_IRQHandler+0x9a>
      __HAL_CAN_CLEAR_FLAG(hcan, CAN_FLAG_RQCP2);
 800dbb2:	682b      	ldr	r3, [r5, #0]
 800dbb4:	f44f 3280 	mov.w	r2, #65536	@ 0x10000
 800dbb8:	609a      	str	r2, [r3, #8]
      if ((tsrflags & CAN_TSR_TXOK2) != 0U)
 800dbba:	f417 3f00 	tst.w	r7, #131072	@ 0x20000
 800dbbe:	f040 8093 	bne.w	800dce8 <HAL_CAN_IRQHandler+0x1b4>
        if ((tsrflags & CAN_TSR_ALST2) != 0U)
 800dbc2:	f417 2f80 	tst.w	r7, #262144	@ 0x40000
 800dbc6:	f000 8093 	beq.w	800dcf0 <HAL_CAN_IRQHandler+0x1bc>
          errorcode |= HAL_CAN_ERROR_TX_ALST2;
 800dbca:	f446 4600 	orr.w	r6, r6, #32768	@ 0x8000
  if ((interrupts & CAN_IT_RX_FIFO0_OVERRUN) != 0U)
 800dbce:	f014 0f08 	tst.w	r4, #8
 800dbd2:	d007      	beq.n	800dbe4 <HAL_CAN_IRQHandler+0xb0>
    if ((rf0rflags & CAN_RF0R_FOVR0) != 0U)
 800dbd4:	f01a 0f10 	tst.w	sl, #16
 800dbd8:	d004      	beq.n	800dbe4 <HAL_CAN_IRQHandler+0xb0>
      errorcode |= HAL_CAN_ERROR_RX_FOV0;
 800dbda:	f446 7600 	orr.w	r6, r6, #512	@ 0x200
      __HAL_CAN_CLEAR_FLAG(hcan, CAN_FLAG_FOV0);
 800dbde:	682b      	ldr	r3, [r5, #0]
 800dbe0:	2210      	movs	r2, #16
 800dbe2:	60da      	str	r2, [r3, #12]
  if ((interrupts & CAN_IT_RX_FIFO0_FULL) != 0U)
 800dbe4:	f014 0f04 	tst.w	r4, #4
 800dbe8:	d003      	beq.n	800dbf2 <HAL_CAN_IRQHandler+0xbe>
    if ((rf0rflags & CAN_RF0R_FULL0) != 0U)
 800dbea:	f01a 0f08 	tst.w	sl, #8
 800dbee:	f040 8089 	bne.w	800dd04 <HAL_CAN_IRQHandler+0x1d0>
  if ((interrupts & CAN_IT_RX_FIFO0_MSG_PENDING) != 0U)
 800dbf2:	f014 0f02 	tst.w	r4, #2
 800dbf6:	d005      	beq.n	800dc04 <HAL_CAN_IRQHandler+0xd0>
    if ((hcan->Instance->RF0R & CAN_RF0R_FMP0) != 0U)
 800dbf8:	682b      	ldr	r3, [r5, #0]
 800dbfa:	68db      	ldr	r3, [r3, #12]
 800dbfc:	f013 0f03 	tst.w	r3, #3
 800dc00:	f040 8087 	bne.w	800dd12 <HAL_CAN_IRQHandler+0x1de>
  if ((interrupts & CAN_IT_RX_FIFO1_OVERRUN) != 0U)
 800dc04:	f014 0f40 	tst.w	r4, #64	@ 0x40
 800dc08:	d007      	beq.n	800dc1a <HAL_CAN_IRQHandler+0xe6>
    if ((rf1rflags & CAN_RF1R_FOVR1) != 0U)
 800dc0a:	f019 0f10 	tst.w	r9, #16
 800dc0e:	d004      	beq.n	800dc1a <HAL_CAN_IRQHandler+0xe6>
      errorcode |= HAL_CAN_ERROR_RX_FOV1;
 800dc10:	f446 6680 	orr.w	r6, r6, #1024	@ 0x400
      __HAL_CAN_CLEAR_FLAG(hcan, CAN_FLAG_FOV1);
 800dc14:	682b      	ldr	r3, [r5, #0]
 800dc16:	2210      	movs	r2, #16
 800dc18:	611a      	str	r2, [r3, #16]
  if ((interrupts & CAN_IT_RX_FIFO1_FULL) != 0U)
 800dc1a:	f014 0f20 	tst.w	r4, #32
 800dc1e:	d002      	beq.n	800dc26 <HAL_CAN_IRQHandler+0xf2>
    if ((rf1rflags & CAN_RF1R_FULL1) != 0U)
 800dc20:	f019 0f08 	tst.w	r9, #8
 800dc24:	d179      	bne.n	800dd1a <HAL_CAN_IRQHandler+0x1e6>
  if ((interrupts & CAN_IT_RX_FIFO1_MSG_PENDING) != 0U)
 800dc26:	f014 0f10 	tst.w	r4, #16
 800dc2a:	d004      	beq.n	800dc36 <HAL_CAN_IRQHandler+0x102>
    if ((hcan->Instance->RF1R & CAN_RF1R_FMP1) != 0U)
 800dc2c:	682b      	ldr	r3, [r5, #0]
 800dc2e:	691b      	ldr	r3, [r3, #16]
 800dc30:	f013 0f03 	tst.w	r3, #3
 800dc34:	d178      	bne.n	800dd28 <HAL_CAN_IRQHandler+0x1f4>
  if ((interrupts & CAN_IT_SLEEP_ACK) != 0U)
 800dc36:	f414 3f00 	tst.w	r4, #131072	@ 0x20000
 800dc3a:	d002      	beq.n	800dc42 <HAL_CAN_IRQHandler+0x10e>
    if ((msrflags & CAN_MSR_SLAKI) != 0U)
 800dc3c:	f018 0f10 	tst.w	r8, #16
 800dc40:	d176      	bne.n	800dd30 <HAL_CAN_IRQHandler+0x1fc>
  if ((interrupts & CAN_IT_WAKEUP) != 0U)
 800dc42:	f414 3f80 	tst.w	r4, #65536	@ 0x10000
 800dc46:	d002      	beq.n	800dc4e <HAL_CAN_IRQHandler+0x11a>
    if ((msrflags & CAN_MSR_WKUI) != 0U)
 800dc48:	f018 0f08 	tst.w	r8, #8
 800dc4c:	d177      	bne.n	800dd3e <HAL_CAN_IRQHandler+0x20a>
  if ((interrupts & CAN_IT_ERROR) != 0U)
 800dc4e:	f414 4f00 	tst.w	r4, #32768	@ 0x8000
 800dc52:	d037      	beq.n	800dcc4 <HAL_CAN_IRQHandler+0x190>
    if ((msrflags & CAN_MSR_ERRI) != 0U)
 800dc54:	f018 0f04 	tst.w	r8, #4
 800dc58:	d031      	beq.n	800dcbe <HAL_CAN_IRQHandler+0x18a>
      if (((interrupts & CAN_IT_ERROR_WARNING) != 0U) &&
 800dc5a:	f414 7f80 	tst.w	r4, #256	@ 0x100
 800dc5e:	d004      	beq.n	800dc6a <HAL_CAN_IRQHandler+0x136>
 800dc60:	f01b 0f01 	tst.w	fp, #1
 800dc64:	d001      	beq.n	800dc6a <HAL_CAN_IRQHandler+0x136>
        errorcode |= HAL_CAN_ERROR_EWG;
 800dc66:	f046 0601 	orr.w	r6, r6, #1
      if (((interrupts & CAN_IT_ERROR_PASSIVE) != 0U) &&
 800dc6a:	f414 7f00 	tst.w	r4, #512	@ 0x200
 800dc6e:	d004      	beq.n	800dc7a <HAL_CAN_IRQHandler+0x146>
 800dc70:	f01b 0f02 	tst.w	fp, #2
 800dc74:	d001      	beq.n	800dc7a <HAL_CAN_IRQHandler+0x146>
        errorcode |= HAL_CAN_ERROR_EPV;
 800dc76:	f046 0602 	orr.w	r6, r6, #2
      if (((interrupts & CAN_IT_BUSOFF) != 0U) &&
 800dc7a:	f414 6f80 	tst.w	r4, #1024	@ 0x400
 800dc7e:	d004      	beq.n	800dc8a <HAL_CAN_IRQHandler+0x156>
 800dc80:	f01b 0f04 	tst.w	fp, #4
 800dc84:	d001      	beq.n	800dc8a <HAL_CAN_IRQHandler+0x156>
        errorcode |= HAL_CAN_ERROR_BOF;
 800dc86:	f046 0604 	orr.w	r6, r6, #4
      if (((interrupts & CAN_IT_LAST_ERROR_CODE) != 0U) &&
 800dc8a:	f414 6f00 	tst.w	r4, #2048	@ 0x800
 800dc8e:	d016      	beq.n	800dcbe <HAL_CAN_IRQHandler+0x18a>
 800dc90:	f01b 0b70 	ands.w	fp, fp, #112	@ 0x70
 800dc94:	d013      	beq.n	800dcbe <HAL_CAN_IRQHandler+0x18a>
        switch (esrflags & CAN_ESR_LEC)
 800dc96:	f1bb 0f40 	cmp.w	fp, #64	@ 0x40
 800dc9a:	d066      	beq.n	800dd6a <HAL_CAN_IRQHandler+0x236>
 800dc9c:	d856      	bhi.n	800dd4c <HAL_CAN_IRQHandler+0x218>
 800dc9e:	f1bb 0f20 	cmp.w	fp, #32
 800dca2:	d05c      	beq.n	800dd5e <HAL_CAN_IRQHandler+0x22a>
 800dca4:	f1bb 0f30 	cmp.w	fp, #48	@ 0x30
 800dca8:	d05c      	beq.n	800dd64 <HAL_CAN_IRQHandler+0x230>
 800dcaa:	f1bb 0f10 	cmp.w	fp, #16
 800dcae:	d101      	bne.n	800dcb4 <HAL_CAN_IRQHandler+0x180>
            errorcode |= HAL_CAN_ERROR_STF;
 800dcb0:	f046 0608 	orr.w	r6, r6, #8
        CLEAR_BIT(hcan->Instance->ESR, CAN_ESR_LEC);
 800dcb4:	682a      	ldr	r2, [r5, #0]
 800dcb6:	6993      	ldr	r3, [r2, #24]
 800dcb8:	f023 0370 	bic.w	r3, r3, #112	@ 0x70
 800dcbc:	6193      	str	r3, [r2, #24]
    __HAL_CAN_CLEAR_FLAG(hcan, CAN_FLAG_ERRI);
 800dcbe:	682b      	ldr	r3, [r5, #0]
 800dcc0:	2204      	movs	r2, #4
 800dcc2:	605a      	str	r2, [r3, #4]
  if (errorcode != HAL_CAN_ERROR_NONE)
 800dcc4:	2e00      	cmp	r6, #0
 800dcc6:	d156      	bne.n	800dd76 <HAL_CAN_IRQHandler+0x242>
}
 800dcc8:	e8bd 8ff8 	ldmia.w	sp!, {r3, r4, r5, r6, r7, r8, r9, sl, fp, pc}
        HAL_CAN_TxMailbox1CompleteCallback(hcan);
 800dccc:	4628      	mov	r0, r5
 800dcce:	f7ff ff28 	bl	800db22 <HAL_CAN_TxMailbox1CompleteCallback>
 800dcd2:	e76b      	b.n	800dbac <HAL_CAN_IRQHandler+0x78>
        else if ((tsrflags & CAN_TSR_TERR1) != 0U)
 800dcd4:	f417 6f00 	tst.w	r7, #2048	@ 0x800
 800dcd8:	d002      	beq.n	800dce0 <HAL_CAN_IRQHandler+0x1ac>
          errorcode |= HAL_CAN_ERROR_TX_TERR1;
 800dcda:	f446 4680 	orr.w	r6, r6, #16384	@ 0x4000
 800dcde:	e765      	b.n	800dbac <HAL_CAN_IRQHandler+0x78>
          HAL_CAN_TxMailbox1AbortCallback(hcan);
 800dce0:	4628      	mov	r0, r5
 800dce2:	f7ff ff21 	bl	800db28 <HAL_CAN_TxMailbox1AbortCallback>
 800dce6:	e761      	b.n	800dbac <HAL_CAN_IRQHandler+0x78>
        HAL_CAN_TxMailbox2CompleteCallback(hcan);
 800dce8:	4628      	mov	r0, r5
 800dcea:	f7ff ff1b 	bl	800db24 <HAL_CAN_TxMailbox2CompleteCallback>
 800dcee:	e76e      	b.n	800dbce <HAL_CAN_IRQHandler+0x9a>
        else if ((tsrflags & CAN_TSR_TERR2) != 0U)
 800dcf0:	f417 2f00 	tst.w	r7, #524288	@ 0x80000
 800dcf4:	d002      	beq.n	800dcfc <HAL_CAN_IRQHandler+0x1c8>
          errorcode |= HAL_CAN_ERROR_TX_TERR2;
 800dcf6:	f446 3680 	orr.w	r6, r6, #65536	@ 0x10000
 800dcfa:	e768      	b.n	800dbce <HAL_CAN_IRQHandler+0x9a>
          HAL_CAN_TxMailbox2AbortCallback(hcan);
 800dcfc:	4628      	mov	r0, r5
 800dcfe:	f7ff ff14 	bl	800db2a <HAL_CAN_TxMailbox2AbortCallback>
 800dd02:	e764      	b.n	800dbce <HAL_CAN_IRQHandler+0x9a>
      __HAL_CAN_CLEAR_FLAG(hcan, CAN_FLAG_FF0);
 800dd04:	682b      	ldr	r3, [r5, #0]
 800dd06:	2208      	movs	r2, #8
 800dd08:	60da      	str	r2, [r3, #12]
      HAL_CAN_RxFifo0FullCallback(hcan);
 800dd0a:	4628      	mov	r0, r5
 800dd0c:	f7ff ff0e 	bl	800db2c <HAL_CAN_RxFifo0FullCallback>
 800dd10:	e76f      	b.n	800dbf2 <HAL_CAN_IRQHandler+0xbe>
      HAL_CAN_RxFifo0MsgPendingCallback(hcan);
 800dd12:	4628      	mov	r0, r5
 800dd14:	f7fb fe0e 	bl	8009934 <HAL_CAN_RxFifo0MsgPendingCallback>
 800dd18:	e774      	b.n	800dc04 <HAL_CAN_IRQHandler+0xd0>
      __HAL_CAN_CLEAR_FLAG(hcan, CAN_FLAG_FF1);
 800dd1a:	682b      	ldr	r3, [r5, #0]
 800dd1c:	2208      	movs	r2, #8
 800dd1e:	611a      	str	r2, [r3, #16]
      HAL_CAN_RxFifo1FullCallback(hcan);
 800dd20:	4628      	mov	r0, r5
 800dd22:	f7ff ff04 	bl	800db2e <HAL_CAN_RxFifo1FullCallback>
 800dd26:	e77e      	b.n	800dc26 <HAL_CAN_IRQHandler+0xf2>
      HAL_CAN_RxFifo1MsgPendingCallback(hcan);
 800dd28:	4628      	mov	r0, r5
 800dd2a:	f7fb fe31 	bl	8009990 <HAL_CAN_RxFifo1MsgPendingCallback>
 800dd2e:	e782      	b.n	800dc36 <HAL_CAN_IRQHandler+0x102>
      __HAL_CAN_CLEAR_FLAG(hcan, CAN_FLAG_SLAKI);
 800dd30:	682b      	ldr	r3, [r5, #0]
 800dd32:	2210      	movs	r2, #16
 800dd34:	605a      	str	r2, [r3, #4]
      HAL_CAN_SleepCallback(hcan);
 800dd36:	4628      	mov	r0, r5
 800dd38:	f7ff fefa 	bl	800db30 <HAL_CAN_SleepCallback>
 800dd3c:	e781      	b.n	800dc42 <HAL_CAN_IRQHandler+0x10e>
      __HAL_CAN_CLEAR_FLAG(hcan, CAN_FLAG_WKU);
 800dd3e:	682b      	ldr	r3, [r5, #0]
 800dd40:	2208      	movs	r2, #8
 800dd42:	605a      	str	r2, [r3, #4]
      HAL_CAN_WakeUpFromRxMsgCallback(hcan);
 800dd44:	4628      	mov	r0, r5
 800dd46:	f7ff fef4 	bl	800db32 <HAL_CAN_WakeUpFromRxMsgCallback>
 800dd4a:	e780      	b.n	800dc4e <HAL_CAN_IRQHandler+0x11a>
        switch (esrflags & CAN_ESR_LEC)
 800dd4c:	f1bb 0f50 	cmp.w	fp, #80	@ 0x50
 800dd50:	d00e      	beq.n	800dd70 <HAL_CAN_IRQHandler+0x23c>
 800dd52:	f1bb 0f60 	cmp.w	fp, #96	@ 0x60
 800dd56:	d1ad      	bne.n	800dcb4 <HAL_CAN_IRQHandler+0x180>
            errorcode |= HAL_CAN_ERROR_CRC;
 800dd58:	f446 7680 	orr.w	r6, r6, #256	@ 0x100
            break;
 800dd5c:	e7aa      	b.n	800dcb4 <HAL_CAN_IRQHandler+0x180>
            errorcode |= HAL_CAN_ERROR_FOR;
 800dd5e:	f046 0610 	orr.w	r6, r6, #16
            break;
 800dd62:	e7a7      	b.n	800dcb4 <HAL_CAN_IRQHandler+0x180>
            errorcode |= HAL_CAN_ERROR_ACK;
 800dd64:	f046 0620 	orr.w	r6, r6, #32
            break;
 800dd68:	e7a4      	b.n	800dcb4 <HAL_CAN_IRQHandler+0x180>
            errorcode |= HAL_CAN_ERROR_BR;
 800dd6a:	f046 0640 	orr.w	r6, r6, #64	@ 0x40
            break;
 800dd6e:	e7a1      	b.n	800dcb4 <HAL_CAN_IRQHandler+0x180>
            errorcode |= HAL_CAN_ERROR_BD;
 800dd70:	f046 0680 	orr.w	r6, r6, #128	@ 0x80
            break;
 800dd74:	e79e      	b.n	800dcb4 <HAL_CAN_IRQHandler+0x180>
    hcan->ErrorCode |= errorcode;
 800dd76:	6a6b      	ldr	r3, [r5, #36]	@ 0x24
 800dd78:	4333      	orrs	r3, r6
 800dd7a:	626b      	str	r3, [r5, #36]	@ 0x24
    HAL_CAN_ErrorCallback(hcan);
 800dd7c:	4628      	mov	r0, r5
 800dd7e:	f7fb fe35 	bl	80099ec <HAL_CAN_ErrorCallback>
}
 800dd82:	e7a1      	b.n	800dcc8 <HAL_CAN_IRQHandler+0x194>

0800dd84 <HAL_CAN_GetError>:
  * @retval CAN Error Code
  */
uint32_t HAL_CAN_GetError(const CAN_HandleTypeDef *hcan)
{
  /* Return CAN error code */
  return hcan->ErrorCode;
 800dd84:	6a40      	ldr	r0, [r0, #36]	@ 0x24
}
 800dd86:	4770      	bx	lr

0800dd88 <__NVIC_EnableIRQ>:
  if ((int32_t)(IRQn) >= 0)
 800dd88:	2800      	cmp	r0, #0
 800dd8a:	db07      	blt.n	800dd9c <__NVIC_EnableIRQ+0x14>
    NVIC->ISER[(((uint32_t)IRQn) >> 5UL)] = (uint32_t)(1UL << (((uint32_t)IRQn) & 0x1FUL));
 800dd8c:	f000 021f 	and.w	r2, r0, #31
 800dd90:	0940      	lsrs	r0, r0, #5
 800dd92:	2301      	movs	r3, #1
 800dd94:	4093      	lsls	r3, r2
 800dd96:	4a02      	ldr	r2, [pc, #8]	@ (800dda0 <__NVIC_EnableIRQ+0x18>)
 800dd98:	f842 3020 	str.w	r3, [r2, r0, lsl #2]
}
 800dd9c:	4770      	bx	lr
 800dd9e:	bf00      	nop
 800dda0:	e000e100 	.word	0xe000e100

0800dda4 <__NVIC_SetPriority>:
  if ((int32_t)(IRQn) >= 0)
 800dda4:	2800      	cmp	r0, #0
 800dda6:	db08      	blt.n	800ddba <__NVIC_SetPriority+0x16>
    NVIC->IP[((uint32_t)IRQn)]               = (uint8_t)((priority << (8U - __NVIC_PRIO_BITS)) & (uint32_t)0xFFUL);
 800dda8:	0109      	lsls	r1, r1, #4
 800ddaa:	b2c9      	uxtb	r1, r1
 800ddac:	f100 4060 	add.w	r0, r0, #3758096384	@ 0xe0000000
 800ddb0:	f500 4061 	add.w	r0, r0, #57600	@ 0xe100
 800ddb4:	f880 1300 	strb.w	r1, [r0, #768]	@ 0x300
 800ddb8:	4770      	bx	lr
    SCB->SHP[(((uint32_t)IRQn) & 0xFUL)-4UL] = (uint8_t)((priority << (8U - __NVIC_PRIO_BITS)) & (uint32_t)0xFFUL);
 800ddba:	f000 000f 	and.w	r0, r0, #15
 800ddbe:	0109      	lsls	r1, r1, #4
 800ddc0:	b2c9      	uxtb	r1, r1
 800ddc2:	4b01      	ldr	r3, [pc, #4]	@ (800ddc8 <__NVIC_SetPriority+0x24>)
 800ddc4:	5419      	strb	r1, [r3, r0]
}
 800ddc6:	4770      	bx	lr
 800ddc8:	e000ed14 	.word	0xe000ed14

0800ddcc <NVIC_EncodePriority>:
{
 800ddcc:	b500      	push	{lr}
  uint32_t PriorityGroupTmp = (PriorityGroup & (uint32_t)0x07UL);   /* only values 0..7 are used          */
 800ddce:	f000 0007 	and.w	r0, r0, #7
  PreemptPriorityBits = ((7UL - PriorityGroupTmp) > (uint32_t)(__NVIC_PRIO_BITS)) ? (uint32_t)(__NVIC_PRIO_BITS) : (uint32_t)(7UL - PriorityGroupTmp);
 800ddd2:	f1c0 0c07 	rsb	ip, r0, #7
 800ddd6:	f1bc 0f04 	cmp.w	ip, #4
 800ddda:	bf28      	it	cs
 800dddc:	f04f 0c04 	movcs.w	ip, #4
  SubPriorityBits     = ((PriorityGroupTmp + (uint32_t)(__NVIC_PRIO_BITS)) < (uint32_t)7UL) ? (uint32_t)0UL : (uint32_t)((PriorityGroupTmp - 7UL) + (uint32_t)(__NVIC_PRIO_BITS));
 800dde0:	1d03      	adds	r3, r0, #4
 800dde2:	2b06      	cmp	r3, #6
 800dde4:	d90f      	bls.n	800de06 <NVIC_EncodePriority+0x3a>
 800dde6:	1ec3      	subs	r3, r0, #3
           ((PreemptPriority & (uint32_t)((1UL << (PreemptPriorityBits)) - 1UL)) << SubPriorityBits) |
 800dde8:	f04f 3eff 	mov.w	lr, #4294967295
 800ddec:	fa0e f00c 	lsl.w	r0, lr, ip
 800ddf0:	ea21 0100 	bic.w	r1, r1, r0
 800ddf4:	4099      	lsls	r1, r3
           ((SubPriority     & (uint32_t)((1UL << (SubPriorityBits    )) - 1UL)))
 800ddf6:	fa0e fe03 	lsl.w	lr, lr, r3
 800ddfa:	ea22 020e 	bic.w	r2, r2, lr
}
 800ddfe:	ea41 0002 	orr.w	r0, r1, r2
 800de02:	f85d fb04 	ldr.w	pc, [sp], #4
  SubPriorityBits     = ((PriorityGroupTmp + (uint32_t)(__NVIC_PRIO_BITS)) < (uint32_t)7UL) ? (uint32_t)0UL : (uint32_t)((PriorityGroupTmp - 7UL) + (uint32_t)(__NVIC_PRIO_BITS));
 800de06:	2300      	movs	r3, #0
 800de08:	e7ee      	b.n	800dde8 <NVIC_EncodePriority+0x1c>
	...

0800de0c <HAL_NVIC_SetPriorityGrouping>:
  reg_value  =  SCB->AIRCR;                                                   /* read old register configuration    */
 800de0c:	4a07      	ldr	r2, [pc, #28]	@ (800de2c <HAL_NVIC_SetPriorityGrouping+0x20>)
 800de0e:	68d3      	ldr	r3, [r2, #12]
  reg_value &= ~((uint32_t)(SCB_AIRCR_VECTKEY_Msk | SCB_AIRCR_PRIGROUP_Msk)); /* clear bits to change               */
 800de10:	f423 63e0 	bic.w	r3, r3, #1792	@ 0x700
 800de14:	041b      	lsls	r3, r3, #16
 800de16:	0c1b      	lsrs	r3, r3, #16
                (PriorityGroupTmp << SCB_AIRCR_PRIGROUP_Pos)  );              /* Insert write key and priority group */
 800de18:	0200      	lsls	r0, r0, #8
 800de1a:	f400 60e0 	and.w	r0, r0, #1792	@ 0x700
                ((uint32_t)0x5FAUL << SCB_AIRCR_VECTKEY_Pos) |
 800de1e:	4303      	orrs	r3, r0
  reg_value  =  (reg_value                                   |
 800de20:	f043 63bf 	orr.w	r3, r3, #100139008	@ 0x5f80000
 800de24:	f443 3300 	orr.w	r3, r3, #131072	@ 0x20000
  SCB->AIRCR =  reg_value;
 800de28:	60d3      	str	r3, [r2, #12]
  /* Check the parameters */
  assert_param(IS_NVIC_PRIORITY_GROUP(PriorityGroup));

  /* Set the PRIGROUP[10:8] bits according to the PriorityGroup parameter value */
  NVIC_SetPriorityGrouping(PriorityGroup);
}
 800de2a:	4770      	bx	lr
 800de2c:	e000ed00 	.word	0xe000ed00

0800de30 <HAL_NVIC_SetPriority>:
  *         This parameter can be a value between 0 and 15
  *         A lower priority value indicates a higher priority.
  * @retval None
  */
void HAL_NVIC_SetPriority(IRQn_Type IRQn, uint32_t PreemptPriority, uint32_t SubPriority)
{
 800de30:	b510      	push	{r4, lr}
 800de32:	4604      	mov	r4, r0
  return ((uint32_t)((SCB->AIRCR & SCB_AIRCR_PRIGROUP_Msk) >> SCB_AIRCR_PRIGROUP_Pos));
 800de34:	4b05      	ldr	r3, [pc, #20]	@ (800de4c <HAL_NVIC_SetPriority+0x1c>)
 800de36:	68d8      	ldr	r0, [r3, #12]
  assert_param(IS_NVIC_SUB_PRIORITY(SubPriority));
  assert_param(IS_NVIC_PREEMPTION_PRIORITY(PreemptPriority));

  prioritygroup = NVIC_GetPriorityGrouping();

  NVIC_SetPriority(IRQn, NVIC_EncodePriority(prioritygroup, PreemptPriority, SubPriority));
 800de38:	f3c0 2002 	ubfx	r0, r0, #8, #3
 800de3c:	f7ff ffc6 	bl	800ddcc <NVIC_EncodePriority>
 800de40:	4601      	mov	r1, r0
 800de42:	4620      	mov	r0, r4
 800de44:	f7ff ffae 	bl	800dda4 <__NVIC_SetPriority>
}
 800de48:	bd10      	pop	{r4, pc}
 800de4a:	bf00      	nop
 800de4c:	e000ed00 	.word	0xe000ed00

0800de50 <HAL_NVIC_EnableIRQ>:
  *         This parameter can be an enumerator of IRQn_Type enumeration
  *         (For the complete STM32 Devices IRQ Channels list, please refer to the appropriate CMSIS device file (stm32l4xxxx.h))
  * @retval None
  */
void HAL_NVIC_EnableIRQ(IRQn_Type IRQn)
{
 800de50:	b508      	push	{r3, lr}
  /* Check the parameters */
  assert_param(IS_NVIC_DEVICE_IRQ(IRQn));
  
  /* Enable interrupt */
  NVIC_EnableIRQ(IRQn);
 800de52:	f7ff ff99 	bl	800dd88 <__NVIC_EnableIRQ>
}
 800de56:	bd08      	pop	{r3, pc}

0800de58 <HAL_CRC_Init>:
  * @retval HAL status
  */
HAL_StatusTypeDef HAL_CRC_Init(CRC_HandleTypeDef *hcrc)
{
  /* Check the CRC handle allocation */
  if (hcrc == NULL)
 800de58:	2800      	cmp	r0, #0
 800de5a:	d038      	beq.n	800dece <HAL_CRC_Init+0x76>
{
 800de5c:	b510      	push	{r4, lr}
 800de5e:	4604      	mov	r4, r0
  }

  /* Check the parameters */
  assert_param(IS_CRC_ALL_INSTANCE(hcrc->Instance));

  if (hcrc->State == HAL_CRC_STATE_RESET)
 800de60:	7f43      	ldrb	r3, [r0, #29]
 800de62:	b31b      	cbz	r3, 800deac <HAL_CRC_Init+0x54>
    hcrc->Lock = HAL_UNLOCKED;
    /* Init the low level hardware */
    HAL_CRC_MspInit(hcrc);
  }

  hcrc->State = HAL_CRC_STATE_BUSY;
 800de64:	2302      	movs	r3, #2
 800de66:	7763      	strb	r3, [r4, #29]

  /* check whether or not non-default generating polynomial has been
   * picked up by user */
  assert_param(IS_DEFAULT_POLYNOMIAL(hcrc->Init.DefaultPolynomialUse));
  if (hcrc->Init.DefaultPolynomialUse == DEFAULT_POLYNOMIAL_ENABLE)
 800de68:	7923      	ldrb	r3, [r4, #4]
 800de6a:	bb1b      	cbnz	r3, 800deb4 <HAL_CRC_Init+0x5c>
  {
    /* initialize peripheral with default generating polynomial */
    WRITE_REG(hcrc->Instance->POL, DEFAULT_CRC32_POLY);
 800de6c:	6823      	ldr	r3, [r4, #0]
 800de6e:	4a19      	ldr	r2, [pc, #100]	@ (800ded4 <HAL_CRC_Init+0x7c>)
 800de70:	615a      	str	r2, [r3, #20]
    MODIFY_REG(hcrc->Instance->CR, CRC_CR_POLYSIZE, CRC_POLYLENGTH_32B);
 800de72:	6822      	ldr	r2, [r4, #0]
 800de74:	6893      	ldr	r3, [r2, #8]
 800de76:	f023 0318 	bic.w	r3, r3, #24
 800de7a:	6093      	str	r3, [r2, #8]
  }

  /* check whether or not non-default CRC initial value has been
   * picked up by user */
  assert_param(IS_DEFAULT_INIT_VALUE(hcrc->Init.DefaultInitValueUse));
  if (hcrc->Init.DefaultInitValueUse == DEFAULT_INIT_VALUE_ENABLE)
 800de7c:	7963      	ldrb	r3, [r4, #5]
 800de7e:	bb13      	cbnz	r3, 800dec6 <HAL_CRC_Init+0x6e>
  {
    WRITE_REG(hcrc->Instance->INIT, DEFAULT_CRC_INITVALUE);
 800de80:	6823      	ldr	r3, [r4, #0]
 800de82:	f04f 32ff 	mov.w	r2, #4294967295
 800de86:	611a      	str	r2, [r3, #16]
  }


  /* set input data inversion mode */
  assert_param(IS_CRC_INPUTDATA_INVERSION_MODE(hcrc->Init.InputDataInversionMode));
  MODIFY_REG(hcrc->Instance->CR, CRC_CR_REV_IN, hcrc->Init.InputDataInversionMode);
 800de88:	6822      	ldr	r2, [r4, #0]
 800de8a:	6893      	ldr	r3, [r2, #8]
 800de8c:	f023 0360 	bic.w	r3, r3, #96	@ 0x60
 800de90:	6961      	ldr	r1, [r4, #20]
 800de92:	430b      	orrs	r3, r1
 800de94:	6093      	str	r3, [r2, #8]

  /* set output data inversion mode */
  assert_param(IS_CRC_OUTPUTDATA_INVERSION_MODE(hcrc->Init.OutputDataInversionMode));
  MODIFY_REG(hcrc->Instance->CR, CRC_CR_REV_OUT, hcrc->Init.OutputDataInversionMode);
 800de96:	6822      	ldr	r2, [r4, #0]
 800de98:	6893      	ldr	r3, [r2, #8]
 800de9a:	f023 0380 	bic.w	r3, r3, #128	@ 0x80
 800de9e:	69a1      	ldr	r1, [r4, #24]
 800dea0:	430b      	orrs	r3, r1
 800dea2:	6093      	str	r3, [r2, #8]
  /* makes sure the input data format (bytes, halfwords or words stream)
   * is properly specified by user */
  assert_param(IS_CRC_INPUTDATA_FORMAT(hcrc->InputDataFormat));

  /* Change CRC peripheral state */
  hcrc->State = HAL_CRC_STATE_READY;
 800dea4:	2301      	movs	r3, #1
 800dea6:	7763      	strb	r3, [r4, #29]

  /* Return function status */
  return HAL_OK;
 800dea8:	2000      	movs	r0, #0
}
 800deaa:	bd10      	pop	{r4, pc}
    hcrc->Lock = HAL_UNLOCKED;
 800deac:	7703      	strb	r3, [r0, #28]
    HAL_CRC_MspInit(hcrc);
 800deae:	f001 f8dd 	bl	800f06c <HAL_CRC_MspInit>
 800deb2:	e7d7      	b.n	800de64 <HAL_CRC_Init+0xc>
    if (HAL_CRCEx_Polynomial_Set(hcrc, hcrc->Init.GeneratingPolynomial, hcrc->Init.CRCLength) != HAL_OK)
 800deb4:	68e2      	ldr	r2, [r4, #12]
 800deb6:	68a1      	ldr	r1, [r4, #8]
 800deb8:	4620      	mov	r0, r4
 800deba:	f000 f80d 	bl	800ded8 <HAL_CRCEx_Polynomial_Set>
 800debe:	2800      	cmp	r0, #0
 800dec0:	d0dc      	beq.n	800de7c <HAL_CRC_Init+0x24>
      return HAL_ERROR;
 800dec2:	2001      	movs	r0, #1
 800dec4:	e7f1      	b.n	800deaa <HAL_CRC_Init+0x52>
    WRITE_REG(hcrc->Instance->INIT, hcrc->Init.InitValue);
 800dec6:	6823      	ldr	r3, [r4, #0]
 800dec8:	6922      	ldr	r2, [r4, #16]
 800deca:	611a      	str	r2, [r3, #16]
 800decc:	e7dc      	b.n	800de88 <HAL_CRC_Init+0x30>
    return HAL_ERROR;
 800dece:	2001      	movs	r0, #1
}
 800ded0:	4770      	bx	lr
 800ded2:	bf00      	nop
 800ded4:	04c11db7 	.word	0x04c11db7

0800ded8 <HAL_CRCEx_Polynomial_Set>:

  /* Check the parameters */
  assert_param(IS_CRC_POL_LENGTH(PolyLength));

  /* Ensure that the generating polynomial is odd */
  if ((Pol & (uint32_t)(0x1U)) ==  0U)
 800ded8:	f011 0f01 	tst.w	r1, #1
 800dedc:	d030      	beq.n	800df40 <HAL_CRCEx_Polynomial_Set+0x68>
{
 800dede:	b410      	push	{r4}
  uint32_t msb = 31U; /* polynomial degree is 32 at most, so msb is initialized to max value */
 800dee0:	231f      	movs	r3, #31
     * definition. HAL_ERROR is reported if Pol degree is
     * larger than that indicated by PolyLength.
     * Look for MSB position: msb will contain the degree of
     *  the second to the largest polynomial member. E.g., for
     *  X^7 + X^6 + X^5 + X^2 + 1, msb = 6. */
    while ((msb-- > 0U) && ((Pol & ((uint32_t)(0x1U) << (msb & 0x1FU))) == 0U))
 800dee2:	461c      	mov	r4, r3
 800dee4:	3b01      	subs	r3, #1
 800dee6:	b134      	cbz	r4, 800def6 <HAL_CRCEx_Polynomial_Set+0x1e>
 800dee8:	f003 0c1f 	and.w	ip, r3, #31
 800deec:	fa21 fc0c 	lsr.w	ip, r1, ip
 800def0:	f01c 0f01 	tst.w	ip, #1
 800def4:	d0f5      	beq.n	800dee2 <HAL_CRCEx_Polynomial_Set+0xa>
    {
    }

    switch (PolyLength)
 800def6:	2a18      	cmp	r2, #24
 800def8:	d824      	bhi.n	800df44 <HAL_CRCEx_Polynomial_Set+0x6c>
 800defa:	e8df f002 	tbb	[pc, r2]
 800defe:	230f      	.short	0x230f
 800df00:	23232323 	.word	0x23232323
 800df04:	231d2323 	.word	0x231d2323
 800df08:	23232323 	.word	0x23232323
 800df0c:	23192323 	.word	0x23192323
 800df10:	23232323 	.word	0x23232323
 800df14:	2323      	.short	0x2323
 800df16:	0d          	.byte	0x0d
 800df17:	00          	.byte	0x00
    {

      case CRC_POLYLENGTH_7B:
        if (msb >= HAL_CRC_LENGTH_7B)
 800df18:	2b06      	cmp	r3, #6
 800df1a:	d817      	bhi.n	800df4c <HAL_CRCEx_Polynomial_Set+0x74>
    }
  }
  if (status == HAL_OK)
  {
    /* set generating polynomial */
    WRITE_REG(hcrc->Instance->POL, Pol);
 800df1c:	6803      	ldr	r3, [r0, #0]
 800df1e:	6159      	str	r1, [r3, #20]

    /* set generating polynomial size */
    MODIFY_REG(hcrc->Instance->CR, CRC_CR_POLYSIZE, PolyLength);
 800df20:	6801      	ldr	r1, [r0, #0]
 800df22:	688b      	ldr	r3, [r1, #8]
 800df24:	f023 0318 	bic.w	r3, r3, #24
 800df28:	4313      	orrs	r3, r2
 800df2a:	608b      	str	r3, [r1, #8]
 800df2c:	2000      	movs	r0, #0
 800df2e:	e00a      	b.n	800df46 <HAL_CRCEx_Polynomial_Set+0x6e>
        if (msb >= HAL_CRC_LENGTH_8B)
 800df30:	2b07      	cmp	r3, #7
 800df32:	d9f3      	bls.n	800df1c <HAL_CRCEx_Polynomial_Set+0x44>
          status =   HAL_ERROR;
 800df34:	2001      	movs	r0, #1
 800df36:	e006      	b.n	800df46 <HAL_CRCEx_Polynomial_Set+0x6e>
        if (msb >= HAL_CRC_LENGTH_16B)
 800df38:	2b0f      	cmp	r3, #15
 800df3a:	d9ef      	bls.n	800df1c <HAL_CRCEx_Polynomial_Set+0x44>
          status =   HAL_ERROR;
 800df3c:	2001      	movs	r0, #1
 800df3e:	e002      	b.n	800df46 <HAL_CRCEx_Polynomial_Set+0x6e>
    status =  HAL_ERROR;
 800df40:	2001      	movs	r0, #1
  }
  /* Return function status */
  return status;
}
 800df42:	4770      	bx	lr
    switch (PolyLength)
 800df44:	2001      	movs	r0, #1
}
 800df46:	f85d 4b04 	ldr.w	r4, [sp], #4
 800df4a:	4770      	bx	lr
          status =   HAL_ERROR;
 800df4c:	2001      	movs	r0, #1
 800df4e:	e7fa      	b.n	800df46 <HAL_CRCEx_Polynomial_Set+0x6e>

0800df50 <FLASH_Program_DoubleWord>:
  * @param  Address specifies the address to be programmed.
  * @param  Data specifies the data to be programmed.
  * @retval None
  */
static void FLASH_Program_DoubleWord(uint32_t Address, uint64_t Data)
{
 800df50:	b410      	push	{r4}
  /* Check the parameters */
  assert_param(IS_FLASH_PROGRAM_ADDRESS(Address));

  /* Set PG bit */
  SET_BIT(FLASH->CR, FLASH_CR_PG);
 800df52:	4c06      	ldr	r4, [pc, #24]	@ (800df6c <FLASH_Program_DoubleWord+0x1c>)
 800df54:	6961      	ldr	r1, [r4, #20]
 800df56:	f041 0101 	orr.w	r1, r1, #1
 800df5a:	6161      	str	r1, [r4, #20]

  /* Program first word */
  *(__IO uint32_t*)Address = (uint32_t)Data;
 800df5c:	6002      	str	r2, [r0, #0]
  __ASM volatile ("isb 0xF":::"memory");
 800df5e:	f3bf 8f6f 	isb	sy
  /* Barrier to ensure programming is performed in 2 steps, in right order
    (independently of compiler optimization behavior) */
  __ISB();

  /* Program second word */
  *(__IO uint32_t*)(Address+4U) = (uint32_t)(Data >> 32);
 800df62:	6043      	str	r3, [r0, #4]
}
 800df64:	f85d 4b04 	ldr.w	r4, [sp], #4
 800df68:	4770      	bx	lr
 800df6a:	bf00      	nop
 800df6c:	40022000 	.word	0x40022000

0800df70 <FLASH_Program_Fast>:

  /* Check the parameters */
  assert_param(IS_FLASH_MAIN_MEM_ADDRESS(Address));

  /* Set FSTPG bit */
  SET_BIT(FLASH->CR, FLASH_CR_FSTPG);
 800df70:	4a09      	ldr	r2, [pc, #36]	@ (800df98 <FLASH_Program_Fast+0x28>)
 800df72:	6953      	ldr	r3, [r2, #20]
 800df74:	f443 2380 	orr.w	r3, r3, #262144	@ 0x40000
 800df78:	6153      	str	r3, [r2, #20]
  __ASM volatile ("MRS %0, primask" : "=r" (result) :: "memory");
 800df7a:	f3ef 8c10 	mrs	ip, PRIMASK
  __ASM volatile ("cpsid i" : : : "memory");
 800df7e:	b672      	cpsid	i
  uint8_t row_index = (2*FLASH_NB_DOUBLE_WORDS_IN_ROW);
 800df80:	2340      	movs	r3, #64	@ 0x40
  __disable_irq();

  /* Program the double word of the row */
  do
  {
    *dest_addr = *src_addr;
 800df82:	f851 2b04 	ldr.w	r2, [r1], #4
 800df86:	f840 2b04 	str.w	r2, [r0], #4
    dest_addr++;
    src_addr++;
    row_index--;
 800df8a:	3b01      	subs	r3, #1
  } while (row_index != 0U);
 800df8c:	f013 03ff 	ands.w	r3, r3, #255	@ 0xff
 800df90:	d1f7      	bne.n	800df82 <FLASH_Program_Fast+0x12>
  __ASM volatile ("MSR primask, %0" : : "r" (priMask) : "memory");
 800df92:	f38c 8810 	msr	PRIMASK, ip

  /* Re-enable the interrupts */
  __set_PRIMASK(primask_bit);
}
 800df96:	4770      	bx	lr
 800df98:	40022000 	.word	0x40022000

0800df9c <HAL_FLASH_Unlock>:
  if(READ_BIT(FLASH->CR, FLASH_CR_LOCK) != 0U)
 800df9c:	4b09      	ldr	r3, [pc, #36]	@ (800dfc4 <HAL_FLASH_Unlock+0x28>)
 800df9e:	695b      	ldr	r3, [r3, #20]
 800dfa0:	2b00      	cmp	r3, #0
 800dfa2:	db01      	blt.n	800dfa8 <HAL_FLASH_Unlock+0xc>
  HAL_StatusTypeDef status = HAL_OK;
 800dfa4:	2000      	movs	r0, #0
 800dfa6:	4770      	bx	lr
    WRITE_REG(FLASH->KEYR, FLASH_KEY1);
 800dfa8:	4b06      	ldr	r3, [pc, #24]	@ (800dfc4 <HAL_FLASH_Unlock+0x28>)
 800dfaa:	4a07      	ldr	r2, [pc, #28]	@ (800dfc8 <HAL_FLASH_Unlock+0x2c>)
 800dfac:	609a      	str	r2, [r3, #8]
    WRITE_REG(FLASH->KEYR, FLASH_KEY2);
 800dfae:	f102 3288 	add.w	r2, r2, #2290649224	@ 0x88888888
 800dfb2:	609a      	str	r2, [r3, #8]
    if(READ_BIT(FLASH->CR, FLASH_CR_LOCK) != 0U)
 800dfb4:	695b      	ldr	r3, [r3, #20]
 800dfb6:	2b00      	cmp	r3, #0
 800dfb8:	db01      	blt.n	800dfbe <HAL_FLASH_Unlock+0x22>
  HAL_StatusTypeDef status = HAL_OK;
 800dfba:	2000      	movs	r0, #0
 800dfbc:	4770      	bx	lr
      status = HAL_ERROR;
 800dfbe:	2001      	movs	r0, #1
}
 800dfc0:	4770      	bx	lr
 800dfc2:	bf00      	nop
 800dfc4:	40022000 	.word	0x40022000
 800dfc8:	45670123 	.word	0x45670123

0800dfcc <HAL_FLASH_Lock>:
  SET_BIT(FLASH->CR, FLASH_CR_LOCK);
 800dfcc:	4a03      	ldr	r2, [pc, #12]	@ (800dfdc <HAL_FLASH_Lock+0x10>)
 800dfce:	6953      	ldr	r3, [r2, #20]
 800dfd0:	f043 4300 	orr.w	r3, r3, #2147483648	@ 0x80000000
 800dfd4:	6153      	str	r3, [r2, #20]
}
 800dfd6:	2000      	movs	r0, #0
 800dfd8:	4770      	bx	lr
 800dfda:	bf00      	nop
 800dfdc:	40022000 	.word	0x40022000

0800dfe0 <FLASH_WaitForLastOperation>:
{
 800dfe0:	b538      	push	{r3, r4, r5, lr}
 800dfe2:	4604      	mov	r4, r0
  uint32_t tickstart = HAL_GetTick();
 800dfe4:	f7fe fd90 	bl	800cb08 <HAL_GetTick>
 800dfe8:	4605      	mov	r5, r0
  while(__HAL_FLASH_GET_FLAG(FLASH_FLAG_BSY))
 800dfea:	4b14      	ldr	r3, [pc, #80]	@ (800e03c <FLASH_WaitForLastOperation+0x5c>)
 800dfec:	691b      	ldr	r3, [r3, #16]
 800dfee:	f413 3f80 	tst.w	r3, #65536	@ 0x10000
 800dff2:	d009      	beq.n	800e008 <FLASH_WaitForLastOperation+0x28>
    if(Timeout != HAL_MAX_DELAY)
 800dff4:	f1b4 3fff 	cmp.w	r4, #4294967295
 800dff8:	d0f7      	beq.n	800dfea <FLASH_WaitForLastOperation+0xa>
      if((HAL_GetTick() - tickstart) >= Timeout)
 800dffa:	f7fe fd85 	bl	800cb08 <HAL_GetTick>
 800dffe:	1b40      	subs	r0, r0, r5
 800e000:	42a0      	cmp	r0, r4
 800e002:	d3f2      	bcc.n	800dfea <FLASH_WaitForLastOperation+0xa>
        return HAL_TIMEOUT;
 800e004:	2003      	movs	r0, #3
 800e006:	e015      	b.n	800e034 <FLASH_WaitForLastOperation+0x54>
  error = (FLASH->SR & FLASH_FLAG_SR_ERRORS);
 800e008:	4b0c      	ldr	r3, [pc, #48]	@ (800e03c <FLASH_WaitForLastOperation+0x5c>)
 800e00a:	691b      	ldr	r3, [r3, #16]
 800e00c:	4a0c      	ldr	r2, [pc, #48]	@ (800e040 <FLASH_WaitForLastOperation+0x60>)
  if(error != 0u)
 800e00e:	4013      	ands	r3, r2
 800e010:	d109      	bne.n	800e026 <FLASH_WaitForLastOperation+0x46>
  if (__HAL_FLASH_GET_FLAG(FLASH_FLAG_EOP))
 800e012:	4b0a      	ldr	r3, [pc, #40]	@ (800e03c <FLASH_WaitForLastOperation+0x5c>)
 800e014:	691b      	ldr	r3, [r3, #16]
 800e016:	f013 0f01 	tst.w	r3, #1
 800e01a:	d00c      	beq.n	800e036 <FLASH_WaitForLastOperation+0x56>
    __HAL_FLASH_CLEAR_FLAG(FLASH_FLAG_EOP);
 800e01c:	4b07      	ldr	r3, [pc, #28]	@ (800e03c <FLASH_WaitForLastOperation+0x5c>)
 800e01e:	2201      	movs	r2, #1
 800e020:	611a      	str	r2, [r3, #16]
  return HAL_OK;
 800e022:	2000      	movs	r0, #0
 800e024:	e006      	b.n	800e034 <FLASH_WaitForLastOperation+0x54>
    pFlash.ErrorCode |= error;
 800e026:	4907      	ldr	r1, [pc, #28]	@ (800e044 <FLASH_WaitForLastOperation+0x64>)
 800e028:	684a      	ldr	r2, [r1, #4]
 800e02a:	431a      	orrs	r2, r3
 800e02c:	604a      	str	r2, [r1, #4]
    __HAL_FLASH_CLEAR_FLAG(error);
 800e02e:	4a03      	ldr	r2, [pc, #12]	@ (800e03c <FLASH_WaitForLastOperation+0x5c>)
 800e030:	6113      	str	r3, [r2, #16]
    return HAL_ERROR;
 800e032:	2001      	movs	r0, #1
}
 800e034:	bd38      	pop	{r3, r4, r5, pc}
  return HAL_OK;
 800e036:	2000      	movs	r0, #0
 800e038:	e7fc      	b.n	800e034 <FLASH_WaitForLastOperation+0x54>
 800e03a:	bf00      	nop
 800e03c:	40022000 	.word	0x40022000
 800e040:	0002c3fa 	.word	0x0002c3fa
 800e044:	20000034 	.word	0x20000034

0800e048 <HAL_FLASH_Program>:
{
 800e048:	e92d 41f0 	stmdb	sp!, {r4, r5, r6, r7, r8, lr}
 800e04c:	4616      	mov	r6, r2
  __HAL_LOCK(&pFlash);
 800e04e:	4a28      	ldr	r2, [pc, #160]	@ (800e0f0 <HAL_FLASH_Program+0xa8>)
 800e050:	7812      	ldrb	r2, [r2, #0]
 800e052:	2a01      	cmp	r2, #1
 800e054:	d049      	beq.n	800e0ea <HAL_FLASH_Program+0xa2>
 800e056:	4604      	mov	r4, r0
 800e058:	460d      	mov	r5, r1
 800e05a:	4698      	mov	r8, r3
 800e05c:	4b24      	ldr	r3, [pc, #144]	@ (800e0f0 <HAL_FLASH_Program+0xa8>)
 800e05e:	2201      	movs	r2, #1
 800e060:	701a      	strb	r2, [r3, #0]
  status = FLASH_WaitForLastOperation((uint32_t)FLASH_TIMEOUT_VALUE);
 800e062:	f24c 3050 	movw	r0, #50000	@ 0xc350
 800e066:	f7ff ffbb 	bl	800dfe0 <FLASH_WaitForLastOperation>
  if(status == HAL_OK)
 800e06a:	4607      	mov	r7, r0
 800e06c:	bb08      	cbnz	r0, 800e0b2 <HAL_FLASH_Program+0x6a>
    pFlash.ErrorCode = HAL_FLASH_ERROR_NONE;
 800e06e:	4b20      	ldr	r3, [pc, #128]	@ (800e0f0 <HAL_FLASH_Program+0xa8>)
 800e070:	2200      	movs	r2, #0
 800e072:	605a      	str	r2, [r3, #4]
    if(READ_BIT(FLASH->ACR, FLASH_ACR_DCEN) != 0U)
 800e074:	4b1f      	ldr	r3, [pc, #124]	@ (800e0f4 <HAL_FLASH_Program+0xac>)
 800e076:	681b      	ldr	r3, [r3, #0]
 800e078:	f413 6f80 	tst.w	r3, #1024	@ 0x400
 800e07c:	d01f      	beq.n	800e0be <HAL_FLASH_Program+0x76>
      __HAL_FLASH_DATA_CACHE_DISABLE();
 800e07e:	4a1d      	ldr	r2, [pc, #116]	@ (800e0f4 <HAL_FLASH_Program+0xac>)
 800e080:	6813      	ldr	r3, [r2, #0]
 800e082:	f423 6380 	bic.w	r3, r3, #1024	@ 0x400
 800e086:	6013      	str	r3, [r2, #0]
      pFlash.CacheToReactivate = FLASH_CACHE_DCACHE_ENABLED;
 800e088:	4b19      	ldr	r3, [pc, #100]	@ (800e0f0 <HAL_FLASH_Program+0xa8>)
 800e08a:	2202      	movs	r2, #2
 800e08c:	771a      	strb	r2, [r3, #28]
    if(TypeProgram == FLASH_TYPEPROGRAM_DOUBLEWORD)
 800e08e:	b1d4      	cbz	r4, 800e0c6 <HAL_FLASH_Program+0x7e>
    else if((TypeProgram == FLASH_TYPEPROGRAM_FAST) || (TypeProgram == FLASH_TYPEPROGRAM_FAST_AND_LAST))
 800e090:	1e63      	subs	r3, r4, #1
 800e092:	2b01      	cmp	r3, #1
 800e094:	d91e      	bls.n	800e0d4 <HAL_FLASH_Program+0x8c>
  uint32_t prog_bit = 0;
 800e096:	2400      	movs	r4, #0
    status = FLASH_WaitForLastOperation((uint32_t)FLASH_TIMEOUT_VALUE);
 800e098:	f24c 3050 	movw	r0, #50000	@ 0xc350
 800e09c:	f7ff ffa0 	bl	800dfe0 <FLASH_WaitForLastOperation>
 800e0a0:	4607      	mov	r7, r0
    if (prog_bit != 0U)
 800e0a2:	b124      	cbz	r4, 800e0ae <HAL_FLASH_Program+0x66>
      CLEAR_BIT(FLASH->CR, prog_bit);
 800e0a4:	4a13      	ldr	r2, [pc, #76]	@ (800e0f4 <HAL_FLASH_Program+0xac>)
 800e0a6:	6953      	ldr	r3, [r2, #20]
 800e0a8:	ea23 0304 	bic.w	r3, r3, r4
 800e0ac:	6153      	str	r3, [r2, #20]
    FLASH_FlushCaches();
 800e0ae:	f000 f847 	bl	800e140 <FLASH_FlushCaches>
  __HAL_UNLOCK(&pFlash);
 800e0b2:	4b0f      	ldr	r3, [pc, #60]	@ (800e0f0 <HAL_FLASH_Program+0xa8>)
 800e0b4:	2200      	movs	r2, #0
 800e0b6:	701a      	strb	r2, [r3, #0]
}
 800e0b8:	4638      	mov	r0, r7
 800e0ba:	e8bd 81f0 	ldmia.w	sp!, {r4, r5, r6, r7, r8, pc}
      pFlash.CacheToReactivate = FLASH_CACHE_DISABLED;
 800e0be:	4b0c      	ldr	r3, [pc, #48]	@ (800e0f0 <HAL_FLASH_Program+0xa8>)
 800e0c0:	2200      	movs	r2, #0
 800e0c2:	771a      	strb	r2, [r3, #28]
 800e0c4:	e7e3      	b.n	800e08e <HAL_FLASH_Program+0x46>
      FLASH_Program_DoubleWord(Address, Data);
 800e0c6:	4632      	mov	r2, r6
 800e0c8:	4643      	mov	r3, r8
 800e0ca:	4628      	mov	r0, r5
 800e0cc:	f7ff ff40 	bl	800df50 <FLASH_Program_DoubleWord>
      prog_bit = FLASH_CR_PG;
 800e0d0:	2401      	movs	r4, #1
 800e0d2:	e7e1      	b.n	800e098 <HAL_FLASH_Program+0x50>
      FLASH_Program_Fast(Address, (uint32_t)Data);
 800e0d4:	4631      	mov	r1, r6
 800e0d6:	4628      	mov	r0, r5
 800e0d8:	f7ff ff4a 	bl	800df70 <FLASH_Program_Fast>
      if(TypeProgram == FLASH_TYPEPROGRAM_FAST_AND_LAST)
 800e0dc:	2c02      	cmp	r4, #2
 800e0de:	d001      	beq.n	800e0e4 <HAL_FLASH_Program+0x9c>
  uint32_t prog_bit = 0;
 800e0e0:	2400      	movs	r4, #0
 800e0e2:	e7d9      	b.n	800e098 <HAL_FLASH_Program+0x50>
        prog_bit = FLASH_CR_FSTPG;
 800e0e4:	f44f 2480 	mov.w	r4, #262144	@ 0x40000
 800e0e8:	e7d6      	b.n	800e098 <HAL_FLASH_Program+0x50>
  __HAL_LOCK(&pFlash);
 800e0ea:	2702      	movs	r7, #2
 800e0ec:	e7e4      	b.n	800e0b8 <HAL_FLASH_Program+0x70>
 800e0ee:	bf00      	nop
 800e0f0:	20000034 	.word	0x20000034
 800e0f4:	40022000 	.word	0x40022000

0800e0f8 <FLASH_MassErase>:
  {
    /* Check the parameters */
    assert_param(IS_FLASH_BANK(Banks));

    /* Set the Mass Erase Bit for the bank 1 if requested */
    if((Banks & FLASH_BANK_1) != 0U)
 800e0f8:	f010 0f01 	tst.w	r0, #1
 800e0fc:	d004      	beq.n	800e108 <FLASH_MassErase+0x10>
    {
      SET_BIT(FLASH->CR, FLASH_CR_MER1);
 800e0fe:	4a05      	ldr	r2, [pc, #20]	@ (800e114 <FLASH_MassErase+0x1c>)
 800e100:	6953      	ldr	r3, [r2, #20]
 800e102:	f043 0304 	orr.w	r3, r3, #4
 800e106:	6153      	str	r3, [r2, #20]
    SET_BIT(FLASH->CR, (FLASH_CR_MER1 | FLASH_CR_MER2));
  }
#endif

  /* Proceed to erase all sectors */
  SET_BIT(FLASH->CR, FLASH_CR_STRT);
 800e108:	4a02      	ldr	r2, [pc, #8]	@ (800e114 <FLASH_MassErase+0x1c>)
 800e10a:	6953      	ldr	r3, [r2, #20]
 800e10c:	f443 3380 	orr.w	r3, r3, #65536	@ 0x10000
 800e110:	6153      	str	r3, [r2, #20]
}
 800e112:	4770      	bx	lr
 800e114:	40022000 	.word	0x40022000

0800e118 <FLASH_PageErase>:
  /* Prevent unused argument(s) compilation warning */
  UNUSED(Banks);
#endif

  /* Proceed to erase the page */
  MODIFY_REG(FLASH->CR, FLASH_CR_PNB, ((Page & 0xFFU) << FLASH_CR_PNB_Pos));
 800e118:	4b08      	ldr	r3, [pc, #32]	@ (800e13c <FLASH_PageErase+0x24>)
 800e11a:	695a      	ldr	r2, [r3, #20]
 800e11c:	f422 727e 	bic.w	r2, r2, #1016	@ 0x3f8
 800e120:	00c0      	lsls	r0, r0, #3
 800e122:	f400 60ff 	and.w	r0, r0, #2040	@ 0x7f8
 800e126:	4302      	orrs	r2, r0
 800e128:	615a      	str	r2, [r3, #20]
  SET_BIT(FLASH->CR, FLASH_CR_PER);
 800e12a:	695a      	ldr	r2, [r3, #20]
 800e12c:	f042 0202 	orr.w	r2, r2, #2
 800e130:	615a      	str	r2, [r3, #20]
  SET_BIT(FLASH->CR, FLASH_CR_STRT);
 800e132:	695a      	ldr	r2, [r3, #20]
 800e134:	f442 3280 	orr.w	r2, r2, #65536	@ 0x10000
 800e138:	615a      	str	r2, [r3, #20]
}
 800e13a:	4770      	bx	lr
 800e13c:	40022000 	.word	0x40022000

0800e140 <FLASH_FlushCaches>:
  * @brief  Flush the instruction and data caches.
  * @retval None
  */
void FLASH_FlushCaches(void)
{
  FLASH_CacheTypeDef cache = pFlash.CacheToReactivate;
 800e140:	4b16      	ldr	r3, [pc, #88]	@ (800e19c <FLASH_FlushCaches+0x5c>)
 800e142:	7f1a      	ldrb	r2, [r3, #28]
 800e144:	b2d3      	uxtb	r3, r2

  /* Flush instruction cache  */
  if((cache == FLASH_CACHE_ICACHE_ENABLED) ||
 800e146:	2a01      	cmp	r2, #1
 800e148:	d001      	beq.n	800e14e <FLASH_FlushCaches+0xe>
 800e14a:	2b03      	cmp	r3, #3
 800e14c:	d110      	bne.n	800e170 <FLASH_FlushCaches+0x30>
     (cache == FLASH_CACHE_ICACHE_DCACHE_ENABLED))
  {
    /* Disable instruction cache */
    __HAL_FLASH_INSTRUCTION_CACHE_DISABLE();
 800e14e:	4a14      	ldr	r2, [pc, #80]	@ (800e1a0 <FLASH_FlushCaches+0x60>)
 800e150:	6811      	ldr	r1, [r2, #0]
 800e152:	f421 7100 	bic.w	r1, r1, #512	@ 0x200
 800e156:	6011      	str	r1, [r2, #0]
    /* Reset instruction cache */
    __HAL_FLASH_INSTRUCTION_CACHE_RESET();
 800e158:	6811      	ldr	r1, [r2, #0]
 800e15a:	f441 6100 	orr.w	r1, r1, #2048	@ 0x800
 800e15e:	6011      	str	r1, [r2, #0]
 800e160:	6811      	ldr	r1, [r2, #0]
 800e162:	f421 6100 	bic.w	r1, r1, #2048	@ 0x800
 800e166:	6011      	str	r1, [r2, #0]
    /* Enable instruction cache */
    __HAL_FLASH_INSTRUCTION_CACHE_ENABLE();
 800e168:	6811      	ldr	r1, [r2, #0]
 800e16a:	f441 7100 	orr.w	r1, r1, #512	@ 0x200
 800e16e:	6011      	str	r1, [r2, #0]
  }

  /* Flush data cache */
  if((cache == FLASH_CACHE_DCACHE_ENABLED) ||
 800e170:	3b02      	subs	r3, #2
 800e172:	b2db      	uxtb	r3, r3
 800e174:	2b01      	cmp	r3, #1
 800e176:	d903      	bls.n	800e180 <FLASH_FlushCaches+0x40>
    /* Enable data cache */
    __HAL_FLASH_DATA_CACHE_ENABLE();
  }

  /* Reset internal variable */
  pFlash.CacheToReactivate = FLASH_CACHE_DISABLED;
 800e178:	4b08      	ldr	r3, [pc, #32]	@ (800e19c <FLASH_FlushCaches+0x5c>)
 800e17a:	2200      	movs	r2, #0
 800e17c:	771a      	strb	r2, [r3, #28]
}
 800e17e:	4770      	bx	lr
    __HAL_FLASH_DATA_CACHE_RESET();
 800e180:	4b07      	ldr	r3, [pc, #28]	@ (800e1a0 <FLASH_FlushCaches+0x60>)
 800e182:	681a      	ldr	r2, [r3, #0]
 800e184:	f442 5280 	orr.w	r2, r2, #4096	@ 0x1000
 800e188:	601a      	str	r2, [r3, #0]
 800e18a:	681a      	ldr	r2, [r3, #0]
 800e18c:	f422 5280 	bic.w	r2, r2, #4096	@ 0x1000
 800e190:	601a      	str	r2, [r3, #0]
    __HAL_FLASH_DATA_CACHE_ENABLE();
 800e192:	681a      	ldr	r2, [r3, #0]
 800e194:	f442 6280 	orr.w	r2, r2, #1024	@ 0x400
 800e198:	601a      	str	r2, [r3, #0]
 800e19a:	e7ed      	b.n	800e178 <FLASH_FlushCaches+0x38>
 800e19c:	20000034 	.word	0x20000034
 800e1a0:	40022000 	.word	0x40022000

0800e1a4 <HAL_FLASHEx_Erase>:
{
 800e1a4:	b5f8      	push	{r3, r4, r5, r6, r7, lr}
  __HAL_LOCK(&pFlash);
 800e1a6:	4b39      	ldr	r3, [pc, #228]	@ (800e28c <HAL_FLASHEx_Erase+0xe8>)
 800e1a8:	781b      	ldrb	r3, [r3, #0]
 800e1aa:	2b01      	cmp	r3, #1
 800e1ac:	d06b      	beq.n	800e286 <HAL_FLASHEx_Erase+0xe2>
 800e1ae:	4604      	mov	r4, r0
 800e1b0:	460e      	mov	r6, r1
 800e1b2:	4b36      	ldr	r3, [pc, #216]	@ (800e28c <HAL_FLASHEx_Erase+0xe8>)
 800e1b4:	2201      	movs	r2, #1
 800e1b6:	701a      	strb	r2, [r3, #0]
  status = FLASH_WaitForLastOperation((uint32_t)FLASH_TIMEOUT_VALUE);
 800e1b8:	f24c 3050 	movw	r0, #50000	@ 0xc350
 800e1bc:	f7ff ff10 	bl	800dfe0 <FLASH_WaitForLastOperation>
  if (status == HAL_OK)
 800e1c0:	4607      	mov	r7, r0
 800e1c2:	2800      	cmp	r0, #0
 800e1c4:	d15a      	bne.n	800e27c <HAL_FLASHEx_Erase+0xd8>
    pFlash.ErrorCode = HAL_FLASH_ERROR_NONE;
 800e1c6:	4b31      	ldr	r3, [pc, #196]	@ (800e28c <HAL_FLASHEx_Erase+0xe8>)
 800e1c8:	2200      	movs	r2, #0
 800e1ca:	605a      	str	r2, [r3, #4]
    if(READ_BIT(FLASH->ACR, FLASH_ACR_ICEN) != 0U)
 800e1cc:	4b30      	ldr	r3, [pc, #192]	@ (800e290 <HAL_FLASHEx_Erase+0xec>)
 800e1ce:	681b      	ldr	r3, [r3, #0]
 800e1d0:	f413 7f00 	tst.w	r3, #512	@ 0x200
 800e1d4:	d02f      	beq.n	800e236 <HAL_FLASHEx_Erase+0x92>
      if(READ_BIT(FLASH->ACR, FLASH_ACR_DCEN) != 0U)
 800e1d6:	4b2e      	ldr	r3, [pc, #184]	@ (800e290 <HAL_FLASHEx_Erase+0xec>)
 800e1d8:	681b      	ldr	r3, [r3, #0]
 800e1da:	f413 6f80 	tst.w	r3, #1024	@ 0x400
 800e1de:	d026      	beq.n	800e22e <HAL_FLASHEx_Erase+0x8a>
        __HAL_FLASH_DATA_CACHE_DISABLE();
 800e1e0:	4a2b      	ldr	r2, [pc, #172]	@ (800e290 <HAL_FLASHEx_Erase+0xec>)
 800e1e2:	6813      	ldr	r3, [r2, #0]
 800e1e4:	f423 6380 	bic.w	r3, r3, #1024	@ 0x400
 800e1e8:	6013      	str	r3, [r2, #0]
        pFlash.CacheToReactivate = FLASH_CACHE_ICACHE_DCACHE_ENABLED;
 800e1ea:	4b28      	ldr	r3, [pc, #160]	@ (800e28c <HAL_FLASHEx_Erase+0xe8>)
 800e1ec:	2203      	movs	r2, #3
 800e1ee:	771a      	strb	r2, [r3, #28]
    if (pEraseInit->TypeErase == FLASH_TYPEERASE_MASSERASE)
 800e1f0:	6823      	ldr	r3, [r4, #0]
 800e1f2:	2b01      	cmp	r3, #1
 800e1f4:	d031      	beq.n	800e25a <HAL_FLASHEx_Erase+0xb6>
      *PageError = 0xFFFFFFFFU;
 800e1f6:	f04f 33ff 	mov.w	r3, #4294967295
 800e1fa:	6033      	str	r3, [r6, #0]
      for(page_index = pEraseInit->Page; page_index < (pEraseInit->Page + pEraseInit->NbPages); page_index++)
 800e1fc:	68a5      	ldr	r5, [r4, #8]
 800e1fe:	68a3      	ldr	r3, [r4, #8]
 800e200:	68e2      	ldr	r2, [r4, #12]
 800e202:	4413      	add	r3, r2
 800e204:	42ab      	cmp	r3, r5
 800e206:	d937      	bls.n	800e278 <HAL_FLASHEx_Erase+0xd4>
        FLASH_PageErase(page_index, pEraseInit->Banks);
 800e208:	6861      	ldr	r1, [r4, #4]
 800e20a:	4628      	mov	r0, r5
 800e20c:	f7ff ff84 	bl	800e118 <FLASH_PageErase>
        status = FLASH_WaitForLastOperation((uint32_t)FLASH_TIMEOUT_VALUE);
 800e210:	f24c 3050 	movw	r0, #50000	@ 0xc350
 800e214:	f7ff fee4 	bl	800dfe0 <FLASH_WaitForLastOperation>
        CLEAR_BIT(FLASH->CR, (FLASH_CR_PER | FLASH_CR_PNB));
 800e218:	4a1d      	ldr	r2, [pc, #116]	@ (800e290 <HAL_FLASHEx_Erase+0xec>)
 800e21a:	6953      	ldr	r3, [r2, #20]
 800e21c:	f423 737e 	bic.w	r3, r3, #1016	@ 0x3f8
 800e220:	f023 0302 	bic.w	r3, r3, #2
 800e224:	6153      	str	r3, [r2, #20]
        if (status != HAL_OK)
 800e226:	4607      	mov	r7, r0
 800e228:	bb28      	cbnz	r0, 800e276 <HAL_FLASHEx_Erase+0xd2>
      for(page_index = pEraseInit->Page; page_index < (pEraseInit->Page + pEraseInit->NbPages); page_index++)
 800e22a:	3501      	adds	r5, #1
 800e22c:	e7e7      	b.n	800e1fe <HAL_FLASHEx_Erase+0x5a>
        pFlash.CacheToReactivate = FLASH_CACHE_ICACHE_ENABLED;
 800e22e:	4b17      	ldr	r3, [pc, #92]	@ (800e28c <HAL_FLASHEx_Erase+0xe8>)
 800e230:	2201      	movs	r2, #1
 800e232:	771a      	strb	r2, [r3, #28]
 800e234:	e7dc      	b.n	800e1f0 <HAL_FLASHEx_Erase+0x4c>
    else if(READ_BIT(FLASH->ACR, FLASH_ACR_DCEN) != 0U)
 800e236:	4b16      	ldr	r3, [pc, #88]	@ (800e290 <HAL_FLASHEx_Erase+0xec>)
 800e238:	681b      	ldr	r3, [r3, #0]
 800e23a:	f413 6f80 	tst.w	r3, #1024	@ 0x400
 800e23e:	d008      	beq.n	800e252 <HAL_FLASHEx_Erase+0xae>
      __HAL_FLASH_DATA_CACHE_DISABLE();
 800e240:	4a13      	ldr	r2, [pc, #76]	@ (800e290 <HAL_FLASHEx_Erase+0xec>)
 800e242:	6813      	ldr	r3, [r2, #0]
 800e244:	f423 6380 	bic.w	r3, r3, #1024	@ 0x400
 800e248:	6013      	str	r3, [r2, #0]
      pFlash.CacheToReactivate = FLASH_CACHE_DCACHE_ENABLED;
 800e24a:	4b10      	ldr	r3, [pc, #64]	@ (800e28c <HAL_FLASHEx_Erase+0xe8>)
 800e24c:	2202      	movs	r2, #2
 800e24e:	771a      	strb	r2, [r3, #28]
 800e250:	e7ce      	b.n	800e1f0 <HAL_FLASHEx_Erase+0x4c>
      pFlash.CacheToReactivate = FLASH_CACHE_DISABLED;
 800e252:	4b0e      	ldr	r3, [pc, #56]	@ (800e28c <HAL_FLASHEx_Erase+0xe8>)
 800e254:	2200      	movs	r2, #0
 800e256:	771a      	strb	r2, [r3, #28]
 800e258:	e7ca      	b.n	800e1f0 <HAL_FLASHEx_Erase+0x4c>
      FLASH_MassErase(pEraseInit->Banks);
 800e25a:	6860      	ldr	r0, [r4, #4]
 800e25c:	f7ff ff4c 	bl	800e0f8 <FLASH_MassErase>
      status = FLASH_WaitForLastOperation((uint32_t)FLASH_TIMEOUT_VALUE);
 800e260:	f24c 3050 	movw	r0, #50000	@ 0xc350
 800e264:	f7ff febc 	bl	800dfe0 <FLASH_WaitForLastOperation>
 800e268:	4607      	mov	r7, r0
      CLEAR_BIT(FLASH->CR, (FLASH_CR_MER1));
 800e26a:	4a09      	ldr	r2, [pc, #36]	@ (800e290 <HAL_FLASHEx_Erase+0xec>)
 800e26c:	6953      	ldr	r3, [r2, #20]
 800e26e:	f023 0304 	bic.w	r3, r3, #4
 800e272:	6153      	str	r3, [r2, #20]
 800e274:	e000      	b.n	800e278 <HAL_FLASHEx_Erase+0xd4>
          *PageError = page_index;
 800e276:	6035      	str	r5, [r6, #0]
    FLASH_FlushCaches();
 800e278:	f7ff ff62 	bl	800e140 <FLASH_FlushCaches>
  __HAL_UNLOCK(&pFlash);
 800e27c:	4b03      	ldr	r3, [pc, #12]	@ (800e28c <HAL_FLASHEx_Erase+0xe8>)
 800e27e:	2200      	movs	r2, #0
 800e280:	701a      	strb	r2, [r3, #0]
}
 800e282:	4638      	mov	r0, r7
 800e284:	bdf8      	pop	{r3, r4, r5, r6, r7, pc}
  __HAL_LOCK(&pFlash);
 800e286:	2702      	movs	r7, #2
 800e288:	e7fb      	b.n	800e282 <HAL_FLASHEx_Erase+0xde>
 800e28a:	bf00      	nop
 800e28c:	20000034 	.word	0x20000034
 800e290:	40022000 	.word	0x40022000

0800e294 <HAL_GPIO_Init>:
  * @param  GPIO_Init pointer to a GPIO_InitTypeDef structure that contains
  *         the configuration information for the specified GPIO peripheral.
  * @retval None
  */
void HAL_GPIO_Init(GPIO_TypeDef  *GPIOx, GPIO_InitTypeDef *GPIO_Init)
{
 800e294:	b5f0      	push	{r4, r5, r6, r7, lr}
 800e296:	b083      	sub	sp, #12
  uint32_t position = 0x00u;
 800e298:	2300      	movs	r3, #0
  assert_param(IS_GPIO_ALL_INSTANCE(GPIOx));
  assert_param(IS_GPIO_PIN(GPIO_Init->Pin));
  assert_param(IS_GPIO_MODE(GPIO_Init->Mode));

  /* Configure the port pins */
  while (((GPIO_Init->Pin) >> position) != 0x00u)
 800e29a:	e062      	b.n	800e362 <HAL_GPIO_Init+0xce>
      {
        /* Check the Speed parameter */
        assert_param(IS_GPIO_SPEED(GPIO_Init->Speed));

        /* Configure the IO Speed */
        temp = GPIOx->OSPEEDR;
 800e29c:	6885      	ldr	r5, [r0, #8]
        temp &= ~(GPIO_OSPEEDR_OSPEED0 << (position * 2u));
 800e29e:	005e      	lsls	r6, r3, #1
 800e2a0:	2403      	movs	r4, #3
 800e2a2:	40b4      	lsls	r4, r6
 800e2a4:	ea25 0504 	bic.w	r5, r5, r4
        temp |= (GPIO_Init->Speed << (position * 2u));
 800e2a8:	68cc      	ldr	r4, [r1, #12]
 800e2aa:	40b4      	lsls	r4, r6
 800e2ac:	432c      	orrs	r4, r5
        GPIOx->OSPEEDR = temp;
 800e2ae:	6084      	str	r4, [r0, #8]

        /* Configure the IO Output Type */
        temp = GPIOx->OTYPER;
 800e2b0:	6845      	ldr	r5, [r0, #4]
        temp &= ~(GPIO_OTYPER_OT0 << position) ;
 800e2b2:	ea25 050c 	bic.w	r5, r5, ip
        temp |= (((GPIO_Init->Mode & OUTPUT_TYPE) >> OUTPUT_TYPE_Pos) << position);
 800e2b6:	684c      	ldr	r4, [r1, #4]
 800e2b8:	f3c4 1400 	ubfx	r4, r4, #4, #1
 800e2bc:	409c      	lsls	r4, r3
 800e2be:	432c      	orrs	r4, r5
        GPIOx->OTYPER = temp;
 800e2c0:	6044      	str	r4, [r0, #4]
 800e2c2:	e05f      	b.n	800e384 <HAL_GPIO_Init+0xf0>
        /* Check the Alternate function parameters */
        assert_param(IS_GPIO_AF_INSTANCE(GPIOx));
        assert_param(IS_GPIO_AF(GPIO_Init->Alternate));

        /* Configure Alternate function mapped with the current IO */
        temp = GPIOx->AFR[position >> 3u];
 800e2c4:	08dd      	lsrs	r5, r3, #3
 800e2c6:	3508      	adds	r5, #8
 800e2c8:	f850 4025 	ldr.w	r4, [r0, r5, lsl #2]
        temp &= ~(0xFu << ((position & 0x07u) * 4u));
 800e2cc:	f003 0c07 	and.w	ip, r3, #7
 800e2d0:	ea4f 0c8c 	mov.w	ip, ip, lsl #2
 800e2d4:	f04f 0e0f 	mov.w	lr, #15
 800e2d8:	fa0e fe0c 	lsl.w	lr, lr, ip
 800e2dc:	ea24 0e0e 	bic.w	lr, r4, lr
        temp |= ((GPIO_Init->Alternate) << ((position & 0x07u) * 4u));
 800e2e0:	690c      	ldr	r4, [r1, #16]
 800e2e2:	fa04 f40c 	lsl.w	r4, r4, ip
 800e2e6:	ea44 040e 	orr.w	r4, r4, lr
        GPIOx->AFR[position >> 3u] = temp;
 800e2ea:	f840 4025 	str.w	r4, [r0, r5, lsl #2]
 800e2ee:	e060      	b.n	800e3b2 <HAL_GPIO_Init+0x11e>
        /* Enable SYSCFG Clock */
        __HAL_RCC_SYSCFG_CLK_ENABLE();

        temp = SYSCFG->EXTICR[position >> 2u];
        temp &= ~(0x0FuL << (4u * (position & 0x03u)));
        temp |= (GPIO_GET_INDEX(GPIOx) << (4u * (position & 0x03u)));
 800e2f0:	2402      	movs	r4, #2
 800e2f2:	e000      	b.n	800e2f6 <HAL_GPIO_Init+0x62>
 800e2f4:	2400      	movs	r4, #0
 800e2f6:	fa04 f40e 	lsl.w	r4, r4, lr
 800e2fa:	432c      	orrs	r4, r5
        SYSCFG->EXTICR[position >> 2u] = temp;
 800e2fc:	f10c 0c02 	add.w	ip, ip, #2
 800e300:	4d4c      	ldr	r5, [pc, #304]	@ (800e434 <HAL_GPIO_Init+0x1a0>)
 800e302:	f845 402c 	str.w	r4, [r5, ip, lsl #2]

        /* Clear Rising Falling edge configuration */
        temp = EXTI->RTSR1;
 800e306:	4c4c      	ldr	r4, [pc, #304]	@ (800e438 <HAL_GPIO_Init+0x1a4>)
 800e308:	68a5      	ldr	r5, [r4, #8]
        temp &= ~(iocurrent);
 800e30a:	43d4      	mvns	r4, r2
 800e30c:	ea25 0602 	bic.w	r6, r5, r2
        if ((GPIO_Init->Mode & TRIGGER_RISING) != 0x00u)
 800e310:	684f      	ldr	r7, [r1, #4]
 800e312:	f417 1f80 	tst.w	r7, #1048576	@ 0x100000
 800e316:	d001      	beq.n	800e31c <HAL_GPIO_Init+0x88>
        {
          temp |= iocurrent;
 800e318:	ea42 0605 	orr.w	r6, r2, r5
        }
        EXTI->RTSR1 = temp;
 800e31c:	4d46      	ldr	r5, [pc, #280]	@ (800e438 <HAL_GPIO_Init+0x1a4>)
 800e31e:	60ae      	str	r6, [r5, #8]

        temp = EXTI->FTSR1;
 800e320:	68ed      	ldr	r5, [r5, #12]
        temp &= ~(iocurrent);
 800e322:	ea04 0605 	and.w	r6, r4, r5
        if ((GPIO_Init->Mode & TRIGGER_FALLING) != 0x00u)
 800e326:	684f      	ldr	r7, [r1, #4]
 800e328:	f417 1f00 	tst.w	r7, #2097152	@ 0x200000
 800e32c:	d001      	beq.n	800e332 <HAL_GPIO_Init+0x9e>
        {
          temp |= iocurrent;
 800e32e:	ea42 0605 	orr.w	r6, r2, r5
        }
        EXTI->FTSR1 = temp;
 800e332:	4d41      	ldr	r5, [pc, #260]	@ (800e438 <HAL_GPIO_Init+0x1a4>)
 800e334:	60ee      	str	r6, [r5, #12]

        /* Clear EXTI line configuration */
        temp = EXTI->EMR1;
 800e336:	686d      	ldr	r5, [r5, #4]
        temp &= ~(iocurrent);
 800e338:	ea04 0605 	and.w	r6, r4, r5
        if ((GPIO_Init->Mode & EXTI_EVT) != 0x00u)
 800e33c:	684f      	ldr	r7, [r1, #4]
 800e33e:	f417 3f00 	tst.w	r7, #131072	@ 0x20000
 800e342:	d001      	beq.n	800e348 <HAL_GPIO_Init+0xb4>
        {
          temp |= iocurrent;
 800e344:	ea42 0605 	orr.w	r6, r2, r5
        }
        EXTI->EMR1 = temp;
 800e348:	4d3b      	ldr	r5, [pc, #236]	@ (800e438 <HAL_GPIO_Init+0x1a4>)
 800e34a:	606e      	str	r6, [r5, #4]

        temp = EXTI->IMR1;
 800e34c:	682d      	ldr	r5, [r5, #0]
        temp &= ~(iocurrent);
 800e34e:	402c      	ands	r4, r5
        if ((GPIO_Init->Mode & EXTI_IT) != 0x00u)
 800e350:	684e      	ldr	r6, [r1, #4]
 800e352:	f416 3f80 	tst.w	r6, #65536	@ 0x10000
 800e356:	d001      	beq.n	800e35c <HAL_GPIO_Init+0xc8>
        {
          temp |= iocurrent;
 800e358:	ea42 0405 	orr.w	r4, r2, r5
        }
        EXTI->IMR1 = temp;
 800e35c:	4a36      	ldr	r2, [pc, #216]	@ (800e438 <HAL_GPIO_Init+0x1a4>)
 800e35e:	6014      	str	r4, [r2, #0]
      }
    }

    position++;
 800e360:	3301      	adds	r3, #1
  while (((GPIO_Init->Pin) >> position) != 0x00u)
 800e362:	680a      	ldr	r2, [r1, #0]
 800e364:	fa32 f403 	lsrs.w	r4, r2, r3
 800e368:	d062      	beq.n	800e430 <HAL_GPIO_Init+0x19c>
    iocurrent = (GPIO_Init->Pin) & (1uL << position);
 800e36a:	f04f 0c01 	mov.w	ip, #1
 800e36e:	fa0c fc03 	lsl.w	ip, ip, r3
    if (iocurrent != 0x00u)
 800e372:	ea1c 0202 	ands.w	r2, ip, r2
 800e376:	d0f3      	beq.n	800e360 <HAL_GPIO_Init+0xcc>
      if (((GPIO_Init->Mode & GPIO_MODE) == MODE_OUTPUT) || ((GPIO_Init->Mode & GPIO_MODE) == MODE_AF))
 800e378:	684c      	ldr	r4, [r1, #4]
 800e37a:	f004 0403 	and.w	r4, r4, #3
 800e37e:	3c01      	subs	r4, #1
 800e380:	2c01      	cmp	r4, #1
 800e382:	d98b      	bls.n	800e29c <HAL_GPIO_Init+0x8>
      if ((GPIO_Init->Mode & GPIO_MODE) != MODE_ANALOG)
 800e384:	684c      	ldr	r4, [r1, #4]
 800e386:	f004 0403 	and.w	r4, r4, #3
 800e38a:	2c03      	cmp	r4, #3
 800e38c:	d00c      	beq.n	800e3a8 <HAL_GPIO_Init+0x114>
        temp = GPIOx->PUPDR;
 800e38e:	68c4      	ldr	r4, [r0, #12]
        temp &= ~(GPIO_PUPDR_PUPD0 << (position * 2U));
 800e390:	005d      	lsls	r5, r3, #1
 800e392:	f04f 0c03 	mov.w	ip, #3
 800e396:	fa0c fc05 	lsl.w	ip, ip, r5
 800e39a:	ea24 0c0c 	bic.w	ip, r4, ip
        temp |= ((GPIO_Init->Pull) << (position * 2U));
 800e39e:	688c      	ldr	r4, [r1, #8]
 800e3a0:	40ac      	lsls	r4, r5
 800e3a2:	ea44 040c 	orr.w	r4, r4, ip
        GPIOx->PUPDR = temp;
 800e3a6:	60c4      	str	r4, [r0, #12]
      if ((GPIO_Init->Mode & GPIO_MODE) == MODE_AF)
 800e3a8:	684c      	ldr	r4, [r1, #4]
 800e3aa:	f004 0403 	and.w	r4, r4, #3
 800e3ae:	2c02      	cmp	r4, #2
 800e3b0:	d088      	beq.n	800e2c4 <HAL_GPIO_Init+0x30>
      temp = GPIOx->MODER;
 800e3b2:	6804      	ldr	r4, [r0, #0]
      temp &= ~(GPIO_MODER_MODE0 << (position * 2u));
 800e3b4:	ea4f 0e43 	mov.w	lr, r3, lsl #1
 800e3b8:	f04f 0c03 	mov.w	ip, #3
 800e3bc:	fa0c fc0e 	lsl.w	ip, ip, lr
 800e3c0:	ea24 0c0c 	bic.w	ip, r4, ip
      temp |= ((GPIO_Init->Mode & GPIO_MODE) << (position * 2u));
 800e3c4:	684c      	ldr	r4, [r1, #4]
 800e3c6:	f004 0403 	and.w	r4, r4, #3
 800e3ca:	fa04 f40e 	lsl.w	r4, r4, lr
 800e3ce:	ea44 040c 	orr.w	r4, r4, ip
      GPIOx->MODER = temp;
 800e3d2:	6004      	str	r4, [r0, #0]
      if ((GPIO_Init->Mode & EXTI_MODE) != 0x00u)
 800e3d4:	684c      	ldr	r4, [r1, #4]
 800e3d6:	f414 3f40 	tst.w	r4, #196608	@ 0x30000
 800e3da:	d0c1      	beq.n	800e360 <HAL_GPIO_Init+0xcc>
        __HAL_RCC_SYSCFG_CLK_ENABLE();
 800e3dc:	4c17      	ldr	r4, [pc, #92]	@ (800e43c <HAL_GPIO_Init+0x1a8>)
 800e3de:	6e25      	ldr	r5, [r4, #96]	@ 0x60
 800e3e0:	f045 0501 	orr.w	r5, r5, #1
 800e3e4:	6625      	str	r5, [r4, #96]	@ 0x60
 800e3e6:	6e24      	ldr	r4, [r4, #96]	@ 0x60
 800e3e8:	f004 0401 	and.w	r4, r4, #1
 800e3ec:	9401      	str	r4, [sp, #4]
 800e3ee:	9c01      	ldr	r4, [sp, #4]
        temp = SYSCFG->EXTICR[position >> 2u];
 800e3f0:	ea4f 0c93 	mov.w	ip, r3, lsr #2
 800e3f4:	f10c 0502 	add.w	r5, ip, #2
 800e3f8:	4c0e      	ldr	r4, [pc, #56]	@ (800e434 <HAL_GPIO_Init+0x1a0>)
 800e3fa:	f854 5025 	ldr.w	r5, [r4, r5, lsl #2]
        temp &= ~(0x0FuL << (4u * (position & 0x03u)));
 800e3fe:	f003 0e03 	and.w	lr, r3, #3
 800e402:	ea4f 0e8e 	mov.w	lr, lr, lsl #2
 800e406:	240f      	movs	r4, #15
 800e408:	fa04 f40e 	lsl.w	r4, r4, lr
 800e40c:	ea25 0504 	bic.w	r5, r5, r4
        temp |= (GPIO_GET_INDEX(GPIOx) << (4u * (position & 0x03u)));
 800e410:	f1b0 4f90 	cmp.w	r0, #1207959552	@ 0x48000000
 800e414:	f43f af6e 	beq.w	800e2f4 <HAL_GPIO_Init+0x60>
 800e418:	4c09      	ldr	r4, [pc, #36]	@ (800e440 <HAL_GPIO_Init+0x1ac>)
 800e41a:	42a0      	cmp	r0, r4
 800e41c:	d006      	beq.n	800e42c <HAL_GPIO_Init+0x198>
 800e41e:	f504 6480 	add.w	r4, r4, #1024	@ 0x400
 800e422:	42a0      	cmp	r0, r4
 800e424:	f43f af64 	beq.w	800e2f0 <HAL_GPIO_Init+0x5c>
 800e428:	2407      	movs	r4, #7
 800e42a:	e764      	b.n	800e2f6 <HAL_GPIO_Init+0x62>
 800e42c:	2401      	movs	r4, #1
 800e42e:	e762      	b.n	800e2f6 <HAL_GPIO_Init+0x62>
  }
}
 800e430:	b003      	add	sp, #12
 800e432:	bdf0      	pop	{r4, r5, r6, r7, pc}
 800e434:	40010000 	.word	0x40010000
 800e438:	40010400 	.word	0x40010400
 800e43c:	40021000 	.word	0x40021000
 800e440:	48000400 	.word	0x48000400

0800e444 <HAL_GPIO_DeInit>:
  *         This parameter can be any combination of GPIO_PIN_x where x can be (0..15).
  * @retval None
  */
void HAL_GPIO_DeInit(GPIO_TypeDef  *GPIOx, uint32_t GPIO_Pin)
{
  uint32_t position = 0x00u;
 800e444:	2300      	movs	r3, #0
  /* Check the parameters */
  assert_param(IS_GPIO_ALL_INSTANCE(GPIOx));
  assert_param(IS_GPIO_PIN(GPIO_Pin));

  /* Configure the port pins */
  while ((GPIO_Pin >> position) != 0x00u)
 800e446:	fa31 f203 	lsrs.w	r2, r1, r3
 800e44a:	d06d      	beq.n	800e528 <HAL_GPIO_DeInit+0xe4>
{
 800e44c:	b5f0      	push	{r4, r5, r6, r7, lr}
 800e44e:	e02e      	b.n	800e4ae <HAL_GPIO_DeInit+0x6a>
      /*------------------------- EXTI Mode Configuration --------------------*/
      /* Clear the External Interrupt or Event for the current IO */

      tmp = SYSCFG->EXTICR[position >> 2u];
      tmp &= (0x0FuL << (4u * (position & 0x03u)));
      if (tmp == (GPIO_GET_INDEX(GPIOx) << (4u * (position & 0x03u))))
 800e450:	2502      	movs	r5, #2
 800e452:	e000      	b.n	800e456 <HAL_GPIO_DeInit+0x12>
 800e454:	2500      	movs	r5, #0
 800e456:	fa05 f50c 	lsl.w	r5, r5, ip
 800e45a:	42a5      	cmp	r5, r4
 800e45c:	d049      	beq.n	800e4f2 <HAL_GPIO_DeInit+0xae>
        SYSCFG->EXTICR[position >> 2u] &= ~tmp;
      }

      /*------------------------- GPIO Mode Configuration --------------------*/
      /* Configure IO in Analog Mode */
      GPIOx->MODER |= (GPIO_MODER_MODE0 << (position * 2u));
 800e45e:	6804      	ldr	r4, [r0, #0]
 800e460:	005d      	lsls	r5, r3, #1
 800e462:	f04f 0c03 	mov.w	ip, #3
 800e466:	fa0c fc05 	lsl.w	ip, ip, r5
 800e46a:	ea44 040c 	orr.w	r4, r4, ip
 800e46e:	6004      	str	r4, [r0, #0]

      /* Configure the default Alternate Function in current IO */
      GPIOx->AFR[position >> 3u] &= ~(0xFu << ((position & 0x07u) * 4u)) ;
 800e470:	ea4f 0ed3 	mov.w	lr, r3, lsr #3
 800e474:	f10e 0e08 	add.w	lr, lr, #8
 800e478:	f850 402e 	ldr.w	r4, [r0, lr, lsl #2]
 800e47c:	f003 0607 	and.w	r6, r3, #7
 800e480:	00b6      	lsls	r6, r6, #2
 800e482:	250f      	movs	r5, #15
 800e484:	40b5      	lsls	r5, r6
 800e486:	ea24 0405 	bic.w	r4, r4, r5
 800e48a:	f840 402e 	str.w	r4, [r0, lr, lsl #2]

      /* Configure the default value for IO Speed */
      GPIOx->OSPEEDR &= ~(GPIO_OSPEEDR_OSPEED0 << (position * 2u));
 800e48e:	6884      	ldr	r4, [r0, #8]
 800e490:	ea24 040c 	bic.w	r4, r4, ip
 800e494:	6084      	str	r4, [r0, #8]

      /* Configure the default value IO Output Type */
      GPIOx->OTYPER  &= ~(GPIO_OTYPER_OT0 << position) ;
 800e496:	6844      	ldr	r4, [r0, #4]
 800e498:	ea24 0202 	bic.w	r2, r4, r2
 800e49c:	6042      	str	r2, [r0, #4]

      /* Deactivate the Pull-up and Pull-down resistor for the current IO */
      GPIOx->PUPDR &= ~(GPIO_PUPDR_PUPD0 << (position * 2u));
 800e49e:	68c2      	ldr	r2, [r0, #12]
 800e4a0:	ea22 020c 	bic.w	r2, r2, ip
 800e4a4:	60c2      	str	r2, [r0, #12]
      /* Deactivate the Control bit of Analog mode for the current IO */
      GPIOx->ASCR &= ~(GPIO_ASCR_ASC0<< position);
#endif /* STM32L471xx || STM32L475xx || STM32L476xx || STM32L485xx || STM32L486xx */
    }

    position++;
 800e4a6:	3301      	adds	r3, #1
  while ((GPIO_Pin >> position) != 0x00u)
 800e4a8:	fa31 f203 	lsrs.w	r2, r1, r3
 800e4ac:	d03b      	beq.n	800e526 <HAL_GPIO_DeInit+0xe2>
    iocurrent = (GPIO_Pin) & (1uL << position);
 800e4ae:	2201      	movs	r2, #1
 800e4b0:	409a      	lsls	r2, r3
    if (iocurrent != 0x00u)
 800e4b2:	ea12 0701 	ands.w	r7, r2, r1
 800e4b6:	d0f6      	beq.n	800e4a6 <HAL_GPIO_DeInit+0x62>
      tmp = SYSCFG->EXTICR[position >> 2u];
 800e4b8:	089e      	lsrs	r6, r3, #2
 800e4ba:	1cb5      	adds	r5, r6, #2
 800e4bc:	4c1b      	ldr	r4, [pc, #108]	@ (800e52c <HAL_GPIO_DeInit+0xe8>)
 800e4be:	f854 4025 	ldr.w	r4, [r4, r5, lsl #2]
      tmp &= (0x0FuL << (4u * (position & 0x03u)));
 800e4c2:	f003 0c03 	and.w	ip, r3, #3
 800e4c6:	ea4f 0c8c 	mov.w	ip, ip, lsl #2
 800e4ca:	f04f 0e0f 	mov.w	lr, #15
 800e4ce:	fa0e fe0c 	lsl.w	lr, lr, ip
 800e4d2:	ea0e 0404 	and.w	r4, lr, r4
      if (tmp == (GPIO_GET_INDEX(GPIOx) << (4u * (position & 0x03u))))
 800e4d6:	f1b0 4f90 	cmp.w	r0, #1207959552	@ 0x48000000
 800e4da:	d0bb      	beq.n	800e454 <HAL_GPIO_DeInit+0x10>
 800e4dc:	4d14      	ldr	r5, [pc, #80]	@ (800e530 <HAL_GPIO_DeInit+0xec>)
 800e4de:	42a8      	cmp	r0, r5
 800e4e0:	d005      	beq.n	800e4ee <HAL_GPIO_DeInit+0xaa>
 800e4e2:	f505 6580 	add.w	r5, r5, #1024	@ 0x400
 800e4e6:	42a8      	cmp	r0, r5
 800e4e8:	d0b2      	beq.n	800e450 <HAL_GPIO_DeInit+0xc>
 800e4ea:	2507      	movs	r5, #7
 800e4ec:	e7b3      	b.n	800e456 <HAL_GPIO_DeInit+0x12>
 800e4ee:	2501      	movs	r5, #1
 800e4f0:	e7b1      	b.n	800e456 <HAL_GPIO_DeInit+0x12>
        EXTI->IMR1 &= ~(iocurrent);
 800e4f2:	4c10      	ldr	r4, [pc, #64]	@ (800e534 <HAL_GPIO_DeInit+0xf0>)
 800e4f4:	6825      	ldr	r5, [r4, #0]
 800e4f6:	ea25 0507 	bic.w	r5, r5, r7
 800e4fa:	6025      	str	r5, [r4, #0]
        EXTI->EMR1 &= ~(iocurrent);
 800e4fc:	6865      	ldr	r5, [r4, #4]
 800e4fe:	ea25 0507 	bic.w	r5, r5, r7
 800e502:	6065      	str	r5, [r4, #4]
        EXTI->FTSR1 &= ~(iocurrent);
 800e504:	68e5      	ldr	r5, [r4, #12]
 800e506:	ea25 0507 	bic.w	r5, r5, r7
 800e50a:	60e5      	str	r5, [r4, #12]
        EXTI->RTSR1 &= ~(iocurrent);
 800e50c:	68a5      	ldr	r5, [r4, #8]
 800e50e:	ea25 0507 	bic.w	r5, r5, r7
 800e512:	60a5      	str	r5, [r4, #8]
        SYSCFG->EXTICR[position >> 2u] &= ~tmp;
 800e514:	4d05      	ldr	r5, [pc, #20]	@ (800e52c <HAL_GPIO_DeInit+0xe8>)
 800e516:	3602      	adds	r6, #2
 800e518:	f855 4026 	ldr.w	r4, [r5, r6, lsl #2]
 800e51c:	ea24 040e 	bic.w	r4, r4, lr
 800e520:	f845 4026 	str.w	r4, [r5, r6, lsl #2]
 800e524:	e79b      	b.n	800e45e <HAL_GPIO_DeInit+0x1a>
  }
}
 800e526:	bdf0      	pop	{r4, r5, r6, r7, pc}
 800e528:	4770      	bx	lr
 800e52a:	bf00      	nop
 800e52c:	40010000 	.word	0x40010000
 800e530:	48000400 	.word	0x48000400
 800e534:	40010400 	.word	0x40010400

0800e538 <HAL_GPIO_WritePin>:
{
  /* Check the parameters */
  assert_param(IS_GPIO_PIN(GPIO_Pin));
  assert_param(IS_GPIO_PIN_ACTION(PinState));

  if(PinState != GPIO_PIN_RESET)
 800e538:	b10a      	cbz	r2, 800e53e <HAL_GPIO_WritePin+0x6>
  {
    GPIOx->BSRR = (uint32_t)GPIO_Pin;
 800e53a:	6181      	str	r1, [r0, #24]
 800e53c:	4770      	bx	lr
  }
  else
  {
    GPIOx->BRR = (uint32_t)GPIO_Pin;
 800e53e:	6281      	str	r1, [r0, #40]	@ 0x28
  }
}
 800e540:	4770      	bx	lr

0800e542 <HAL_GPIO_TogglePin>:

  /* Check the parameters */
  assert_param(IS_GPIO_PIN(GPIO_Pin));

  /* get current Output Data Register value */
  odr = GPIOx->ODR;
 800e542:	6943      	ldr	r3, [r0, #20]

  /* Set selected pins that were at low level, and reset ones that were high */
  GPIOx->BSRR = ((odr & GPIO_Pin) << GPIO_NUMBER) | (~odr & GPIO_Pin);
 800e544:	ea01 0203 	and.w	r2, r1, r3
 800e548:	ea21 0103 	bic.w	r1, r1, r3
 800e54c:	ea41 4102 	orr.w	r1, r1, r2, lsl #16
 800e550:	6181      	str	r1, [r0, #24]
}
 800e552:	4770      	bx	lr

0800e554 <I2C_Flush_TXDR>:
  */
static void I2C_Flush_TXDR(I2C_HandleTypeDef *hi2c)
{
  /* If a pending TXIS flag is set */
  /* Write a dummy data in TXDR to clear it */
  if (__HAL_I2C_GET_FLAG(hi2c, I2C_FLAG_TXIS) != RESET)
 800e554:	6803      	ldr	r3, [r0, #0]
 800e556:	699a      	ldr	r2, [r3, #24]
 800e558:	f012 0f02 	tst.w	r2, #2
 800e55c:	d001      	beq.n	800e562 <I2C_Flush_TXDR+0xe>
  {
    hi2c->Instance->TXDR = 0x00U;
 800e55e:	2200      	movs	r2, #0
 800e560:	629a      	str	r2, [r3, #40]	@ 0x28
  }

  /* Flush TX register if not empty */
  if (__HAL_I2C_GET_FLAG(hi2c, I2C_FLAG_TXE) == RESET)
 800e562:	6803      	ldr	r3, [r0, #0]
 800e564:	699a      	ldr	r2, [r3, #24]
 800e566:	f012 0f01 	tst.w	r2, #1
 800e56a:	d103      	bne.n	800e574 <I2C_Flush_TXDR+0x20>
  {
    __HAL_I2C_CLEAR_FLAG(hi2c, I2C_FLAG_TXE);
 800e56c:	699a      	ldr	r2, [r3, #24]
 800e56e:	f042 0201 	orr.w	r2, r2, #1
 800e572:	619a      	str	r2, [r3, #24]
  }
}
 800e574:	4770      	bx	lr

0800e576 <I2C_TransferConfig>:
  *     @arg @ref I2C_GENERATE_START_WRITE Generate Restart for write request.
  * @retval None
  */
static void I2C_TransferConfig(I2C_HandleTypeDef *hi2c, uint16_t DevAddress, uint8_t Size, uint32_t Mode,
                               uint32_t Request)
{
 800e576:	b410      	push	{r4}
 800e578:	9c01      	ldr	r4, [sp, #4]
  assert_param(IS_I2C_ALL_INSTANCE(hi2c->Instance));
  assert_param(IS_TRANSFER_MODE(Mode));
  assert_param(IS_TRANSFER_REQUEST(Request));

  /* Declaration of tmp to prevent undefined behavior of volatile usage */
  uint32_t tmp = ((uint32_t)(((uint32_t)DevAddress & I2C_CR2_SADD) | \
 800e57a:	f3c1 0109 	ubfx	r1, r1, #0, #10
 800e57e:	ea41 4102 	orr.w	r1, r1, r2, lsl #16
                             (((uint32_t)Size << I2C_CR2_NBYTES_Pos) & I2C_CR2_NBYTES) | \
 800e582:	4319      	orrs	r1, r3
  uint32_t tmp = ((uint32_t)(((uint32_t)DevAddress & I2C_CR2_SADD) | \
 800e584:	4321      	orrs	r1, r4
 800e586:	f021 4100 	bic.w	r1, r1, #2147483648	@ 0x80000000
                             (uint32_t)Mode | (uint32_t)Request) & (~0x80000000U));

  /* update CR2 register */
  MODIFY_REG(hi2c->Instance->CR2, \
 800e58a:	6802      	ldr	r2, [r0, #0]
 800e58c:	6853      	ldr	r3, [r2, #4]
 800e58e:	0d64      	lsrs	r4, r4, #21
 800e590:	f404 6480 	and.w	r4, r4, #1024	@ 0x400
 800e594:	f044 747f 	orr.w	r4, r4, #66846720	@ 0x3fc0000
 800e598:	f444 3458 	orr.w	r4, r4, #221184	@ 0x36000
 800e59c:	f444 747f 	orr.w	r4, r4, #1020	@ 0x3fc
 800e5a0:	f044 0403 	orr.w	r4, r4, #3
 800e5a4:	ea23 0304 	bic.w	r3, r3, r4
 800e5a8:	430b      	orrs	r3, r1
 800e5aa:	6053      	str	r3, [r2, #4]
             ((I2C_CR2_SADD | I2C_CR2_NBYTES | I2C_CR2_RELOAD | I2C_CR2_AUTOEND | \
               (I2C_CR2_RD_WRN & (uint32_t)(Request >> (31U - I2C_CR2_RD_WRN_Pos))) | \
               I2C_CR2_START | I2C_CR2_STOP)), tmp);
}
 800e5ac:	f85d 4b04 	ldr.w	r4, [sp], #4
 800e5b0:	4770      	bx	lr

0800e5b2 <I2C_IsErrorOccurred>:
{
 800e5b2:	e92d 41f0 	stmdb	sp!, {r4, r5, r6, r7, r8, lr}
 800e5b6:	4604      	mov	r4, r0
  uint32_t itflag   = hi2c->Instance->ISR;
 800e5b8:	6803      	ldr	r3, [r0, #0]
 800e5ba:	699e      	ldr	r6, [r3, #24]
  if (HAL_IS_BIT_SET(itflag, I2C_FLAG_AF))
 800e5bc:	f016 0610 	ands.w	r6, r6, #16
 800e5c0:	d07c      	beq.n	800e6bc <I2C_IsErrorOccurred+0x10a>
 800e5c2:	460d      	mov	r5, r1
 800e5c4:	4690      	mov	r8, r2
    __HAL_I2C_CLEAR_FLAG(hi2c, I2C_FLAG_AF);
 800e5c6:	2210      	movs	r2, #16
 800e5c8:	61da      	str	r2, [r3, #28]
  uint32_t error_code = 0;
 800e5ca:	2600      	movs	r6, #0
  HAL_StatusTypeDef status = HAL_OK;
 800e5cc:	4637      	mov	r7, r6
    while ((__HAL_I2C_GET_FLAG(hi2c, I2C_FLAG_STOPF) == RESET) && (status == HAL_OK))
 800e5ce:	6823      	ldr	r3, [r4, #0]
 800e5d0:	6998      	ldr	r0, [r3, #24]
 800e5d2:	f010 0f20 	tst.w	r0, #32
 800e5d6:	d130      	bne.n	800e63a <I2C_IsErrorOccurred+0x88>
 800e5d8:	bb7f      	cbnz	r7, 800e63a <I2C_IsErrorOccurred+0x88>
      if (Timeout != HAL_MAX_DELAY)
 800e5da:	f1b5 3fff 	cmp.w	r5, #4294967295
 800e5de:	d0f6      	beq.n	800e5ce <I2C_IsErrorOccurred+0x1c>
        if (((HAL_GetTick() - tickstart) > Timeout) || (Timeout == 0U))
 800e5e0:	f7fe fa92 	bl	800cb08 <HAL_GetTick>
 800e5e4:	eba0 0008 	sub.w	r0, r0, r8
 800e5e8:	42a8      	cmp	r0, r5
 800e5ea:	d801      	bhi.n	800e5f0 <I2C_IsErrorOccurred+0x3e>
 800e5ec:	2d00      	cmp	r5, #0
 800e5ee:	d1ee      	bne.n	800e5ce <I2C_IsErrorOccurred+0x1c>
          tmp1 = (uint32_t)(hi2c->Instance->CR2 & I2C_CR2_STOP);
 800e5f0:	6821      	ldr	r1, [r4, #0]
 800e5f2:	684b      	ldr	r3, [r1, #4]
 800e5f4:	f403 4380 	and.w	r3, r3, #16384	@ 0x4000
          tmp2 = hi2c->Mode;
 800e5f8:	f894 2042 	ldrb.w	r2, [r4, #66]	@ 0x42
 800e5fc:	b2d2      	uxtb	r2, r2
          if ((__HAL_I2C_GET_FLAG(hi2c, I2C_FLAG_BUSY) != RESET) && \
 800e5fe:	6988      	ldr	r0, [r1, #24]
 800e600:	f410 4f00 	tst.w	r0, #32768	@ 0x8000
 800e604:	d002      	beq.n	800e60c <I2C_IsErrorOccurred+0x5a>
 800e606:	b90b      	cbnz	r3, 800e60c <I2C_IsErrorOccurred+0x5a>
              (tmp1 != I2C_CR2_STOP) && \
 800e608:	2a20      	cmp	r2, #32
 800e60a:	d10e      	bne.n	800e62a <I2C_IsErrorOccurred+0x78>
          while (__HAL_I2C_GET_FLAG(hi2c, I2C_FLAG_STOPF) == RESET)
 800e60c:	6823      	ldr	r3, [r4, #0]
 800e60e:	699b      	ldr	r3, [r3, #24]
 800e610:	f013 0f20 	tst.w	r3, #32
 800e614:	d1db      	bne.n	800e5ce <I2C_IsErrorOccurred+0x1c>
            if ((HAL_GetTick() - tickstart) > I2C_TIMEOUT_STOPF)
 800e616:	f7fe fa77 	bl	800cb08 <HAL_GetTick>
 800e61a:	eba0 0008 	sub.w	r0, r0, r8
 800e61e:	2819      	cmp	r0, #25
 800e620:	d9f4      	bls.n	800e60c <I2C_IsErrorOccurred+0x5a>
              error_code |= HAL_I2C_ERROR_TIMEOUT;
 800e622:	f046 0620 	orr.w	r6, r6, #32
              status = HAL_ERROR;
 800e626:	2701      	movs	r7, #1
              break;
 800e628:	e7d1      	b.n	800e5ce <I2C_IsErrorOccurred+0x1c>
            hi2c->Instance->CR2 |= I2C_CR2_STOP;
 800e62a:	684b      	ldr	r3, [r1, #4]
 800e62c:	f443 4380 	orr.w	r3, r3, #16384	@ 0x4000
 800e630:	604b      	str	r3, [r1, #4]
            tickstart = HAL_GetTick();
 800e632:	f7fe fa69 	bl	800cb08 <HAL_GetTick>
 800e636:	4680      	mov	r8, r0
 800e638:	e7e8      	b.n	800e60c <I2C_IsErrorOccurred+0x5a>
    if (status == HAL_OK)
 800e63a:	b90f      	cbnz	r7, 800e640 <I2C_IsErrorOccurred+0x8e>
      __HAL_I2C_CLEAR_FLAG(hi2c, I2C_FLAG_STOPF);
 800e63c:	2220      	movs	r2, #32
 800e63e:	61da      	str	r2, [r3, #28]
    error_code |= HAL_I2C_ERROR_AF;
 800e640:	f046 0604 	orr.w	r6, r6, #4
    status = HAL_ERROR;
 800e644:	2501      	movs	r5, #1
  itflag = hi2c->Instance->ISR;
 800e646:	6822      	ldr	r2, [r4, #0]
 800e648:	6993      	ldr	r3, [r2, #24]
  if (HAL_IS_BIT_SET(itflag, I2C_FLAG_BERR))
 800e64a:	f413 7f80 	tst.w	r3, #256	@ 0x100
 800e64e:	d005      	beq.n	800e65c <I2C_IsErrorOccurred+0xaa>
    error_code |= HAL_I2C_ERROR_BERR;
 800e650:	f046 0601 	orr.w	r6, r6, #1
    __HAL_I2C_CLEAR_FLAG(hi2c, I2C_FLAG_BERR);
 800e654:	f44f 7180 	mov.w	r1, #256	@ 0x100
 800e658:	61d1      	str	r1, [r2, #28]
    status = HAL_ERROR;
 800e65a:	2501      	movs	r5, #1
  if (HAL_IS_BIT_SET(itflag, I2C_FLAG_OVR))
 800e65c:	f413 6f80 	tst.w	r3, #1024	@ 0x400
 800e660:	d006      	beq.n	800e670 <I2C_IsErrorOccurred+0xbe>
    error_code |= HAL_I2C_ERROR_OVR;
 800e662:	f046 0608 	orr.w	r6, r6, #8
    __HAL_I2C_CLEAR_FLAG(hi2c, I2C_FLAG_OVR);
 800e666:	6822      	ldr	r2, [r4, #0]
 800e668:	f44f 6180 	mov.w	r1, #1024	@ 0x400
 800e66c:	61d1      	str	r1, [r2, #28]
    status = HAL_ERROR;
 800e66e:	2501      	movs	r5, #1
  if (HAL_IS_BIT_SET(itflag, I2C_FLAG_ARLO))
 800e670:	f413 7f00 	tst.w	r3, #512	@ 0x200
 800e674:	d024      	beq.n	800e6c0 <I2C_IsErrorOccurred+0x10e>
    error_code |= HAL_I2C_ERROR_ARLO;
 800e676:	f046 0602 	orr.w	r6, r6, #2
    __HAL_I2C_CLEAR_FLAG(hi2c, I2C_FLAG_ARLO);
 800e67a:	6823      	ldr	r3, [r4, #0]
 800e67c:	f44f 7200 	mov.w	r2, #512	@ 0x200
 800e680:	61da      	str	r2, [r3, #28]
    status = HAL_ERROR;
 800e682:	2501      	movs	r5, #1
    I2C_Flush_TXDR(hi2c);
 800e684:	4620      	mov	r0, r4
 800e686:	f7ff ff65 	bl	800e554 <I2C_Flush_TXDR>
    I2C_RESET_CR2(hi2c);
 800e68a:	6822      	ldr	r2, [r4, #0]
 800e68c:	6853      	ldr	r3, [r2, #4]
 800e68e:	f023 73ff 	bic.w	r3, r3, #33423360	@ 0x1fe0000
 800e692:	f423 338b 	bic.w	r3, r3, #71168	@ 0x11600
 800e696:	f423 73ff 	bic.w	r3, r3, #510	@ 0x1fe
 800e69a:	f023 0301 	bic.w	r3, r3, #1
 800e69e:	6053      	str	r3, [r2, #4]
    hi2c->ErrorCode |= error_code;
 800e6a0:	6c63      	ldr	r3, [r4, #68]	@ 0x44
 800e6a2:	4333      	orrs	r3, r6
 800e6a4:	6463      	str	r3, [r4, #68]	@ 0x44
    hi2c->State = HAL_I2C_STATE_READY;
 800e6a6:	2320      	movs	r3, #32
 800e6a8:	f884 3041 	strb.w	r3, [r4, #65]	@ 0x41
    hi2c->Mode = HAL_I2C_MODE_NONE;
 800e6ac:	2300      	movs	r3, #0
 800e6ae:	f884 3042 	strb.w	r3, [r4, #66]	@ 0x42
    __HAL_UNLOCK(hi2c);
 800e6b2:	f884 3040 	strb.w	r3, [r4, #64]	@ 0x40
}
 800e6b6:	4628      	mov	r0, r5
 800e6b8:	e8bd 81f0 	ldmia.w	sp!, {r4, r5, r6, r7, r8, pc}
  HAL_StatusTypeDef status = HAL_OK;
 800e6bc:	2500      	movs	r5, #0
 800e6be:	e7c2      	b.n	800e646 <I2C_IsErrorOccurred+0x94>
  if (status != HAL_OK)
 800e6c0:	2d00      	cmp	r5, #0
 800e6c2:	d0f8      	beq.n	800e6b6 <I2C_IsErrorOccurred+0x104>
 800e6c4:	e7de      	b.n	800e684 <I2C_IsErrorOccurred+0xd2>

0800e6c6 <I2C_WaitOnTXISFlagUntilTimeout>:
{
 800e6c6:	b570      	push	{r4, r5, r6, lr}
 800e6c8:	4604      	mov	r4, r0
 800e6ca:	460d      	mov	r5, r1
 800e6cc:	4616      	mov	r6, r2
  while (__HAL_I2C_GET_FLAG(hi2c, I2C_FLAG_TXIS) == RESET)
 800e6ce:	6823      	ldr	r3, [r4, #0]
 800e6d0:	699b      	ldr	r3, [r3, #24]
 800e6d2:	f013 0f02 	tst.w	r3, #2
 800e6d6:	d122      	bne.n	800e71e <I2C_WaitOnTXISFlagUntilTimeout+0x58>
    if (I2C_IsErrorOccurred(hi2c, Timeout, Tickstart) != HAL_OK)
 800e6d8:	4632      	mov	r2, r6
 800e6da:	4629      	mov	r1, r5
 800e6dc:	4620      	mov	r0, r4
 800e6de:	f7ff ff68 	bl	800e5b2 <I2C_IsErrorOccurred>
 800e6e2:	b9f0      	cbnz	r0, 800e722 <I2C_WaitOnTXISFlagUntilTimeout+0x5c>
    if (Timeout != HAL_MAX_DELAY)
 800e6e4:	f1b5 3fff 	cmp.w	r5, #4294967295
 800e6e8:	d0f1      	beq.n	800e6ce <I2C_WaitOnTXISFlagUntilTimeout+0x8>
      if (((HAL_GetTick() - Tickstart) > Timeout) || (Timeout == 0U))
 800e6ea:	f7fe fa0d 	bl	800cb08 <HAL_GetTick>
 800e6ee:	1b80      	subs	r0, r0, r6
 800e6f0:	42a8      	cmp	r0, r5
 800e6f2:	d801      	bhi.n	800e6f8 <I2C_WaitOnTXISFlagUntilTimeout+0x32>
 800e6f4:	2d00      	cmp	r5, #0
 800e6f6:	d1ea      	bne.n	800e6ce <I2C_WaitOnTXISFlagUntilTimeout+0x8>
        if ((__HAL_I2C_GET_FLAG(hi2c, I2C_FLAG_TXIS) == RESET))
 800e6f8:	6823      	ldr	r3, [r4, #0]
 800e6fa:	699b      	ldr	r3, [r3, #24]
 800e6fc:	f013 0f02 	tst.w	r3, #2
 800e700:	d1e5      	bne.n	800e6ce <I2C_WaitOnTXISFlagUntilTimeout+0x8>
          hi2c->ErrorCode |= HAL_I2C_ERROR_TIMEOUT;
 800e702:	6c63      	ldr	r3, [r4, #68]	@ 0x44
 800e704:	f043 0320 	orr.w	r3, r3, #32
 800e708:	6463      	str	r3, [r4, #68]	@ 0x44
          hi2c->State = HAL_I2C_STATE_READY;
 800e70a:	2320      	movs	r3, #32
 800e70c:	f884 3041 	strb.w	r3, [r4, #65]	@ 0x41
          hi2c->Mode = HAL_I2C_MODE_NONE;
 800e710:	2300      	movs	r3, #0
 800e712:	f884 3042 	strb.w	r3, [r4, #66]	@ 0x42
          __HAL_UNLOCK(hi2c);
 800e716:	f884 3040 	strb.w	r3, [r4, #64]	@ 0x40
          return HAL_ERROR;
 800e71a:	2001      	movs	r0, #1
 800e71c:	e000      	b.n	800e720 <I2C_WaitOnTXISFlagUntilTimeout+0x5a>
  return HAL_OK;
 800e71e:	2000      	movs	r0, #0
}
 800e720:	bd70      	pop	{r4, r5, r6, pc}
      return HAL_ERROR;
 800e722:	2001      	movs	r0, #1
 800e724:	e7fc      	b.n	800e720 <I2C_WaitOnTXISFlagUntilTimeout+0x5a>

0800e726 <I2C_WaitOnFlagUntilTimeout>:
{
 800e726:	e92d 43f8 	stmdb	sp!, {r3, r4, r5, r6, r7, r8, r9, lr}
 800e72a:	4605      	mov	r5, r0
 800e72c:	4688      	mov	r8, r1
 800e72e:	4617      	mov	r7, r2
 800e730:	461e      	mov	r6, r3
 800e732:	f8dd 9020 	ldr.w	r9, [sp, #32]
  while (__HAL_I2C_GET_FLAG(hi2c, Flag) == Status)
 800e736:	682b      	ldr	r3, [r5, #0]
 800e738:	699c      	ldr	r4, [r3, #24]
 800e73a:	ea38 0404 	bics.w	r4, r8, r4
 800e73e:	bf0c      	ite	eq
 800e740:	2301      	moveq	r3, #1
 800e742:	2300      	movne	r3, #0
 800e744:	42bb      	cmp	r3, r7
 800e746:	d127      	bne.n	800e798 <I2C_WaitOnFlagUntilTimeout+0x72>
    if (I2C_IsErrorOccurred(hi2c, Timeout, Tickstart) != HAL_OK)
 800e748:	464a      	mov	r2, r9
 800e74a:	4631      	mov	r1, r6
 800e74c:	4628      	mov	r0, r5
 800e74e:	f7ff ff30 	bl	800e5b2 <I2C_IsErrorOccurred>
 800e752:	bb20      	cbnz	r0, 800e79e <I2C_WaitOnFlagUntilTimeout+0x78>
    if (Timeout != HAL_MAX_DELAY)
 800e754:	f1b6 3fff 	cmp.w	r6, #4294967295
 800e758:	d0ed      	beq.n	800e736 <I2C_WaitOnFlagUntilTimeout+0x10>
      if (((HAL_GetTick() - Tickstart) > Timeout) || (Timeout == 0U))
 800e75a:	f7fe f9d5 	bl	800cb08 <HAL_GetTick>
 800e75e:	eba0 0009 	sub.w	r0, r0, r9
 800e762:	42b0      	cmp	r0, r6
 800e764:	d801      	bhi.n	800e76a <I2C_WaitOnFlagUntilTimeout+0x44>
 800e766:	2e00      	cmp	r6, #0
 800e768:	d1e5      	bne.n	800e736 <I2C_WaitOnFlagUntilTimeout+0x10>
        if ((__HAL_I2C_GET_FLAG(hi2c, Flag) == Status))
 800e76a:	682b      	ldr	r3, [r5, #0]
 800e76c:	699b      	ldr	r3, [r3, #24]
 800e76e:	ea38 0303 	bics.w	r3, r8, r3
 800e772:	bf0c      	ite	eq
 800e774:	2301      	moveq	r3, #1
 800e776:	2300      	movne	r3, #0
 800e778:	42bb      	cmp	r3, r7
 800e77a:	d1dc      	bne.n	800e736 <I2C_WaitOnFlagUntilTimeout+0x10>
          hi2c->ErrorCode |= HAL_I2C_ERROR_TIMEOUT;
 800e77c:	6c6b      	ldr	r3, [r5, #68]	@ 0x44
 800e77e:	f043 0320 	orr.w	r3, r3, #32
 800e782:	646b      	str	r3, [r5, #68]	@ 0x44
          hi2c->State = HAL_I2C_STATE_READY;
 800e784:	2320      	movs	r3, #32
 800e786:	f885 3041 	strb.w	r3, [r5, #65]	@ 0x41
          hi2c->Mode = HAL_I2C_MODE_NONE;
 800e78a:	2300      	movs	r3, #0
 800e78c:	f885 3042 	strb.w	r3, [r5, #66]	@ 0x42
          __HAL_UNLOCK(hi2c);
 800e790:	f885 3040 	strb.w	r3, [r5, #64]	@ 0x40
          return HAL_ERROR;
 800e794:	2001      	movs	r0, #1
 800e796:	e000      	b.n	800e79a <I2C_WaitOnFlagUntilTimeout+0x74>
  return HAL_OK;
 800e798:	2000      	movs	r0, #0
}
 800e79a:	e8bd 83f8 	ldmia.w	sp!, {r3, r4, r5, r6, r7, r8, r9, pc}
      return HAL_ERROR;
 800e79e:	2001      	movs	r0, #1
 800e7a0:	e7fb      	b.n	800e79a <I2C_WaitOnFlagUntilTimeout+0x74>

0800e7a2 <I2C_WaitOnSTOPFlagUntilTimeout>:
{
 800e7a2:	b570      	push	{r4, r5, r6, lr}
 800e7a4:	4604      	mov	r4, r0
 800e7a6:	460d      	mov	r5, r1
 800e7a8:	4616      	mov	r6, r2
  while (__HAL_I2C_GET_FLAG(hi2c, I2C_FLAG_STOPF) == RESET)
 800e7aa:	e004      	b.n	800e7b6 <I2C_WaitOnSTOPFlagUntilTimeout+0x14>
      if ((__HAL_I2C_GET_FLAG(hi2c, I2C_FLAG_STOPF) == RESET))
 800e7ac:	6823      	ldr	r3, [r4, #0]
 800e7ae:	699b      	ldr	r3, [r3, #24]
 800e7b0:	f013 0f20 	tst.w	r3, #32
 800e7b4:	d012      	beq.n	800e7dc <I2C_WaitOnSTOPFlagUntilTimeout+0x3a>
  while (__HAL_I2C_GET_FLAG(hi2c, I2C_FLAG_STOPF) == RESET)
 800e7b6:	6823      	ldr	r3, [r4, #0]
 800e7b8:	699b      	ldr	r3, [r3, #24]
 800e7ba:	f013 0f20 	tst.w	r3, #32
 800e7be:	d11b      	bne.n	800e7f8 <I2C_WaitOnSTOPFlagUntilTimeout+0x56>
    if (I2C_IsErrorOccurred(hi2c, Timeout, Tickstart) != HAL_OK)
 800e7c0:	4632      	mov	r2, r6
 800e7c2:	4629      	mov	r1, r5
 800e7c4:	4620      	mov	r0, r4
 800e7c6:	f7ff fef4 	bl	800e5b2 <I2C_IsErrorOccurred>
 800e7ca:	b9b8      	cbnz	r0, 800e7fc <I2C_WaitOnSTOPFlagUntilTimeout+0x5a>
    if (((HAL_GetTick() - Tickstart) > Timeout) || (Timeout == 0U))
 800e7cc:	f7fe f99c 	bl	800cb08 <HAL_GetTick>
 800e7d0:	1b80      	subs	r0, r0, r6
 800e7d2:	42a8      	cmp	r0, r5
 800e7d4:	d8ea      	bhi.n	800e7ac <I2C_WaitOnSTOPFlagUntilTimeout+0xa>
 800e7d6:	2d00      	cmp	r5, #0
 800e7d8:	d1ed      	bne.n	800e7b6 <I2C_WaitOnSTOPFlagUntilTimeout+0x14>
 800e7da:	e7e7      	b.n	800e7ac <I2C_WaitOnSTOPFlagUntilTimeout+0xa>
        hi2c->ErrorCode |= HAL_I2C_ERROR_TIMEOUT;
 800e7dc:	6c63      	ldr	r3, [r4, #68]	@ 0x44
 800e7de:	f043 0320 	orr.w	r3, r3, #32
 800e7e2:	6463      	str	r3, [r4, #68]	@ 0x44
        hi2c->State = HAL_I2C_STATE_READY;
 800e7e4:	2320      	movs	r3, #32
 800e7e6:	f884 3041 	strb.w	r3, [r4, #65]	@ 0x41
        hi2c->Mode = HAL_I2C_MODE_NONE;
 800e7ea:	2300      	movs	r3, #0
 800e7ec:	f884 3042 	strb.w	r3, [r4, #66]	@ 0x42
        __HAL_UNLOCK(hi2c);
 800e7f0:	f884 3040 	strb.w	r3, [r4, #64]	@ 0x40
        return HAL_ERROR;
 800e7f4:	2001      	movs	r0, #1
 800e7f6:	e000      	b.n	800e7fa <I2C_WaitOnSTOPFlagUntilTimeout+0x58>
  return HAL_OK;
 800e7f8:	2000      	movs	r0, #0
}
 800e7fa:	bd70      	pop	{r4, r5, r6, pc}
      return HAL_ERROR;
 800e7fc:	2001      	movs	r0, #1
 800e7fe:	e7fc      	b.n	800e7fa <I2C_WaitOnSTOPFlagUntilTimeout+0x58>

0800e800 <I2C_WaitOnRXNEFlagUntilTimeout>:
{
 800e800:	b5f8      	push	{r3, r4, r5, r6, r7, lr}
 800e802:	4604      	mov	r4, r0
 800e804:	460e      	mov	r6, r1
 800e806:	4617      	mov	r7, r2
  HAL_StatusTypeDef status = HAL_OK;
 800e808:	2500      	movs	r5, #0
  while ((__HAL_I2C_GET_FLAG(hi2c, I2C_FLAG_RXNE) == RESET) && (status == HAL_OK))
 800e80a:	e018      	b.n	800e83e <I2C_WaitOnRXNEFlagUntilTimeout+0x3e>
        hi2c->ErrorCode = HAL_I2C_ERROR_NONE;
 800e80c:	2300      	movs	r3, #0
 800e80e:	6463      	str	r3, [r4, #68]	@ 0x44
    if ((((HAL_GetTick() - Tickstart) > Timeout) || (Timeout == 0U)) && (status == HAL_OK))
 800e810:	f7fe f97a 	bl	800cb08 <HAL_GetTick>
 800e814:	1bc0      	subs	r0, r0, r7
 800e816:	42b0      	cmp	r0, r6
 800e818:	d800      	bhi.n	800e81c <I2C_WaitOnRXNEFlagUntilTimeout+0x1c>
 800e81a:	b986      	cbnz	r6, 800e83e <I2C_WaitOnRXNEFlagUntilTimeout+0x3e>
 800e81c:	b97d      	cbnz	r5, 800e83e <I2C_WaitOnRXNEFlagUntilTimeout+0x3e>
      if ((__HAL_I2C_GET_FLAG(hi2c, I2C_FLAG_RXNE) == RESET))
 800e81e:	6823      	ldr	r3, [r4, #0]
 800e820:	699b      	ldr	r3, [r3, #24]
 800e822:	f013 0f04 	tst.w	r3, #4
 800e826:	d10a      	bne.n	800e83e <I2C_WaitOnRXNEFlagUntilTimeout+0x3e>
        hi2c->ErrorCode |= HAL_I2C_ERROR_TIMEOUT;
 800e828:	6c63      	ldr	r3, [r4, #68]	@ 0x44
 800e82a:	f043 0320 	orr.w	r3, r3, #32
 800e82e:	6463      	str	r3, [r4, #68]	@ 0x44
        hi2c->State = HAL_I2C_STATE_READY;
 800e830:	2320      	movs	r3, #32
 800e832:	f884 3041 	strb.w	r3, [r4, #65]	@ 0x41
        __HAL_UNLOCK(hi2c);
 800e836:	2300      	movs	r3, #0
 800e838:	f884 3040 	strb.w	r3, [r4, #64]	@ 0x40
        status = HAL_ERROR;
 800e83c:	2501      	movs	r5, #1
  while ((__HAL_I2C_GET_FLAG(hi2c, I2C_FLAG_RXNE) == RESET) && (status == HAL_OK))
 800e83e:	6823      	ldr	r3, [r4, #0]
 800e840:	699b      	ldr	r3, [r3, #24]
 800e842:	f013 0f04 	tst.w	r3, #4
 800e846:	d12e      	bne.n	800e8a6 <I2C_WaitOnRXNEFlagUntilTimeout+0xa6>
 800e848:	bb6d      	cbnz	r5, 800e8a6 <I2C_WaitOnRXNEFlagUntilTimeout+0xa6>
    if (I2C_IsErrorOccurred(hi2c, Timeout, Tickstart) != HAL_OK)
 800e84a:	463a      	mov	r2, r7
 800e84c:	4631      	mov	r1, r6
 800e84e:	4620      	mov	r0, r4
 800e850:	f7ff feaf 	bl	800e5b2 <I2C_IsErrorOccurred>
 800e854:	b100      	cbz	r0, 800e858 <I2C_WaitOnRXNEFlagUntilTimeout+0x58>
      status = HAL_ERROR;
 800e856:	2501      	movs	r5, #1
    if ((__HAL_I2C_GET_FLAG(hi2c, I2C_FLAG_STOPF) == SET) && (status == HAL_OK))
 800e858:	6823      	ldr	r3, [r4, #0]
 800e85a:	699a      	ldr	r2, [r3, #24]
 800e85c:	f012 0f20 	tst.w	r2, #32
 800e860:	d0d6      	beq.n	800e810 <I2C_WaitOnRXNEFlagUntilTimeout+0x10>
 800e862:	2d00      	cmp	r5, #0
 800e864:	d1d4      	bne.n	800e810 <I2C_WaitOnRXNEFlagUntilTimeout+0x10>
      if ((__HAL_I2C_GET_FLAG(hi2c, I2C_FLAG_RXNE) == SET) && (hi2c->XferSize > 0U))
 800e866:	699a      	ldr	r2, [r3, #24]
      if (__HAL_I2C_GET_FLAG(hi2c, I2C_FLAG_AF) == SET)
 800e868:	699a      	ldr	r2, [r3, #24]
 800e86a:	f012 0f10 	tst.w	r2, #16
 800e86e:	d0cd      	beq.n	800e80c <I2C_WaitOnRXNEFlagUntilTimeout+0xc>
        __HAL_I2C_CLEAR_FLAG(hi2c, I2C_FLAG_AF);
 800e870:	2210      	movs	r2, #16
 800e872:	61da      	str	r2, [r3, #28]
        hi2c->ErrorCode = HAL_I2C_ERROR_AF;
 800e874:	2304      	movs	r3, #4
 800e876:	6463      	str	r3, [r4, #68]	@ 0x44
        __HAL_I2C_CLEAR_FLAG(hi2c, I2C_FLAG_STOPF);
 800e878:	6823      	ldr	r3, [r4, #0]
 800e87a:	2220      	movs	r2, #32
 800e87c:	61da      	str	r2, [r3, #28]
        I2C_RESET_CR2(hi2c);
 800e87e:	6821      	ldr	r1, [r4, #0]
 800e880:	684b      	ldr	r3, [r1, #4]
 800e882:	f023 73ff 	bic.w	r3, r3, #33423360	@ 0x1fe0000
 800e886:	f423 338b 	bic.w	r3, r3, #71168	@ 0x11600
 800e88a:	f423 73ff 	bic.w	r3, r3, #510	@ 0x1fe
 800e88e:	f023 0301 	bic.w	r3, r3, #1
 800e892:	604b      	str	r3, [r1, #4]
        hi2c->State = HAL_I2C_STATE_READY;
 800e894:	f884 2041 	strb.w	r2, [r4, #65]	@ 0x41
        hi2c->Mode = HAL_I2C_MODE_NONE;
 800e898:	2300      	movs	r3, #0
 800e89a:	f884 3042 	strb.w	r3, [r4, #66]	@ 0x42
        __HAL_UNLOCK(hi2c);
 800e89e:	f884 3040 	strb.w	r3, [r4, #64]	@ 0x40
        status = HAL_ERROR;
 800e8a2:	2501      	movs	r5, #1
 800e8a4:	e7b4      	b.n	800e810 <I2C_WaitOnRXNEFlagUntilTimeout+0x10>
}
 800e8a6:	4628      	mov	r0, r5
 800e8a8:	bdf8      	pop	{r3, r4, r5, r6, r7, pc}

0800e8aa <HAL_I2C_Init>:
  if (hi2c == NULL)
 800e8aa:	2800      	cmp	r0, #0
 800e8ac:	d05f      	beq.n	800e96e <HAL_I2C_Init+0xc4>
{
 800e8ae:	b510      	push	{r4, lr}
 800e8b0:	4604      	mov	r4, r0
  if (hi2c->State == HAL_I2C_STATE_RESET)
 800e8b2:	f890 3041 	ldrb.w	r3, [r0, #65]	@ 0x41
 800e8b6:	2b00      	cmp	r3, #0
 800e8b8:	d048      	beq.n	800e94c <HAL_I2C_Init+0xa2>
  hi2c->State = HAL_I2C_STATE_BUSY;
 800e8ba:	2324      	movs	r3, #36	@ 0x24
 800e8bc:	f884 3041 	strb.w	r3, [r4, #65]	@ 0x41
  __HAL_I2C_DISABLE(hi2c);
 800e8c0:	6822      	ldr	r2, [r4, #0]
 800e8c2:	6813      	ldr	r3, [r2, #0]
 800e8c4:	f023 0301 	bic.w	r3, r3, #1
 800e8c8:	6013      	str	r3, [r2, #0]
  hi2c->Instance->TIMINGR = hi2c->Init.Timing & TIMING_CLEAR_MASK;
 800e8ca:	6863      	ldr	r3, [r4, #4]
 800e8cc:	6822      	ldr	r2, [r4, #0]
 800e8ce:	f023 6370 	bic.w	r3, r3, #251658240	@ 0xf000000
 800e8d2:	6113      	str	r3, [r2, #16]
  hi2c->Instance->OAR1 &= ~I2C_OAR1_OA1EN;
 800e8d4:	6822      	ldr	r2, [r4, #0]
 800e8d6:	6893      	ldr	r3, [r2, #8]
 800e8d8:	f423 4300 	bic.w	r3, r3, #32768	@ 0x8000
 800e8dc:	6093      	str	r3, [r2, #8]
  if (hi2c->Init.AddressingMode == I2C_ADDRESSINGMODE_7BIT)
 800e8de:	68e3      	ldr	r3, [r4, #12]
 800e8e0:	2b01      	cmp	r3, #1
 800e8e2:	d038      	beq.n	800e956 <HAL_I2C_Init+0xac>
    hi2c->Instance->OAR1 = (I2C_OAR1_OA1EN | I2C_OAR1_OA1MODE | hi2c->Init.OwnAddress1);
 800e8e4:	68a3      	ldr	r3, [r4, #8]
 800e8e6:	6822      	ldr	r2, [r4, #0]
 800e8e8:	f443 4304 	orr.w	r3, r3, #33792	@ 0x8400
 800e8ec:	6093      	str	r3, [r2, #8]
  if (hi2c->Init.AddressingMode == I2C_ADDRESSINGMODE_10BIT)
 800e8ee:	68e3      	ldr	r3, [r4, #12]
 800e8f0:	2b02      	cmp	r3, #2
 800e8f2:	d036      	beq.n	800e962 <HAL_I2C_Init+0xb8>
    CLEAR_BIT(hi2c->Instance->CR2, I2C_CR2_ADD10);
 800e8f4:	6822      	ldr	r2, [r4, #0]
 800e8f6:	6853      	ldr	r3, [r2, #4]
 800e8f8:	f423 6300 	bic.w	r3, r3, #2048	@ 0x800
 800e8fc:	6053      	str	r3, [r2, #4]
  hi2c->Instance->CR2 |= (I2C_CR2_AUTOEND | I2C_CR2_NACK);
 800e8fe:	6822      	ldr	r2, [r4, #0]
 800e900:	6853      	ldr	r3, [r2, #4]
 800e902:	f043 7300 	orr.w	r3, r3, #33554432	@ 0x2000000
 800e906:	f443 4300 	orr.w	r3, r3, #32768	@ 0x8000
 800e90a:	6053      	str	r3, [r2, #4]
  hi2c->Instance->OAR2 &= ~I2C_DUALADDRESS_ENABLE;
 800e90c:	6822      	ldr	r2, [r4, #0]
 800e90e:	68d3      	ldr	r3, [r2, #12]
 800e910:	f423 4300 	bic.w	r3, r3, #32768	@ 0x8000
 800e914:	60d3      	str	r3, [r2, #12]
  hi2c->Instance->OAR2 = (hi2c->Init.DualAddressMode | hi2c->Init.OwnAddress2 | \
 800e916:	6923      	ldr	r3, [r4, #16]
 800e918:	6962      	ldr	r2, [r4, #20]
 800e91a:	4313      	orrs	r3, r2
                          (hi2c->Init.OwnAddress2Masks << 8));
 800e91c:	69a1      	ldr	r1, [r4, #24]
  hi2c->Instance->OAR2 = (hi2c->Init.DualAddressMode | hi2c->Init.OwnAddress2 | \
 800e91e:	6822      	ldr	r2, [r4, #0]
 800e920:	ea43 2301 	orr.w	r3, r3, r1, lsl #8
 800e924:	60d3      	str	r3, [r2, #12]
  hi2c->Instance->CR1 = (hi2c->Init.GeneralCallMode | hi2c->Init.NoStretchMode);
 800e926:	69e3      	ldr	r3, [r4, #28]
 800e928:	6a21      	ldr	r1, [r4, #32]
 800e92a:	6822      	ldr	r2, [r4, #0]
 800e92c:	430b      	orrs	r3, r1
 800e92e:	6013      	str	r3, [r2, #0]
  __HAL_I2C_ENABLE(hi2c);
 800e930:	6822      	ldr	r2, [r4, #0]
 800e932:	6813      	ldr	r3, [r2, #0]
 800e934:	f043 0301 	orr.w	r3, r3, #1
 800e938:	6013      	str	r3, [r2, #0]
  hi2c->ErrorCode = HAL_I2C_ERROR_NONE;
 800e93a:	2000      	movs	r0, #0
 800e93c:	6460      	str	r0, [r4, #68]	@ 0x44
  hi2c->State = HAL_I2C_STATE_READY;
 800e93e:	2320      	movs	r3, #32
 800e940:	f884 3041 	strb.w	r3, [r4, #65]	@ 0x41
  hi2c->PreviousState = I2C_STATE_NONE;
 800e944:	6320      	str	r0, [r4, #48]	@ 0x30
  hi2c->Mode = HAL_I2C_MODE_NONE;
 800e946:	f884 0042 	strb.w	r0, [r4, #66]	@ 0x42
}
 800e94a:	bd10      	pop	{r4, pc}
    hi2c->Lock = HAL_UNLOCKED;
 800e94c:	f880 3040 	strb.w	r3, [r0, #64]	@ 0x40
    HAL_I2C_MspInit(hi2c);
 800e950:	f000 fba2 	bl	800f098 <HAL_I2C_MspInit>
 800e954:	e7b1      	b.n	800e8ba <HAL_I2C_Init+0x10>
    hi2c->Instance->OAR1 = (I2C_OAR1_OA1EN | hi2c->Init.OwnAddress1);
 800e956:	68a3      	ldr	r3, [r4, #8]
 800e958:	6822      	ldr	r2, [r4, #0]
 800e95a:	f443 4300 	orr.w	r3, r3, #32768	@ 0x8000
 800e95e:	6093      	str	r3, [r2, #8]
 800e960:	e7c5      	b.n	800e8ee <HAL_I2C_Init+0x44>
    SET_BIT(hi2c->Instance->CR2, I2C_CR2_ADD10);
 800e962:	6822      	ldr	r2, [r4, #0]
 800e964:	6853      	ldr	r3, [r2, #4]
 800e966:	f443 6300 	orr.w	r3, r3, #2048	@ 0x800
 800e96a:	6053      	str	r3, [r2, #4]
 800e96c:	e7c7      	b.n	800e8fe <HAL_I2C_Init+0x54>
    return HAL_ERROR;
 800e96e:	2001      	movs	r0, #1
}
 800e970:	4770      	bx	lr

0800e972 <HAL_I2C_DeInit>:
  if (hi2c == NULL)
 800e972:	b1a8      	cbz	r0, 800e9a0 <HAL_I2C_DeInit+0x2e>
{
 800e974:	b510      	push	{r4, lr}
 800e976:	4604      	mov	r4, r0
  hi2c->State = HAL_I2C_STATE_BUSY;
 800e978:	2324      	movs	r3, #36	@ 0x24
 800e97a:	f880 3041 	strb.w	r3, [r0, #65]	@ 0x41
  __HAL_I2C_DISABLE(hi2c);
 800e97e:	6802      	ldr	r2, [r0, #0]
 800e980:	6813      	ldr	r3, [r2, #0]
 800e982:	f023 0301 	bic.w	r3, r3, #1
 800e986:	6013      	str	r3, [r2, #0]
  HAL_I2C_MspDeInit(hi2c);
 800e988:	f000 fc1e 	bl	800f1c8 <HAL_I2C_MspDeInit>
  hi2c->ErrorCode = HAL_I2C_ERROR_NONE;
 800e98c:	2000      	movs	r0, #0
 800e98e:	6460      	str	r0, [r4, #68]	@ 0x44
  hi2c->State = HAL_I2C_STATE_RESET;
 800e990:	f884 0041 	strb.w	r0, [r4, #65]	@ 0x41
  hi2c->PreviousState = I2C_STATE_NONE;
 800e994:	6320      	str	r0, [r4, #48]	@ 0x30
  hi2c->Mode = HAL_I2C_MODE_NONE;
 800e996:	f884 0042 	strb.w	r0, [r4, #66]	@ 0x42
  __HAL_UNLOCK(hi2c);
 800e99a:	f884 0040 	strb.w	r0, [r4, #64]	@ 0x40
}
 800e99e:	bd10      	pop	{r4, pc}
    return HAL_ERROR;
 800e9a0:	2001      	movs	r0, #1
}
 800e9a2:	4770      	bx	lr

0800e9a4 <HAL_I2C_Master_Transmit>:
{
 800e9a4:	e92d 47f0 	stmdb	sp!, {r4, r5, r6, r7, r8, r9, sl, lr}
 800e9a8:	b082      	sub	sp, #8
 800e9aa:	460f      	mov	r7, r1
 800e9ac:	9e0a      	ldr	r6, [sp, #40]	@ 0x28
  if (hi2c->State == HAL_I2C_STATE_READY)
 800e9ae:	f890 1041 	ldrb.w	r1, [r0, #65]	@ 0x41
 800e9b2:	2920      	cmp	r1, #32
 800e9b4:	f040 80b7 	bne.w	800eb26 <HAL_I2C_Master_Transmit+0x182>
 800e9b8:	4604      	mov	r4, r0
 800e9ba:	4691      	mov	r9, r2
 800e9bc:	4698      	mov	r8, r3
    __HAL_LOCK(hi2c);
 800e9be:	f890 3040 	ldrb.w	r3, [r0, #64]	@ 0x40
 800e9c2:	2b01      	cmp	r3, #1
 800e9c4:	f000 80b3 	beq.w	800eb2e <HAL_I2C_Master_Transmit+0x18a>
 800e9c8:	f04f 0a01 	mov.w	sl, #1
 800e9cc:	f880 a040 	strb.w	sl, [r0, #64]	@ 0x40
    tickstart = HAL_GetTick();
 800e9d0:	f7fe f89a 	bl	800cb08 <HAL_GetTick>
 800e9d4:	4605      	mov	r5, r0
    if (I2C_WaitOnFlagUntilTimeout(hi2c, I2C_FLAG_BUSY, SET, I2C_TIMEOUT_BUSY, tickstart) != HAL_OK)
 800e9d6:	9000      	str	r0, [sp, #0]
 800e9d8:	2319      	movs	r3, #25
 800e9da:	4652      	mov	r2, sl
 800e9dc:	f44f 4100 	mov.w	r1, #32768	@ 0x8000
 800e9e0:	4620      	mov	r0, r4
 800e9e2:	f7ff fea0 	bl	800e726 <I2C_WaitOnFlagUntilTimeout>
 800e9e6:	2800      	cmp	r0, #0
 800e9e8:	f040 80a3 	bne.w	800eb32 <HAL_I2C_Master_Transmit+0x18e>
    hi2c->State     = HAL_I2C_STATE_BUSY_TX;
 800e9ec:	2321      	movs	r3, #33	@ 0x21
 800e9ee:	f884 3041 	strb.w	r3, [r4, #65]	@ 0x41
    hi2c->Mode      = HAL_I2C_MODE_MASTER;
 800e9f2:	2310      	movs	r3, #16
 800e9f4:	f884 3042 	strb.w	r3, [r4, #66]	@ 0x42
    hi2c->ErrorCode = HAL_I2C_ERROR_NONE;
 800e9f8:	2300      	movs	r3, #0
 800e9fa:	6463      	str	r3, [r4, #68]	@ 0x44
    hi2c->pBuffPtr  = pData;
 800e9fc:	f8c4 9024 	str.w	r9, [r4, #36]	@ 0x24
    hi2c->XferCount = Size;
 800ea00:	f8a4 802a 	strh.w	r8, [r4, #42]	@ 0x2a
    hi2c->XferISR   = NULL;
 800ea04:	6363      	str	r3, [r4, #52]	@ 0x34
    if (hi2c->XferCount > MAX_NBYTE_SIZE)
 800ea06:	8d63      	ldrh	r3, [r4, #42]	@ 0x2a
 800ea08:	b29b      	uxth	r3, r3
 800ea0a:	2bff      	cmp	r3, #255	@ 0xff
 800ea0c:	d91e      	bls.n	800ea4c <HAL_I2C_Master_Transmit+0xa8>
      hi2c->XferSize = MAX_NBYTE_SIZE;
 800ea0e:	23ff      	movs	r3, #255	@ 0xff
 800ea10:	8523      	strh	r3, [r4, #40]	@ 0x28
      xfermode = I2C_RELOAD_MODE;
 800ea12:	f04f 7380 	mov.w	r3, #16777216	@ 0x1000000
    if (hi2c->XferSize > 0U)
 800ea16:	8d22      	ldrh	r2, [r4, #40]	@ 0x28
 800ea18:	b1ea      	cbz	r2, 800ea56 <HAL_I2C_Master_Transmit+0xb2>
      hi2c->Instance->TXDR = *hi2c->pBuffPtr;
 800ea1a:	6822      	ldr	r2, [r4, #0]
 800ea1c:	f899 1000 	ldrb.w	r1, [r9]
 800ea20:	6291      	str	r1, [r2, #40]	@ 0x28
      hi2c->pBuffPtr++;
 800ea22:	6a62      	ldr	r2, [r4, #36]	@ 0x24
 800ea24:	3201      	adds	r2, #1
 800ea26:	6262      	str	r2, [r4, #36]	@ 0x24
      hi2c->XferCount--;
 800ea28:	8d62      	ldrh	r2, [r4, #42]	@ 0x2a
 800ea2a:	b292      	uxth	r2, r2
 800ea2c:	3a01      	subs	r2, #1
 800ea2e:	b292      	uxth	r2, r2
 800ea30:	8562      	strh	r2, [r4, #42]	@ 0x2a
      hi2c->XferSize--;
 800ea32:	8d22      	ldrh	r2, [r4, #40]	@ 0x28
 800ea34:	3a01      	subs	r2, #1
 800ea36:	b292      	uxth	r2, r2
 800ea38:	8522      	strh	r2, [r4, #40]	@ 0x28
      I2C_TransferConfig(hi2c, DevAddress, (uint8_t)(hi2c->XferSize + 1U), xfermode,
 800ea3a:	3201      	adds	r2, #1
 800ea3c:	4941      	ldr	r1, [pc, #260]	@ (800eb44 <HAL_I2C_Master_Transmit+0x1a0>)
 800ea3e:	9100      	str	r1, [sp, #0]
 800ea40:	b2d2      	uxtb	r2, r2
 800ea42:	4639      	mov	r1, r7
 800ea44:	4620      	mov	r0, r4
 800ea46:	f7ff fd96 	bl	800e576 <I2C_TransferConfig>
 800ea4a:	e018      	b.n	800ea7e <HAL_I2C_Master_Transmit+0xda>
      hi2c->XferSize = hi2c->XferCount;
 800ea4c:	8d63      	ldrh	r3, [r4, #42]	@ 0x2a
 800ea4e:	8523      	strh	r3, [r4, #40]	@ 0x28
      xfermode = I2C_AUTOEND_MODE;
 800ea50:	f04f 7300 	mov.w	r3, #33554432	@ 0x2000000
 800ea54:	e7df      	b.n	800ea16 <HAL_I2C_Master_Transmit+0x72>
      I2C_TransferConfig(hi2c, DevAddress, (uint8_t)hi2c->XferSize, xfermode,
 800ea56:	493b      	ldr	r1, [pc, #236]	@ (800eb44 <HAL_I2C_Master_Transmit+0x1a0>)
 800ea58:	9100      	str	r1, [sp, #0]
 800ea5a:	b2d2      	uxtb	r2, r2
 800ea5c:	4639      	mov	r1, r7
 800ea5e:	4620      	mov	r0, r4
 800ea60:	f7ff fd89 	bl	800e576 <I2C_TransferConfig>
 800ea64:	e00b      	b.n	800ea7e <HAL_I2C_Master_Transmit+0xda>
          hi2c->XferSize = hi2c->XferCount;
 800ea66:	8d62      	ldrh	r2, [r4, #42]	@ 0x2a
 800ea68:	b292      	uxth	r2, r2
 800ea6a:	8522      	strh	r2, [r4, #40]	@ 0x28
          I2C_TransferConfig(hi2c, DevAddress, (uint8_t)hi2c->XferSize, I2C_AUTOEND_MODE,
 800ea6c:	2300      	movs	r3, #0
 800ea6e:	9300      	str	r3, [sp, #0]
 800ea70:	f04f 7300 	mov.w	r3, #33554432	@ 0x2000000
 800ea74:	b2d2      	uxtb	r2, r2
 800ea76:	4639      	mov	r1, r7
 800ea78:	4620      	mov	r0, r4
 800ea7a:	f7ff fd7c 	bl	800e576 <I2C_TransferConfig>
    while (hi2c->XferCount > 0U)
 800ea7e:	8d63      	ldrh	r3, [r4, #42]	@ 0x2a
 800ea80:	b29b      	uxth	r3, r3
 800ea82:	2b00      	cmp	r3, #0
 800ea84:	d033      	beq.n	800eaee <HAL_I2C_Master_Transmit+0x14a>
      if (I2C_WaitOnTXISFlagUntilTimeout(hi2c, Timeout, tickstart) != HAL_OK)
 800ea86:	462a      	mov	r2, r5
 800ea88:	4631      	mov	r1, r6
 800ea8a:	4620      	mov	r0, r4
 800ea8c:	f7ff fe1b 	bl	800e6c6 <I2C_WaitOnTXISFlagUntilTimeout>
 800ea90:	2800      	cmp	r0, #0
 800ea92:	d150      	bne.n	800eb36 <HAL_I2C_Master_Transmit+0x192>
      hi2c->Instance->TXDR = *hi2c->pBuffPtr;
 800ea94:	6a62      	ldr	r2, [r4, #36]	@ 0x24
 800ea96:	6823      	ldr	r3, [r4, #0]
 800ea98:	7812      	ldrb	r2, [r2, #0]
 800ea9a:	629a      	str	r2, [r3, #40]	@ 0x28
      hi2c->pBuffPtr++;
 800ea9c:	6a63      	ldr	r3, [r4, #36]	@ 0x24
 800ea9e:	3301      	adds	r3, #1
 800eaa0:	6263      	str	r3, [r4, #36]	@ 0x24
      hi2c->XferCount--;
 800eaa2:	8d63      	ldrh	r3, [r4, #42]	@ 0x2a
 800eaa4:	b29b      	uxth	r3, r3
 800eaa6:	3b01      	subs	r3, #1
 800eaa8:	b29b      	uxth	r3, r3
 800eaaa:	8563      	strh	r3, [r4, #42]	@ 0x2a
      hi2c->XferSize--;
 800eaac:	8d23      	ldrh	r3, [r4, #40]	@ 0x28
 800eaae:	3b01      	subs	r3, #1
 800eab0:	b29b      	uxth	r3, r3
 800eab2:	8523      	strh	r3, [r4, #40]	@ 0x28
      if ((hi2c->XferCount != 0U) && (hi2c->XferSize == 0U))
 800eab4:	8d62      	ldrh	r2, [r4, #42]	@ 0x2a
 800eab6:	b292      	uxth	r2, r2
 800eab8:	2a00      	cmp	r2, #0
 800eaba:	d0e0      	beq.n	800ea7e <HAL_I2C_Master_Transmit+0xda>
 800eabc:	2b00      	cmp	r3, #0
 800eabe:	d1de      	bne.n	800ea7e <HAL_I2C_Master_Transmit+0xda>
        if (I2C_WaitOnFlagUntilTimeout(hi2c, I2C_FLAG_TCR, RESET, Timeout, tickstart) != HAL_OK)
 800eac0:	9500      	str	r5, [sp, #0]
 800eac2:	4633      	mov	r3, r6
 800eac4:	2200      	movs	r2, #0
 800eac6:	2180      	movs	r1, #128	@ 0x80
 800eac8:	4620      	mov	r0, r4
 800eaca:	f7ff fe2c 	bl	800e726 <I2C_WaitOnFlagUntilTimeout>
 800eace:	bba0      	cbnz	r0, 800eb3a <HAL_I2C_Master_Transmit+0x196>
        if (hi2c->XferCount > MAX_NBYTE_SIZE)
 800ead0:	8d63      	ldrh	r3, [r4, #42]	@ 0x2a
 800ead2:	b29b      	uxth	r3, r3
 800ead4:	2bff      	cmp	r3, #255	@ 0xff
 800ead6:	d9c6      	bls.n	800ea66 <HAL_I2C_Master_Transmit+0xc2>
          hi2c->XferSize = MAX_NBYTE_SIZE;
 800ead8:	22ff      	movs	r2, #255	@ 0xff
 800eada:	8522      	strh	r2, [r4, #40]	@ 0x28
          I2C_TransferConfig(hi2c, DevAddress, (uint8_t)hi2c->XferSize, I2C_RELOAD_MODE,
 800eadc:	2300      	movs	r3, #0
 800eade:	9300      	str	r3, [sp, #0]
 800eae0:	f04f 7380 	mov.w	r3, #16777216	@ 0x1000000
 800eae4:	4639      	mov	r1, r7
 800eae6:	4620      	mov	r0, r4
 800eae8:	f7ff fd45 	bl	800e576 <I2C_TransferConfig>
 800eaec:	e7c7      	b.n	800ea7e <HAL_I2C_Master_Transmit+0xda>
    if (I2C_WaitOnSTOPFlagUntilTimeout(hi2c, Timeout, tickstart) != HAL_OK)
 800eaee:	462a      	mov	r2, r5
 800eaf0:	4631      	mov	r1, r6
 800eaf2:	4620      	mov	r0, r4
 800eaf4:	f7ff fe55 	bl	800e7a2 <I2C_WaitOnSTOPFlagUntilTimeout>
 800eaf8:	bb08      	cbnz	r0, 800eb3e <HAL_I2C_Master_Transmit+0x19a>
    __HAL_I2C_CLEAR_FLAG(hi2c, I2C_FLAG_STOPF);
 800eafa:	6823      	ldr	r3, [r4, #0]
 800eafc:	2220      	movs	r2, #32
 800eafe:	61da      	str	r2, [r3, #28]
    I2C_RESET_CR2(hi2c);
 800eb00:	6821      	ldr	r1, [r4, #0]
 800eb02:	684b      	ldr	r3, [r1, #4]
 800eb04:	f023 73ff 	bic.w	r3, r3, #33423360	@ 0x1fe0000
 800eb08:	f423 338b 	bic.w	r3, r3, #71168	@ 0x11600
 800eb0c:	f423 73ff 	bic.w	r3, r3, #510	@ 0x1fe
 800eb10:	f023 0301 	bic.w	r3, r3, #1
 800eb14:	604b      	str	r3, [r1, #4]
    hi2c->State = HAL_I2C_STATE_READY;
 800eb16:	f884 2041 	strb.w	r2, [r4, #65]	@ 0x41
    hi2c->Mode  = HAL_I2C_MODE_NONE;
 800eb1a:	2300      	movs	r3, #0
 800eb1c:	f884 3042 	strb.w	r3, [r4, #66]	@ 0x42
    __HAL_UNLOCK(hi2c);
 800eb20:	f884 3040 	strb.w	r3, [r4, #64]	@ 0x40
    return HAL_OK;
 800eb24:	e000      	b.n	800eb28 <HAL_I2C_Master_Transmit+0x184>
    return HAL_BUSY;
 800eb26:	2002      	movs	r0, #2
}
 800eb28:	b002      	add	sp, #8
 800eb2a:	e8bd 87f0 	ldmia.w	sp!, {r4, r5, r6, r7, r8, r9, sl, pc}
    __HAL_LOCK(hi2c);
 800eb2e:	2002      	movs	r0, #2
 800eb30:	e7fa      	b.n	800eb28 <HAL_I2C_Master_Transmit+0x184>
      return HAL_ERROR;
 800eb32:	2001      	movs	r0, #1
 800eb34:	e7f8      	b.n	800eb28 <HAL_I2C_Master_Transmit+0x184>
        return HAL_ERROR;
 800eb36:	2001      	movs	r0, #1
 800eb38:	e7f6      	b.n	800eb28 <HAL_I2C_Master_Transmit+0x184>
          return HAL_ERROR;
 800eb3a:	2001      	movs	r0, #1
 800eb3c:	e7f4      	b.n	800eb28 <HAL_I2C_Master_Transmit+0x184>
      return HAL_ERROR;
 800eb3e:	2001      	movs	r0, #1
 800eb40:	e7f2      	b.n	800eb28 <HAL_I2C_Master_Transmit+0x184>
 800eb42:	bf00      	nop
 800eb44:	80002000 	.word	0x80002000

0800eb48 <HAL_I2C_Master_Receive>:
{
 800eb48:	e92d 47f0 	stmdb	sp!, {r4, r5, r6, r7, r8, r9, sl, lr}
 800eb4c:	b082      	sub	sp, #8
 800eb4e:	460f      	mov	r7, r1
 800eb50:	9e0a      	ldr	r6, [sp, #40]	@ 0x28
  if (hi2c->State == HAL_I2C_STATE_READY)
 800eb52:	f890 1041 	ldrb.w	r1, [r0, #65]	@ 0x41
 800eb56:	2920      	cmp	r1, #32
 800eb58:	f040 80a3 	bne.w	800eca2 <HAL_I2C_Master_Receive+0x15a>
 800eb5c:	4604      	mov	r4, r0
 800eb5e:	4691      	mov	r9, r2
 800eb60:	4698      	mov	r8, r3
    __HAL_LOCK(hi2c);
 800eb62:	f890 3040 	ldrb.w	r3, [r0, #64]	@ 0x40
 800eb66:	2b01      	cmp	r3, #1
 800eb68:	f000 809f 	beq.w	800ecaa <HAL_I2C_Master_Receive+0x162>
 800eb6c:	f04f 0a01 	mov.w	sl, #1
 800eb70:	f880 a040 	strb.w	sl, [r0, #64]	@ 0x40
    tickstart = HAL_GetTick();
 800eb74:	f7fd ffc8 	bl	800cb08 <HAL_GetTick>
 800eb78:	4605      	mov	r5, r0
    if (I2C_WaitOnFlagUntilTimeout(hi2c, I2C_FLAG_BUSY, SET, I2C_TIMEOUT_BUSY, tickstart) != HAL_OK)
 800eb7a:	9000      	str	r0, [sp, #0]
 800eb7c:	2319      	movs	r3, #25
 800eb7e:	4652      	mov	r2, sl
 800eb80:	f44f 4100 	mov.w	r1, #32768	@ 0x8000
 800eb84:	4620      	mov	r0, r4
 800eb86:	f7ff fdce 	bl	800e726 <I2C_WaitOnFlagUntilTimeout>
 800eb8a:	2800      	cmp	r0, #0
 800eb8c:	f040 808f 	bne.w	800ecae <HAL_I2C_Master_Receive+0x166>
    hi2c->State     = HAL_I2C_STATE_BUSY_RX;
 800eb90:	2322      	movs	r3, #34	@ 0x22
 800eb92:	f884 3041 	strb.w	r3, [r4, #65]	@ 0x41
    hi2c->Mode      = HAL_I2C_MODE_MASTER;
 800eb96:	2310      	movs	r3, #16
 800eb98:	f884 3042 	strb.w	r3, [r4, #66]	@ 0x42
    hi2c->ErrorCode = HAL_I2C_ERROR_NONE;
 800eb9c:	2300      	movs	r3, #0
 800eb9e:	6463      	str	r3, [r4, #68]	@ 0x44
    hi2c->pBuffPtr  = pData;
 800eba0:	f8c4 9024 	str.w	r9, [r4, #36]	@ 0x24
    hi2c->XferCount = Size;
 800eba4:	f8a4 802a 	strh.w	r8, [r4, #42]	@ 0x2a
    hi2c->XferISR   = NULL;
 800eba8:	6363      	str	r3, [r4, #52]	@ 0x34
    if (hi2c->XferCount > MAX_NBYTE_SIZE)
 800ebaa:	8d63      	ldrh	r3, [r4, #42]	@ 0x2a
 800ebac:	b29b      	uxth	r3, r3
 800ebae:	2bff      	cmp	r3, #255	@ 0xff
 800ebb0:	d90b      	bls.n	800ebca <HAL_I2C_Master_Receive+0x82>
      hi2c->XferSize = 1U;
 800ebb2:	4652      	mov	r2, sl
 800ebb4:	f8a4 a028 	strh.w	sl, [r4, #40]	@ 0x28
      I2C_TransferConfig(hi2c, DevAddress, (uint8_t)hi2c->XferSize, I2C_RELOAD_MODE,
 800ebb8:	4b41      	ldr	r3, [pc, #260]	@ (800ecc0 <HAL_I2C_Master_Receive+0x178>)
 800ebba:	9300      	str	r3, [sp, #0]
 800ebbc:	f04f 7380 	mov.w	r3, #16777216	@ 0x1000000
 800ebc0:	4639      	mov	r1, r7
 800ebc2:	4620      	mov	r0, r4
 800ebc4:	f7ff fcd7 	bl	800e576 <I2C_TransferConfig>
 800ebc8:	e018      	b.n	800ebfc <HAL_I2C_Master_Receive+0xb4>
      hi2c->XferSize = hi2c->XferCount;
 800ebca:	8d62      	ldrh	r2, [r4, #42]	@ 0x2a
 800ebcc:	b292      	uxth	r2, r2
 800ebce:	8522      	strh	r2, [r4, #40]	@ 0x28
      I2C_TransferConfig(hi2c, DevAddress, (uint8_t)hi2c->XferSize, I2C_AUTOEND_MODE,
 800ebd0:	4b3b      	ldr	r3, [pc, #236]	@ (800ecc0 <HAL_I2C_Master_Receive+0x178>)
 800ebd2:	9300      	str	r3, [sp, #0]
 800ebd4:	f04f 7300 	mov.w	r3, #33554432	@ 0x2000000
 800ebd8:	b2d2      	uxtb	r2, r2
 800ebda:	4639      	mov	r1, r7
 800ebdc:	4620      	mov	r0, r4
 800ebde:	f7ff fcca 	bl	800e576 <I2C_TransferConfig>
 800ebe2:	e00b      	b.n	800ebfc <HAL_I2C_Master_Receive+0xb4>
          hi2c->XferSize = hi2c->XferCount;
 800ebe4:	8d62      	ldrh	r2, [r4, #42]	@ 0x2a
 800ebe6:	b292      	uxth	r2, r2
 800ebe8:	8522      	strh	r2, [r4, #40]	@ 0x28
          I2C_TransferConfig(hi2c, DevAddress, (uint8_t)hi2c->XferSize, I2C_AUTOEND_MODE,
 800ebea:	2300      	movs	r3, #0
 800ebec:	9300      	str	r3, [sp, #0]
 800ebee:	f04f 7300 	mov.w	r3, #33554432	@ 0x2000000
 800ebf2:	b2d2      	uxtb	r2, r2
 800ebf4:	4639      	mov	r1, r7
 800ebf6:	4620      	mov	r0, r4
 800ebf8:	f7ff fcbd 	bl	800e576 <I2C_TransferConfig>
    while (hi2c->XferCount > 0U)
 800ebfc:	8d63      	ldrh	r3, [r4, #42]	@ 0x2a
 800ebfe:	b29b      	uxth	r3, r3
 800ec00:	2b00      	cmp	r3, #0
 800ec02:	d032      	beq.n	800ec6a <HAL_I2C_Master_Receive+0x122>
      if (I2C_WaitOnRXNEFlagUntilTimeout(hi2c, Timeout, tickstart) != HAL_OK)
 800ec04:	462a      	mov	r2, r5
 800ec06:	4631      	mov	r1, r6
 800ec08:	4620      	mov	r0, r4
 800ec0a:	f7ff fdf9 	bl	800e800 <I2C_WaitOnRXNEFlagUntilTimeout>
 800ec0e:	2800      	cmp	r0, #0
 800ec10:	d14f      	bne.n	800ecb2 <HAL_I2C_Master_Receive+0x16a>
      *hi2c->pBuffPtr = (uint8_t)hi2c->Instance->RXDR;
 800ec12:	6823      	ldr	r3, [r4, #0]
 800ec14:	6a5a      	ldr	r2, [r3, #36]	@ 0x24
 800ec16:	6a63      	ldr	r3, [r4, #36]	@ 0x24
 800ec18:	701a      	strb	r2, [r3, #0]
      hi2c->pBuffPtr++;
 800ec1a:	6a63      	ldr	r3, [r4, #36]	@ 0x24
 800ec1c:	3301      	adds	r3, #1
 800ec1e:	6263      	str	r3, [r4, #36]	@ 0x24
      hi2c->XferSize--;
 800ec20:	8d22      	ldrh	r2, [r4, #40]	@ 0x28
 800ec22:	3a01      	subs	r2, #1
 800ec24:	b292      	uxth	r2, r2
 800ec26:	8522      	strh	r2, [r4, #40]	@ 0x28
      hi2c->XferCount--;
 800ec28:	8d63      	ldrh	r3, [r4, #42]	@ 0x2a
 800ec2a:	b29b      	uxth	r3, r3
 800ec2c:	3b01      	subs	r3, #1
 800ec2e:	b29b      	uxth	r3, r3
 800ec30:	8563      	strh	r3, [r4, #42]	@ 0x2a
      if ((hi2c->XferCount != 0U) && (hi2c->XferSize == 0U))
 800ec32:	8d63      	ldrh	r3, [r4, #42]	@ 0x2a
 800ec34:	b29b      	uxth	r3, r3
 800ec36:	2b00      	cmp	r3, #0
 800ec38:	d0e0      	beq.n	800ebfc <HAL_I2C_Master_Receive+0xb4>
 800ec3a:	2a00      	cmp	r2, #0
 800ec3c:	d1de      	bne.n	800ebfc <HAL_I2C_Master_Receive+0xb4>
        if (I2C_WaitOnFlagUntilTimeout(hi2c, I2C_FLAG_TCR, RESET, Timeout, tickstart) != HAL_OK)
 800ec3e:	9500      	str	r5, [sp, #0]
 800ec40:	4633      	mov	r3, r6
 800ec42:	2180      	movs	r1, #128	@ 0x80
 800ec44:	4620      	mov	r0, r4
 800ec46:	f7ff fd6e 	bl	800e726 <I2C_WaitOnFlagUntilTimeout>
 800ec4a:	bba0      	cbnz	r0, 800ecb6 <HAL_I2C_Master_Receive+0x16e>
        if (hi2c->XferCount > MAX_NBYTE_SIZE)
 800ec4c:	8d63      	ldrh	r3, [r4, #42]	@ 0x2a
 800ec4e:	b29b      	uxth	r3, r3
 800ec50:	2bff      	cmp	r3, #255	@ 0xff
 800ec52:	d9c7      	bls.n	800ebe4 <HAL_I2C_Master_Receive+0x9c>
          hi2c->XferSize = MAX_NBYTE_SIZE;
 800ec54:	22ff      	movs	r2, #255	@ 0xff
 800ec56:	8522      	strh	r2, [r4, #40]	@ 0x28
          I2C_TransferConfig(hi2c, DevAddress, (uint8_t)hi2c->XferSize, I2C_RELOAD_MODE,
 800ec58:	2300      	movs	r3, #0
 800ec5a:	9300      	str	r3, [sp, #0]
 800ec5c:	f04f 7380 	mov.w	r3, #16777216	@ 0x1000000
 800ec60:	4639      	mov	r1, r7
 800ec62:	4620      	mov	r0, r4
 800ec64:	f7ff fc87 	bl	800e576 <I2C_TransferConfig>
 800ec68:	e7c8      	b.n	800ebfc <HAL_I2C_Master_Receive+0xb4>
    if (I2C_WaitOnSTOPFlagUntilTimeout(hi2c, Timeout, tickstart) != HAL_OK)
 800ec6a:	462a      	mov	r2, r5
 800ec6c:	4631      	mov	r1, r6
 800ec6e:	4620      	mov	r0, r4
 800ec70:	f7ff fd97 	bl	800e7a2 <I2C_WaitOnSTOPFlagUntilTimeout>
 800ec74:	bb08      	cbnz	r0, 800ecba <HAL_I2C_Master_Receive+0x172>
    __HAL_I2C_CLEAR_FLAG(hi2c, I2C_FLAG_STOPF);
 800ec76:	6823      	ldr	r3, [r4, #0]
 800ec78:	2220      	movs	r2, #32
 800ec7a:	61da      	str	r2, [r3, #28]
    I2C_RESET_CR2(hi2c);
 800ec7c:	6821      	ldr	r1, [r4, #0]
 800ec7e:	684b      	ldr	r3, [r1, #4]
 800ec80:	f023 73ff 	bic.w	r3, r3, #33423360	@ 0x1fe0000
 800ec84:	f423 338b 	bic.w	r3, r3, #71168	@ 0x11600
 800ec88:	f423 73ff 	bic.w	r3, r3, #510	@ 0x1fe
 800ec8c:	f023 0301 	bic.w	r3, r3, #1
 800ec90:	604b      	str	r3, [r1, #4]
    hi2c->State = HAL_I2C_STATE_READY;
 800ec92:	f884 2041 	strb.w	r2, [r4, #65]	@ 0x41
    hi2c->Mode  = HAL_I2C_MODE_NONE;
 800ec96:	2300      	movs	r3, #0
 800ec98:	f884 3042 	strb.w	r3, [r4, #66]	@ 0x42
    __HAL_UNLOCK(hi2c);
 800ec9c:	f884 3040 	strb.w	r3, [r4, #64]	@ 0x40
    return HAL_OK;
 800eca0:	e000      	b.n	800eca4 <HAL_I2C_Master_Receive+0x15c>
    return HAL_BUSY;
 800eca2:	2002      	movs	r0, #2
}
 800eca4:	b002      	add	sp, #8
 800eca6:	e8bd 87f0 	ldmia.w	sp!, {r4, r5, r6, r7, r8, r9, sl, pc}
    __HAL_LOCK(hi2c);
 800ecaa:	2002      	movs	r0, #2
 800ecac:	e7fa      	b.n	800eca4 <HAL_I2C_Master_Receive+0x15c>
      return HAL_ERROR;
 800ecae:	2001      	movs	r0, #1
 800ecb0:	e7f8      	b.n	800eca4 <HAL_I2C_Master_Receive+0x15c>
        return HAL_ERROR;
 800ecb2:	2001      	movs	r0, #1
 800ecb4:	e7f6      	b.n	800eca4 <HAL_I2C_Master_Receive+0x15c>
          return HAL_ERROR;
 800ecb6:	2001      	movs	r0, #1
 800ecb8:	e7f4      	b.n	800eca4 <HAL_I2C_Master_Receive+0x15c>
      return HAL_ERROR;
 800ecba:	2001      	movs	r0, #1
 800ecbc:	e7f2      	b.n	800eca4 <HAL_I2C_Master_Receive+0x15c>
 800ecbe:	bf00      	nop
 800ecc0:	80002400 	.word	0x80002400

0800ecc4 <HAL_I2C_IsDeviceReady>:
{
 800ecc4:	e92d 43f0 	stmdb	sp!, {r4, r5, r6, r7, r8, r9, lr}
 800ecc8:	b085      	sub	sp, #20
 800ecca:	461d      	mov	r5, r3
  __IO uint32_t I2C_Trials = 0UL;
 800eccc:	2300      	movs	r3, #0
 800ecce:	9303      	str	r3, [sp, #12]
  if (hi2c->State == HAL_I2C_STATE_READY)
 800ecd0:	f890 3041 	ldrb.w	r3, [r0, #65]	@ 0x41
 800ecd4:	2b20      	cmp	r3, #32
 800ecd6:	f040 8089 	bne.w	800edec <HAL_I2C_IsDeviceReady+0x128>
 800ecda:	4606      	mov	r6, r0
 800ecdc:	4688      	mov	r8, r1
 800ecde:	4691      	mov	r9, r2
    if (__HAL_I2C_GET_FLAG(hi2c, I2C_FLAG_BUSY) == SET)
 800ece0:	6803      	ldr	r3, [r0, #0]
 800ece2:	699b      	ldr	r3, [r3, #24]
 800ece4:	f413 4f00 	tst.w	r3, #32768	@ 0x8000
 800ece8:	f040 8082 	bne.w	800edf0 <HAL_I2C_IsDeviceReady+0x12c>
    __HAL_LOCK(hi2c);
 800ecec:	f890 3040 	ldrb.w	r3, [r0, #64]	@ 0x40
 800ecf0:	2b01      	cmp	r3, #1
 800ecf2:	d07f      	beq.n	800edf4 <HAL_I2C_IsDeviceReady+0x130>
 800ecf4:	2301      	movs	r3, #1
 800ecf6:	f880 3040 	strb.w	r3, [r0, #64]	@ 0x40
    hi2c->State = HAL_I2C_STATE_BUSY;
 800ecfa:	2324      	movs	r3, #36	@ 0x24
 800ecfc:	f880 3041 	strb.w	r3, [r0, #65]	@ 0x41
    hi2c->ErrorCode = HAL_I2C_ERROR_NONE;
 800ed00:	2300      	movs	r3, #0
 800ed02:	6443      	str	r3, [r0, #68]	@ 0x44
 800ed04:	e041      	b.n	800ed8a <HAL_I2C_IsDeviceReady+0xc6>
      hi2c->Instance->CR2 = I2C_GENERATE_START(hi2c->Init.AddressingMode, DevAddress);
 800ed06:	f3c8 0309 	ubfx	r3, r8, #0, #10
 800ed0a:	f043 7300 	orr.w	r3, r3, #33554432	@ 0x2000000
 800ed0e:	f443 5300 	orr.w	r3, r3, #8192	@ 0x2000
 800ed12:	e043      	b.n	800ed9c <HAL_I2C_IsDeviceReady+0xd8>
        tmp1 = __HAL_I2C_GET_FLAG(hi2c, I2C_FLAG_STOPF);
 800ed14:	6833      	ldr	r3, [r6, #0]
 800ed16:	699c      	ldr	r4, [r3, #24]
 800ed18:	f3c4 1440 	ubfx	r4, r4, #5, #1
        tmp2 = __HAL_I2C_GET_FLAG(hi2c, I2C_FLAG_AF);
 800ed1c:	699b      	ldr	r3, [r3, #24]
 800ed1e:	f3c3 1300 	ubfx	r3, r3, #4, #1
      while ((tmp1 == RESET) && (tmp2 == RESET))
 800ed22:	b9c4      	cbnz	r4, 800ed56 <HAL_I2C_IsDeviceReady+0x92>
 800ed24:	b9bb      	cbnz	r3, 800ed56 <HAL_I2C_IsDeviceReady+0x92>
        if (Timeout != HAL_MAX_DELAY)
 800ed26:	f1b5 3fff 	cmp.w	r5, #4294967295
 800ed2a:	d0f3      	beq.n	800ed14 <HAL_I2C_IsDeviceReady+0x50>
          if (((HAL_GetTick() - tickstart) > Timeout) || (Timeout == 0U))
 800ed2c:	f7fd feec 	bl	800cb08 <HAL_GetTick>
 800ed30:	1bc0      	subs	r0, r0, r7
 800ed32:	42a8      	cmp	r0, r5
 800ed34:	d801      	bhi.n	800ed3a <HAL_I2C_IsDeviceReady+0x76>
 800ed36:	2d00      	cmp	r5, #0
 800ed38:	d1ec      	bne.n	800ed14 <HAL_I2C_IsDeviceReady+0x50>
            hi2c->State = HAL_I2C_STATE_READY;
 800ed3a:	2320      	movs	r3, #32
 800ed3c:	f886 3041 	strb.w	r3, [r6, #65]	@ 0x41
            hi2c->ErrorCode |= HAL_I2C_ERROR_TIMEOUT;
 800ed40:	6c73      	ldr	r3, [r6, #68]	@ 0x44
 800ed42:	f043 0320 	orr.w	r3, r3, #32
 800ed46:	6473      	str	r3, [r6, #68]	@ 0x44
            __HAL_UNLOCK(hi2c);
 800ed48:	2300      	movs	r3, #0
 800ed4a:	f886 3040 	strb.w	r3, [r6, #64]	@ 0x40
            return HAL_ERROR;
 800ed4e:	2001      	movs	r0, #1
}
 800ed50:	b005      	add	sp, #20
 800ed52:	e8bd 83f0 	ldmia.w	sp!, {r4, r5, r6, r7, r8, r9, pc}
      if (__HAL_I2C_GET_FLAG(hi2c, I2C_FLAG_AF) == RESET)
 800ed56:	6833      	ldr	r3, [r6, #0]
 800ed58:	699b      	ldr	r3, [r3, #24]
 800ed5a:	f013 0f10 	tst.w	r3, #16
 800ed5e:	d02a      	beq.n	800edb6 <HAL_I2C_IsDeviceReady+0xf2>
        if (I2C_WaitOnFlagUntilTimeout(hi2c, I2C_FLAG_STOPF, RESET, Timeout, tickstart) != HAL_OK)
 800ed60:	9700      	str	r7, [sp, #0]
 800ed62:	462b      	mov	r3, r5
 800ed64:	2200      	movs	r2, #0
 800ed66:	2120      	movs	r1, #32
 800ed68:	4630      	mov	r0, r6
 800ed6a:	f7ff fcdc 	bl	800e726 <I2C_WaitOnFlagUntilTimeout>
 800ed6e:	2800      	cmp	r0, #0
 800ed70:	d144      	bne.n	800edfc <HAL_I2C_IsDeviceReady+0x138>
        __HAL_I2C_CLEAR_FLAG(hi2c, I2C_FLAG_AF);
 800ed72:	6833      	ldr	r3, [r6, #0]
 800ed74:	2210      	movs	r2, #16
 800ed76:	61da      	str	r2, [r3, #28]
        __HAL_I2C_CLEAR_FLAG(hi2c, I2C_FLAG_STOPF);
 800ed78:	6833      	ldr	r3, [r6, #0]
 800ed7a:	2220      	movs	r2, #32
 800ed7c:	61da      	str	r2, [r3, #28]
      I2C_Trials++;
 800ed7e:	9b03      	ldr	r3, [sp, #12]
 800ed80:	3301      	adds	r3, #1
 800ed82:	9303      	str	r3, [sp, #12]
    } while (I2C_Trials < Trials);
 800ed84:	9b03      	ldr	r3, [sp, #12]
 800ed86:	454b      	cmp	r3, r9
 800ed88:	d226      	bcs.n	800edd8 <HAL_I2C_IsDeviceReady+0x114>
      hi2c->Instance->CR2 = I2C_GENERATE_START(hi2c->Init.AddressingMode, DevAddress);
 800ed8a:	68f3      	ldr	r3, [r6, #12]
 800ed8c:	2b01      	cmp	r3, #1
 800ed8e:	d0ba      	beq.n	800ed06 <HAL_I2C_IsDeviceReady+0x42>
 800ed90:	f3c8 0309 	ubfx	r3, r8, #0, #10
 800ed94:	f043 7300 	orr.w	r3, r3, #33554432	@ 0x2000000
 800ed98:	f443 5320 	orr.w	r3, r3, #10240	@ 0x2800
 800ed9c:	6832      	ldr	r2, [r6, #0]
 800ed9e:	6053      	str	r3, [r2, #4]
      tickstart = HAL_GetTick();
 800eda0:	f7fd feb2 	bl	800cb08 <HAL_GetTick>
 800eda4:	4607      	mov	r7, r0
      tmp1 = __HAL_I2C_GET_FLAG(hi2c, I2C_FLAG_STOPF);
 800eda6:	6833      	ldr	r3, [r6, #0]
 800eda8:	699c      	ldr	r4, [r3, #24]
 800edaa:	f3c4 1440 	ubfx	r4, r4, #5, #1
      tmp2 = __HAL_I2C_GET_FLAG(hi2c, I2C_FLAG_AF);
 800edae:	699b      	ldr	r3, [r3, #24]
 800edb0:	f3c3 1300 	ubfx	r3, r3, #4, #1
      while ((tmp1 == RESET) && (tmp2 == RESET))
 800edb4:	e7b5      	b.n	800ed22 <HAL_I2C_IsDeviceReady+0x5e>
        if (I2C_WaitOnFlagUntilTimeout(hi2c, I2C_FLAG_STOPF, RESET, Timeout, tickstart) != HAL_OK)
 800edb6:	9700      	str	r7, [sp, #0]
 800edb8:	462b      	mov	r3, r5
 800edba:	2200      	movs	r2, #0
 800edbc:	2120      	movs	r1, #32
 800edbe:	4630      	mov	r0, r6
 800edc0:	f7ff fcb1 	bl	800e726 <I2C_WaitOnFlagUntilTimeout>
 800edc4:	b9c0      	cbnz	r0, 800edf8 <HAL_I2C_IsDeviceReady+0x134>
        __HAL_I2C_CLEAR_FLAG(hi2c, I2C_FLAG_STOPF);
 800edc6:	6832      	ldr	r2, [r6, #0]
 800edc8:	2320      	movs	r3, #32
 800edca:	61d3      	str	r3, [r2, #28]
        hi2c->State = HAL_I2C_STATE_READY;
 800edcc:	f886 3041 	strb.w	r3, [r6, #65]	@ 0x41
        __HAL_UNLOCK(hi2c);
 800edd0:	2300      	movs	r3, #0
 800edd2:	f886 3040 	strb.w	r3, [r6, #64]	@ 0x40
        return HAL_OK;
 800edd6:	e7bb      	b.n	800ed50 <HAL_I2C_IsDeviceReady+0x8c>
    hi2c->State = HAL_I2C_STATE_READY;
 800edd8:	f886 2041 	strb.w	r2, [r6, #65]	@ 0x41
    hi2c->ErrorCode |= HAL_I2C_ERROR_TIMEOUT;
 800eddc:	6c73      	ldr	r3, [r6, #68]	@ 0x44
 800edde:	4313      	orrs	r3, r2
 800ede0:	6473      	str	r3, [r6, #68]	@ 0x44
    __HAL_UNLOCK(hi2c);
 800ede2:	2300      	movs	r3, #0
 800ede4:	f886 3040 	strb.w	r3, [r6, #64]	@ 0x40
    return HAL_ERROR;
 800ede8:	2001      	movs	r0, #1
 800edea:	e7b1      	b.n	800ed50 <HAL_I2C_IsDeviceReady+0x8c>
    return HAL_BUSY;
 800edec:	2002      	movs	r0, #2
 800edee:	e7af      	b.n	800ed50 <HAL_I2C_IsDeviceReady+0x8c>
      return HAL_BUSY;
 800edf0:	2002      	movs	r0, #2
 800edf2:	e7ad      	b.n	800ed50 <HAL_I2C_IsDeviceReady+0x8c>
    __HAL_LOCK(hi2c);
 800edf4:	2002      	movs	r0, #2
 800edf6:	e7ab      	b.n	800ed50 <HAL_I2C_IsDeviceReady+0x8c>
          return HAL_ERROR;
 800edf8:	2001      	movs	r0, #1
 800edfa:	e7a9      	b.n	800ed50 <HAL_I2C_IsDeviceReady+0x8c>
          return HAL_ERROR;
 800edfc:	2001      	movs	r0, #1
 800edfe:	e7a7      	b.n	800ed50 <HAL_I2C_IsDeviceReady+0x8c>

0800ee00 <HAL_I2C_GetState>:
  return hi2c->State;
 800ee00:	f890 0041 	ldrb.w	r0, [r0, #65]	@ 0x41
}
 800ee04:	4770      	bx	lr

0800ee06 <HAL_I2C_GetError>:
  return hi2c->ErrorCode;
 800ee06:	6c40      	ldr	r0, [r0, #68]	@ 0x44
}
 800ee08:	4770      	bx	lr

0800ee0a <HAL_I2CEx_ConfigAnalogFilter>:
  *                the configuration information for the specified I2Cx peripheral.
  * @param  AnalogFilter New state of the Analog filter.
  * @retval HAL status
  */
HAL_StatusTypeDef HAL_I2CEx_ConfigAnalogFilter(I2C_HandleTypeDef *hi2c, uint32_t AnalogFilter)
{
 800ee0a:	4603      	mov	r3, r0
  /* Check the parameters */
  assert_param(IS_I2C_ALL_INSTANCE(hi2c->Instance));
  assert_param(IS_I2C_ANALOG_FILTER(AnalogFilter));

  if (hi2c->State == HAL_I2C_STATE_READY)
 800ee0c:	f890 2041 	ldrb.w	r2, [r0, #65]	@ 0x41
 800ee10:	2a20      	cmp	r2, #32
 800ee12:	d123      	bne.n	800ee5c <HAL_I2CEx_ConfigAnalogFilter+0x52>
  {
    /* Process Locked */
    __HAL_LOCK(hi2c);
 800ee14:	f890 2040 	ldrb.w	r2, [r0, #64]	@ 0x40
 800ee18:	2a01      	cmp	r2, #1
 800ee1a:	d021      	beq.n	800ee60 <HAL_I2CEx_ConfigAnalogFilter+0x56>
 800ee1c:	2201      	movs	r2, #1
 800ee1e:	f880 2040 	strb.w	r2, [r0, #64]	@ 0x40

    hi2c->State = HAL_I2C_STATE_BUSY;
 800ee22:	2224      	movs	r2, #36	@ 0x24
 800ee24:	f880 2041 	strb.w	r2, [r0, #65]	@ 0x41

    /* Disable the selected I2C peripheral */
    __HAL_I2C_DISABLE(hi2c);
 800ee28:	6800      	ldr	r0, [r0, #0]
 800ee2a:	6802      	ldr	r2, [r0, #0]
 800ee2c:	f022 0201 	bic.w	r2, r2, #1
 800ee30:	6002      	str	r2, [r0, #0]

    /* Reset I2Cx ANOFF bit */
    hi2c->Instance->CR1 &= ~(I2C_CR1_ANFOFF);
 800ee32:	6818      	ldr	r0, [r3, #0]
 800ee34:	6802      	ldr	r2, [r0, #0]
 800ee36:	f422 5280 	bic.w	r2, r2, #4096	@ 0x1000
 800ee3a:	6002      	str	r2, [r0, #0]

    /* Set analog filter bit*/
    hi2c->Instance->CR1 |= AnalogFilter;
 800ee3c:	6818      	ldr	r0, [r3, #0]
 800ee3e:	6802      	ldr	r2, [r0, #0]
 800ee40:	430a      	orrs	r2, r1
 800ee42:	6002      	str	r2, [r0, #0]

    __HAL_I2C_ENABLE(hi2c);
 800ee44:	6819      	ldr	r1, [r3, #0]
 800ee46:	680a      	ldr	r2, [r1, #0]
 800ee48:	f042 0201 	orr.w	r2, r2, #1
 800ee4c:	600a      	str	r2, [r1, #0]

    hi2c->State = HAL_I2C_STATE_READY;
 800ee4e:	2220      	movs	r2, #32
 800ee50:	f883 2041 	strb.w	r2, [r3, #65]	@ 0x41

    /* Process Unlocked */
    __HAL_UNLOCK(hi2c);
 800ee54:	2000      	movs	r0, #0
 800ee56:	f883 0040 	strb.w	r0, [r3, #64]	@ 0x40

    return HAL_OK;
 800ee5a:	4770      	bx	lr
  }
  else
  {
    return HAL_BUSY;
 800ee5c:	2002      	movs	r0, #2
 800ee5e:	4770      	bx	lr
    __HAL_LOCK(hi2c);
 800ee60:	2002      	movs	r0, #2
  }
}
 800ee62:	4770      	bx	lr

0800ee64 <HAL_I2CEx_ConfigDigitalFilter>:
  *                the configuration information for the specified I2Cx peripheral.
  * @param  DigitalFilter Coefficient of digital noise filter between Min_Data=0x00 and Max_Data=0x0F.
  * @retval HAL status
  */
HAL_StatusTypeDef HAL_I2CEx_ConfigDigitalFilter(I2C_HandleTypeDef *hi2c, uint32_t DigitalFilter)
{
 800ee64:	4603      	mov	r3, r0

  /* Check the parameters */
  assert_param(IS_I2C_ALL_INSTANCE(hi2c->Instance));
  assert_param(IS_I2C_DIGITAL_FILTER(DigitalFilter));

  if (hi2c->State == HAL_I2C_STATE_READY)
 800ee66:	f890 2041 	ldrb.w	r2, [r0, #65]	@ 0x41
 800ee6a:	2a20      	cmp	r2, #32
 800ee6c:	d121      	bne.n	800eeb2 <HAL_I2CEx_ConfigDigitalFilter+0x4e>
  {
    /* Process Locked */
    __HAL_LOCK(hi2c);
 800ee6e:	f890 2040 	ldrb.w	r2, [r0, #64]	@ 0x40
 800ee72:	2a01      	cmp	r2, #1
 800ee74:	d01f      	beq.n	800eeb6 <HAL_I2CEx_ConfigDigitalFilter+0x52>
 800ee76:	2201      	movs	r2, #1
 800ee78:	f880 2040 	strb.w	r2, [r0, #64]	@ 0x40

    hi2c->State = HAL_I2C_STATE_BUSY;
 800ee7c:	2224      	movs	r2, #36	@ 0x24
 800ee7e:	f880 2041 	strb.w	r2, [r0, #65]	@ 0x41

    /* Disable the selected I2C peripheral */
    __HAL_I2C_DISABLE(hi2c);
 800ee82:	6800      	ldr	r0, [r0, #0]
 800ee84:	6802      	ldr	r2, [r0, #0]
 800ee86:	f022 0201 	bic.w	r2, r2, #1
 800ee8a:	6002      	str	r2, [r0, #0]

    /* Get the old register value */
    tmpreg = hi2c->Instance->CR1;
 800ee8c:	6818      	ldr	r0, [r3, #0]
 800ee8e:	6802      	ldr	r2, [r0, #0]

    /* Reset I2Cx DNF bits [11:8] */
    tmpreg &= ~(I2C_CR1_DNF);
 800ee90:	f422 6270 	bic.w	r2, r2, #3840	@ 0xf00

    /* Set I2Cx DNF coefficient */
    tmpreg |= DigitalFilter << 8U;
 800ee94:	ea42 2201 	orr.w	r2, r2, r1, lsl #8

    /* Store the new register value */
    hi2c->Instance->CR1 = tmpreg;
 800ee98:	6002      	str	r2, [r0, #0]

    __HAL_I2C_ENABLE(hi2c);
 800ee9a:	6819      	ldr	r1, [r3, #0]
 800ee9c:	680a      	ldr	r2, [r1, #0]
 800ee9e:	f042 0201 	orr.w	r2, r2, #1
 800eea2:	600a      	str	r2, [r1, #0]

    hi2c->State = HAL_I2C_STATE_READY;
 800eea4:	2220      	movs	r2, #32
 800eea6:	f883 2041 	strb.w	r2, [r3, #65]	@ 0x41

    /* Process Unlocked */
    __HAL_UNLOCK(hi2c);
 800eeaa:	2000      	movs	r0, #0
 800eeac:	f883 0040 	strb.w	r0, [r3, #64]	@ 0x40

    return HAL_OK;
 800eeb0:	4770      	bx	lr
  }
  else
  {
    return HAL_BUSY;
 800eeb2:	2002      	movs	r0, #2
 800eeb4:	4770      	bx	lr
    __HAL_LOCK(hi2c);
 800eeb6:	2002      	movs	r0, #2
  }
}
 800eeb8:	4770      	bx	lr
	...

0800eebc <HAL_MspInit>:
/* USER CODE END 0 */
/**
  * Initializes the Global MSP.
  */
void HAL_MspInit(void)
{
 800eebc:	b500      	push	{lr}
 800eebe:	b083      	sub	sp, #12

  /* USER CODE BEGIN MspInit 0 */

  /* USER CODE END MspInit 0 */

  __HAL_RCC_SYSCFG_CLK_ENABLE();
 800eec0:	4b0d      	ldr	r3, [pc, #52]	@ (800eef8 <HAL_MspInit+0x3c>)
 800eec2:	6e1a      	ldr	r2, [r3, #96]	@ 0x60
 800eec4:	f042 0201 	orr.w	r2, r2, #1
 800eec8:	661a      	str	r2, [r3, #96]	@ 0x60
 800eeca:	6e1a      	ldr	r2, [r3, #96]	@ 0x60
 800eecc:	f002 0201 	and.w	r2, r2, #1
 800eed0:	9200      	str	r2, [sp, #0]
 800eed2:	9a00      	ldr	r2, [sp, #0]
  __HAL_RCC_PWR_CLK_ENABLE();
 800eed4:	6d9a      	ldr	r2, [r3, #88]	@ 0x58
 800eed6:	f042 5280 	orr.w	r2, r2, #268435456	@ 0x10000000
 800eeda:	659a      	str	r2, [r3, #88]	@ 0x58
 800eedc:	6d9b      	ldr	r3, [r3, #88]	@ 0x58
 800eede:	f003 5380 	and.w	r3, r3, #268435456	@ 0x10000000
 800eee2:	9301      	str	r3, [sp, #4]
 800eee4:	9b01      	ldr	r3, [sp, #4]

  /* System interrupt init*/
  /* PendSV_IRQn interrupt configuration */
  HAL_NVIC_SetPriority(PendSV_IRQn, 15, 0);
 800eee6:	2200      	movs	r2, #0
 800eee8:	210f      	movs	r1, #15
 800eeea:	f06f 0001 	mvn.w	r0, #1
 800eeee:	f7fe ff9f 	bl	800de30 <HAL_NVIC_SetPriority>

  /* USER CODE BEGIN MspInit 1 */

  /* USER CODE END MspInit 1 */
}
 800eef2:	b003      	add	sp, #12
 800eef4:	f85d fb04 	ldr.w	pc, [sp], #4
 800eef8:	40021000 	.word	0x40021000

0800eefc <HAL_ADC_MspInit>:
  * This function configures the hardware resources used in this example
  * @param hadc: ADC handle pointer
  * @retval None
  */
void HAL_ADC_MspInit(ADC_HandleTypeDef* hadc)
{
 800eefc:	b570      	push	{r4, r5, r6, lr}
 800eefe:	b09e      	sub	sp, #120	@ 0x78
 800ef00:	4604      	mov	r4, r0
  GPIO_InitTypeDef GPIO_InitStruct = {0};
 800ef02:	2100      	movs	r1, #0
 800ef04:	9119      	str	r1, [sp, #100]	@ 0x64
 800ef06:	911a      	str	r1, [sp, #104]	@ 0x68
 800ef08:	911b      	str	r1, [sp, #108]	@ 0x6c
 800ef0a:	911c      	str	r1, [sp, #112]	@ 0x70
 800ef0c:	911d      	str	r1, [sp, #116]	@ 0x74
  RCC_PeriphCLKInitTypeDef PeriphClkInit = {0};
 800ef0e:	2254      	movs	r2, #84	@ 0x54
 800ef10:	a804      	add	r0, sp, #16
 800ef12:	f002 fae0 	bl	80114d6 <memset>
  if(hadc->Instance==ADC1)
 800ef16:	6822      	ldr	r2, [r4, #0]
 800ef18:	4b27      	ldr	r3, [pc, #156]	@ (800efb8 <HAL_ADC_MspInit+0xbc>)
 800ef1a:	429a      	cmp	r2, r3
 800ef1c:	d001      	beq.n	800ef22 <HAL_ADC_MspInit+0x26>

    /* USER CODE END ADC1_MspInit 1 */

  }

}
 800ef1e:	b01e      	add	sp, #120	@ 0x78
 800ef20:	bd70      	pop	{r4, r5, r6, pc}
    PeriphClkInit.PeriphClockSelection = RCC_PERIPHCLK_ADC;
 800ef22:	f44f 4380 	mov.w	r3, #16384	@ 0x4000
 800ef26:	9304      	str	r3, [sp, #16]
    PeriphClkInit.AdcClockSelection = RCC_ADCCLKSOURCE_PLLSAI1;
 800ef28:	f04f 5380 	mov.w	r3, #268435456	@ 0x10000000
 800ef2c:	9316      	str	r3, [sp, #88]	@ 0x58
    PeriphClkInit.PLLSAI1.PLLSAI1Source = RCC_PLLSOURCE_HSI;
 800ef2e:	2302      	movs	r3, #2
 800ef30:	9305      	str	r3, [sp, #20]
    PeriphClkInit.PLLSAI1.PLLSAI1M = 2;
 800ef32:	9306      	str	r3, [sp, #24]
    PeriphClkInit.PLLSAI1.PLLSAI1N = 8;
 800ef34:	2208      	movs	r2, #8
 800ef36:	9207      	str	r2, [sp, #28]
    PeriphClkInit.PLLSAI1.PLLSAI1P = RCC_PLLP_DIV7;
 800ef38:	2207      	movs	r2, #7
 800ef3a:	9208      	str	r2, [sp, #32]
    PeriphClkInit.PLLSAI1.PLLSAI1Q = RCC_PLLQ_DIV2;
 800ef3c:	9309      	str	r3, [sp, #36]	@ 0x24
    PeriphClkInit.PLLSAI1.PLLSAI1R = RCC_PLLR_DIV2;
 800ef3e:	930a      	str	r3, [sp, #40]	@ 0x28
    PeriphClkInit.PLLSAI1.PLLSAI1ClockOut = RCC_PLLSAI1_ADC1CLK;
 800ef40:	f04f 7380 	mov.w	r3, #16777216	@ 0x1000000
 800ef44:	930b      	str	r3, [sp, #44]	@ 0x2c
    if (HAL_RCCEx_PeriphCLKConfig(&PeriphClkInit) != HAL_OK)
 800ef46:	a804      	add	r0, sp, #16
 800ef48:	f000 ff44 	bl	800fdd4 <HAL_RCCEx_PeriphCLKConfig>
 800ef4c:	2800      	cmp	r0, #0
 800ef4e:	d130      	bne.n	800efb2 <HAL_ADC_MspInit+0xb6>
    __HAL_RCC_ADC_CLK_ENABLE();
 800ef50:	4b1a      	ldr	r3, [pc, #104]	@ (800efbc <HAL_ADC_MspInit+0xc0>)
 800ef52:	6cda      	ldr	r2, [r3, #76]	@ 0x4c
 800ef54:	f442 5200 	orr.w	r2, r2, #8192	@ 0x2000
 800ef58:	64da      	str	r2, [r3, #76]	@ 0x4c
 800ef5a:	6cda      	ldr	r2, [r3, #76]	@ 0x4c
 800ef5c:	f402 5200 	and.w	r2, r2, #8192	@ 0x2000
 800ef60:	9201      	str	r2, [sp, #4]
 800ef62:	9a01      	ldr	r2, [sp, #4]
    __HAL_RCC_GPIOA_CLK_ENABLE();
 800ef64:	6cda      	ldr	r2, [r3, #76]	@ 0x4c
 800ef66:	f042 0201 	orr.w	r2, r2, #1
 800ef6a:	64da      	str	r2, [r3, #76]	@ 0x4c
 800ef6c:	6cda      	ldr	r2, [r3, #76]	@ 0x4c
 800ef6e:	f002 0201 	and.w	r2, r2, #1
 800ef72:	9202      	str	r2, [sp, #8]
 800ef74:	9a02      	ldr	r2, [sp, #8]
    __HAL_RCC_GPIOB_CLK_ENABLE();
 800ef76:	6cda      	ldr	r2, [r3, #76]	@ 0x4c
 800ef78:	f042 0202 	orr.w	r2, r2, #2
 800ef7c:	64da      	str	r2, [r3, #76]	@ 0x4c
 800ef7e:	6cdb      	ldr	r3, [r3, #76]	@ 0x4c
 800ef80:	f003 0302 	and.w	r3, r3, #2
 800ef84:	9303      	str	r3, [sp, #12]
 800ef86:	9b03      	ldr	r3, [sp, #12]
    GPIO_InitStruct.Pin = ADC1_Pin|ADC2_Pin|ADC4_Pin|ADC5_Pin
 800ef88:	237b      	movs	r3, #123	@ 0x7b
 800ef8a:	9319      	str	r3, [sp, #100]	@ 0x64
    GPIO_InitStruct.Mode = GPIO_MODE_ANALOG_ADC_CONTROL;
 800ef8c:	260b      	movs	r6, #11
 800ef8e:	961a      	str	r6, [sp, #104]	@ 0x68
    GPIO_InitStruct.Pull = GPIO_NOPULL;
 800ef90:	2500      	movs	r5, #0
 800ef92:	951b      	str	r5, [sp, #108]	@ 0x6c
    HAL_GPIO_Init(GPIOA, &GPIO_InitStruct);
 800ef94:	ac19      	add	r4, sp, #100	@ 0x64
 800ef96:	4621      	mov	r1, r4
 800ef98:	f04f 4090 	mov.w	r0, #1207959552	@ 0x48000000
 800ef9c:	f7ff f97a 	bl	800e294 <HAL_GPIO_Init>
    GPIO_InitStruct.Pin = ADC7_Pin;
 800efa0:	2301      	movs	r3, #1
 800efa2:	9319      	str	r3, [sp, #100]	@ 0x64
    GPIO_InitStruct.Mode = GPIO_MODE_ANALOG_ADC_CONTROL;
 800efa4:	961a      	str	r6, [sp, #104]	@ 0x68
    GPIO_InitStruct.Pull = GPIO_NOPULL;
 800efa6:	951b      	str	r5, [sp, #108]	@ 0x6c
    HAL_GPIO_Init(ADC7_GPIO_Port, &GPIO_InitStruct);
 800efa8:	4621      	mov	r1, r4
 800efaa:	4805      	ldr	r0, [pc, #20]	@ (800efc0 <HAL_ADC_MspInit+0xc4>)
 800efac:	f7ff f972 	bl	800e294 <HAL_GPIO_Init>
}
 800efb0:	e7b5      	b.n	800ef1e <HAL_ADC_MspInit+0x22>
      Error_Handler();
 800efb2:	f7fc fb8b 	bl	800b6cc <Error_Handler>
 800efb6:	e7cb      	b.n	800ef50 <HAL_ADC_MspInit+0x54>
 800efb8:	50040000 	.word	0x50040000
 800efbc:	40021000 	.word	0x40021000
 800efc0:	48000400 	.word	0x48000400

0800efc4 <HAL_CAN_MspInit>:
  * This function configures the hardware resources used in this example
  * @param hcan: CAN handle pointer
  * @retval None
  */
void HAL_CAN_MspInit(CAN_HandleTypeDef* hcan)
{
 800efc4:	b500      	push	{lr}
 800efc6:	b089      	sub	sp, #36	@ 0x24
  GPIO_InitTypeDef GPIO_InitStruct = {0};
 800efc8:	2300      	movs	r3, #0
 800efca:	9303      	str	r3, [sp, #12]
 800efcc:	9304      	str	r3, [sp, #16]
 800efce:	9305      	str	r3, [sp, #20]
 800efd0:	9306      	str	r3, [sp, #24]
 800efd2:	9307      	str	r3, [sp, #28]
  if(hcan->Instance==CAN1)
 800efd4:	6802      	ldr	r2, [r0, #0]
 800efd6:	4b24      	ldr	r3, [pc, #144]	@ (800f068 <HAL_CAN_MspInit+0xa4>)
 800efd8:	429a      	cmp	r2, r3
 800efda:	d002      	beq.n	800efe2 <HAL_CAN_MspInit+0x1e>

    /* USER CODE END CAN1_MspInit 1 */

  }

}
 800efdc:	b009      	add	sp, #36	@ 0x24
 800efde:	f85d fb04 	ldr.w	pc, [sp], #4
    __HAL_RCC_CAN1_CLK_ENABLE();
 800efe2:	f503 33d6 	add.w	r3, r3, #109568	@ 0x1ac00
 800efe6:	6d9a      	ldr	r2, [r3, #88]	@ 0x58
 800efe8:	f042 7200 	orr.w	r2, r2, #33554432	@ 0x2000000
 800efec:	659a      	str	r2, [r3, #88]	@ 0x58
 800efee:	6d9a      	ldr	r2, [r3, #88]	@ 0x58
 800eff0:	f002 7200 	and.w	r2, r2, #33554432	@ 0x2000000
 800eff4:	9201      	str	r2, [sp, #4]
 800eff6:	9a01      	ldr	r2, [sp, #4]
    __HAL_RCC_GPIOA_CLK_ENABLE();
 800eff8:	6cda      	ldr	r2, [r3, #76]	@ 0x4c
 800effa:	f042 0201 	orr.w	r2, r2, #1
 800effe:	64da      	str	r2, [r3, #76]	@ 0x4c
 800f000:	6cdb      	ldr	r3, [r3, #76]	@ 0x4c
 800f002:	f003 0301 	and.w	r3, r3, #1
 800f006:	9302      	str	r3, [sp, #8]
 800f008:	9b02      	ldr	r3, [sp, #8]
    GPIO_InitStruct.Pin = GPIO_PIN_11|GPIO_PIN_12;
 800f00a:	f44f 53c0 	mov.w	r3, #6144	@ 0x1800
 800f00e:	9303      	str	r3, [sp, #12]
    GPIO_InitStruct.Mode = GPIO_MODE_AF_PP;
 800f010:	2302      	movs	r3, #2
 800f012:	9304      	str	r3, [sp, #16]
    GPIO_InitStruct.Speed = GPIO_SPEED_FREQ_VERY_HIGH;
 800f014:	2303      	movs	r3, #3
 800f016:	9306      	str	r3, [sp, #24]
    GPIO_InitStruct.Alternate = GPIO_AF9_CAN1;
 800f018:	2309      	movs	r3, #9
 800f01a:	9307      	str	r3, [sp, #28]
    HAL_GPIO_Init(GPIOA, &GPIO_InitStruct);
 800f01c:	a903      	add	r1, sp, #12
 800f01e:	f04f 4090 	mov.w	r0, #1207959552	@ 0x48000000
 800f022:	f7ff f937 	bl	800e294 <HAL_GPIO_Init>
    HAL_NVIC_SetPriority(CAN1_RX0_IRQn, 5, 0);
 800f026:	2200      	movs	r2, #0
 800f028:	2105      	movs	r1, #5
 800f02a:	2014      	movs	r0, #20
 800f02c:	f7fe ff00 	bl	800de30 <HAL_NVIC_SetPriority>
    HAL_NVIC_EnableIRQ(CAN1_RX0_IRQn);
 800f030:	2014      	movs	r0, #20
 800f032:	f7fe ff0d 	bl	800de50 <HAL_NVIC_EnableIRQ>
    HAL_NVIC_SetPriority(CAN1_RX1_IRQn, 5, 0);
 800f036:	2200      	movs	r2, #0
 800f038:	2105      	movs	r1, #5
 800f03a:	2015      	movs	r0, #21
 800f03c:	f7fe fef8 	bl	800de30 <HAL_NVIC_SetPriority>
    HAL_NVIC_EnableIRQ(CAN1_RX1_IRQn);
 800f040:	2015      	movs	r0, #21
 800f042:	f7fe ff05 	bl	800de50 <HAL_NVIC_EnableIRQ>
    HAL_NVIC_SetPriority(CAN1_TX_IRQn, 6, 0);
 800f046:	2200      	movs	r2, #0
 800f048:	2106      	movs	r1, #6
 800f04a:	2013      	movs	r0, #19
 800f04c:	f7fe fef0 	bl	800de30 <HAL_NVIC_SetPriority>
    HAL_NVIC_EnableIRQ(CAN1_TX_IRQn);
 800f050:	2013      	movs	r0, #19
 800f052:	f7fe fefd 	bl	800de50 <HAL_NVIC_EnableIRQ>
    HAL_NVIC_SetPriority(CAN1_SCE_IRQn, 6, 0);
 800f056:	2200      	movs	r2, #0
 800f058:	2106      	movs	r1, #6
 800f05a:	2016      	movs	r0, #22
 800f05c:	f7fe fee8 	bl	800de30 <HAL_NVIC_SetPriority>
    HAL_NVIC_EnableIRQ(CAN1_SCE_IRQn);
 800f060:	2016      	movs	r0, #22
 800f062:	f7fe fef5 	bl	800de50 <HAL_NVIC_EnableIRQ>
}
 800f066:	e7b9      	b.n	800efdc <HAL_CAN_MspInit+0x18>
 800f068:	40006400 	.word	0x40006400

0800f06c <HAL_CRC_MspInit>:
  * @param hcrc: CRC handle pointer
  * @retval None
  */
void HAL_CRC_MspInit(CRC_HandleTypeDef* hcrc)
{
  if(hcrc->Instance==CRC)
 800f06c:	6802      	ldr	r2, [r0, #0]
 800f06e:	4b09      	ldr	r3, [pc, #36]	@ (800f094 <HAL_CRC_MspInit+0x28>)
 800f070:	429a      	cmp	r2, r3
 800f072:	d000      	beq.n	800f076 <HAL_CRC_MspInit+0xa>
 800f074:	4770      	bx	lr
{
 800f076:	b082      	sub	sp, #8
  {
    /* USER CODE BEGIN CRC_MspInit 0 */

    /* USER CODE END CRC_MspInit 0 */
    /* Peripheral clock enable */
    __HAL_RCC_CRC_CLK_ENABLE();
 800f078:	f5a3 5300 	sub.w	r3, r3, #8192	@ 0x2000
 800f07c:	6c9a      	ldr	r2, [r3, #72]	@ 0x48
 800f07e:	f442 5280 	orr.w	r2, r2, #4096	@ 0x1000
 800f082:	649a      	str	r2, [r3, #72]	@ 0x48
 800f084:	6c9b      	ldr	r3, [r3, #72]	@ 0x48
 800f086:	f403 5380 	and.w	r3, r3, #4096	@ 0x1000
 800f08a:	9301      	str	r3, [sp, #4]
 800f08c:	9b01      	ldr	r3, [sp, #4]

    /* USER CODE END CRC_MspInit 1 */

  }

}
 800f08e:	b002      	add	sp, #8
 800f090:	4770      	bx	lr
 800f092:	bf00      	nop
 800f094:	40023000 	.word	0x40023000

0800f098 <HAL_I2C_MspInit>:
  * This function configures the hardware resources used in this example
  * @param hi2c: I2C handle pointer
  * @retval None
  */
void HAL_I2C_MspInit(I2C_HandleTypeDef* hi2c)
{
 800f098:	e92d 41f0 	stmdb	sp!, {r4, r5, r6, r7, r8, lr}
 800f09c:	b0a0      	sub	sp, #128	@ 0x80
 800f09e:	4604      	mov	r4, r0
  GPIO_InitTypeDef GPIO_InitStruct = {0};
 800f0a0:	2100      	movs	r1, #0
 800f0a2:	911b      	str	r1, [sp, #108]	@ 0x6c
 800f0a4:	911c      	str	r1, [sp, #112]	@ 0x70
 800f0a6:	911d      	str	r1, [sp, #116]	@ 0x74
 800f0a8:	911e      	str	r1, [sp, #120]	@ 0x78
 800f0aa:	911f      	str	r1, [sp, #124]	@ 0x7c
  RCC_PeriphCLKInitTypeDef PeriphClkInit = {0};
 800f0ac:	2254      	movs	r2, #84	@ 0x54
 800f0ae:	a806      	add	r0, sp, #24
 800f0b0:	f002 fa11 	bl	80114d6 <memset>
  if(hi2c->Instance==I2C1)
 800f0b4:	6823      	ldr	r3, [r4, #0]
 800f0b6:	4a40      	ldr	r2, [pc, #256]	@ (800f1b8 <HAL_I2C_MspInit+0x120>)
 800f0b8:	4293      	cmp	r3, r2
 800f0ba:	d005      	beq.n	800f0c8 <HAL_I2C_MspInit+0x30>
    __HAL_RCC_I2C1_CLK_ENABLE();
    /* USER CODE BEGIN I2C1_MspInit 1 */

    /* USER CODE END I2C1_MspInit 1 */
  }
  else if(hi2c->Instance==I2C3)
 800f0bc:	4a3f      	ldr	r2, [pc, #252]	@ (800f1bc <HAL_I2C_MspInit+0x124>)
 800f0be:	4293      	cmp	r3, r2
 800f0c0:	d032      	beq.n	800f128 <HAL_I2C_MspInit+0x90>
    /* USER CODE BEGIN I2C3_MspInit 1 */

    /* USER CODE END I2C3_MspInit 1 */
  }

}
 800f0c2:	b020      	add	sp, #128	@ 0x80
 800f0c4:	e8bd 81f0 	ldmia.w	sp!, {r4, r5, r6, r7, r8, pc}
    PeriphClkInit.PeriphClockSelection = RCC_PERIPHCLK_I2C1;
 800f0c8:	2340      	movs	r3, #64	@ 0x40
 800f0ca:	9306      	str	r3, [sp, #24]
    PeriphClkInit.I2c1ClockSelection = RCC_I2C1CLKSOURCE_HSI;
 800f0cc:	f44f 5300 	mov.w	r3, #8192	@ 0x2000
 800f0d0:	9311      	str	r3, [sp, #68]	@ 0x44
    if (HAL_RCCEx_PeriphCLKConfig(&PeriphClkInit) != HAL_OK)
 800f0d2:	a806      	add	r0, sp, #24
 800f0d4:	f000 fe7e 	bl	800fdd4 <HAL_RCCEx_PeriphCLKConfig>
 800f0d8:	bb18      	cbnz	r0, 800f122 <HAL_I2C_MspInit+0x8a>
    __HAL_RCC_GPIOA_CLK_ENABLE();
 800f0da:	4c39      	ldr	r4, [pc, #228]	@ (800f1c0 <HAL_I2C_MspInit+0x128>)
 800f0dc:	6ce3      	ldr	r3, [r4, #76]	@ 0x4c
 800f0de:	f043 0301 	orr.w	r3, r3, #1
 800f0e2:	64e3      	str	r3, [r4, #76]	@ 0x4c
 800f0e4:	6ce3      	ldr	r3, [r4, #76]	@ 0x4c
 800f0e6:	f003 0301 	and.w	r3, r3, #1
 800f0ea:	9301      	str	r3, [sp, #4]
 800f0ec:	9b01      	ldr	r3, [sp, #4]
    GPIO_InitStruct.Pin = GPIO_PIN_9|GPIO_PIN_10;
 800f0ee:	f44f 63c0 	mov.w	r3, #1536	@ 0x600
 800f0f2:	931b      	str	r3, [sp, #108]	@ 0x6c
    GPIO_InitStruct.Mode = GPIO_MODE_AF_OD;
 800f0f4:	2312      	movs	r3, #18
 800f0f6:	931c      	str	r3, [sp, #112]	@ 0x70
    GPIO_InitStruct.Pull = GPIO_PULLUP;
 800f0f8:	2301      	movs	r3, #1
 800f0fa:	931d      	str	r3, [sp, #116]	@ 0x74
    GPIO_InitStruct.Speed = GPIO_SPEED_FREQ_VERY_HIGH;
 800f0fc:	2303      	movs	r3, #3
 800f0fe:	931e      	str	r3, [sp, #120]	@ 0x78
    GPIO_InitStruct.Alternate = GPIO_AF4_I2C1;
 800f100:	2304      	movs	r3, #4
 800f102:	931f      	str	r3, [sp, #124]	@ 0x7c
    HAL_GPIO_Init(GPIOA, &GPIO_InitStruct);
 800f104:	a91b      	add	r1, sp, #108	@ 0x6c
 800f106:	f04f 4090 	mov.w	r0, #1207959552	@ 0x48000000
 800f10a:	f7ff f8c3 	bl	800e294 <HAL_GPIO_Init>
    __HAL_RCC_I2C1_CLK_ENABLE();
 800f10e:	6da3      	ldr	r3, [r4, #88]	@ 0x58
 800f110:	f443 1300 	orr.w	r3, r3, #2097152	@ 0x200000
 800f114:	65a3      	str	r3, [r4, #88]	@ 0x58
 800f116:	6da3      	ldr	r3, [r4, #88]	@ 0x58
 800f118:	f403 1300 	and.w	r3, r3, #2097152	@ 0x200000
 800f11c:	9302      	str	r3, [sp, #8]
 800f11e:	9b02      	ldr	r3, [sp, #8]
 800f120:	e7cf      	b.n	800f0c2 <HAL_I2C_MspInit+0x2a>
      Error_Handler();
 800f122:	f7fc fad3 	bl	800b6cc <Error_Handler>
 800f126:	e7d8      	b.n	800f0da <HAL_I2C_MspInit+0x42>
    PeriphClkInit.PeriphClockSelection = RCC_PERIPHCLK_I2C3;
 800f128:	f44f 7380 	mov.w	r3, #256	@ 0x100
 800f12c:	9306      	str	r3, [sp, #24]
    PeriphClkInit.I2c3ClockSelection = RCC_I2C3CLKSOURCE_HSI;
 800f12e:	f44f 3300 	mov.w	r3, #131072	@ 0x20000
 800f132:	9312      	str	r3, [sp, #72]	@ 0x48
    if (HAL_RCCEx_PeriphCLKConfig(&PeriphClkInit) != HAL_OK)
 800f134:	a806      	add	r0, sp, #24
 800f136:	f000 fe4d 	bl	800fdd4 <HAL_RCCEx_PeriphCLKConfig>
 800f13a:	2800      	cmp	r0, #0
 800f13c:	d139      	bne.n	800f1b2 <HAL_I2C_MspInit+0x11a>
    __HAL_RCC_I2C3_CLK_ENABLE();
 800f13e:	4b20      	ldr	r3, [pc, #128]	@ (800f1c0 <HAL_I2C_MspInit+0x128>)
 800f140:	6d9a      	ldr	r2, [r3, #88]	@ 0x58
 800f142:	f442 0200 	orr.w	r2, r2, #8388608	@ 0x800000
 800f146:	659a      	str	r2, [r3, #88]	@ 0x58
 800f148:	6d9a      	ldr	r2, [r3, #88]	@ 0x58
 800f14a:	f402 0200 	and.w	r2, r2, #8388608	@ 0x800000
 800f14e:	9203      	str	r2, [sp, #12]
 800f150:	9a03      	ldr	r2, [sp, #12]
    __HAL_RCC_GPIOA_CLK_ENABLE();
 800f152:	6cda      	ldr	r2, [r3, #76]	@ 0x4c
 800f154:	f042 0201 	orr.w	r2, r2, #1
 800f158:	64da      	str	r2, [r3, #76]	@ 0x4c
 800f15a:	6cda      	ldr	r2, [r3, #76]	@ 0x4c
 800f15c:	f002 0201 	and.w	r2, r2, #1
 800f160:	9204      	str	r2, [sp, #16]
 800f162:	9a04      	ldr	r2, [sp, #16]
    __HAL_RCC_GPIOB_CLK_ENABLE();
 800f164:	6cda      	ldr	r2, [r3, #76]	@ 0x4c
 800f166:	f042 0202 	orr.w	r2, r2, #2
 800f16a:	64da      	str	r2, [r3, #76]	@ 0x4c
 800f16c:	6cdb      	ldr	r3, [r3, #76]	@ 0x4c
 800f16e:	f003 0302 	and.w	r3, r3, #2
 800f172:	9305      	str	r3, [sp, #20]
 800f174:	9b05      	ldr	r3, [sp, #20]
    GPIO_InitStruct.Pin = GPIO_PIN_7;
 800f176:	2380      	movs	r3, #128	@ 0x80
 800f178:	931b      	str	r3, [sp, #108]	@ 0x6c
    GPIO_InitStruct.Mode = GPIO_MODE_AF_OD;
 800f17a:	f04f 0812 	mov.w	r8, #18
 800f17e:	f8cd 8070 	str.w	r8, [sp, #112]	@ 0x70
    GPIO_InitStruct.Pull = GPIO_PULLUP;
 800f182:	2701      	movs	r7, #1
 800f184:	971d      	str	r7, [sp, #116]	@ 0x74
    GPIO_InitStruct.Speed = GPIO_SPEED_FREQ_VERY_HIGH;
 800f186:	2603      	movs	r6, #3
 800f188:	961e      	str	r6, [sp, #120]	@ 0x78
    GPIO_InitStruct.Alternate = GPIO_AF4_I2C3;
 800f18a:	2504      	movs	r5, #4
 800f18c:	951f      	str	r5, [sp, #124]	@ 0x7c
    HAL_GPIO_Init(GPIOA, &GPIO_InitStruct);
 800f18e:	ac1b      	add	r4, sp, #108	@ 0x6c
 800f190:	4621      	mov	r1, r4
 800f192:	f04f 4090 	mov.w	r0, #1207959552	@ 0x48000000
 800f196:	f7ff f87d 	bl	800e294 <HAL_GPIO_Init>
    GPIO_InitStruct.Pin = GPIO_PIN_4;
 800f19a:	2310      	movs	r3, #16
 800f19c:	931b      	str	r3, [sp, #108]	@ 0x6c
    GPIO_InitStruct.Mode = GPIO_MODE_AF_OD;
 800f19e:	f8cd 8070 	str.w	r8, [sp, #112]	@ 0x70
    GPIO_InitStruct.Pull = GPIO_PULLUP;
 800f1a2:	971d      	str	r7, [sp, #116]	@ 0x74
    GPIO_InitStruct.Speed = GPIO_SPEED_FREQ_VERY_HIGH;
 800f1a4:	961e      	str	r6, [sp, #120]	@ 0x78
    GPIO_InitStruct.Alternate = GPIO_AF4_I2C3;
 800f1a6:	951f      	str	r5, [sp, #124]	@ 0x7c
    HAL_GPIO_Init(GPIOB, &GPIO_InitStruct);
 800f1a8:	4621      	mov	r1, r4
 800f1aa:	4806      	ldr	r0, [pc, #24]	@ (800f1c4 <HAL_I2C_MspInit+0x12c>)
 800f1ac:	f7ff f872 	bl	800e294 <HAL_GPIO_Init>
}
 800f1b0:	e787      	b.n	800f0c2 <HAL_I2C_MspInit+0x2a>
      Error_Handler();
 800f1b2:	f7fc fa8b 	bl	800b6cc <Error_Handler>
 800f1b6:	e7c2      	b.n	800f13e <HAL_I2C_MspInit+0xa6>
 800f1b8:	40005400 	.word	0x40005400
 800f1bc:	40005c00 	.word	0x40005c00
 800f1c0:	40021000 	.word	0x40021000
 800f1c4:	48000400 	.word	0x48000400

0800f1c8 <HAL_I2C_MspDeInit>:
  * This function freeze the hardware resources used in this example
  * @param hi2c: I2C handle pointer
  * @retval None
  */
void HAL_I2C_MspDeInit(I2C_HandleTypeDef* hi2c)
{
 800f1c8:	b508      	push	{r3, lr}
  if(hi2c->Instance==I2C1)
 800f1ca:	6803      	ldr	r3, [r0, #0]
 800f1cc:	4a14      	ldr	r2, [pc, #80]	@ (800f220 <HAL_I2C_MspDeInit+0x58>)
 800f1ce:	4293      	cmp	r3, r2
 800f1d0:	d003      	beq.n	800f1da <HAL_I2C_MspDeInit+0x12>

    /* USER CODE BEGIN I2C1_MspDeInit 1 */

    /* USER CODE END I2C1_MspDeInit 1 */
  }
  else if(hi2c->Instance==I2C3)
 800f1d2:	4a14      	ldr	r2, [pc, #80]	@ (800f224 <HAL_I2C_MspDeInit+0x5c>)
 800f1d4:	4293      	cmp	r3, r2
 800f1d6:	d013      	beq.n	800f200 <HAL_I2C_MspDeInit+0x38>
    /* USER CODE BEGIN I2C3_MspDeInit 1 */

    /* USER CODE END I2C3_MspDeInit 1 */
  }

}
 800f1d8:	bd08      	pop	{r3, pc}
    __HAL_RCC_I2C1_CLK_DISABLE();
 800f1da:	f502 32de 	add.w	r2, r2, #113664	@ 0x1bc00
 800f1de:	6d93      	ldr	r3, [r2, #88]	@ 0x58
 800f1e0:	f423 1300 	bic.w	r3, r3, #2097152	@ 0x200000
 800f1e4:	6593      	str	r3, [r2, #88]	@ 0x58
    HAL_GPIO_DeInit(GPIOA, GPIO_PIN_9);
 800f1e6:	f44f 7100 	mov.w	r1, #512	@ 0x200
 800f1ea:	f04f 4090 	mov.w	r0, #1207959552	@ 0x48000000
 800f1ee:	f7ff f929 	bl	800e444 <HAL_GPIO_DeInit>
    HAL_GPIO_DeInit(GPIOA, GPIO_PIN_10);
 800f1f2:	f44f 6180 	mov.w	r1, #1024	@ 0x400
 800f1f6:	f04f 4090 	mov.w	r0, #1207959552	@ 0x48000000
 800f1fa:	f7ff f923 	bl	800e444 <HAL_GPIO_DeInit>
 800f1fe:	e7eb      	b.n	800f1d8 <HAL_I2C_MspDeInit+0x10>
    __HAL_RCC_I2C3_CLK_DISABLE();
 800f200:	f502 32da 	add.w	r2, r2, #111616	@ 0x1b400
 800f204:	6d93      	ldr	r3, [r2, #88]	@ 0x58
 800f206:	f423 0300 	bic.w	r3, r3, #8388608	@ 0x800000
 800f20a:	6593      	str	r3, [r2, #88]	@ 0x58
    HAL_GPIO_DeInit(GPIOA, GPIO_PIN_7);
 800f20c:	2180      	movs	r1, #128	@ 0x80
 800f20e:	f04f 4090 	mov.w	r0, #1207959552	@ 0x48000000
 800f212:	f7ff f917 	bl	800e444 <HAL_GPIO_DeInit>
    HAL_GPIO_DeInit(GPIOB, GPIO_PIN_4);
 800f216:	2110      	movs	r1, #16
 800f218:	4803      	ldr	r0, [pc, #12]	@ (800f228 <HAL_I2C_MspDeInit+0x60>)
 800f21a:	f7ff f913 	bl	800e444 <HAL_GPIO_DeInit>
}
 800f21e:	e7db      	b.n	800f1d8 <HAL_I2C_MspDeInit+0x10>
 800f220:	40005400 	.word	0x40005400
 800f224:	40005c00 	.word	0x40005c00
 800f228:	48000400 	.word	0x48000400

0800f22c <HAL_PWREx_GetVoltageRange>:
    else
    {
      return PWR_REGULATOR_VOLTAGE_SCALE1_BOOST;
    }
#else
  return  (PWR->CR1 & PWR_CR1_VOS);
 800f22c:	4b02      	ldr	r3, [pc, #8]	@ (800f238 <HAL_PWREx_GetVoltageRange+0xc>)
 800f22e:	6818      	ldr	r0, [r3, #0]
#endif
}
 800f230:	f400 60c0 	and.w	r0, r0, #1536	@ 0x600
 800f234:	4770      	bx	lr
 800f236:	bf00      	nop
 800f238:	40007000 	.word	0x40007000

0800f23c <HAL_PWREx_ControlVoltageScaling>:
  }

#else

  /* If Set Range 1 */
  if (VoltageScaling == PWR_REGULATOR_VOLTAGE_SCALE1)
 800f23c:	f5b0 7f00 	cmp.w	r0, #512	@ 0x200
 800f240:	d00f      	beq.n	800f262 <HAL_PWREx_ControlVoltageScaling+0x26>
      }
    }
  }
  else
  {
    if (READ_BIT(PWR->CR1, PWR_CR1_VOS) != PWR_REGULATOR_VOLTAGE_SCALE2)
 800f242:	4b1f      	ldr	r3, [pc, #124]	@ (800f2c0 <HAL_PWREx_ControlVoltageScaling+0x84>)
 800f244:	681b      	ldr	r3, [r3, #0]
 800f246:	f403 63c0 	and.w	r3, r3, #1536	@ 0x600
 800f24a:	f5b3 6f80 	cmp.w	r3, #1024	@ 0x400
 800f24e:	d034      	beq.n	800f2ba <HAL_PWREx_ControlVoltageScaling+0x7e>
    {
      /* Set Range 2 */
      MODIFY_REG(PWR->CR1, PWR_CR1_VOS, PWR_REGULATOR_VOLTAGE_SCALE2);
 800f250:	4a1b      	ldr	r2, [pc, #108]	@ (800f2c0 <HAL_PWREx_ControlVoltageScaling+0x84>)
 800f252:	6813      	ldr	r3, [r2, #0]
 800f254:	f423 63c0 	bic.w	r3, r3, #1536	@ 0x600
 800f258:	f443 6380 	orr.w	r3, r3, #1024	@ 0x400
 800f25c:	6013      	str	r3, [r2, #0]
      /* No need to wait for VOSF to be cleared for this transition */
    }
  }
#endif

  return HAL_OK;
 800f25e:	2000      	movs	r0, #0
 800f260:	4770      	bx	lr
    if (READ_BIT(PWR->CR1, PWR_CR1_VOS) != PWR_REGULATOR_VOLTAGE_SCALE1)
 800f262:	4b17      	ldr	r3, [pc, #92]	@ (800f2c0 <HAL_PWREx_ControlVoltageScaling+0x84>)
 800f264:	681b      	ldr	r3, [r3, #0]
 800f266:	f403 63c0 	and.w	r3, r3, #1536	@ 0x600
 800f26a:	f5b3 7f00 	cmp.w	r3, #512	@ 0x200
 800f26e:	d020      	beq.n	800f2b2 <HAL_PWREx_ControlVoltageScaling+0x76>
      MODIFY_REG(PWR->CR1, PWR_CR1_VOS, PWR_REGULATOR_VOLTAGE_SCALE1);
 800f270:	4a13      	ldr	r2, [pc, #76]	@ (800f2c0 <HAL_PWREx_ControlVoltageScaling+0x84>)
 800f272:	6813      	ldr	r3, [r2, #0]
 800f274:	f423 63c0 	bic.w	r3, r3, #1536	@ 0x600
 800f278:	f443 7300 	orr.w	r3, r3, #512	@ 0x200
 800f27c:	6013      	str	r3, [r2, #0]
      wait_loop_index = ((PWR_FLAG_SETTING_DELAY_US * SystemCoreClock) / 1000000U) + 1U;
 800f27e:	4b11      	ldr	r3, [pc, #68]	@ (800f2c4 <HAL_PWREx_ControlVoltageScaling+0x88>)
 800f280:	681b      	ldr	r3, [r3, #0]
 800f282:	2232      	movs	r2, #50	@ 0x32
 800f284:	fb02 f303 	mul.w	r3, r2, r3
 800f288:	4a0f      	ldr	r2, [pc, #60]	@ (800f2c8 <HAL_PWREx_ControlVoltageScaling+0x8c>)
 800f28a:	fba2 2303 	umull	r2, r3, r2, r3
 800f28e:	0c9b      	lsrs	r3, r3, #18
 800f290:	3301      	adds	r3, #1
      while ((HAL_IS_BIT_SET(PWR->SR2, PWR_SR2_VOSF)) && (wait_loop_index != 0U))
 800f292:	e000      	b.n	800f296 <HAL_PWREx_ControlVoltageScaling+0x5a>
        wait_loop_index--;
 800f294:	3b01      	subs	r3, #1
      while ((HAL_IS_BIT_SET(PWR->SR2, PWR_SR2_VOSF)) && (wait_loop_index != 0U))
 800f296:	4a0a      	ldr	r2, [pc, #40]	@ (800f2c0 <HAL_PWREx_ControlVoltageScaling+0x84>)
 800f298:	6952      	ldr	r2, [r2, #20]
 800f29a:	f412 6f80 	tst.w	r2, #1024	@ 0x400
 800f29e:	d001      	beq.n	800f2a4 <HAL_PWREx_ControlVoltageScaling+0x68>
 800f2a0:	2b00      	cmp	r3, #0
 800f2a2:	d1f7      	bne.n	800f294 <HAL_PWREx_ControlVoltageScaling+0x58>
      if (HAL_IS_BIT_SET(PWR->SR2, PWR_SR2_VOSF))
 800f2a4:	4b06      	ldr	r3, [pc, #24]	@ (800f2c0 <HAL_PWREx_ControlVoltageScaling+0x84>)
 800f2a6:	695b      	ldr	r3, [r3, #20]
 800f2a8:	f413 6f80 	tst.w	r3, #1024	@ 0x400
 800f2ac:	d103      	bne.n	800f2b6 <HAL_PWREx_ControlVoltageScaling+0x7a>
  return HAL_OK;
 800f2ae:	2000      	movs	r0, #0
 800f2b0:	4770      	bx	lr
 800f2b2:	2000      	movs	r0, #0
 800f2b4:	4770      	bx	lr
        return HAL_TIMEOUT;
 800f2b6:	2003      	movs	r0, #3
 800f2b8:	4770      	bx	lr
  return HAL_OK;
 800f2ba:	2000      	movs	r0, #0
}
 800f2bc:	4770      	bx	lr
 800f2be:	bf00      	nop
 800f2c0:	40007000 	.word	0x40007000
 800f2c4:	20000054 	.word	0x20000054
 800f2c8:	431bde83 	.word	0x431bde83

0800f2cc <RCC_SetFlashLatencyFromMSIRange>:
            voltage range.
  * @param  msirange  MSI range value from RCC_MSIRANGE_0 to RCC_MSIRANGE_11
  * @retval HAL status
  */
static HAL_StatusTypeDef RCC_SetFlashLatencyFromMSIRange(uint32_t msirange)
{
 800f2cc:	b530      	push	{r4, r5, lr}
 800f2ce:	b083      	sub	sp, #12
 800f2d0:	4604      	mov	r4, r0
  uint32_t vos;
  uint32_t latency = FLASH_LATENCY_0;  /* default value 0WS */

  if(__HAL_RCC_PWR_IS_CLK_ENABLED())
 800f2d2:	4b20      	ldr	r3, [pc, #128]	@ (800f354 <RCC_SetFlashLatencyFromMSIRange+0x88>)
 800f2d4:	6d9b      	ldr	r3, [r3, #88]	@ 0x58
 800f2d6:	f013 5f80 	tst.w	r3, #268435456	@ 0x10000000
 800f2da:	d00b      	beq.n	800f2f4 <RCC_SetFlashLatencyFromMSIRange+0x28>
  {
    vos = HAL_PWREx_GetVoltageRange();
 800f2dc:	f7ff ffa6 	bl	800f22c <HAL_PWREx_GetVoltageRange>
    __HAL_RCC_PWR_CLK_ENABLE();
    vos = HAL_PWREx_GetVoltageRange();
    __HAL_RCC_PWR_CLK_DISABLE();
  }

  if(vos == PWR_REGULATOR_VOLTAGE_SCALE1)
 800f2e0:	f5b0 7f00 	cmp.w	r0, #512	@ 0x200
 800f2e4:	d017      	beq.n	800f316 <RCC_SetFlashLatencyFromMSIRange+0x4a>
        latency = FLASH_LATENCY_1; /* 1WS */
      }
      /* else MSI < 8Mhz default FLASH_LATENCY_0 0WS */
    }
#else
    if(msirange > RCC_MSIRANGE_8)
 800f2e6:	2c80      	cmp	r4, #128	@ 0x80
 800f2e8:	d81f      	bhi.n	800f32a <RCC_SetFlashLatencyFromMSIRange+0x5e>
      /* MSI > 16Mhz */
      latency = FLASH_LATENCY_3; /* 3WS */
    }
    else
    {
      if(msirange == RCC_MSIRANGE_8)
 800f2ea:	d02d      	beq.n	800f348 <RCC_SetFlashLatencyFromMSIRange+0x7c>
      {
        /* MSI 16Mhz */
        latency = FLASH_LATENCY_2; /* 2WS */
      }
      else if(msirange == RCC_MSIRANGE_7)
 800f2ec:	2c70      	cmp	r4, #112	@ 0x70
 800f2ee:	d02d      	beq.n	800f34c <RCC_SetFlashLatencyFromMSIRange+0x80>
  uint32_t latency = FLASH_LATENCY_0;  /* default value 0WS */
 800f2f0:	2100      	movs	r1, #0
 800f2f2:	e01b      	b.n	800f32c <RCC_SetFlashLatencyFromMSIRange+0x60>
    __HAL_RCC_PWR_CLK_ENABLE();
 800f2f4:	4d17      	ldr	r5, [pc, #92]	@ (800f354 <RCC_SetFlashLatencyFromMSIRange+0x88>)
 800f2f6:	6dab      	ldr	r3, [r5, #88]	@ 0x58
 800f2f8:	f043 5380 	orr.w	r3, r3, #268435456	@ 0x10000000
 800f2fc:	65ab      	str	r3, [r5, #88]	@ 0x58
 800f2fe:	6dab      	ldr	r3, [r5, #88]	@ 0x58
 800f300:	f003 5380 	and.w	r3, r3, #268435456	@ 0x10000000
 800f304:	9301      	str	r3, [sp, #4]
 800f306:	9b01      	ldr	r3, [sp, #4]
    vos = HAL_PWREx_GetVoltageRange();
 800f308:	f7ff ff90 	bl	800f22c <HAL_PWREx_GetVoltageRange>
    __HAL_RCC_PWR_CLK_DISABLE();
 800f30c:	6dab      	ldr	r3, [r5, #88]	@ 0x58
 800f30e:	f023 5380 	bic.w	r3, r3, #268435456	@ 0x10000000
 800f312:	65ab      	str	r3, [r5, #88]	@ 0x58
 800f314:	e7e4      	b.n	800f2e0 <RCC_SetFlashLatencyFromMSIRange+0x14>
    if(msirange > RCC_MSIRANGE_8)
 800f316:	2c80      	cmp	r4, #128	@ 0x80
 800f318:	d903      	bls.n	800f322 <RCC_SetFlashLatencyFromMSIRange+0x56>
      if(msirange > RCC_MSIRANGE_10)
 800f31a:	2ca0      	cmp	r4, #160	@ 0xa0
 800f31c:	d903      	bls.n	800f326 <RCC_SetFlashLatencyFromMSIRange+0x5a>
        latency = FLASH_LATENCY_2; /* 2WS */
 800f31e:	2102      	movs	r1, #2
 800f320:	e004      	b.n	800f32c <RCC_SetFlashLatencyFromMSIRange+0x60>
  uint32_t latency = FLASH_LATENCY_0;  /* default value 0WS */
 800f322:	2100      	movs	r1, #0
 800f324:	e002      	b.n	800f32c <RCC_SetFlashLatencyFromMSIRange+0x60>
        latency = FLASH_LATENCY_1; /* 1WS */
 800f326:	2101      	movs	r1, #1
 800f328:	e000      	b.n	800f32c <RCC_SetFlashLatencyFromMSIRange+0x60>
      latency = FLASH_LATENCY_3; /* 3WS */
 800f32a:	2103      	movs	r1, #3
      }
    }
#endif
  }

  __HAL_FLASH_SET_LATENCY(latency);
 800f32c:	4a0a      	ldr	r2, [pc, #40]	@ (800f358 <RCC_SetFlashLatencyFromMSIRange+0x8c>)
 800f32e:	6813      	ldr	r3, [r2, #0]
 800f330:	f023 0307 	bic.w	r3, r3, #7
 800f334:	430b      	orrs	r3, r1
 800f336:	6013      	str	r3, [r2, #0]

  /* Check that the new number of wait states is taken into account to access the Flash
     memory by reading the FLASH_ACR register */
  if(__HAL_FLASH_GET_LATENCY() != latency)
 800f338:	6813      	ldr	r3, [r2, #0]
 800f33a:	f003 0307 	and.w	r3, r3, #7
 800f33e:	428b      	cmp	r3, r1
 800f340:	d106      	bne.n	800f350 <RCC_SetFlashLatencyFromMSIRange+0x84>
  {
    return HAL_ERROR;
  }

  return HAL_OK;
 800f342:	2000      	movs	r0, #0
}
 800f344:	b003      	add	sp, #12
 800f346:	bd30      	pop	{r4, r5, pc}
        latency = FLASH_LATENCY_2; /* 2WS */
 800f348:	2102      	movs	r1, #2
 800f34a:	e7ef      	b.n	800f32c <RCC_SetFlashLatencyFromMSIRange+0x60>
        latency = FLASH_LATENCY_1; /* 1WS */
 800f34c:	2101      	movs	r1, #1
 800f34e:	e7ed      	b.n	800f32c <RCC_SetFlashLatencyFromMSIRange+0x60>
    return HAL_ERROR;
 800f350:	2001      	movs	r0, #1
 800f352:	e7f7      	b.n	800f344 <RCC_SetFlashLatencyFromMSIRange+0x78>
 800f354:	40021000 	.word	0x40021000
 800f358:	40022000 	.word	0x40022000

0800f35c <HAL_RCC_GetSysClockFreq>:
  sysclk_source = __HAL_RCC_GET_SYSCLK_SOURCE();
 800f35c:	4a25      	ldr	r2, [pc, #148]	@ (800f3f4 <HAL_RCC_GetSysClockFreq+0x98>)
 800f35e:	6893      	ldr	r3, [r2, #8]
  pll_oscsource = __HAL_RCC_GET_PLL_OSCSOURCE();
 800f360:	68d2      	ldr	r2, [r2, #12]
 800f362:	f002 0203 	and.w	r2, r2, #3
  if((sysclk_source == RCC_CFGR_SWS_MSI) ||
 800f366:	f013 030c 	ands.w	r3, r3, #12
 800f36a:	d009      	beq.n	800f380 <HAL_RCC_GetSysClockFreq+0x24>
 800f36c:	2b0c      	cmp	r3, #12
 800f36e:	d005      	beq.n	800f37c <HAL_RCC_GetSysClockFreq+0x20>
  else if(sysclk_source == RCC_CFGR_SWS_HSI)
 800f370:	2b04      	cmp	r3, #4
 800f372:	d03b      	beq.n	800f3ec <HAL_RCC_GetSysClockFreq+0x90>
  else if(sysclk_source == RCC_CFGR_SWS_HSE)
 800f374:	2b08      	cmp	r3, #8
 800f376:	d03b      	beq.n	800f3f0 <HAL_RCC_GetSysClockFreq+0x94>
  uint32_t msirange = 0U, sysclockfreq = 0U;
 800f378:	2000      	movs	r0, #0
 800f37a:	e00f      	b.n	800f39c <HAL_RCC_GetSysClockFreq+0x40>
     ((sysclk_source == RCC_CFGR_SWS_PLL) && (pll_oscsource == RCC_PLLSOURCE_MSI)))
 800f37c:	2a01      	cmp	r2, #1
 800f37e:	d1f7      	bne.n	800f370 <HAL_RCC_GetSysClockFreq+0x14>
    if(READ_BIT(RCC->CR, RCC_CR_MSIRGSEL) == 0U)
 800f380:	4a1c      	ldr	r2, [pc, #112]	@ (800f3f4 <HAL_RCC_GetSysClockFreq+0x98>)
 800f382:	6812      	ldr	r2, [r2, #0]
 800f384:	f012 0f08 	tst.w	r2, #8
 800f388:	d10c      	bne.n	800f3a4 <HAL_RCC_GetSysClockFreq+0x48>
      msirange = READ_BIT(RCC->CSR, RCC_CSR_MSISRANGE) >> RCC_CSR_MSISRANGE_Pos;
 800f38a:	4a1a      	ldr	r2, [pc, #104]	@ (800f3f4 <HAL_RCC_GetSysClockFreq+0x98>)
 800f38c:	f8d2 2094 	ldr.w	r2, [r2, #148]	@ 0x94
 800f390:	f3c2 2203 	ubfx	r2, r2, #8, #4
    msirange = MSIRangeTable[msirange];
 800f394:	4918      	ldr	r1, [pc, #96]	@ (800f3f8 <HAL_RCC_GetSysClockFreq+0x9c>)
 800f396:	f851 0022 	ldr.w	r0, [r1, r2, lsl #2]
    if(sysclk_source == RCC_CFGR_SWS_MSI)
 800f39a:	b113      	cbz	r3, 800f3a2 <HAL_RCC_GetSysClockFreq+0x46>
  if(sysclk_source == RCC_CFGR_SWS_PLL)
 800f39c:	2b0c      	cmp	r3, #12
 800f39e:	d006      	beq.n	800f3ae <HAL_RCC_GetSysClockFreq+0x52>
 800f3a0:	2000      	movs	r0, #0
}
 800f3a2:	4770      	bx	lr
      msirange = READ_BIT(RCC->CR, RCC_CR_MSIRANGE) >> RCC_CR_MSIRANGE_Pos;
 800f3a4:	4a13      	ldr	r2, [pc, #76]	@ (800f3f4 <HAL_RCC_GetSysClockFreq+0x98>)
 800f3a6:	6812      	ldr	r2, [r2, #0]
 800f3a8:	f3c2 1203 	ubfx	r2, r2, #4, #4
 800f3ac:	e7f2      	b.n	800f394 <HAL_RCC_GetSysClockFreq+0x38>
    pllsource = READ_BIT(RCC->PLLCFGR, RCC_PLLCFGR_PLLSRC);
 800f3ae:	4b11      	ldr	r3, [pc, #68]	@ (800f3f4 <HAL_RCC_GetSysClockFreq+0x98>)
 800f3b0:	68db      	ldr	r3, [r3, #12]
 800f3b2:	f003 0303 	and.w	r3, r3, #3
    switch (pllsource)
 800f3b6:	2b02      	cmp	r3, #2
 800f3b8:	d016      	beq.n	800f3e8 <HAL_RCC_GetSysClockFreq+0x8c>
 800f3ba:	2b03      	cmp	r3, #3
 800f3bc:	d100      	bne.n	800f3c0 <HAL_RCC_GetSysClockFreq+0x64>
      pllvco = HSE_VALUE;
 800f3be:	480f      	ldr	r0, [pc, #60]	@ (800f3fc <HAL_RCC_GetSysClockFreq+0xa0>)
    pllm = (READ_BIT(RCC->PLLCFGR, RCC_PLLCFGR_PLLM) >> RCC_PLLCFGR_PLLM_Pos) + 1U ;
 800f3c0:	490c      	ldr	r1, [pc, #48]	@ (800f3f4 <HAL_RCC_GetSysClockFreq+0x98>)
 800f3c2:	68ca      	ldr	r2, [r1, #12]
 800f3c4:	f3c2 1202 	ubfx	r2, r2, #4, #3
 800f3c8:	3201      	adds	r2, #1
    pllvco = (pllvco * (READ_BIT(RCC->PLLCFGR, RCC_PLLCFGR_PLLN) >> RCC_PLLCFGR_PLLN_Pos)) / pllm;
 800f3ca:	68cb      	ldr	r3, [r1, #12]
 800f3cc:	f3c3 2306 	ubfx	r3, r3, #8, #7
 800f3d0:	fb00 f303 	mul.w	r3, r0, r3
 800f3d4:	fbb3 f3f2 	udiv	r3, r3, r2
    pllr = ((READ_BIT(RCC->PLLCFGR, RCC_PLLCFGR_PLLR) >> RCC_PLLCFGR_PLLR_Pos) + 1U ) * 2U;
 800f3d8:	68c8      	ldr	r0, [r1, #12]
 800f3da:	f3c0 6041 	ubfx	r0, r0, #25, #2
 800f3de:	3001      	adds	r0, #1
 800f3e0:	0040      	lsls	r0, r0, #1
    sysclockfreq = pllvco / pllr;
 800f3e2:	fbb3 f0f0 	udiv	r0, r3, r0
 800f3e6:	4770      	bx	lr
    switch (pllsource)
 800f3e8:	4805      	ldr	r0, [pc, #20]	@ (800f400 <HAL_RCC_GetSysClockFreq+0xa4>)
 800f3ea:	e7e9      	b.n	800f3c0 <HAL_RCC_GetSysClockFreq+0x64>
    sysclockfreq = HSI_VALUE;
 800f3ec:	4804      	ldr	r0, [pc, #16]	@ (800f400 <HAL_RCC_GetSysClockFreq+0xa4>)
 800f3ee:	4770      	bx	lr
    sysclockfreq = HSE_VALUE;
 800f3f0:	4802      	ldr	r0, [pc, #8]	@ (800f3fc <HAL_RCC_GetSysClockFreq+0xa0>)
 800f3f2:	4770      	bx	lr
 800f3f4:	40021000 	.word	0x40021000
 800f3f8:	08011a10 	.word	0x08011a10
 800f3fc:	007a1200 	.word	0x007a1200
 800f400:	00f42400 	.word	0x00f42400

0800f404 <HAL_RCC_OscConfig>:
  if(RCC_OscInitStruct == NULL)
 800f404:	2800      	cmp	r0, #0
 800f406:	f000 831c 	beq.w	800fa42 <HAL_RCC_OscConfig+0x63e>
{
 800f40a:	b5f0      	push	{r4, r5, r6, r7, lr}
 800f40c:	b083      	sub	sp, #12
 800f40e:	4604      	mov	r4, r0
  sysclk_source = __HAL_RCC_GET_SYSCLK_SOURCE();
 800f410:	4b96      	ldr	r3, [pc, #600]	@ (800f66c <HAL_RCC_OscConfig+0x268>)
 800f412:	689d      	ldr	r5, [r3, #8]
 800f414:	f005 050c 	and.w	r5, r5, #12
  pll_config = __HAL_RCC_GET_PLL_OSCSOURCE();
 800f418:	68de      	ldr	r6, [r3, #12]
 800f41a:	f006 0603 	and.w	r6, r6, #3
  if(((RCC_OscInitStruct->OscillatorType) & RCC_OSCILLATORTYPE_MSI) == RCC_OSCILLATORTYPE_MSI)
 800f41e:	6803      	ldr	r3, [r0, #0]
 800f420:	f013 0f10 	tst.w	r3, #16
 800f424:	d05a      	beq.n	800f4dc <HAL_RCC_OscConfig+0xd8>
    if((sysclk_source == RCC_CFGR_SWS_MSI) ||
 800f426:	b1e5      	cbz	r5, 800f462 <HAL_RCC_OscConfig+0x5e>
 800f428:	2d0c      	cmp	r5, #12
 800f42a:	d018      	beq.n	800f45e <HAL_RCC_OscConfig+0x5a>
      if(RCC_OscInitStruct->MSIState != RCC_MSI_OFF)
 800f42c:	69a3      	ldr	r3, [r4, #24]
 800f42e:	2b00      	cmp	r3, #0
 800f430:	f000 80bb 	beq.w	800f5aa <HAL_RCC_OscConfig+0x1a6>
        __HAL_RCC_MSI_ENABLE();
 800f434:	4a8d      	ldr	r2, [pc, #564]	@ (800f66c <HAL_RCC_OscConfig+0x268>)
 800f436:	6813      	ldr	r3, [r2, #0]
 800f438:	f043 0301 	orr.w	r3, r3, #1
 800f43c:	6013      	str	r3, [r2, #0]
        tickstart = HAL_GetTick();
 800f43e:	f7fd fb63 	bl	800cb08 <HAL_GetTick>
 800f442:	4607      	mov	r7, r0
        while(READ_BIT(RCC->CR, RCC_CR_MSIRDY) == 0U)
 800f444:	4b89      	ldr	r3, [pc, #548]	@ (800f66c <HAL_RCC_OscConfig+0x268>)
 800f446:	681b      	ldr	r3, [r3, #0]
 800f448:	f013 0f02 	tst.w	r3, #2
 800f44c:	f040 809a 	bne.w	800f584 <HAL_RCC_OscConfig+0x180>
          if((HAL_GetTick() - tickstart) > MSI_TIMEOUT_VALUE)
 800f450:	f7fd fb5a 	bl	800cb08 <HAL_GetTick>
 800f454:	1bc0      	subs	r0, r0, r7
 800f456:	2802      	cmp	r0, #2
 800f458:	d9f4      	bls.n	800f444 <HAL_RCC_OscConfig+0x40>
            return HAL_TIMEOUT;
 800f45a:	2003      	movs	r0, #3
 800f45c:	e2fc      	b.n	800fa58 <HAL_RCC_OscConfig+0x654>
       ((sysclk_source == RCC_CFGR_SWS_PLL) && (pll_config == RCC_PLLSOURCE_MSI)))
 800f45e:	2e01      	cmp	r6, #1
 800f460:	d1e4      	bne.n	800f42c <HAL_RCC_OscConfig+0x28>
      if((READ_BIT(RCC->CR, RCC_CR_MSIRDY) != 0U) && (RCC_OscInitStruct->MSIState == RCC_MSI_OFF))
 800f462:	4b82      	ldr	r3, [pc, #520]	@ (800f66c <HAL_RCC_OscConfig+0x268>)
 800f464:	681b      	ldr	r3, [r3, #0]
 800f466:	f013 0f02 	tst.w	r3, #2
 800f46a:	d003      	beq.n	800f474 <HAL_RCC_OscConfig+0x70>
 800f46c:	69a3      	ldr	r3, [r4, #24]
 800f46e:	2b00      	cmp	r3, #0
 800f470:	f000 82e9 	beq.w	800fa46 <HAL_RCC_OscConfig+0x642>
        if(RCC_OscInitStruct->MSIClockRange > __HAL_RCC_GET_MSI_RANGE())
 800f474:	6a20      	ldr	r0, [r4, #32]
 800f476:	4b7d      	ldr	r3, [pc, #500]	@ (800f66c <HAL_RCC_OscConfig+0x268>)
 800f478:	681b      	ldr	r3, [r3, #0]
 800f47a:	f013 0f08 	tst.w	r3, #8
 800f47e:	d05b      	beq.n	800f538 <HAL_RCC_OscConfig+0x134>
 800f480:	4b7a      	ldr	r3, [pc, #488]	@ (800f66c <HAL_RCC_OscConfig+0x268>)
 800f482:	681b      	ldr	r3, [r3, #0]
 800f484:	f003 03f0 	and.w	r3, r3, #240	@ 0xf0
 800f488:	4298      	cmp	r0, r3
 800f48a:	d85c      	bhi.n	800f546 <HAL_RCC_OscConfig+0x142>
          __HAL_RCC_MSI_RANGE_CONFIG(RCC_OscInitStruct->MSIClockRange);
 800f48c:	4b77      	ldr	r3, [pc, #476]	@ (800f66c <HAL_RCC_OscConfig+0x268>)
 800f48e:	681a      	ldr	r2, [r3, #0]
 800f490:	f042 0208 	orr.w	r2, r2, #8
 800f494:	601a      	str	r2, [r3, #0]
 800f496:	681a      	ldr	r2, [r3, #0]
 800f498:	f022 02f0 	bic.w	r2, r2, #240	@ 0xf0
 800f49c:	6a21      	ldr	r1, [r4, #32]
 800f49e:	430a      	orrs	r2, r1
 800f4a0:	601a      	str	r2, [r3, #0]
          __HAL_RCC_MSI_CALIBRATIONVALUE_ADJUST(RCC_OscInitStruct->MSICalibrationValue);
 800f4a2:	685a      	ldr	r2, [r3, #4]
 800f4a4:	f422 427f 	bic.w	r2, r2, #65280	@ 0xff00
 800f4a8:	69e1      	ldr	r1, [r4, #28]
 800f4aa:	ea42 2201 	orr.w	r2, r2, r1, lsl #8
 800f4ae:	605a      	str	r2, [r3, #4]
          if(sysclk_source == RCC_CFGR_SWS_MSI)
 800f4b0:	2d00      	cmp	r5, #0
 800f4b2:	d060      	beq.n	800f576 <HAL_RCC_OscConfig+0x172>
        SystemCoreClock = HAL_RCC_GetSysClockFreq() >> (AHBPrescTable[READ_BIT(RCC->CFGR, RCC_CFGR_HPRE) >> RCC_CFGR_HPRE_Pos] & 0x1FU);
 800f4b4:	f7ff ff52 	bl	800f35c <HAL_RCC_GetSysClockFreq>
 800f4b8:	4b6c      	ldr	r3, [pc, #432]	@ (800f66c <HAL_RCC_OscConfig+0x268>)
 800f4ba:	689b      	ldr	r3, [r3, #8]
 800f4bc:	f3c3 1303 	ubfx	r3, r3, #4, #4
 800f4c0:	4a6b      	ldr	r2, [pc, #428]	@ (800f670 <HAL_RCC_OscConfig+0x26c>)
 800f4c2:	5cd3      	ldrb	r3, [r2, r3]
 800f4c4:	f003 031f 	and.w	r3, r3, #31
 800f4c8:	40d8      	lsrs	r0, r3
 800f4ca:	4b6a      	ldr	r3, [pc, #424]	@ (800f674 <HAL_RCC_OscConfig+0x270>)
 800f4cc:	6018      	str	r0, [r3, #0]
        status = HAL_InitTick(uwTickPrio);
 800f4ce:	4b6a      	ldr	r3, [pc, #424]	@ (800f678 <HAL_RCC_OscConfig+0x274>)
 800f4d0:	6818      	ldr	r0, [r3, #0]
 800f4d2:	f000 ff61 	bl	8010398 <HAL_InitTick>
        if(status != HAL_OK)
 800f4d6:	2800      	cmp	r0, #0
 800f4d8:	f040 82be 	bne.w	800fa58 <HAL_RCC_OscConfig+0x654>
  if(((RCC_OscInitStruct->OscillatorType) & RCC_OSCILLATORTYPE_HSE) == RCC_OSCILLATORTYPE_HSE)
 800f4dc:	6823      	ldr	r3, [r4, #0]
 800f4de:	f013 0f01 	tst.w	r3, #1
 800f4e2:	f000 8081 	beq.w	800f5e8 <HAL_RCC_OscConfig+0x1e4>
    if((sysclk_source == RCC_CFGR_SWS_HSE) ||
 800f4e6:	2d08      	cmp	r5, #8
 800f4e8:	d075      	beq.n	800f5d6 <HAL_RCC_OscConfig+0x1d2>
 800f4ea:	2d0c      	cmp	r5, #12
 800f4ec:	d071      	beq.n	800f5d2 <HAL_RCC_OscConfig+0x1ce>
      __HAL_RCC_HSE_CONFIG(RCC_OscInitStruct->HSEState);
 800f4ee:	6863      	ldr	r3, [r4, #4]
 800f4f0:	f5b3 3f80 	cmp.w	r3, #65536	@ 0x10000
 800f4f4:	f000 8097 	beq.w	800f626 <HAL_RCC_OscConfig+0x222>
 800f4f8:	f5b3 2fa0 	cmp.w	r3, #327680	@ 0x50000
 800f4fc:	f000 8099 	beq.w	800f632 <HAL_RCC_OscConfig+0x22e>
 800f500:	4b5a      	ldr	r3, [pc, #360]	@ (800f66c <HAL_RCC_OscConfig+0x268>)
 800f502:	681a      	ldr	r2, [r3, #0]
 800f504:	f422 3280 	bic.w	r2, r2, #65536	@ 0x10000
 800f508:	601a      	str	r2, [r3, #0]
 800f50a:	681a      	ldr	r2, [r3, #0]
 800f50c:	f422 2280 	bic.w	r2, r2, #262144	@ 0x40000
 800f510:	601a      	str	r2, [r3, #0]
      if(RCC_OscInitStruct->HSEState != RCC_HSE_OFF)
 800f512:	6863      	ldr	r3, [r4, #4]
 800f514:	2b00      	cmp	r3, #0
 800f516:	f000 8099 	beq.w	800f64c <HAL_RCC_OscConfig+0x248>
        tickstart = HAL_GetTick();
 800f51a:	f7fd faf5 	bl	800cb08 <HAL_GetTick>
 800f51e:	4607      	mov	r7, r0
        while(READ_BIT(RCC->CR, RCC_CR_HSERDY) == 0U)
 800f520:	4b52      	ldr	r3, [pc, #328]	@ (800f66c <HAL_RCC_OscConfig+0x268>)
 800f522:	681b      	ldr	r3, [r3, #0]
 800f524:	f413 3f00 	tst.w	r3, #131072	@ 0x20000
 800f528:	d15e      	bne.n	800f5e8 <HAL_RCC_OscConfig+0x1e4>
          if((HAL_GetTick() - tickstart) > HSE_TIMEOUT_VALUE)
 800f52a:	f7fd faed 	bl	800cb08 <HAL_GetTick>
 800f52e:	1bc0      	subs	r0, r0, r7
 800f530:	2864      	cmp	r0, #100	@ 0x64
 800f532:	d9f5      	bls.n	800f520 <HAL_RCC_OscConfig+0x11c>
            return HAL_TIMEOUT;
 800f534:	2003      	movs	r0, #3
 800f536:	e28f      	b.n	800fa58 <HAL_RCC_OscConfig+0x654>
        if(RCC_OscInitStruct->MSIClockRange > __HAL_RCC_GET_MSI_RANGE())
 800f538:	4b4c      	ldr	r3, [pc, #304]	@ (800f66c <HAL_RCC_OscConfig+0x268>)
 800f53a:	f8d3 3094 	ldr.w	r3, [r3, #148]	@ 0x94
 800f53e:	091b      	lsrs	r3, r3, #4
 800f540:	f003 03f0 	and.w	r3, r3, #240	@ 0xf0
 800f544:	e7a0      	b.n	800f488 <HAL_RCC_OscConfig+0x84>
          if(RCC_SetFlashLatencyFromMSIRange(RCC_OscInitStruct->MSIClockRange) != HAL_OK)
 800f546:	f7ff fec1 	bl	800f2cc <RCC_SetFlashLatencyFromMSIRange>
 800f54a:	2800      	cmp	r0, #0
 800f54c:	f040 827d 	bne.w	800fa4a <HAL_RCC_OscConfig+0x646>
          __HAL_RCC_MSI_RANGE_CONFIG(RCC_OscInitStruct->MSIClockRange);
 800f550:	4b46      	ldr	r3, [pc, #280]	@ (800f66c <HAL_RCC_OscConfig+0x268>)
 800f552:	681a      	ldr	r2, [r3, #0]
 800f554:	f042 0208 	orr.w	r2, r2, #8
 800f558:	601a      	str	r2, [r3, #0]
 800f55a:	681a      	ldr	r2, [r3, #0]
 800f55c:	f022 02f0 	bic.w	r2, r2, #240	@ 0xf0
 800f560:	6a21      	ldr	r1, [r4, #32]
 800f562:	430a      	orrs	r2, r1
 800f564:	601a      	str	r2, [r3, #0]
          __HAL_RCC_MSI_CALIBRATIONVALUE_ADJUST(RCC_OscInitStruct->MSICalibrationValue);
 800f566:	685a      	ldr	r2, [r3, #4]
 800f568:	f422 427f 	bic.w	r2, r2, #65280	@ 0xff00
 800f56c:	69e1      	ldr	r1, [r4, #28]
 800f56e:	ea42 2201 	orr.w	r2, r2, r1, lsl #8
 800f572:	605a      	str	r2, [r3, #4]
 800f574:	e79e      	b.n	800f4b4 <HAL_RCC_OscConfig+0xb0>
            if(RCC_SetFlashLatencyFromMSIRange(RCC_OscInitStruct->MSIClockRange) != HAL_OK)
 800f576:	6a20      	ldr	r0, [r4, #32]
 800f578:	f7ff fea8 	bl	800f2cc <RCC_SetFlashLatencyFromMSIRange>
 800f57c:	2800      	cmp	r0, #0
 800f57e:	d099      	beq.n	800f4b4 <HAL_RCC_OscConfig+0xb0>
              return HAL_ERROR;
 800f580:	2001      	movs	r0, #1
 800f582:	e269      	b.n	800fa58 <HAL_RCC_OscConfig+0x654>
        __HAL_RCC_MSI_RANGE_CONFIG(RCC_OscInitStruct->MSIClockRange);
 800f584:	4b39      	ldr	r3, [pc, #228]	@ (800f66c <HAL_RCC_OscConfig+0x268>)
 800f586:	681a      	ldr	r2, [r3, #0]
 800f588:	f042 0208 	orr.w	r2, r2, #8
 800f58c:	601a      	str	r2, [r3, #0]
 800f58e:	681a      	ldr	r2, [r3, #0]
 800f590:	f022 02f0 	bic.w	r2, r2, #240	@ 0xf0
 800f594:	6a21      	ldr	r1, [r4, #32]
 800f596:	430a      	orrs	r2, r1
 800f598:	601a      	str	r2, [r3, #0]
        __HAL_RCC_MSI_CALIBRATIONVALUE_ADJUST(RCC_OscInitStruct->MSICalibrationValue);
 800f59a:	685a      	ldr	r2, [r3, #4]
 800f59c:	f422 427f 	bic.w	r2, r2, #65280	@ 0xff00
 800f5a0:	69e1      	ldr	r1, [r4, #28]
 800f5a2:	ea42 2201 	orr.w	r2, r2, r1, lsl #8
 800f5a6:	605a      	str	r2, [r3, #4]
 800f5a8:	e798      	b.n	800f4dc <HAL_RCC_OscConfig+0xd8>
        __HAL_RCC_MSI_DISABLE();
 800f5aa:	4a30      	ldr	r2, [pc, #192]	@ (800f66c <HAL_RCC_OscConfig+0x268>)
 800f5ac:	6813      	ldr	r3, [r2, #0]
 800f5ae:	f023 0301 	bic.w	r3, r3, #1
 800f5b2:	6013      	str	r3, [r2, #0]
        tickstart = HAL_GetTick();
 800f5b4:	f7fd faa8 	bl	800cb08 <HAL_GetTick>
 800f5b8:	4607      	mov	r7, r0
        while(READ_BIT(RCC->CR, RCC_CR_MSIRDY) != 0U)
 800f5ba:	4b2c      	ldr	r3, [pc, #176]	@ (800f66c <HAL_RCC_OscConfig+0x268>)
 800f5bc:	681b      	ldr	r3, [r3, #0]
 800f5be:	f013 0f02 	tst.w	r3, #2
 800f5c2:	d08b      	beq.n	800f4dc <HAL_RCC_OscConfig+0xd8>
          if((HAL_GetTick() - tickstart) > MSI_TIMEOUT_VALUE)
 800f5c4:	f7fd faa0 	bl	800cb08 <HAL_GetTick>
 800f5c8:	1bc0      	subs	r0, r0, r7
 800f5ca:	2802      	cmp	r0, #2
 800f5cc:	d9f5      	bls.n	800f5ba <HAL_RCC_OscConfig+0x1b6>
            return HAL_TIMEOUT;
 800f5ce:	2003      	movs	r0, #3
 800f5d0:	e242      	b.n	800fa58 <HAL_RCC_OscConfig+0x654>
       ((sysclk_source == RCC_CFGR_SWS_PLL) && (pll_config == RCC_PLLSOURCE_HSE)))
 800f5d2:	2e03      	cmp	r6, #3
 800f5d4:	d18b      	bne.n	800f4ee <HAL_RCC_OscConfig+0xea>
      if((READ_BIT(RCC->CR, RCC_CR_HSERDY) != 0U) && (RCC_OscInitStruct->HSEState == RCC_HSE_OFF))
 800f5d6:	4b25      	ldr	r3, [pc, #148]	@ (800f66c <HAL_RCC_OscConfig+0x268>)
 800f5d8:	681b      	ldr	r3, [r3, #0]
 800f5da:	f413 3f00 	tst.w	r3, #131072	@ 0x20000
 800f5de:	d003      	beq.n	800f5e8 <HAL_RCC_OscConfig+0x1e4>
 800f5e0:	6863      	ldr	r3, [r4, #4]
 800f5e2:	2b00      	cmp	r3, #0
 800f5e4:	f000 8233 	beq.w	800fa4e <HAL_RCC_OscConfig+0x64a>
  if(((RCC_OscInitStruct->OscillatorType) & RCC_OSCILLATORTYPE_HSI) == RCC_OSCILLATORTYPE_HSI)
 800f5e8:	6823      	ldr	r3, [r4, #0]
 800f5ea:	f013 0f02 	tst.w	r3, #2
 800f5ee:	d058      	beq.n	800f6a2 <HAL_RCC_OscConfig+0x29e>
    if((sysclk_source == RCC_CFGR_SWS_HSI) ||
 800f5f0:	2d04      	cmp	r5, #4
 800f5f2:	d045      	beq.n	800f680 <HAL_RCC_OscConfig+0x27c>
 800f5f4:	2d0c      	cmp	r5, #12
 800f5f6:	d041      	beq.n	800f67c <HAL_RCC_OscConfig+0x278>
      if(RCC_OscInitStruct->HSIState != RCC_HSI_OFF)
 800f5f8:	68e3      	ldr	r3, [r4, #12]
 800f5fa:	2b00      	cmp	r3, #0
 800f5fc:	d077      	beq.n	800f6ee <HAL_RCC_OscConfig+0x2ea>
        __HAL_RCC_HSI_ENABLE();
 800f5fe:	4a1b      	ldr	r2, [pc, #108]	@ (800f66c <HAL_RCC_OscConfig+0x268>)
 800f600:	6813      	ldr	r3, [r2, #0]
 800f602:	f443 7380 	orr.w	r3, r3, #256	@ 0x100
 800f606:	6013      	str	r3, [r2, #0]
        tickstart = HAL_GetTick();
 800f608:	f7fd fa7e 	bl	800cb08 <HAL_GetTick>
 800f60c:	4606      	mov	r6, r0
        while(READ_BIT(RCC->CR, RCC_CR_HSIRDY) == 0U)
 800f60e:	4b17      	ldr	r3, [pc, #92]	@ (800f66c <HAL_RCC_OscConfig+0x268>)
 800f610:	681b      	ldr	r3, [r3, #0]
 800f612:	f413 6f80 	tst.w	r3, #1024	@ 0x400
 800f616:	d161      	bne.n	800f6dc <HAL_RCC_OscConfig+0x2d8>
          if((HAL_GetTick() - tickstart) > HSI_TIMEOUT_VALUE)
 800f618:	f7fd fa76 	bl	800cb08 <HAL_GetTick>
 800f61c:	1b80      	subs	r0, r0, r6
 800f61e:	2802      	cmp	r0, #2
 800f620:	d9f5      	bls.n	800f60e <HAL_RCC_OscConfig+0x20a>
            return HAL_TIMEOUT;
 800f622:	2003      	movs	r0, #3
 800f624:	e218      	b.n	800fa58 <HAL_RCC_OscConfig+0x654>
      __HAL_RCC_HSE_CONFIG(RCC_OscInitStruct->HSEState);
 800f626:	4a11      	ldr	r2, [pc, #68]	@ (800f66c <HAL_RCC_OscConfig+0x268>)
 800f628:	6813      	ldr	r3, [r2, #0]
 800f62a:	f443 3380 	orr.w	r3, r3, #65536	@ 0x10000
 800f62e:	6013      	str	r3, [r2, #0]
 800f630:	e76f      	b.n	800f512 <HAL_RCC_OscConfig+0x10e>
 800f632:	f103 4380 	add.w	r3, r3, #1073741824	@ 0x40000000
 800f636:	f5a3 333c 	sub.w	r3, r3, #192512	@ 0x2f000
 800f63a:	681a      	ldr	r2, [r3, #0]
 800f63c:	f442 2280 	orr.w	r2, r2, #262144	@ 0x40000
 800f640:	601a      	str	r2, [r3, #0]
 800f642:	681a      	ldr	r2, [r3, #0]
 800f644:	f442 3280 	orr.w	r2, r2, #65536	@ 0x10000
 800f648:	601a      	str	r2, [r3, #0]
 800f64a:	e762      	b.n	800f512 <HAL_RCC_OscConfig+0x10e>
        tickstart = HAL_GetTick();
 800f64c:	f7fd fa5c 	bl	800cb08 <HAL_GetTick>
 800f650:	4607      	mov	r7, r0
        while(READ_BIT(RCC->CR, RCC_CR_HSERDY) != 0U)
 800f652:	4b06      	ldr	r3, [pc, #24]	@ (800f66c <HAL_RCC_OscConfig+0x268>)
 800f654:	681b      	ldr	r3, [r3, #0]
 800f656:	f413 3f00 	tst.w	r3, #131072	@ 0x20000
 800f65a:	d0c5      	beq.n	800f5e8 <HAL_RCC_OscConfig+0x1e4>
          if((HAL_GetTick() - tickstart) > HSE_TIMEOUT_VALUE)
 800f65c:	f7fd fa54 	bl	800cb08 <HAL_GetTick>
 800f660:	1bc0      	subs	r0, r0, r7
 800f662:	2864      	cmp	r0, #100	@ 0x64
 800f664:	d9f5      	bls.n	800f652 <HAL_RCC_OscConfig+0x24e>
            return HAL_TIMEOUT;
 800f666:	2003      	movs	r0, #3
 800f668:	e1f6      	b.n	800fa58 <HAL_RCC_OscConfig+0x654>
 800f66a:	bf00      	nop
 800f66c:	40021000 	.word	0x40021000
 800f670:	08011a48 	.word	0x08011a48
 800f674:	20000054 	.word	0x20000054
 800f678:	20000030 	.word	0x20000030
       ((sysclk_source == RCC_CFGR_SWS_PLL) && (pll_config == RCC_PLLSOURCE_HSI)))
 800f67c:	2e02      	cmp	r6, #2
 800f67e:	d1bb      	bne.n	800f5f8 <HAL_RCC_OscConfig+0x1f4>
      if((READ_BIT(RCC->CR, RCC_CR_HSIRDY) != 0U) && (RCC_OscInitStruct->HSIState == RCC_HSI_OFF))
 800f680:	4ba4      	ldr	r3, [pc, #656]	@ (800f914 <HAL_RCC_OscConfig+0x510>)
 800f682:	681b      	ldr	r3, [r3, #0]
 800f684:	f413 6f80 	tst.w	r3, #1024	@ 0x400
 800f688:	d003      	beq.n	800f692 <HAL_RCC_OscConfig+0x28e>
 800f68a:	68e3      	ldr	r3, [r4, #12]
 800f68c:	2b00      	cmp	r3, #0
 800f68e:	f000 81e0 	beq.w	800fa52 <HAL_RCC_OscConfig+0x64e>
        __HAL_RCC_HSI_CALIBRATIONVALUE_ADJUST(RCC_OscInitStruct->HSICalibrationValue);
 800f692:	4aa0      	ldr	r2, [pc, #640]	@ (800f914 <HAL_RCC_OscConfig+0x510>)
 800f694:	6853      	ldr	r3, [r2, #4]
 800f696:	f023 53f8 	bic.w	r3, r3, #520093696	@ 0x1f000000
 800f69a:	6921      	ldr	r1, [r4, #16]
 800f69c:	ea43 6301 	orr.w	r3, r3, r1, lsl #24
 800f6a0:	6053      	str	r3, [r2, #4]
  if(((RCC_OscInitStruct->OscillatorType) & RCC_OSCILLATORTYPE_LSI) == RCC_OSCILLATORTYPE_LSI)
 800f6a2:	6823      	ldr	r3, [r4, #0]
 800f6a4:	f013 0f08 	tst.w	r3, #8
 800f6a8:	d04c      	beq.n	800f744 <HAL_RCC_OscConfig+0x340>
    if(RCC_OscInitStruct->LSIState != RCC_LSI_OFF)
 800f6aa:	6963      	ldr	r3, [r4, #20]
 800f6ac:	b39b      	cbz	r3, 800f716 <HAL_RCC_OscConfig+0x312>
      __HAL_RCC_LSI_ENABLE();
 800f6ae:	4a99      	ldr	r2, [pc, #612]	@ (800f914 <HAL_RCC_OscConfig+0x510>)
 800f6b0:	f8d2 3094 	ldr.w	r3, [r2, #148]	@ 0x94
 800f6b4:	f043 0301 	orr.w	r3, r3, #1
 800f6b8:	f8c2 3094 	str.w	r3, [r2, #148]	@ 0x94
      tickstart = HAL_GetTick();
 800f6bc:	f7fd fa24 	bl	800cb08 <HAL_GetTick>
 800f6c0:	4606      	mov	r6, r0
      while(READ_BIT(RCC->CSR, RCC_CSR_LSIRDY) == 0U)
 800f6c2:	4b94      	ldr	r3, [pc, #592]	@ (800f914 <HAL_RCC_OscConfig+0x510>)
 800f6c4:	f8d3 3094 	ldr.w	r3, [r3, #148]	@ 0x94
 800f6c8:	f013 0f02 	tst.w	r3, #2
 800f6cc:	d13a      	bne.n	800f744 <HAL_RCC_OscConfig+0x340>
        if((HAL_GetTick() - tickstart) > LSI_TIMEOUT_VALUE)
 800f6ce:	f7fd fa1b 	bl	800cb08 <HAL_GetTick>
 800f6d2:	1b80      	subs	r0, r0, r6
 800f6d4:	2802      	cmp	r0, #2
 800f6d6:	d9f4      	bls.n	800f6c2 <HAL_RCC_OscConfig+0x2be>
          return HAL_TIMEOUT;
 800f6d8:	2003      	movs	r0, #3
 800f6da:	e1bd      	b.n	800fa58 <HAL_RCC_OscConfig+0x654>
        __HAL_RCC_HSI_CALIBRATIONVALUE_ADJUST(RCC_OscInitStruct->HSICalibrationValue);
 800f6dc:	4a8d      	ldr	r2, [pc, #564]	@ (800f914 <HAL_RCC_OscConfig+0x510>)
 800f6de:	6853      	ldr	r3, [r2, #4]
 800f6e0:	f023 53f8 	bic.w	r3, r3, #520093696	@ 0x1f000000
 800f6e4:	6921      	ldr	r1, [r4, #16]
 800f6e6:	ea43 6301 	orr.w	r3, r3, r1, lsl #24
 800f6ea:	6053      	str	r3, [r2, #4]
 800f6ec:	e7d9      	b.n	800f6a2 <HAL_RCC_OscConfig+0x29e>
        __HAL_RCC_HSI_DISABLE();
 800f6ee:	4a89      	ldr	r2, [pc, #548]	@ (800f914 <HAL_RCC_OscConfig+0x510>)
 800f6f0:	6813      	ldr	r3, [r2, #0]
 800f6f2:	f423 7380 	bic.w	r3, r3, #256	@ 0x100
 800f6f6:	6013      	str	r3, [r2, #0]
        tickstart = HAL_GetTick();
 800f6f8:	f7fd fa06 	bl	800cb08 <HAL_GetTick>
 800f6fc:	4606      	mov	r6, r0
        while(READ_BIT(RCC->CR, RCC_CR_HSIRDY) != 0U)
 800f6fe:	4b85      	ldr	r3, [pc, #532]	@ (800f914 <HAL_RCC_OscConfig+0x510>)
 800f700:	681b      	ldr	r3, [r3, #0]
 800f702:	f413 6f80 	tst.w	r3, #1024	@ 0x400
 800f706:	d0cc      	beq.n	800f6a2 <HAL_RCC_OscConfig+0x29e>
          if((HAL_GetTick() - tickstart) > HSI_TIMEOUT_VALUE)
 800f708:	f7fd f9fe 	bl	800cb08 <HAL_GetTick>
 800f70c:	1b80      	subs	r0, r0, r6
 800f70e:	2802      	cmp	r0, #2
 800f710:	d9f5      	bls.n	800f6fe <HAL_RCC_OscConfig+0x2fa>
            return HAL_TIMEOUT;
 800f712:	2003      	movs	r0, #3
 800f714:	e1a0      	b.n	800fa58 <HAL_RCC_OscConfig+0x654>
      __HAL_RCC_LSI_DISABLE();
 800f716:	4a7f      	ldr	r2, [pc, #508]	@ (800f914 <HAL_RCC_OscConfig+0x510>)
 800f718:	f8d2 3094 	ldr.w	r3, [r2, #148]	@ 0x94
 800f71c:	f023 0301 	bic.w	r3, r3, #1
 800f720:	f8c2 3094 	str.w	r3, [r2, #148]	@ 0x94
      tickstart = HAL_GetTick();
 800f724:	f7fd f9f0 	bl	800cb08 <HAL_GetTick>
 800f728:	4606      	mov	r6, r0
      while(READ_BIT(RCC->CSR, RCC_CSR_LSIRDY) != 0U)
 800f72a:	4b7a      	ldr	r3, [pc, #488]	@ (800f914 <HAL_RCC_OscConfig+0x510>)
 800f72c:	f8d3 3094 	ldr.w	r3, [r3, #148]	@ 0x94
 800f730:	f013 0f02 	tst.w	r3, #2
 800f734:	d006      	beq.n	800f744 <HAL_RCC_OscConfig+0x340>
        if((HAL_GetTick() - tickstart) > LSI_TIMEOUT_VALUE)
 800f736:	f7fd f9e7 	bl	800cb08 <HAL_GetTick>
 800f73a:	1b80      	subs	r0, r0, r6
 800f73c:	2802      	cmp	r0, #2
 800f73e:	d9f4      	bls.n	800f72a <HAL_RCC_OscConfig+0x326>
          return HAL_TIMEOUT;
 800f740:	2003      	movs	r0, #3
 800f742:	e189      	b.n	800fa58 <HAL_RCC_OscConfig+0x654>
  if(((RCC_OscInitStruct->OscillatorType) & RCC_OSCILLATORTYPE_LSE) == RCC_OSCILLATORTYPE_LSE)
 800f744:	6823      	ldr	r3, [r4, #0]
 800f746:	f013 0f04 	tst.w	r3, #4
 800f74a:	d07a      	beq.n	800f842 <HAL_RCC_OscConfig+0x43e>
    if(HAL_IS_BIT_CLR(RCC->APB1ENR1, RCC_APB1ENR1_PWREN))
 800f74c:	4b71      	ldr	r3, [pc, #452]	@ (800f914 <HAL_RCC_OscConfig+0x510>)
 800f74e:	6d9b      	ldr	r3, [r3, #88]	@ 0x58
 800f750:	f013 5f80 	tst.w	r3, #268435456	@ 0x10000000
 800f754:	d136      	bne.n	800f7c4 <HAL_RCC_OscConfig+0x3c0>
      __HAL_RCC_PWR_CLK_ENABLE();
 800f756:	4b6f      	ldr	r3, [pc, #444]	@ (800f914 <HAL_RCC_OscConfig+0x510>)
 800f758:	6d9a      	ldr	r2, [r3, #88]	@ 0x58
 800f75a:	f042 5280 	orr.w	r2, r2, #268435456	@ 0x10000000
 800f75e:	659a      	str	r2, [r3, #88]	@ 0x58
 800f760:	6d9b      	ldr	r3, [r3, #88]	@ 0x58
 800f762:	f003 5380 	and.w	r3, r3, #268435456	@ 0x10000000
 800f766:	9301      	str	r3, [sp, #4]
 800f768:	9b01      	ldr	r3, [sp, #4]
      pwrclkchanged = SET;
 800f76a:	2601      	movs	r6, #1
    if(HAL_IS_BIT_CLR(PWR->CR1, PWR_CR1_DBP))
 800f76c:	4b6a      	ldr	r3, [pc, #424]	@ (800f918 <HAL_RCC_OscConfig+0x514>)
 800f76e:	681b      	ldr	r3, [r3, #0]
 800f770:	f413 7f80 	tst.w	r3, #256	@ 0x100
 800f774:	d028      	beq.n	800f7c8 <HAL_RCC_OscConfig+0x3c4>
    __HAL_RCC_LSE_CONFIG(RCC_OscInitStruct->LSEState);
 800f776:	68a3      	ldr	r3, [r4, #8]
 800f778:	2b01      	cmp	r3, #1
 800f77a:	d039      	beq.n	800f7f0 <HAL_RCC_OscConfig+0x3ec>
 800f77c:	2b05      	cmp	r3, #5
 800f77e:	d03f      	beq.n	800f800 <HAL_RCC_OscConfig+0x3fc>
 800f780:	4b64      	ldr	r3, [pc, #400]	@ (800f914 <HAL_RCC_OscConfig+0x510>)
 800f782:	f8d3 2090 	ldr.w	r2, [r3, #144]	@ 0x90
 800f786:	f022 0201 	bic.w	r2, r2, #1
 800f78a:	f8c3 2090 	str.w	r2, [r3, #144]	@ 0x90
 800f78e:	f8d3 2090 	ldr.w	r2, [r3, #144]	@ 0x90
 800f792:	f022 0204 	bic.w	r2, r2, #4
 800f796:	f8c3 2090 	str.w	r2, [r3, #144]	@ 0x90
    if(RCC_OscInitStruct->LSEState != RCC_LSE_OFF)
 800f79a:	68a3      	ldr	r3, [r4, #8]
 800f79c:	2b00      	cmp	r3, #0
 800f79e:	d03d      	beq.n	800f81c <HAL_RCC_OscConfig+0x418>
      tickstart = HAL_GetTick();
 800f7a0:	f7fd f9b2 	bl	800cb08 <HAL_GetTick>
 800f7a4:	4607      	mov	r7, r0
      while(READ_BIT(RCC->BDCR, RCC_BDCR_LSERDY) == 0U)
 800f7a6:	4b5b      	ldr	r3, [pc, #364]	@ (800f914 <HAL_RCC_OscConfig+0x510>)
 800f7a8:	f8d3 3090 	ldr.w	r3, [r3, #144]	@ 0x90
 800f7ac:	f013 0f02 	tst.w	r3, #2
 800f7b0:	d146      	bne.n	800f840 <HAL_RCC_OscConfig+0x43c>
        if((HAL_GetTick() - tickstart) > RCC_LSE_TIMEOUT_VALUE)
 800f7b2:	f7fd f9a9 	bl	800cb08 <HAL_GetTick>
 800f7b6:	1bc0      	subs	r0, r0, r7
 800f7b8:	f241 3388 	movw	r3, #5000	@ 0x1388
 800f7bc:	4298      	cmp	r0, r3
 800f7be:	d9f2      	bls.n	800f7a6 <HAL_RCC_OscConfig+0x3a2>
          return HAL_TIMEOUT;
 800f7c0:	2003      	movs	r0, #3
 800f7c2:	e149      	b.n	800fa58 <HAL_RCC_OscConfig+0x654>
    FlagStatus       pwrclkchanged = RESET;
 800f7c4:	2600      	movs	r6, #0
 800f7c6:	e7d1      	b.n	800f76c <HAL_RCC_OscConfig+0x368>
      SET_BIT(PWR->CR1, PWR_CR1_DBP);
 800f7c8:	4a53      	ldr	r2, [pc, #332]	@ (800f918 <HAL_RCC_OscConfig+0x514>)
 800f7ca:	6813      	ldr	r3, [r2, #0]
 800f7cc:	f443 7380 	orr.w	r3, r3, #256	@ 0x100
 800f7d0:	6013      	str	r3, [r2, #0]
      tickstart = HAL_GetTick();
 800f7d2:	f7fd f999 	bl	800cb08 <HAL_GetTick>
 800f7d6:	4607      	mov	r7, r0
      while(HAL_IS_BIT_CLR(PWR->CR1, PWR_CR1_DBP))
 800f7d8:	4b4f      	ldr	r3, [pc, #316]	@ (800f918 <HAL_RCC_OscConfig+0x514>)
 800f7da:	681b      	ldr	r3, [r3, #0]
 800f7dc:	f413 7f80 	tst.w	r3, #256	@ 0x100
 800f7e0:	d1c9      	bne.n	800f776 <HAL_RCC_OscConfig+0x372>
        if((HAL_GetTick() - tickstart) > RCC_DBP_TIMEOUT_VALUE)
 800f7e2:	f7fd f991 	bl	800cb08 <HAL_GetTick>
 800f7e6:	1bc0      	subs	r0, r0, r7
 800f7e8:	2802      	cmp	r0, #2
 800f7ea:	d9f5      	bls.n	800f7d8 <HAL_RCC_OscConfig+0x3d4>
          return HAL_TIMEOUT;
 800f7ec:	2003      	movs	r0, #3
 800f7ee:	e133      	b.n	800fa58 <HAL_RCC_OscConfig+0x654>
    __HAL_RCC_LSE_CONFIG(RCC_OscInitStruct->LSEState);
 800f7f0:	4a48      	ldr	r2, [pc, #288]	@ (800f914 <HAL_RCC_OscConfig+0x510>)
 800f7f2:	f8d2 3090 	ldr.w	r3, [r2, #144]	@ 0x90
 800f7f6:	f043 0301 	orr.w	r3, r3, #1
 800f7fa:	f8c2 3090 	str.w	r3, [r2, #144]	@ 0x90
 800f7fe:	e7cc      	b.n	800f79a <HAL_RCC_OscConfig+0x396>
 800f800:	4b44      	ldr	r3, [pc, #272]	@ (800f914 <HAL_RCC_OscConfig+0x510>)
 800f802:	f8d3 2090 	ldr.w	r2, [r3, #144]	@ 0x90
 800f806:	f042 0204 	orr.w	r2, r2, #4
 800f80a:	f8c3 2090 	str.w	r2, [r3, #144]	@ 0x90
 800f80e:	f8d3 2090 	ldr.w	r2, [r3, #144]	@ 0x90
 800f812:	f042 0201 	orr.w	r2, r2, #1
 800f816:	f8c3 2090 	str.w	r2, [r3, #144]	@ 0x90
 800f81a:	e7be      	b.n	800f79a <HAL_RCC_OscConfig+0x396>
      tickstart = HAL_GetTick();
 800f81c:	f7fd f974 	bl	800cb08 <HAL_GetTick>
 800f820:	4607      	mov	r7, r0
      while(READ_BIT(RCC->BDCR, RCC_BDCR_LSERDY) != 0U)
 800f822:	4b3c      	ldr	r3, [pc, #240]	@ (800f914 <HAL_RCC_OscConfig+0x510>)
 800f824:	f8d3 3090 	ldr.w	r3, [r3, #144]	@ 0x90
 800f828:	f013 0f02 	tst.w	r3, #2
 800f82c:	d008      	beq.n	800f840 <HAL_RCC_OscConfig+0x43c>
        if((HAL_GetTick() - tickstart) > RCC_LSE_TIMEOUT_VALUE)
 800f82e:	f7fd f96b 	bl	800cb08 <HAL_GetTick>
 800f832:	1bc0      	subs	r0, r0, r7
 800f834:	f241 3388 	movw	r3, #5000	@ 0x1388
 800f838:	4298      	cmp	r0, r3
 800f83a:	d9f2      	bls.n	800f822 <HAL_RCC_OscConfig+0x41e>
          return HAL_TIMEOUT;
 800f83c:	2003      	movs	r0, #3
 800f83e:	e10b      	b.n	800fa58 <HAL_RCC_OscConfig+0x654>
    if(pwrclkchanged == SET)
 800f840:	b9e6      	cbnz	r6, 800f87c <HAL_RCC_OscConfig+0x478>
  if(((RCC_OscInitStruct->OscillatorType) & RCC_OSCILLATORTYPE_HSI48) == RCC_OSCILLATORTYPE_HSI48)
 800f842:	6823      	ldr	r3, [r4, #0]
 800f844:	f013 0f20 	tst.w	r3, #32
 800f848:	d035      	beq.n	800f8b6 <HAL_RCC_OscConfig+0x4b2>
    if(RCC_OscInitStruct->HSI48State != RCC_HSI48_OFF)
 800f84a:	6a63      	ldr	r3, [r4, #36]	@ 0x24
 800f84c:	b1e3      	cbz	r3, 800f888 <HAL_RCC_OscConfig+0x484>
      __HAL_RCC_HSI48_ENABLE();
 800f84e:	4a31      	ldr	r2, [pc, #196]	@ (800f914 <HAL_RCC_OscConfig+0x510>)
 800f850:	f8d2 3098 	ldr.w	r3, [r2, #152]	@ 0x98
 800f854:	f043 0301 	orr.w	r3, r3, #1
 800f858:	f8c2 3098 	str.w	r3, [r2, #152]	@ 0x98
      tickstart = HAL_GetTick();
 800f85c:	f7fd f954 	bl	800cb08 <HAL_GetTick>
 800f860:	4606      	mov	r6, r0
      while(READ_BIT(RCC->CRRCR, RCC_CRRCR_HSI48RDY) == 0U)
 800f862:	4b2c      	ldr	r3, [pc, #176]	@ (800f914 <HAL_RCC_OscConfig+0x510>)
 800f864:	f8d3 3098 	ldr.w	r3, [r3, #152]	@ 0x98
 800f868:	f013 0f02 	tst.w	r3, #2
 800f86c:	d123      	bne.n	800f8b6 <HAL_RCC_OscConfig+0x4b2>
        if((HAL_GetTick() - tickstart) > HSI48_TIMEOUT_VALUE)
 800f86e:	f7fd f94b 	bl	800cb08 <HAL_GetTick>
 800f872:	1b80      	subs	r0, r0, r6
 800f874:	2802      	cmp	r0, #2
 800f876:	d9f4      	bls.n	800f862 <HAL_RCC_OscConfig+0x45e>
          return HAL_TIMEOUT;
 800f878:	2003      	movs	r0, #3
 800f87a:	e0ed      	b.n	800fa58 <HAL_RCC_OscConfig+0x654>
      __HAL_RCC_PWR_CLK_DISABLE();
 800f87c:	4a25      	ldr	r2, [pc, #148]	@ (800f914 <HAL_RCC_OscConfig+0x510>)
 800f87e:	6d93      	ldr	r3, [r2, #88]	@ 0x58
 800f880:	f023 5380 	bic.w	r3, r3, #268435456	@ 0x10000000
 800f884:	6593      	str	r3, [r2, #88]	@ 0x58
 800f886:	e7dc      	b.n	800f842 <HAL_RCC_OscConfig+0x43e>
      __HAL_RCC_HSI48_DISABLE();
 800f888:	4a22      	ldr	r2, [pc, #136]	@ (800f914 <HAL_RCC_OscConfig+0x510>)
 800f88a:	f8d2 3098 	ldr.w	r3, [r2, #152]	@ 0x98
 800f88e:	f023 0301 	bic.w	r3, r3, #1
 800f892:	f8c2 3098 	str.w	r3, [r2, #152]	@ 0x98
      tickstart = HAL_GetTick();
 800f896:	f7fd f937 	bl	800cb08 <HAL_GetTick>
 800f89a:	4606      	mov	r6, r0
      while(READ_BIT(RCC->CRRCR, RCC_CRRCR_HSI48RDY) != 0U)
 800f89c:	4b1d      	ldr	r3, [pc, #116]	@ (800f914 <HAL_RCC_OscConfig+0x510>)
 800f89e:	f8d3 3098 	ldr.w	r3, [r3, #152]	@ 0x98
 800f8a2:	f013 0f02 	tst.w	r3, #2
 800f8a6:	d006      	beq.n	800f8b6 <HAL_RCC_OscConfig+0x4b2>
        if((HAL_GetTick() - tickstart) > HSI48_TIMEOUT_VALUE)
 800f8a8:	f7fd f92e 	bl	800cb08 <HAL_GetTick>
 800f8ac:	1b80      	subs	r0, r0, r6
 800f8ae:	2802      	cmp	r0, #2
 800f8b0:	d9f4      	bls.n	800f89c <HAL_RCC_OscConfig+0x498>
          return HAL_TIMEOUT;
 800f8b2:	2003      	movs	r0, #3
 800f8b4:	e0d0      	b.n	800fa58 <HAL_RCC_OscConfig+0x654>
  if(RCC_OscInitStruct->PLL.PLLState != RCC_PLL_NONE)
 800f8b6:	6aa3      	ldr	r3, [r4, #40]	@ 0x28
 800f8b8:	2b00      	cmp	r3, #0
 800f8ba:	f000 80cc 	beq.w	800fa56 <HAL_RCC_OscConfig+0x652>
    if(RCC_OscInitStruct->PLL.PLLState == RCC_PLL_ON)
 800f8be:	2b02      	cmp	r3, #2
 800f8c0:	d017      	beq.n	800f8f2 <HAL_RCC_OscConfig+0x4ee>
      if(sysclk_source != RCC_CFGR_SWS_PLL)
 800f8c2:	2d0c      	cmp	r5, #12
 800f8c4:	f000 80cc 	beq.w	800fa60 <HAL_RCC_OscConfig+0x65c>
        __HAL_RCC_PLL_DISABLE();
 800f8c8:	4a12      	ldr	r2, [pc, #72]	@ (800f914 <HAL_RCC_OscConfig+0x510>)
 800f8ca:	6813      	ldr	r3, [r2, #0]
 800f8cc:	f023 7380 	bic.w	r3, r3, #16777216	@ 0x1000000
 800f8d0:	6013      	str	r3, [r2, #0]
        tickstart = HAL_GetTick();
 800f8d2:	f7fd f919 	bl	800cb08 <HAL_GetTick>
 800f8d6:	4604      	mov	r4, r0
        while(READ_BIT(RCC->CR, RCC_CR_PLLRDY) != 0U)
 800f8d8:	4b0e      	ldr	r3, [pc, #56]	@ (800f914 <HAL_RCC_OscConfig+0x510>)
 800f8da:	681b      	ldr	r3, [r3, #0]
 800f8dc:	f013 7f00 	tst.w	r3, #33554432	@ 0x2000000
 800f8e0:	f000 80a8 	beq.w	800fa34 <HAL_RCC_OscConfig+0x630>
          if((HAL_GetTick() - tickstart) > PLL_TIMEOUT_VALUE)
 800f8e4:	f7fd f910 	bl	800cb08 <HAL_GetTick>
 800f8e8:	1b00      	subs	r0, r0, r4
 800f8ea:	2802      	cmp	r0, #2
 800f8ec:	d9f4      	bls.n	800f8d8 <HAL_RCC_OscConfig+0x4d4>
            return HAL_TIMEOUT;
 800f8ee:	2003      	movs	r0, #3
 800f8f0:	e0b2      	b.n	800fa58 <HAL_RCC_OscConfig+0x654>
      pll_config = RCC->PLLCFGR;
 800f8f2:	4b08      	ldr	r3, [pc, #32]	@ (800f914 <HAL_RCC_OscConfig+0x510>)
 800f8f4:	68db      	ldr	r3, [r3, #12]
      if((READ_BIT(pll_config, RCC_PLLCFGR_PLLSRC)  != RCC_OscInitStruct->PLL.PLLSource) ||
 800f8f6:	f003 0103 	and.w	r1, r3, #3
 800f8fa:	6ae2      	ldr	r2, [r4, #44]	@ 0x2c
 800f8fc:	4291      	cmp	r1, r2
 800f8fe:	d00d      	beq.n	800f91c <HAL_RCC_OscConfig+0x518>
        if(sysclk_source != RCC_CFGR_SWS_PLL)
 800f900:	2d0c      	cmp	r5, #12
 800f902:	f000 80ab 	beq.w	800fa5c <HAL_RCC_OscConfig+0x658>
          if((READ_BIT(RCC->CR, RCC_CR_PLLSAI1ON) != 0U)
 800f906:	4b03      	ldr	r3, [pc, #12]	@ (800f914 <HAL_RCC_OscConfig+0x510>)
 800f908:	681b      	ldr	r3, [r3, #0]
 800f90a:	f013 6f80 	tst.w	r3, #67108864	@ 0x4000000
 800f90e:	d02f      	beq.n	800f970 <HAL_RCC_OscConfig+0x56c>
            return HAL_ERROR;
 800f910:	2001      	movs	r0, #1
 800f912:	e0a1      	b.n	800fa58 <HAL_RCC_OscConfig+0x654>
 800f914:	40021000 	.word	0x40021000
 800f918:	40007000 	.word	0x40007000
         (READ_BIT(pll_config, RCC_PLLCFGR_PLLM)    != ((RCC_OscInitStruct->PLL.PLLM - 1U) << RCC_PLLCFGR_PLLM_Pos)) ||
 800f91c:	f003 0270 	and.w	r2, r3, #112	@ 0x70
 800f920:	6b21      	ldr	r1, [r4, #48]	@ 0x30
 800f922:	3901      	subs	r1, #1
      if((READ_BIT(pll_config, RCC_PLLCFGR_PLLSRC)  != RCC_OscInitStruct->PLL.PLLSource) ||
 800f924:	ebb2 1f01 	cmp.w	r2, r1, lsl #4
 800f928:	d1ea      	bne.n	800f900 <HAL_RCC_OscConfig+0x4fc>
         (READ_BIT(pll_config, RCC_PLLCFGR_PLLN)    != (RCC_OscInitStruct->PLL.PLLN << RCC_PLLCFGR_PLLN_Pos)) ||
 800f92a:	f403 42fe 	and.w	r2, r3, #32512	@ 0x7f00
 800f92e:	6b61      	ldr	r1, [r4, #52]	@ 0x34
         (READ_BIT(pll_config, RCC_PLLCFGR_PLLM)    != ((RCC_OscInitStruct->PLL.PLLM - 1U) << RCC_PLLCFGR_PLLM_Pos)) ||
 800f930:	ebb2 2f01 	cmp.w	r2, r1, lsl #8
 800f934:	d1e4      	bne.n	800f900 <HAL_RCC_OscConfig+0x4fc>
         (READ_BIT(pll_config, RCC_PLLCFGR_PLLPDIV) != (RCC_OscInitStruct->PLL.PLLP << RCC_PLLCFGR_PLLPDIV_Pos)) ||
 800f936:	f003 4278 	and.w	r2, r3, #4160749568	@ 0xf8000000
 800f93a:	6ba1      	ldr	r1, [r4, #56]	@ 0x38
         (READ_BIT(pll_config, RCC_PLLCFGR_PLLN)    != (RCC_OscInitStruct->PLL.PLLN << RCC_PLLCFGR_PLLN_Pos)) ||
 800f93c:	ebb2 6fc1 	cmp.w	r2, r1, lsl #27
 800f940:	d1de      	bne.n	800f900 <HAL_RCC_OscConfig+0x4fc>
         (READ_BIT(pll_config, RCC_PLLCFGR_PLLQ)    != ((((RCC_OscInitStruct->PLL.PLLQ) >> 1U) - 1U) << RCC_PLLCFGR_PLLQ_Pos)) ||
 800f942:	f403 01c0 	and.w	r1, r3, #6291456	@ 0x600000
 800f946:	6be2      	ldr	r2, [r4, #60]	@ 0x3c
 800f948:	0852      	lsrs	r2, r2, #1
 800f94a:	3a01      	subs	r2, #1
         (READ_BIT(pll_config, RCC_PLLCFGR_PLLPDIV) != (RCC_OscInitStruct->PLL.PLLP << RCC_PLLCFGR_PLLPDIV_Pos)) ||
 800f94c:	ebb1 5f42 	cmp.w	r1, r2, lsl #21
 800f950:	d1d6      	bne.n	800f900 <HAL_RCC_OscConfig+0x4fc>
         (READ_BIT(pll_config, RCC_PLLCFGR_PLLR)    != ((((RCC_OscInitStruct->PLL.PLLR) >> 1U) - 1U) << RCC_PLLCFGR_PLLR_Pos)))
 800f952:	f003 63c0 	and.w	r3, r3, #100663296	@ 0x6000000
 800f956:	6c22      	ldr	r2, [r4, #64]	@ 0x40
 800f958:	0852      	lsrs	r2, r2, #1
 800f95a:	3a01      	subs	r2, #1
         (READ_BIT(pll_config, RCC_PLLCFGR_PLLQ)    != ((((RCC_OscInitStruct->PLL.PLLQ) >> 1U) - 1U) << RCC_PLLCFGR_PLLQ_Pos)) ||
 800f95c:	ebb3 6f42 	cmp.w	r3, r2, lsl #25
 800f960:	d1ce      	bne.n	800f900 <HAL_RCC_OscConfig+0x4fc>
        if(READ_BIT(RCC->CR, RCC_CR_PLLRDY) == 0U)
 800f962:	4b40      	ldr	r3, [pc, #256]	@ (800fa64 <HAL_RCC_OscConfig+0x660>)
 800f964:	681b      	ldr	r3, [r3, #0]
 800f966:	f013 7f00 	tst.w	r3, #33554432	@ 0x2000000
 800f96a:	d049      	beq.n	800fa00 <HAL_RCC_OscConfig+0x5fc>
  return HAL_OK;
 800f96c:	2000      	movs	r0, #0
 800f96e:	e073      	b.n	800fa58 <HAL_RCC_OscConfig+0x654>
            __HAL_RCC_PLL_DISABLE();
 800f970:	4a3c      	ldr	r2, [pc, #240]	@ (800fa64 <HAL_RCC_OscConfig+0x660>)
 800f972:	6813      	ldr	r3, [r2, #0]
 800f974:	f023 7380 	bic.w	r3, r3, #16777216	@ 0x1000000
 800f978:	6013      	str	r3, [r2, #0]
            tickstart = HAL_GetTick();
 800f97a:	f7fd f8c5 	bl	800cb08 <HAL_GetTick>
 800f97e:	4605      	mov	r5, r0
            while(READ_BIT(RCC->CR, RCC_CR_PLLRDY) != 0U)
 800f980:	4b38      	ldr	r3, [pc, #224]	@ (800fa64 <HAL_RCC_OscConfig+0x660>)
 800f982:	681b      	ldr	r3, [r3, #0]
 800f984:	f013 7f00 	tst.w	r3, #33554432	@ 0x2000000
 800f988:	d006      	beq.n	800f998 <HAL_RCC_OscConfig+0x594>
              if((HAL_GetTick() - tickstart) > PLL_TIMEOUT_VALUE)
 800f98a:	f7fd f8bd 	bl	800cb08 <HAL_GetTick>
 800f98e:	1b40      	subs	r0, r0, r5
 800f990:	2802      	cmp	r0, #2
 800f992:	d9f5      	bls.n	800f980 <HAL_RCC_OscConfig+0x57c>
                return HAL_TIMEOUT;
 800f994:	2003      	movs	r0, #3
 800f996:	e05f      	b.n	800fa58 <HAL_RCC_OscConfig+0x654>
            __HAL_RCC_PLL_CONFIG(RCC_OscInitStruct->PLL.PLLSource,
 800f998:	4a32      	ldr	r2, [pc, #200]	@ (800fa64 <HAL_RCC_OscConfig+0x660>)
 800f99a:	68d3      	ldr	r3, [r2, #12]
 800f99c:	4932      	ldr	r1, [pc, #200]	@ (800fa68 <HAL_RCC_OscConfig+0x664>)
 800f99e:	4019      	ands	r1, r3
 800f9a0:	6ae3      	ldr	r3, [r4, #44]	@ 0x2c
 800f9a2:	6b20      	ldr	r0, [r4, #48]	@ 0x30
 800f9a4:	3801      	subs	r0, #1
 800f9a6:	ea43 1300 	orr.w	r3, r3, r0, lsl #4
 800f9aa:	6b60      	ldr	r0, [r4, #52]	@ 0x34
 800f9ac:	ea43 2300 	orr.w	r3, r3, r0, lsl #8
 800f9b0:	6be0      	ldr	r0, [r4, #60]	@ 0x3c
 800f9b2:	0840      	lsrs	r0, r0, #1
 800f9b4:	3801      	subs	r0, #1
 800f9b6:	ea43 5340 	orr.w	r3, r3, r0, lsl #21
 800f9ba:	6c20      	ldr	r0, [r4, #64]	@ 0x40
 800f9bc:	0840      	lsrs	r0, r0, #1
 800f9be:	3801      	subs	r0, #1
 800f9c0:	ea43 6340 	orr.w	r3, r3, r0, lsl #25
 800f9c4:	6ba0      	ldr	r0, [r4, #56]	@ 0x38
 800f9c6:	ea43 63c0 	orr.w	r3, r3, r0, lsl #27
 800f9ca:	4319      	orrs	r1, r3
 800f9cc:	60d1      	str	r1, [r2, #12]
            __HAL_RCC_PLL_ENABLE();
 800f9ce:	6813      	ldr	r3, [r2, #0]
 800f9d0:	f043 7380 	orr.w	r3, r3, #16777216	@ 0x1000000
 800f9d4:	6013      	str	r3, [r2, #0]
            __HAL_RCC_PLLCLKOUT_ENABLE(RCC_PLL_SYSCLK);
 800f9d6:	68d3      	ldr	r3, [r2, #12]
 800f9d8:	f043 7380 	orr.w	r3, r3, #16777216	@ 0x1000000
 800f9dc:	60d3      	str	r3, [r2, #12]
            tickstart = HAL_GetTick();
 800f9de:	f7fd f893 	bl	800cb08 <HAL_GetTick>
 800f9e2:	4604      	mov	r4, r0
            while(READ_BIT(RCC->CR, RCC_CR_PLLRDY) == 0U)
 800f9e4:	4b1f      	ldr	r3, [pc, #124]	@ (800fa64 <HAL_RCC_OscConfig+0x660>)
 800f9e6:	681b      	ldr	r3, [r3, #0]
 800f9e8:	f013 7f00 	tst.w	r3, #33554432	@ 0x2000000
 800f9ec:	d106      	bne.n	800f9fc <HAL_RCC_OscConfig+0x5f8>
              if((HAL_GetTick() - tickstart) > PLL_TIMEOUT_VALUE)
 800f9ee:	f7fd f88b 	bl	800cb08 <HAL_GetTick>
 800f9f2:	1b00      	subs	r0, r0, r4
 800f9f4:	2802      	cmp	r0, #2
 800f9f6:	d9f5      	bls.n	800f9e4 <HAL_RCC_OscConfig+0x5e0>
                return HAL_TIMEOUT;
 800f9f8:	2003      	movs	r0, #3
 800f9fa:	e02d      	b.n	800fa58 <HAL_RCC_OscConfig+0x654>
  return HAL_OK;
 800f9fc:	2000      	movs	r0, #0
 800f9fe:	e02b      	b.n	800fa58 <HAL_RCC_OscConfig+0x654>
          __HAL_RCC_PLL_ENABLE();
 800fa00:	4b18      	ldr	r3, [pc, #96]	@ (800fa64 <HAL_RCC_OscConfig+0x660>)
 800fa02:	681a      	ldr	r2, [r3, #0]
 800fa04:	f042 7280 	orr.w	r2, r2, #16777216	@ 0x1000000
 800fa08:	601a      	str	r2, [r3, #0]
          __HAL_RCC_PLLCLKOUT_ENABLE(RCC_PLL_SYSCLK);
 800fa0a:	68da      	ldr	r2, [r3, #12]
 800fa0c:	f042 7280 	orr.w	r2, r2, #16777216	@ 0x1000000
 800fa10:	60da      	str	r2, [r3, #12]
          tickstart = HAL_GetTick();
 800fa12:	f7fd f879 	bl	800cb08 <HAL_GetTick>
 800fa16:	4604      	mov	r4, r0
          while(READ_BIT(RCC->CR, RCC_CR_PLLRDY) == 0U)
 800fa18:	4b12      	ldr	r3, [pc, #72]	@ (800fa64 <HAL_RCC_OscConfig+0x660>)
 800fa1a:	681b      	ldr	r3, [r3, #0]
 800fa1c:	f013 7f00 	tst.w	r3, #33554432	@ 0x2000000
 800fa20:	d106      	bne.n	800fa30 <HAL_RCC_OscConfig+0x62c>
            if((HAL_GetTick() - tickstart) > PLL_TIMEOUT_VALUE)
 800fa22:	f7fd f871 	bl	800cb08 <HAL_GetTick>
 800fa26:	1b03      	subs	r3, r0, r4
 800fa28:	2b02      	cmp	r3, #2
 800fa2a:	d9f5      	bls.n	800fa18 <HAL_RCC_OscConfig+0x614>
              return HAL_TIMEOUT;
 800fa2c:	2003      	movs	r0, #3
 800fa2e:	e013      	b.n	800fa58 <HAL_RCC_OscConfig+0x654>
  return HAL_OK;
 800fa30:	2000      	movs	r0, #0
 800fa32:	e011      	b.n	800fa58 <HAL_RCC_OscConfig+0x654>
        RCC->PLLCFGR &= ~(RCC_PLLCFGR_PLLSRC | RCC_PLL_SYSCLK | RCC_PLL_48M1CLK | RCC_PLL_SAI2CLK);
 800fa34:	4a0b      	ldr	r2, [pc, #44]	@ (800fa64 <HAL_RCC_OscConfig+0x660>)
 800fa36:	68d1      	ldr	r1, [r2, #12]
 800fa38:	4b0c      	ldr	r3, [pc, #48]	@ (800fa6c <HAL_RCC_OscConfig+0x668>)
 800fa3a:	400b      	ands	r3, r1
 800fa3c:	60d3      	str	r3, [r2, #12]
  return HAL_OK;
 800fa3e:	2000      	movs	r0, #0
 800fa40:	e00a      	b.n	800fa58 <HAL_RCC_OscConfig+0x654>
    return HAL_ERROR;
 800fa42:	2001      	movs	r0, #1
}
 800fa44:	4770      	bx	lr
        return HAL_ERROR;
 800fa46:	2001      	movs	r0, #1
 800fa48:	e006      	b.n	800fa58 <HAL_RCC_OscConfig+0x654>
            return HAL_ERROR;
 800fa4a:	2001      	movs	r0, #1
 800fa4c:	e004      	b.n	800fa58 <HAL_RCC_OscConfig+0x654>
        return HAL_ERROR;
 800fa4e:	2001      	movs	r0, #1
 800fa50:	e002      	b.n	800fa58 <HAL_RCC_OscConfig+0x654>
        return HAL_ERROR;
 800fa52:	2001      	movs	r0, #1
 800fa54:	e000      	b.n	800fa58 <HAL_RCC_OscConfig+0x654>
  return HAL_OK;
 800fa56:	2000      	movs	r0, #0
}
 800fa58:	b003      	add	sp, #12
 800fa5a:	bdf0      	pop	{r4, r5, r6, r7, pc}
          return HAL_ERROR;
 800fa5c:	2001      	movs	r0, #1
 800fa5e:	e7fb      	b.n	800fa58 <HAL_RCC_OscConfig+0x654>
        return HAL_ERROR;
 800fa60:	2001      	movs	r0, #1
 800fa62:	e7f9      	b.n	800fa58 <HAL_RCC_OscConfig+0x654>
 800fa64:	40021000 	.word	0x40021000
 800fa68:	019d808c 	.word	0x019d808c
 800fa6c:	feeefffc 	.word	0xfeeefffc

0800fa70 <HAL_RCC_ClockConfig>:
  if(RCC_ClkInitStruct == NULL)
 800fa70:	2800      	cmp	r0, #0
 800fa72:	f000 80af 	beq.w	800fbd4 <HAL_RCC_ClockConfig+0x164>
{
 800fa76:	b570      	push	{r4, r5, r6, lr}
 800fa78:	460d      	mov	r5, r1
 800fa7a:	4604      	mov	r4, r0
  if(FLatency > __HAL_FLASH_GET_LATENCY())
 800fa7c:	4b59      	ldr	r3, [pc, #356]	@ (800fbe4 <HAL_RCC_ClockConfig+0x174>)
 800fa7e:	681b      	ldr	r3, [r3, #0]
 800fa80:	f003 0307 	and.w	r3, r3, #7
 800fa84:	428b      	cmp	r3, r1
 800fa86:	d20b      	bcs.n	800faa0 <HAL_RCC_ClockConfig+0x30>
    __HAL_FLASH_SET_LATENCY(FLatency);
 800fa88:	4a56      	ldr	r2, [pc, #344]	@ (800fbe4 <HAL_RCC_ClockConfig+0x174>)
 800fa8a:	6813      	ldr	r3, [r2, #0]
 800fa8c:	f023 0307 	bic.w	r3, r3, #7
 800fa90:	430b      	orrs	r3, r1
 800fa92:	6013      	str	r3, [r2, #0]
    if(__HAL_FLASH_GET_LATENCY() != FLatency)
 800fa94:	6813      	ldr	r3, [r2, #0]
 800fa96:	f003 0307 	and.w	r3, r3, #7
 800fa9a:	428b      	cmp	r3, r1
 800fa9c:	f040 809c 	bne.w	800fbd8 <HAL_RCC_ClockConfig+0x168>
  if(((RCC_ClkInitStruct->ClockType) & RCC_CLOCKTYPE_HCLK) == RCC_CLOCKTYPE_HCLK)
 800faa0:	6823      	ldr	r3, [r4, #0]
 800faa2:	f013 0f02 	tst.w	r3, #2
 800faa6:	d00c      	beq.n	800fac2 <HAL_RCC_ClockConfig+0x52>
    if(RCC_ClkInitStruct->AHBCLKDivider > READ_BIT(RCC->CFGR, RCC_CFGR_HPRE))
 800faa8:	68a2      	ldr	r2, [r4, #8]
 800faaa:	4b4f      	ldr	r3, [pc, #316]	@ (800fbe8 <HAL_RCC_ClockConfig+0x178>)
 800faac:	689b      	ldr	r3, [r3, #8]
 800faae:	f003 03f0 	and.w	r3, r3, #240	@ 0xf0
 800fab2:	429a      	cmp	r2, r3
 800fab4:	d905      	bls.n	800fac2 <HAL_RCC_ClockConfig+0x52>
      MODIFY_REG(RCC->CFGR, RCC_CFGR_HPRE, RCC_ClkInitStruct->AHBCLKDivider);
 800fab6:	494c      	ldr	r1, [pc, #304]	@ (800fbe8 <HAL_RCC_ClockConfig+0x178>)
 800fab8:	688b      	ldr	r3, [r1, #8]
 800faba:	f023 03f0 	bic.w	r3, r3, #240	@ 0xf0
 800fabe:	431a      	orrs	r2, r3
 800fac0:	608a      	str	r2, [r1, #8]
  if(((RCC_ClkInitStruct->ClockType) & RCC_CLOCKTYPE_SYSCLK) == RCC_CLOCKTYPE_SYSCLK)
 800fac2:	6823      	ldr	r3, [r4, #0]
 800fac4:	f013 0f01 	tst.w	r3, #1
 800fac8:	d039      	beq.n	800fb3e <HAL_RCC_ClockConfig+0xce>
    if(RCC_ClkInitStruct->SYSCLKSource == RCC_SYSCLKSOURCE_PLLCLK)
 800faca:	6863      	ldr	r3, [r4, #4]
 800facc:	2b03      	cmp	r3, #3
 800face:	d009      	beq.n	800fae4 <HAL_RCC_ClockConfig+0x74>
      if(RCC_ClkInitStruct->SYSCLKSource == RCC_SYSCLKSOURCE_HSE)
 800fad0:	2b02      	cmp	r3, #2
 800fad2:	d026      	beq.n	800fb22 <HAL_RCC_ClockConfig+0xb2>
      else if(RCC_ClkInitStruct->SYSCLKSource == RCC_SYSCLKSOURCE_MSI)
 800fad4:	bb63      	cbnz	r3, 800fb30 <HAL_RCC_ClockConfig+0xc0>
        if(READ_BIT(RCC->CR, RCC_CR_MSIRDY) == 0U)
 800fad6:	4a44      	ldr	r2, [pc, #272]	@ (800fbe8 <HAL_RCC_ClockConfig+0x178>)
 800fad8:	6812      	ldr	r2, [r2, #0]
 800fada:	f012 0f02 	tst.w	r2, #2
 800fade:	d106      	bne.n	800faee <HAL_RCC_ClockConfig+0x7e>
          return HAL_ERROR;
 800fae0:	2001      	movs	r0, #1
 800fae2:	e076      	b.n	800fbd2 <HAL_RCC_ClockConfig+0x162>
      if(READ_BIT(RCC->CR, RCC_CR_PLLRDY) == 0U)
 800fae4:	4a40      	ldr	r2, [pc, #256]	@ (800fbe8 <HAL_RCC_ClockConfig+0x178>)
 800fae6:	6812      	ldr	r2, [r2, #0]
 800fae8:	f012 7f00 	tst.w	r2, #33554432	@ 0x2000000
 800faec:	d076      	beq.n	800fbdc <HAL_RCC_ClockConfig+0x16c>
    MODIFY_REG(RCC->CFGR, RCC_CFGR_SW, RCC_ClkInitStruct->SYSCLKSource);
 800faee:	493e      	ldr	r1, [pc, #248]	@ (800fbe8 <HAL_RCC_ClockConfig+0x178>)
 800faf0:	688a      	ldr	r2, [r1, #8]
 800faf2:	f022 0203 	bic.w	r2, r2, #3
 800faf6:	4313      	orrs	r3, r2
 800faf8:	608b      	str	r3, [r1, #8]
    tickstart = HAL_GetTick();
 800fafa:	f7fd f805 	bl	800cb08 <HAL_GetTick>
 800fafe:	4606      	mov	r6, r0
    while(__HAL_RCC_GET_SYSCLK_SOURCE() != (RCC_ClkInitStruct->SYSCLKSource << RCC_CFGR_SWS_Pos))
 800fb00:	4b39      	ldr	r3, [pc, #228]	@ (800fbe8 <HAL_RCC_ClockConfig+0x178>)
 800fb02:	689b      	ldr	r3, [r3, #8]
 800fb04:	f003 030c 	and.w	r3, r3, #12
 800fb08:	6862      	ldr	r2, [r4, #4]
 800fb0a:	ebb3 0f82 	cmp.w	r3, r2, lsl #2
 800fb0e:	d016      	beq.n	800fb3e <HAL_RCC_ClockConfig+0xce>
      if((HAL_GetTick() - tickstart) > CLOCKSWITCH_TIMEOUT_VALUE)
 800fb10:	f7fc fffa 	bl	800cb08 <HAL_GetTick>
 800fb14:	1b80      	subs	r0, r0, r6
 800fb16:	f241 3388 	movw	r3, #5000	@ 0x1388
 800fb1a:	4298      	cmp	r0, r3
 800fb1c:	d9f0      	bls.n	800fb00 <HAL_RCC_ClockConfig+0x90>
        return HAL_TIMEOUT;
 800fb1e:	2003      	movs	r0, #3
 800fb20:	e057      	b.n	800fbd2 <HAL_RCC_ClockConfig+0x162>
        if(READ_BIT(RCC->CR, RCC_CR_HSERDY) == 0U)
 800fb22:	4a31      	ldr	r2, [pc, #196]	@ (800fbe8 <HAL_RCC_ClockConfig+0x178>)
 800fb24:	6812      	ldr	r2, [r2, #0]
 800fb26:	f412 3f00 	tst.w	r2, #131072	@ 0x20000
 800fb2a:	d1e0      	bne.n	800faee <HAL_RCC_ClockConfig+0x7e>
          return HAL_ERROR;
 800fb2c:	2001      	movs	r0, #1
 800fb2e:	e050      	b.n	800fbd2 <HAL_RCC_ClockConfig+0x162>
        if(READ_BIT(RCC->CR, RCC_CR_HSIRDY) == 0U)
 800fb30:	4a2d      	ldr	r2, [pc, #180]	@ (800fbe8 <HAL_RCC_ClockConfig+0x178>)
 800fb32:	6812      	ldr	r2, [r2, #0]
 800fb34:	f412 6f80 	tst.w	r2, #1024	@ 0x400
 800fb38:	d1d9      	bne.n	800faee <HAL_RCC_ClockConfig+0x7e>
          return HAL_ERROR;
 800fb3a:	2001      	movs	r0, #1
 800fb3c:	e049      	b.n	800fbd2 <HAL_RCC_ClockConfig+0x162>
  if(((RCC_ClkInitStruct->ClockType) & RCC_CLOCKTYPE_HCLK) == RCC_CLOCKTYPE_HCLK)
 800fb3e:	6823      	ldr	r3, [r4, #0]
 800fb40:	f013 0f02 	tst.w	r3, #2
 800fb44:	d00c      	beq.n	800fb60 <HAL_RCC_ClockConfig+0xf0>
    if(RCC_ClkInitStruct->AHBCLKDivider < READ_BIT(RCC->CFGR, RCC_CFGR_HPRE))
 800fb46:	68a2      	ldr	r2, [r4, #8]
 800fb48:	4b27      	ldr	r3, [pc, #156]	@ (800fbe8 <HAL_RCC_ClockConfig+0x178>)
 800fb4a:	689b      	ldr	r3, [r3, #8]
 800fb4c:	f003 03f0 	and.w	r3, r3, #240	@ 0xf0
 800fb50:	429a      	cmp	r2, r3
 800fb52:	d205      	bcs.n	800fb60 <HAL_RCC_ClockConfig+0xf0>
      MODIFY_REG(RCC->CFGR, RCC_CFGR_HPRE, RCC_ClkInitStruct->AHBCLKDivider);
 800fb54:	4924      	ldr	r1, [pc, #144]	@ (800fbe8 <HAL_RCC_ClockConfig+0x178>)
 800fb56:	688b      	ldr	r3, [r1, #8]
 800fb58:	f023 03f0 	bic.w	r3, r3, #240	@ 0xf0
 800fb5c:	431a      	orrs	r2, r3
 800fb5e:	608a      	str	r2, [r1, #8]
  if(FLatency < __HAL_FLASH_GET_LATENCY())
 800fb60:	4b20      	ldr	r3, [pc, #128]	@ (800fbe4 <HAL_RCC_ClockConfig+0x174>)
 800fb62:	681b      	ldr	r3, [r3, #0]
 800fb64:	f003 0307 	and.w	r3, r3, #7
 800fb68:	42ab      	cmp	r3, r5
 800fb6a:	d90a      	bls.n	800fb82 <HAL_RCC_ClockConfig+0x112>
    __HAL_FLASH_SET_LATENCY(FLatency);
 800fb6c:	4a1d      	ldr	r2, [pc, #116]	@ (800fbe4 <HAL_RCC_ClockConfig+0x174>)
 800fb6e:	6813      	ldr	r3, [r2, #0]
 800fb70:	f023 0307 	bic.w	r3, r3, #7
 800fb74:	432b      	orrs	r3, r5
 800fb76:	6013      	str	r3, [r2, #0]
    if(__HAL_FLASH_GET_LATENCY() != FLatency)
 800fb78:	6813      	ldr	r3, [r2, #0]
 800fb7a:	f003 0307 	and.w	r3, r3, #7
 800fb7e:	42ab      	cmp	r3, r5
 800fb80:	d12e      	bne.n	800fbe0 <HAL_RCC_ClockConfig+0x170>
  if(((RCC_ClkInitStruct->ClockType) & RCC_CLOCKTYPE_PCLK1) == RCC_CLOCKTYPE_PCLK1)
 800fb82:	6823      	ldr	r3, [r4, #0]
 800fb84:	f013 0f04 	tst.w	r3, #4
 800fb88:	d006      	beq.n	800fb98 <HAL_RCC_ClockConfig+0x128>
    MODIFY_REG(RCC->CFGR, RCC_CFGR_PPRE1, RCC_ClkInitStruct->APB1CLKDivider);
 800fb8a:	4a17      	ldr	r2, [pc, #92]	@ (800fbe8 <HAL_RCC_ClockConfig+0x178>)
 800fb8c:	6893      	ldr	r3, [r2, #8]
 800fb8e:	f423 63e0 	bic.w	r3, r3, #1792	@ 0x700
 800fb92:	68e1      	ldr	r1, [r4, #12]
 800fb94:	430b      	orrs	r3, r1
 800fb96:	6093      	str	r3, [r2, #8]
  if(((RCC_ClkInitStruct->ClockType) & RCC_CLOCKTYPE_PCLK2) == RCC_CLOCKTYPE_PCLK2)
 800fb98:	6823      	ldr	r3, [r4, #0]
 800fb9a:	f013 0f08 	tst.w	r3, #8
 800fb9e:	d007      	beq.n	800fbb0 <HAL_RCC_ClockConfig+0x140>
    MODIFY_REG(RCC->CFGR, RCC_CFGR_PPRE2, ((RCC_ClkInitStruct->APB2CLKDivider) << 3U));
 800fba0:	4a11      	ldr	r2, [pc, #68]	@ (800fbe8 <HAL_RCC_ClockConfig+0x178>)
 800fba2:	6893      	ldr	r3, [r2, #8]
 800fba4:	f423 5360 	bic.w	r3, r3, #14336	@ 0x3800
 800fba8:	6921      	ldr	r1, [r4, #16]
 800fbaa:	ea43 03c1 	orr.w	r3, r3, r1, lsl #3
 800fbae:	6093      	str	r3, [r2, #8]
  SystemCoreClock = HAL_RCC_GetSysClockFreq() >> (AHBPrescTable[READ_BIT(RCC->CFGR, RCC_CFGR_HPRE) >> RCC_CFGR_HPRE_Pos] & 0x1FU);
 800fbb0:	f7ff fbd4 	bl	800f35c <HAL_RCC_GetSysClockFreq>
 800fbb4:	4b0c      	ldr	r3, [pc, #48]	@ (800fbe8 <HAL_RCC_ClockConfig+0x178>)
 800fbb6:	689b      	ldr	r3, [r3, #8]
 800fbb8:	f3c3 1303 	ubfx	r3, r3, #4, #4
 800fbbc:	4a0b      	ldr	r2, [pc, #44]	@ (800fbec <HAL_RCC_ClockConfig+0x17c>)
 800fbbe:	5cd3      	ldrb	r3, [r2, r3]
 800fbc0:	f003 031f 	and.w	r3, r3, #31
 800fbc4:	40d8      	lsrs	r0, r3
 800fbc6:	4b0a      	ldr	r3, [pc, #40]	@ (800fbf0 <HAL_RCC_ClockConfig+0x180>)
 800fbc8:	6018      	str	r0, [r3, #0]
  status = HAL_InitTick(uwTickPrio);
 800fbca:	4b0a      	ldr	r3, [pc, #40]	@ (800fbf4 <HAL_RCC_ClockConfig+0x184>)
 800fbcc:	6818      	ldr	r0, [r3, #0]
 800fbce:	f000 fbe3 	bl	8010398 <HAL_InitTick>
}
 800fbd2:	bd70      	pop	{r4, r5, r6, pc}
    return HAL_ERROR;
 800fbd4:	2001      	movs	r0, #1
}
 800fbd6:	4770      	bx	lr
      return HAL_ERROR;
 800fbd8:	2001      	movs	r0, #1
 800fbda:	e7fa      	b.n	800fbd2 <HAL_RCC_ClockConfig+0x162>
        return HAL_ERROR;
 800fbdc:	2001      	movs	r0, #1
 800fbde:	e7f8      	b.n	800fbd2 <HAL_RCC_ClockConfig+0x162>
      return HAL_ERROR;
 800fbe0:	2001      	movs	r0, #1
 800fbe2:	e7f6      	b.n	800fbd2 <HAL_RCC_ClockConfig+0x162>
 800fbe4:	40022000 	.word	0x40022000
 800fbe8:	40021000 	.word	0x40021000
 800fbec:	08011a48 	.word	0x08011a48
 800fbf0:	20000054 	.word	0x20000054
 800fbf4:	20000030 	.word	0x20000030

0800fbf8 <HAL_RCC_GetHCLKFreq>:
}
 800fbf8:	4b01      	ldr	r3, [pc, #4]	@ (800fc00 <HAL_RCC_GetHCLKFreq+0x8>)
 800fbfa:	6818      	ldr	r0, [r3, #0]
 800fbfc:	4770      	bx	lr
 800fbfe:	bf00      	nop
 800fc00:	20000054 	.word	0x20000054

0800fc04 <HAL_RCC_GetPCLK1Freq>:
{
 800fc04:	b508      	push	{r3, lr}
  return (HAL_RCC_GetHCLKFreq() >> (APBPrescTable[READ_BIT(RCC->CFGR, RCC_CFGR_PPRE1) >> RCC_CFGR_PPRE1_Pos] & 0x1FU));
 800fc06:	f7ff fff7 	bl	800fbf8 <HAL_RCC_GetHCLKFreq>
 800fc0a:	4b05      	ldr	r3, [pc, #20]	@ (800fc20 <HAL_RCC_GetPCLK1Freq+0x1c>)
 800fc0c:	689b      	ldr	r3, [r3, #8]
 800fc0e:	f3c3 2302 	ubfx	r3, r3, #8, #3
 800fc12:	4a04      	ldr	r2, [pc, #16]	@ (800fc24 <HAL_RCC_GetPCLK1Freq+0x20>)
 800fc14:	5cd3      	ldrb	r3, [r2, r3]
 800fc16:	f003 031f 	and.w	r3, r3, #31
}
 800fc1a:	40d8      	lsrs	r0, r3
 800fc1c:	bd08      	pop	{r3, pc}
 800fc1e:	bf00      	nop
 800fc20:	40021000 	.word	0x40021000
 800fc24:	08011a40 	.word	0x08011a40

0800fc28 <HAL_RCC_GetClockConfig>:
  RCC_ClkInitStruct->ClockType = RCC_CLOCKTYPE_SYSCLK | RCC_CLOCKTYPE_HCLK | RCC_CLOCKTYPE_PCLK1 | RCC_CLOCKTYPE_PCLK2;
 800fc28:	230f      	movs	r3, #15
 800fc2a:	6003      	str	r3, [r0, #0]
  RCC_ClkInitStruct->SYSCLKSource = READ_BIT(RCC->CFGR, RCC_CFGR_SW);
 800fc2c:	4b0b      	ldr	r3, [pc, #44]	@ (800fc5c <HAL_RCC_GetClockConfig+0x34>)
 800fc2e:	689a      	ldr	r2, [r3, #8]
 800fc30:	f002 0203 	and.w	r2, r2, #3
 800fc34:	6042      	str	r2, [r0, #4]
  RCC_ClkInitStruct->AHBCLKDivider = READ_BIT(RCC->CFGR, RCC_CFGR_HPRE);
 800fc36:	689a      	ldr	r2, [r3, #8]
 800fc38:	f002 02f0 	and.w	r2, r2, #240	@ 0xf0
 800fc3c:	6082      	str	r2, [r0, #8]
  RCC_ClkInitStruct->APB1CLKDivider = READ_BIT(RCC->CFGR, RCC_CFGR_PPRE1);
 800fc3e:	689a      	ldr	r2, [r3, #8]
 800fc40:	f402 62e0 	and.w	r2, r2, #1792	@ 0x700
 800fc44:	60c2      	str	r2, [r0, #12]
  RCC_ClkInitStruct->APB2CLKDivider = (READ_BIT(RCC->CFGR, RCC_CFGR_PPRE2) >> 3U);
 800fc46:	689b      	ldr	r3, [r3, #8]
 800fc48:	08db      	lsrs	r3, r3, #3
 800fc4a:	f403 63e0 	and.w	r3, r3, #1792	@ 0x700
 800fc4e:	6103      	str	r3, [r0, #16]
  *pFLatency = __HAL_FLASH_GET_LATENCY();
 800fc50:	4b03      	ldr	r3, [pc, #12]	@ (800fc60 <HAL_RCC_GetClockConfig+0x38>)
 800fc52:	681b      	ldr	r3, [r3, #0]
 800fc54:	f003 0307 	and.w	r3, r3, #7
 800fc58:	600b      	str	r3, [r1, #0]
}
 800fc5a:	4770      	bx	lr
 800fc5c:	40021000 	.word	0x40021000
 800fc60:	40022000 	.word	0x40022000

0800fc64 <RCCEx_PLLSAI1_Config>:
  * @note   PLLSAI1 is temporary disable to apply new parameters
  *
  * @retval HAL status
  */
static HAL_StatusTypeDef RCCEx_PLLSAI1_Config(RCC_PLLSAI1InitTypeDef *PllSai1, uint32_t Divider)
{
 800fc64:	b5f8      	push	{r3, r4, r5, r6, r7, lr}
 800fc66:	4604      	mov	r4, r0
 800fc68:	460d      	mov	r5, r1
  assert_param(IS_RCC_PLLSAI1M_VALUE(PllSai1->PLLSAI1M));
  assert_param(IS_RCC_PLLSAI1N_VALUE(PllSai1->PLLSAI1N));
  assert_param(IS_RCC_PLLSAI1CLOCKOUT_VALUE(PllSai1->PLLSAI1ClockOut));

  /* Check that PLLSAI1 clock source and divider M can be applied */
  if(__HAL_RCC_GET_PLL_OSCSOURCE() != RCC_PLLSOURCE_NONE)
 800fc6a:	4b59      	ldr	r3, [pc, #356]	@ (800fdd0 <RCCEx_PLLSAI1_Config+0x16c>)
 800fc6c:	68db      	ldr	r3, [r3, #12]
 800fc6e:	f013 0f03 	tst.w	r3, #3
 800fc72:	d018      	beq.n	800fca6 <RCCEx_PLLSAI1_Config+0x42>
  {
    /* PLL clock source and divider M already set, check that no request for change  */
    if((__HAL_RCC_GET_PLL_OSCSOURCE() != PllSai1->PLLSAI1Source)
 800fc74:	4b56      	ldr	r3, [pc, #344]	@ (800fdd0 <RCCEx_PLLSAI1_Config+0x16c>)
 800fc76:	68db      	ldr	r3, [r3, #12]
 800fc78:	f003 0303 	and.w	r3, r3, #3
 800fc7c:	6802      	ldr	r2, [r0, #0]
 800fc7e:	4293      	cmp	r3, r2
 800fc80:	d002      	beq.n	800fc88 <RCCEx_PLLSAI1_Config+0x24>
       ||
       (((READ_BIT(RCC->PLLCFGR, RCC_PLLCFGR_PLLM) >> RCC_PLLCFGR_PLLM_Pos) + 1U) != PllSai1->PLLSAI1M)
#endif
      )
    {
      status = HAL_ERROR;
 800fc82:	2601      	movs	r6, #1
      }
    }
  }

  return status;
}
 800fc84:	4630      	mov	r0, r6
 800fc86:	bdf8      	pop	{r3, r4, r5, r6, r7, pc}
       ||
 800fc88:	2a00      	cmp	r2, #0
 800fc8a:	f000 809c 	beq.w	800fdc6 <RCCEx_PLLSAI1_Config+0x162>
       (((READ_BIT(RCC->PLLCFGR, RCC_PLLCFGR_PLLM) >> RCC_PLLCFGR_PLLM_Pos) + 1U) != PllSai1->PLLSAI1M)
 800fc8e:	4b50      	ldr	r3, [pc, #320]	@ (800fdd0 <RCCEx_PLLSAI1_Config+0x16c>)
 800fc90:	68db      	ldr	r3, [r3, #12]
 800fc92:	f3c3 1302 	ubfx	r3, r3, #4, #3
 800fc96:	3301      	adds	r3, #1
 800fc98:	6842      	ldr	r2, [r0, #4]
       ||
 800fc9a:	4293      	cmp	r3, r2
 800fc9c:	d001      	beq.n	800fca2 <RCCEx_PLLSAI1_Config+0x3e>
      status = HAL_ERROR;
 800fc9e:	2601      	movs	r6, #1
 800fca0:	e7f0      	b.n	800fc84 <RCCEx_PLLSAI1_Config+0x20>
  HAL_StatusTypeDef status = HAL_OK;
 800fca2:	2600      	movs	r6, #0
 800fca4:	e019      	b.n	800fcda <RCCEx_PLLSAI1_Config+0x76>
    switch(PllSai1->PLLSAI1Source)
 800fca6:	6803      	ldr	r3, [r0, #0]
 800fca8:	2b02      	cmp	r3, #2
 800fcaa:	d055      	beq.n	800fd58 <RCCEx_PLLSAI1_Config+0xf4>
 800fcac:	2b03      	cmp	r3, #3
 800fcae:	d05a      	beq.n	800fd66 <RCCEx_PLLSAI1_Config+0x102>
 800fcb0:	2b01      	cmp	r3, #1
 800fcb2:	f040 808a 	bne.w	800fdca <RCCEx_PLLSAI1_Config+0x166>
      if(HAL_IS_BIT_CLR(RCC->CR, RCC_CR_MSIRDY))
 800fcb6:	4a46      	ldr	r2, [pc, #280]	@ (800fdd0 <RCCEx_PLLSAI1_Config+0x16c>)
 800fcb8:	6812      	ldr	r2, [r2, #0]
 800fcba:	f012 0f02 	tst.w	r2, #2
 800fcbe:	d05e      	beq.n	800fd7e <RCCEx_PLLSAI1_Config+0x11a>
      MODIFY_REG(RCC->PLLCFGR, RCC_PLLCFGR_PLLSRC | RCC_PLLCFGR_PLLM, PllSai1->PLLSAI1Source | (PllSai1->PLLSAI1M - 1U) << RCC_PLLCFGR_PLLM_Pos);
 800fcc0:	4843      	ldr	r0, [pc, #268]	@ (800fdd0 <RCCEx_PLLSAI1_Config+0x16c>)
 800fcc2:	68c2      	ldr	r2, [r0, #12]
 800fcc4:	f022 0273 	bic.w	r2, r2, #115	@ 0x73
 800fcc8:	6861      	ldr	r1, [r4, #4]
 800fcca:	3901      	subs	r1, #1
 800fccc:	ea43 1301 	orr.w	r3, r3, r1, lsl #4
 800fcd0:	4313      	orrs	r3, r2
 800fcd2:	60c3      	str	r3, [r0, #12]
 800fcd4:	2600      	movs	r6, #0
  if(status == HAL_OK)
 800fcd6:	2e00      	cmp	r6, #0
 800fcd8:	d1d4      	bne.n	800fc84 <RCCEx_PLLSAI1_Config+0x20>
    __HAL_RCC_PLLSAI1_DISABLE();
 800fcda:	4a3d      	ldr	r2, [pc, #244]	@ (800fdd0 <RCCEx_PLLSAI1_Config+0x16c>)
 800fcdc:	6813      	ldr	r3, [r2, #0]
 800fcde:	f023 6380 	bic.w	r3, r3, #67108864	@ 0x4000000
 800fce2:	6013      	str	r3, [r2, #0]
    tickstart = HAL_GetTick();
 800fce4:	f7fc ff10 	bl	800cb08 <HAL_GetTick>
 800fce8:	4607      	mov	r7, r0
    while(READ_BIT(RCC->CR, RCC_CR_PLLSAI1RDY) != 0U)
 800fcea:	4b39      	ldr	r3, [pc, #228]	@ (800fdd0 <RCCEx_PLLSAI1_Config+0x16c>)
 800fcec:	681b      	ldr	r3, [r3, #0]
 800fcee:	f013 6f00 	tst.w	r3, #134217728	@ 0x8000000
 800fcf2:	d005      	beq.n	800fd00 <RCCEx_PLLSAI1_Config+0x9c>
      if((HAL_GetTick() - tickstart) > PLLSAI1_TIMEOUT_VALUE)
 800fcf4:	f7fc ff08 	bl	800cb08 <HAL_GetTick>
 800fcf8:	1bc3      	subs	r3, r0, r7
 800fcfa:	2b02      	cmp	r3, #2
 800fcfc:	d9f5      	bls.n	800fcea <RCCEx_PLLSAI1_Config+0x86>
        status = HAL_TIMEOUT;
 800fcfe:	2603      	movs	r6, #3
    if(status == HAL_OK)
 800fd00:	2e00      	cmp	r6, #0
 800fd02:	d1bf      	bne.n	800fc84 <RCCEx_PLLSAI1_Config+0x20>
      if(Divider == DIVIDER_P_UPDATE)
 800fd04:	2d00      	cmp	r5, #0
 800fd06:	d13c      	bne.n	800fd82 <RCCEx_PLLSAI1_Config+0x11e>
        MODIFY_REG(RCC->PLLSAI1CFGR,
 800fd08:	4931      	ldr	r1, [pc, #196]	@ (800fdd0 <RCCEx_PLLSAI1_Config+0x16c>)
 800fd0a:	690b      	ldr	r3, [r1, #16]
 800fd0c:	f023 4378 	bic.w	r3, r3, #4160749568	@ 0xf8000000
 800fd10:	f423 43fe 	bic.w	r3, r3, #32512	@ 0x7f00
 800fd14:	68a0      	ldr	r0, [r4, #8]
 800fd16:	68e2      	ldr	r2, [r4, #12]
 800fd18:	06d2      	lsls	r2, r2, #27
 800fd1a:	ea42 2200 	orr.w	r2, r2, r0, lsl #8
 800fd1e:	4313      	orrs	r3, r2
 800fd20:	610b      	str	r3, [r1, #16]
      __HAL_RCC_PLLSAI1_ENABLE();
 800fd22:	4a2b      	ldr	r2, [pc, #172]	@ (800fdd0 <RCCEx_PLLSAI1_Config+0x16c>)
 800fd24:	6813      	ldr	r3, [r2, #0]
 800fd26:	f043 6380 	orr.w	r3, r3, #67108864	@ 0x4000000
 800fd2a:	6013      	str	r3, [r2, #0]
      tickstart = HAL_GetTick();
 800fd2c:	f7fc feec 	bl	800cb08 <HAL_GetTick>
 800fd30:	4605      	mov	r5, r0
      while(READ_BIT(RCC->CR, RCC_CR_PLLSAI1RDY) == 0U)
 800fd32:	4b27      	ldr	r3, [pc, #156]	@ (800fdd0 <RCCEx_PLLSAI1_Config+0x16c>)
 800fd34:	681b      	ldr	r3, [r3, #0]
 800fd36:	f013 6f00 	tst.w	r3, #134217728	@ 0x8000000
 800fd3a:	d105      	bne.n	800fd48 <RCCEx_PLLSAI1_Config+0xe4>
        if((HAL_GetTick() - tickstart) > PLLSAI1_TIMEOUT_VALUE)
 800fd3c:	f7fc fee4 	bl	800cb08 <HAL_GetTick>
 800fd40:	1b40      	subs	r0, r0, r5
 800fd42:	2802      	cmp	r0, #2
 800fd44:	d9f5      	bls.n	800fd32 <RCCEx_PLLSAI1_Config+0xce>
          status = HAL_TIMEOUT;
 800fd46:	2603      	movs	r6, #3
      if(status == HAL_OK)
 800fd48:	2e00      	cmp	r6, #0
 800fd4a:	d19b      	bne.n	800fc84 <RCCEx_PLLSAI1_Config+0x20>
        __HAL_RCC_PLLSAI1CLKOUT_ENABLE(PllSai1->PLLSAI1ClockOut);
 800fd4c:	4a20      	ldr	r2, [pc, #128]	@ (800fdd0 <RCCEx_PLLSAI1_Config+0x16c>)
 800fd4e:	6913      	ldr	r3, [r2, #16]
 800fd50:	69a1      	ldr	r1, [r4, #24]
 800fd52:	430b      	orrs	r3, r1
 800fd54:	6113      	str	r3, [r2, #16]
 800fd56:	e795      	b.n	800fc84 <RCCEx_PLLSAI1_Config+0x20>
      if(HAL_IS_BIT_CLR(RCC->CR, RCC_CR_HSIRDY))
 800fd58:	4a1d      	ldr	r2, [pc, #116]	@ (800fdd0 <RCCEx_PLLSAI1_Config+0x16c>)
 800fd5a:	6812      	ldr	r2, [r2, #0]
 800fd5c:	f412 6f80 	tst.w	r2, #1024	@ 0x400
 800fd60:	d1ae      	bne.n	800fcc0 <RCCEx_PLLSAI1_Config+0x5c>
 800fd62:	2601      	movs	r6, #1
 800fd64:	e78e      	b.n	800fc84 <RCCEx_PLLSAI1_Config+0x20>
      if(HAL_IS_BIT_CLR(RCC->CR, RCC_CR_HSERDY))
 800fd66:	4a1a      	ldr	r2, [pc, #104]	@ (800fdd0 <RCCEx_PLLSAI1_Config+0x16c>)
 800fd68:	6812      	ldr	r2, [r2, #0]
 800fd6a:	f412 3f00 	tst.w	r2, #131072	@ 0x20000
 800fd6e:	d1a7      	bne.n	800fcc0 <RCCEx_PLLSAI1_Config+0x5c>
        if(HAL_IS_BIT_CLR(RCC->CR, RCC_CR_HSEBYP))
 800fd70:	4a17      	ldr	r2, [pc, #92]	@ (800fdd0 <RCCEx_PLLSAI1_Config+0x16c>)
 800fd72:	6812      	ldr	r2, [r2, #0]
 800fd74:	f412 2f80 	tst.w	r2, #262144	@ 0x40000
 800fd78:	d1a2      	bne.n	800fcc0 <RCCEx_PLLSAI1_Config+0x5c>
 800fd7a:	2601      	movs	r6, #1
 800fd7c:	e782      	b.n	800fc84 <RCCEx_PLLSAI1_Config+0x20>
        status = HAL_ERROR;
 800fd7e:	2601      	movs	r6, #1
 800fd80:	e7a9      	b.n	800fcd6 <RCCEx_PLLSAI1_Config+0x72>
      else if(Divider == DIVIDER_Q_UPDATE)
 800fd82:	2d01      	cmp	r5, #1
 800fd84:	d00f      	beq.n	800fda6 <RCCEx_PLLSAI1_Config+0x142>
        MODIFY_REG(RCC->PLLSAI1CFGR,
 800fd86:	4812      	ldr	r0, [pc, #72]	@ (800fdd0 <RCCEx_PLLSAI1_Config+0x16c>)
 800fd88:	6902      	ldr	r2, [r0, #16]
 800fd8a:	f022 62c0 	bic.w	r2, r2, #100663296	@ 0x6000000
 800fd8e:	f422 42fe 	bic.w	r2, r2, #32512	@ 0x7f00
 800fd92:	68a1      	ldr	r1, [r4, #8]
 800fd94:	6963      	ldr	r3, [r4, #20]
 800fd96:	085b      	lsrs	r3, r3, #1
 800fd98:	3b01      	subs	r3, #1
 800fd9a:	065b      	lsls	r3, r3, #25
 800fd9c:	ea43 2301 	orr.w	r3, r3, r1, lsl #8
 800fda0:	431a      	orrs	r2, r3
 800fda2:	6102      	str	r2, [r0, #16]
 800fda4:	e7bd      	b.n	800fd22 <RCCEx_PLLSAI1_Config+0xbe>
        MODIFY_REG(RCC->PLLSAI1CFGR,
 800fda6:	480a      	ldr	r0, [pc, #40]	@ (800fdd0 <RCCEx_PLLSAI1_Config+0x16c>)
 800fda8:	6902      	ldr	r2, [r0, #16]
 800fdaa:	f422 02c0 	bic.w	r2, r2, #6291456	@ 0x600000
 800fdae:	f422 42fe 	bic.w	r2, r2, #32512	@ 0x7f00
 800fdb2:	68a1      	ldr	r1, [r4, #8]
 800fdb4:	6923      	ldr	r3, [r4, #16]
 800fdb6:	085b      	lsrs	r3, r3, #1
 800fdb8:	3b01      	subs	r3, #1
 800fdba:	055b      	lsls	r3, r3, #21
 800fdbc:	ea43 2301 	orr.w	r3, r3, r1, lsl #8
 800fdc0:	431a      	orrs	r2, r3
 800fdc2:	6102      	str	r2, [r0, #16]
 800fdc4:	e7ad      	b.n	800fd22 <RCCEx_PLLSAI1_Config+0xbe>
      status = HAL_ERROR;
 800fdc6:	2601      	movs	r6, #1
 800fdc8:	e75c      	b.n	800fc84 <RCCEx_PLLSAI1_Config+0x20>
    switch(PllSai1->PLLSAI1Source)
 800fdca:	2601      	movs	r6, #1
 800fdcc:	e75a      	b.n	800fc84 <RCCEx_PLLSAI1_Config+0x20>
 800fdce:	bf00      	nop
 800fdd0:	40021000 	.word	0x40021000

0800fdd4 <HAL_RCCEx_PeriphCLKConfig>:
{
 800fdd4:	e92d 41f0 	stmdb	sp!, {r4, r5, r6, r7, r8, lr}
 800fdd8:	b082      	sub	sp, #8
 800fdda:	4604      	mov	r4, r0
  if((((PeriphClkInit->PeriphClockSelection) & RCC_PERIPHCLK_SAI1) == RCC_PERIPHCLK_SAI1))
 800fddc:	6803      	ldr	r3, [r0, #0]
 800fdde:	f413 6f00 	tst.w	r3, #2048	@ 0x800
 800fde2:	d026      	beq.n	800fe32 <HAL_RCCEx_PeriphCLKConfig+0x5e>
    switch(PeriphClkInit->Sai1ClockSelection)
 800fde4:	6bc3      	ldr	r3, [r0, #60]	@ 0x3c
 800fde6:	f5b3 0f00 	cmp.w	r3, #8388608	@ 0x800000
 800fdea:	d006      	beq.n	800fdfa <HAL_RCCEx_PeriphCLKConfig+0x26>
 800fdec:	f5b3 0f40 	cmp.w	r3, #12582912	@ 0xc00000
 800fdf0:	d01d      	beq.n	800fe2e <HAL_RCCEx_PeriphCLKConfig+0x5a>
 800fdf2:	b19b      	cbz	r3, 800fe1c <HAL_RCCEx_PeriphCLKConfig+0x48>
 800fdf4:	2601      	movs	r6, #1
 800fdf6:	4637      	mov	r7, r6
 800fdf8:	e01d      	b.n	800fe36 <HAL_RCCEx_PeriphCLKConfig+0x62>
      __HAL_RCC_PLLCLKOUT_ENABLE(RCC_PLL_SAI2CLK);
 800fdfa:	4aae      	ldr	r2, [pc, #696]	@ (80100b4 <HAL_RCCEx_PeriphCLKConfig+0x2e0>)
 800fdfc:	68d3      	ldr	r3, [r2, #12]
 800fdfe:	f443 3380 	orr.w	r3, r3, #65536	@ 0x10000
 800fe02:	60d3      	str	r3, [r2, #12]
  HAL_StatusTypeDef ret = HAL_OK;      /* Intermediate status */
 800fe04:	2700      	movs	r7, #0
      __HAL_RCC_SAI1_CONFIG(PeriphClkInit->Sai1ClockSelection);
 800fe06:	4aab      	ldr	r2, [pc, #684]	@ (80100b4 <HAL_RCCEx_PeriphCLKConfig+0x2e0>)
 800fe08:	f8d2 3088 	ldr.w	r3, [r2, #136]	@ 0x88
 800fe0c:	f423 0340 	bic.w	r3, r3, #12582912	@ 0xc00000
 800fe10:	6be1      	ldr	r1, [r4, #60]	@ 0x3c
 800fe12:	430b      	orrs	r3, r1
 800fe14:	f8c2 3088 	str.w	r3, [r2, #136]	@ 0x88
  HAL_StatusTypeDef status = HAL_OK;   /* Final status */
 800fe18:	2600      	movs	r6, #0
 800fe1a:	e00c      	b.n	800fe36 <HAL_RCCEx_PeriphCLKConfig+0x62>
      ret = RCCEx_PLLSAI1_Config(&(PeriphClkInit->PLLSAI1), DIVIDER_P_UPDATE);
 800fe1c:	2100      	movs	r1, #0
 800fe1e:	3004      	adds	r0, #4
 800fe20:	f7ff ff20 	bl	800fc64 <RCCEx_PLLSAI1_Config>
    if(ret == HAL_OK)
 800fe24:	4607      	mov	r7, r0
 800fe26:	2800      	cmp	r0, #0
 800fe28:	d0ed      	beq.n	800fe06 <HAL_RCCEx_PeriphCLKConfig+0x32>
      status = ret;
 800fe2a:	4606      	mov	r6, r0
 800fe2c:	e003      	b.n	800fe36 <HAL_RCCEx_PeriphCLKConfig+0x62>
    switch(PeriphClkInit->Sai1ClockSelection)
 800fe2e:	2700      	movs	r7, #0
 800fe30:	e7e9      	b.n	800fe06 <HAL_RCCEx_PeriphCLKConfig+0x32>
  HAL_StatusTypeDef status = HAL_OK;   /* Final status */
 800fe32:	2600      	movs	r6, #0
  HAL_StatusTypeDef ret = HAL_OK;      /* Intermediate status */
 800fe34:	4637      	mov	r7, r6
  if((PeriphClkInit->PeriphClockSelection & RCC_PERIPHCLK_RTC) == RCC_PERIPHCLK_RTC)
 800fe36:	6823      	ldr	r3, [r4, #0]
 800fe38:	f413 3f00 	tst.w	r3, #131072	@ 0x20000
 800fe3c:	d06b      	beq.n	800ff16 <HAL_RCCEx_PeriphCLKConfig+0x142>
    if(__HAL_RCC_PWR_IS_CLK_DISABLED() != 0U)
 800fe3e:	4b9d      	ldr	r3, [pc, #628]	@ (80100b4 <HAL_RCCEx_PeriphCLKConfig+0x2e0>)
 800fe40:	6d9b      	ldr	r3, [r3, #88]	@ 0x58
 800fe42:	f013 5f80 	tst.w	r3, #268435456	@ 0x10000000
 800fe46:	d14c      	bne.n	800fee2 <HAL_RCCEx_PeriphCLKConfig+0x10e>
      __HAL_RCC_PWR_CLK_ENABLE();
 800fe48:	4b9a      	ldr	r3, [pc, #616]	@ (80100b4 <HAL_RCCEx_PeriphCLKConfig+0x2e0>)
 800fe4a:	6d9a      	ldr	r2, [r3, #88]	@ 0x58
 800fe4c:	f042 5280 	orr.w	r2, r2, #268435456	@ 0x10000000
 800fe50:	659a      	str	r2, [r3, #88]	@ 0x58
 800fe52:	6d9b      	ldr	r3, [r3, #88]	@ 0x58
 800fe54:	f003 5380 	and.w	r3, r3, #268435456	@ 0x10000000
 800fe58:	9301      	str	r3, [sp, #4]
 800fe5a:	9b01      	ldr	r3, [sp, #4]
      pwrclkchanged = SET;
 800fe5c:	f04f 0801 	mov.w	r8, #1
    SET_BIT(PWR->CR1, PWR_CR1_DBP);
 800fe60:	4a95      	ldr	r2, [pc, #596]	@ (80100b8 <HAL_RCCEx_PeriphCLKConfig+0x2e4>)
 800fe62:	6813      	ldr	r3, [r2, #0]
 800fe64:	f443 7380 	orr.w	r3, r3, #256	@ 0x100
 800fe68:	6013      	str	r3, [r2, #0]
    tickstart = HAL_GetTick();
 800fe6a:	f7fc fe4d 	bl	800cb08 <HAL_GetTick>
 800fe6e:	4605      	mov	r5, r0
    while(READ_BIT(PWR->CR1, PWR_CR1_DBP) == 0U)
 800fe70:	4b91      	ldr	r3, [pc, #580]	@ (80100b8 <HAL_RCCEx_PeriphCLKConfig+0x2e4>)
 800fe72:	681b      	ldr	r3, [r3, #0]
 800fe74:	f413 7f80 	tst.w	r3, #256	@ 0x100
 800fe78:	d105      	bne.n	800fe86 <HAL_RCCEx_PeriphCLKConfig+0xb2>
      if((HAL_GetTick() - tickstart) > RCC_DBP_TIMEOUT_VALUE)
 800fe7a:	f7fc fe45 	bl	800cb08 <HAL_GetTick>
 800fe7e:	1b40      	subs	r0, r0, r5
 800fe80:	2802      	cmp	r0, #2
 800fe82:	d9f5      	bls.n	800fe70 <HAL_RCCEx_PeriphCLKConfig+0x9c>
        ret = HAL_TIMEOUT;
 800fe84:	2703      	movs	r7, #3
    if(ret == HAL_OK)
 800fe86:	2f00      	cmp	r7, #0
 800fe88:	d140      	bne.n	800ff0c <HAL_RCCEx_PeriphCLKConfig+0x138>
      tmpregister = READ_BIT(RCC->BDCR, RCC_BDCR_RTCSEL);
 800fe8a:	4b8a      	ldr	r3, [pc, #552]	@ (80100b4 <HAL_RCCEx_PeriphCLKConfig+0x2e0>)
 800fe8c:	f8d3 3090 	ldr.w	r3, [r3, #144]	@ 0x90
      if((tmpregister != RCC_RTCCLKSOURCE_NONE) && (tmpregister != PeriphClkInit->RTCClockSelection))
 800fe90:	f413 7340 	ands.w	r3, r3, #768	@ 0x300
 800fe94:	d018      	beq.n	800fec8 <HAL_RCCEx_PeriphCLKConfig+0xf4>
 800fe96:	6d22      	ldr	r2, [r4, #80]	@ 0x50
 800fe98:	429a      	cmp	r2, r3
 800fe9a:	d012      	beq.n	800fec2 <HAL_RCCEx_PeriphCLKConfig+0xee>
        tmpregister = READ_BIT(RCC->BDCR, ~(RCC_BDCR_RTCSEL));
 800fe9c:	4a85      	ldr	r2, [pc, #532]	@ (80100b4 <HAL_RCCEx_PeriphCLKConfig+0x2e0>)
 800fe9e:	f8d2 3090 	ldr.w	r3, [r2, #144]	@ 0x90
 800fea2:	f423 7340 	bic.w	r3, r3, #768	@ 0x300
        __HAL_RCC_BACKUPRESET_FORCE();
 800fea6:	f8d2 1090 	ldr.w	r1, [r2, #144]	@ 0x90
 800feaa:	f441 3180 	orr.w	r1, r1, #65536	@ 0x10000
 800feae:	f8c2 1090 	str.w	r1, [r2, #144]	@ 0x90
        __HAL_RCC_BACKUPRESET_RELEASE();
 800feb2:	f8d2 1090 	ldr.w	r1, [r2, #144]	@ 0x90
 800feb6:	f421 3180 	bic.w	r1, r1, #65536	@ 0x10000
 800feba:	f8c2 1090 	str.w	r1, [r2, #144]	@ 0x90
        RCC->BDCR = tmpregister;
 800febe:	f8c2 3090 	str.w	r3, [r2, #144]	@ 0x90
      if (HAL_IS_BIT_SET(tmpregister, RCC_BDCR_LSEON))
 800fec2:	f013 0f01 	tst.w	r3, #1
 800fec6:	d10f      	bne.n	800fee8 <HAL_RCCEx_PeriphCLKConfig+0x114>
      if(ret == HAL_OK)
 800fec8:	2f00      	cmp	r7, #0
 800feca:	f040 80c9 	bne.w	8010060 <HAL_RCCEx_PeriphCLKConfig+0x28c>
        __HAL_RCC_RTC_CONFIG(PeriphClkInit->RTCClockSelection);
 800fece:	4a79      	ldr	r2, [pc, #484]	@ (80100b4 <HAL_RCCEx_PeriphCLKConfig+0x2e0>)
 800fed0:	f8d2 3090 	ldr.w	r3, [r2, #144]	@ 0x90
 800fed4:	f423 7340 	bic.w	r3, r3, #768	@ 0x300
 800fed8:	6d21      	ldr	r1, [r4, #80]	@ 0x50
 800feda:	430b      	orrs	r3, r1
 800fedc:	f8c2 3090 	str.w	r3, [r2, #144]	@ 0x90
 800fee0:	e015      	b.n	800ff0e <HAL_RCCEx_PeriphCLKConfig+0x13a>
    FlagStatus       pwrclkchanged = RESET;
 800fee2:	f04f 0800 	mov.w	r8, #0
 800fee6:	e7bb      	b.n	800fe60 <HAL_RCCEx_PeriphCLKConfig+0x8c>
        tickstart = HAL_GetTick();
 800fee8:	f7fc fe0e 	bl	800cb08 <HAL_GetTick>
 800feec:	4605      	mov	r5, r0
        while(READ_BIT(RCC->BDCR, RCC_BDCR_LSERDY) == 0U)
 800feee:	4b71      	ldr	r3, [pc, #452]	@ (80100b4 <HAL_RCCEx_PeriphCLKConfig+0x2e0>)
 800fef0:	f8d3 3090 	ldr.w	r3, [r3, #144]	@ 0x90
 800fef4:	f013 0f02 	tst.w	r3, #2
 800fef8:	d1e6      	bne.n	800fec8 <HAL_RCCEx_PeriphCLKConfig+0xf4>
          if((HAL_GetTick() - tickstart) > RCC_LSE_TIMEOUT_VALUE)
 800fefa:	f7fc fe05 	bl	800cb08 <HAL_GetTick>
 800fefe:	1b40      	subs	r0, r0, r5
 800ff00:	f241 3388 	movw	r3, #5000	@ 0x1388
 800ff04:	4298      	cmp	r0, r3
 800ff06:	d9f2      	bls.n	800feee <HAL_RCCEx_PeriphCLKConfig+0x11a>
            ret = HAL_TIMEOUT;
 800ff08:	2703      	movs	r7, #3
 800ff0a:	e7dd      	b.n	800fec8 <HAL_RCCEx_PeriphCLKConfig+0xf4>
      status = ret;
 800ff0c:	463e      	mov	r6, r7
    if(pwrclkchanged == SET)
 800ff0e:	f1b8 0f00 	cmp.w	r8, #0
 800ff12:	f040 80a7 	bne.w	8010064 <HAL_RCCEx_PeriphCLKConfig+0x290>
  if(((PeriphClkInit->PeriphClockSelection) & RCC_PERIPHCLK_USART1) == RCC_PERIPHCLK_USART1)
 800ff16:	6823      	ldr	r3, [r4, #0]
 800ff18:	f013 0f01 	tst.w	r3, #1
 800ff1c:	d008      	beq.n	800ff30 <HAL_RCCEx_PeriphCLKConfig+0x15c>
    __HAL_RCC_USART1_CONFIG(PeriphClkInit->Usart1ClockSelection);
 800ff1e:	4a65      	ldr	r2, [pc, #404]	@ (80100b4 <HAL_RCCEx_PeriphCLKConfig+0x2e0>)
 800ff20:	f8d2 3088 	ldr.w	r3, [r2, #136]	@ 0x88
 800ff24:	f023 0303 	bic.w	r3, r3, #3
 800ff28:	6a21      	ldr	r1, [r4, #32]
 800ff2a:	430b      	orrs	r3, r1
 800ff2c:	f8c2 3088 	str.w	r3, [r2, #136]	@ 0x88
  if(((PeriphClkInit->PeriphClockSelection) & RCC_PERIPHCLK_USART2) == RCC_PERIPHCLK_USART2)
 800ff30:	6823      	ldr	r3, [r4, #0]
 800ff32:	f013 0f02 	tst.w	r3, #2
 800ff36:	d008      	beq.n	800ff4a <HAL_RCCEx_PeriphCLKConfig+0x176>
    __HAL_RCC_USART2_CONFIG(PeriphClkInit->Usart2ClockSelection);
 800ff38:	4a5e      	ldr	r2, [pc, #376]	@ (80100b4 <HAL_RCCEx_PeriphCLKConfig+0x2e0>)
 800ff3a:	f8d2 3088 	ldr.w	r3, [r2, #136]	@ 0x88
 800ff3e:	f023 030c 	bic.w	r3, r3, #12
 800ff42:	6a61      	ldr	r1, [r4, #36]	@ 0x24
 800ff44:	430b      	orrs	r3, r1
 800ff46:	f8c2 3088 	str.w	r3, [r2, #136]	@ 0x88
  if(((PeriphClkInit->PeriphClockSelection) & RCC_PERIPHCLK_LPUART1) == RCC_PERIPHCLK_LPUART1)
 800ff4a:	6823      	ldr	r3, [r4, #0]
 800ff4c:	f013 0f20 	tst.w	r3, #32
 800ff50:	d008      	beq.n	800ff64 <HAL_RCCEx_PeriphCLKConfig+0x190>
    __HAL_RCC_LPUART1_CONFIG(PeriphClkInit->Lpuart1ClockSelection);
 800ff52:	4a58      	ldr	r2, [pc, #352]	@ (80100b4 <HAL_RCCEx_PeriphCLKConfig+0x2e0>)
 800ff54:	f8d2 3088 	ldr.w	r3, [r2, #136]	@ 0x88
 800ff58:	f423 6340 	bic.w	r3, r3, #3072	@ 0xc00
 800ff5c:	6aa1      	ldr	r1, [r4, #40]	@ 0x28
 800ff5e:	430b      	orrs	r3, r1
 800ff60:	f8c2 3088 	str.w	r3, [r2, #136]	@ 0x88
  if(((PeriphClkInit->PeriphClockSelection) & RCC_PERIPHCLK_LPTIM1) == (RCC_PERIPHCLK_LPTIM1))
 800ff64:	6823      	ldr	r3, [r4, #0]
 800ff66:	f413 7f00 	tst.w	r3, #512	@ 0x200
 800ff6a:	d008      	beq.n	800ff7e <HAL_RCCEx_PeriphCLKConfig+0x1aa>
    __HAL_RCC_LPTIM1_CONFIG(PeriphClkInit->Lptim1ClockSelection);
 800ff6c:	4a51      	ldr	r2, [pc, #324]	@ (80100b4 <HAL_RCCEx_PeriphCLKConfig+0x2e0>)
 800ff6e:	f8d2 3088 	ldr.w	r3, [r2, #136]	@ 0x88
 800ff72:	f423 2340 	bic.w	r3, r3, #786432	@ 0xc0000
 800ff76:	6b61      	ldr	r1, [r4, #52]	@ 0x34
 800ff78:	430b      	orrs	r3, r1
 800ff7a:	f8c2 3088 	str.w	r3, [r2, #136]	@ 0x88
  if(((PeriphClkInit->PeriphClockSelection) & RCC_PERIPHCLK_LPTIM2) == (RCC_PERIPHCLK_LPTIM2))
 800ff7e:	6823      	ldr	r3, [r4, #0]
 800ff80:	f413 6f80 	tst.w	r3, #1024	@ 0x400
 800ff84:	d008      	beq.n	800ff98 <HAL_RCCEx_PeriphCLKConfig+0x1c4>
    __HAL_RCC_LPTIM2_CONFIG(PeriphClkInit->Lptim2ClockSelection);
 800ff86:	4a4b      	ldr	r2, [pc, #300]	@ (80100b4 <HAL_RCCEx_PeriphCLKConfig+0x2e0>)
 800ff88:	f8d2 3088 	ldr.w	r3, [r2, #136]	@ 0x88
 800ff8c:	f423 1340 	bic.w	r3, r3, #3145728	@ 0x300000
 800ff90:	6ba1      	ldr	r1, [r4, #56]	@ 0x38
 800ff92:	430b      	orrs	r3, r1
 800ff94:	f8c2 3088 	str.w	r3, [r2, #136]	@ 0x88
  if(((PeriphClkInit->PeriphClockSelection) & RCC_PERIPHCLK_I2C1) == RCC_PERIPHCLK_I2C1)
 800ff98:	6823      	ldr	r3, [r4, #0]
 800ff9a:	f013 0f40 	tst.w	r3, #64	@ 0x40
 800ff9e:	d008      	beq.n	800ffb2 <HAL_RCCEx_PeriphCLKConfig+0x1de>
    __HAL_RCC_I2C1_CONFIG(PeriphClkInit->I2c1ClockSelection);
 800ffa0:	4a44      	ldr	r2, [pc, #272]	@ (80100b4 <HAL_RCCEx_PeriphCLKConfig+0x2e0>)
 800ffa2:	f8d2 3088 	ldr.w	r3, [r2, #136]	@ 0x88
 800ffa6:	f423 5340 	bic.w	r3, r3, #12288	@ 0x3000
 800ffaa:	6ae1      	ldr	r1, [r4, #44]	@ 0x2c
 800ffac:	430b      	orrs	r3, r1
 800ffae:	f8c2 3088 	str.w	r3, [r2, #136]	@ 0x88
  if(((PeriphClkInit->PeriphClockSelection) & RCC_PERIPHCLK_I2C3) == RCC_PERIPHCLK_I2C3)
 800ffb2:	6823      	ldr	r3, [r4, #0]
 800ffb4:	f413 7f80 	tst.w	r3, #256	@ 0x100
 800ffb8:	d008      	beq.n	800ffcc <HAL_RCCEx_PeriphCLKConfig+0x1f8>
    __HAL_RCC_I2C3_CONFIG(PeriphClkInit->I2c3ClockSelection);
 800ffba:	4a3e      	ldr	r2, [pc, #248]	@ (80100b4 <HAL_RCCEx_PeriphCLKConfig+0x2e0>)
 800ffbc:	f8d2 3088 	ldr.w	r3, [r2, #136]	@ 0x88
 800ffc0:	f423 3340 	bic.w	r3, r3, #196608	@ 0x30000
 800ffc4:	6b21      	ldr	r1, [r4, #48]	@ 0x30
 800ffc6:	430b      	orrs	r3, r1
 800ffc8:	f8c2 3088 	str.w	r3, [r2, #136]	@ 0x88
  if(((PeriphClkInit->PeriphClockSelection) & RCC_PERIPHCLK_USB) == (RCC_PERIPHCLK_USB))
 800ffcc:	6823      	ldr	r3, [r4, #0]
 800ffce:	f413 5f00 	tst.w	r3, #8192	@ 0x2000
 800ffd2:	d00f      	beq.n	800fff4 <HAL_RCCEx_PeriphCLKConfig+0x220>
    __HAL_RCC_USB_CONFIG(PeriphClkInit->UsbClockSelection);
 800ffd4:	4a37      	ldr	r2, [pc, #220]	@ (80100b4 <HAL_RCCEx_PeriphCLKConfig+0x2e0>)
 800ffd6:	f8d2 3088 	ldr.w	r3, [r2, #136]	@ 0x88
 800ffda:	f023 6340 	bic.w	r3, r3, #201326592	@ 0xc000000
 800ffde:	6c21      	ldr	r1, [r4, #64]	@ 0x40
 800ffe0:	430b      	orrs	r3, r1
 800ffe2:	f8c2 3088 	str.w	r3, [r2, #136]	@ 0x88
    if(PeriphClkInit->UsbClockSelection == RCC_USBCLKSOURCE_PLL)
 800ffe6:	6c23      	ldr	r3, [r4, #64]	@ 0x40
 800ffe8:	f1b3 6f00 	cmp.w	r3, #134217728	@ 0x8000000
 800ffec:	d040      	beq.n	8010070 <HAL_RCCEx_PeriphCLKConfig+0x29c>
      if(PeriphClkInit->UsbClockSelection == RCC_USBCLKSOURCE_PLLSAI1)
 800ffee:	f1b3 6f80 	cmp.w	r3, #67108864	@ 0x4000000
 800fff2:	d042      	beq.n	801007a <HAL_RCCEx_PeriphCLKConfig+0x2a6>
  if(((PeriphClkInit->PeriphClockSelection) & RCC_PERIPHCLK_RNG) == (RCC_PERIPHCLK_RNG))
 800fff4:	6823      	ldr	r3, [r4, #0]
 800fff6:	f413 2f80 	tst.w	r3, #262144	@ 0x40000
 800fffa:	d00f      	beq.n	801001c <HAL_RCCEx_PeriphCLKConfig+0x248>
    __HAL_RCC_RNG_CONFIG(PeriphClkInit->RngClockSelection);
 800fffc:	4a2d      	ldr	r2, [pc, #180]	@ (80100b4 <HAL_RCCEx_PeriphCLKConfig+0x2e0>)
 800fffe:	f8d2 3088 	ldr.w	r3, [r2, #136]	@ 0x88
 8010002:	f023 6340 	bic.w	r3, r3, #201326592	@ 0xc000000
 8010006:	6c61      	ldr	r1, [r4, #68]	@ 0x44
 8010008:	430b      	orrs	r3, r1
 801000a:	f8c2 3088 	str.w	r3, [r2, #136]	@ 0x88
    if(PeriphClkInit->RngClockSelection == RCC_RNGCLKSOURCE_PLL)
 801000e:	6c63      	ldr	r3, [r4, #68]	@ 0x44
 8010010:	f1b3 6f00 	cmp.w	r3, #134217728	@ 0x8000000
 8010014:	d039      	beq.n	801008a <HAL_RCCEx_PeriphCLKConfig+0x2b6>
    else if(PeriphClkInit->RngClockSelection == RCC_RNGCLKSOURCE_PLLSAI1)
 8010016:	f1b3 6f80 	cmp.w	r3, #67108864	@ 0x4000000
 801001a:	d03b      	beq.n	8010094 <HAL_RCCEx_PeriphCLKConfig+0x2c0>
  if(((PeriphClkInit->PeriphClockSelection) & RCC_PERIPHCLK_ADC) == RCC_PERIPHCLK_ADC)
 801001c:	6823      	ldr	r3, [r4, #0]
 801001e:	f413 4f80 	tst.w	r3, #16384	@ 0x4000
 8010022:	d00c      	beq.n	801003e <HAL_RCCEx_PeriphCLKConfig+0x26a>
    __HAL_RCC_ADC_CONFIG(PeriphClkInit->AdcClockSelection);
 8010024:	4a23      	ldr	r2, [pc, #140]	@ (80100b4 <HAL_RCCEx_PeriphCLKConfig+0x2e0>)
 8010026:	f8d2 3088 	ldr.w	r3, [r2, #136]	@ 0x88
 801002a:	f023 5340 	bic.w	r3, r3, #805306368	@ 0x30000000
 801002e:	6ca1      	ldr	r1, [r4, #72]	@ 0x48
 8010030:	430b      	orrs	r3, r1
 8010032:	f8c2 3088 	str.w	r3, [r2, #136]	@ 0x88
    if(PeriphClkInit->AdcClockSelection == RCC_ADCCLKSOURCE_PLLSAI1)
 8010036:	6ca3      	ldr	r3, [r4, #72]	@ 0x48
 8010038:	f1b3 5f80 	cmp.w	r3, #268435456	@ 0x10000000
 801003c:	d032      	beq.n	80100a4 <HAL_RCCEx_PeriphCLKConfig+0x2d0>
  if(((PeriphClkInit->PeriphClockSelection) & RCC_PERIPHCLK_SWPMI1) == RCC_PERIPHCLK_SWPMI1)
 801003e:	6823      	ldr	r3, [r4, #0]
 8010040:	f413 4f00 	tst.w	r3, #32768	@ 0x8000
 8010044:	d008      	beq.n	8010058 <HAL_RCCEx_PeriphCLKConfig+0x284>
    __HAL_RCC_SWPMI1_CONFIG(PeriphClkInit->Swpmi1ClockSelection);
 8010046:	4a1b      	ldr	r2, [pc, #108]	@ (80100b4 <HAL_RCCEx_PeriphCLKConfig+0x2e0>)
 8010048:	f8d2 3088 	ldr.w	r3, [r2, #136]	@ 0x88
 801004c:	f023 4380 	bic.w	r3, r3, #1073741824	@ 0x40000000
 8010050:	6ce1      	ldr	r1, [r4, #76]	@ 0x4c
 8010052:	430b      	orrs	r3, r1
 8010054:	f8c2 3088 	str.w	r3, [r2, #136]	@ 0x88
}
 8010058:	4630      	mov	r0, r6
 801005a:	b002      	add	sp, #8
 801005c:	e8bd 81f0 	ldmia.w	sp!, {r4, r5, r6, r7, r8, pc}
        status = ret;
 8010060:	463e      	mov	r6, r7
 8010062:	e754      	b.n	800ff0e <HAL_RCCEx_PeriphCLKConfig+0x13a>
      __HAL_RCC_PWR_CLK_DISABLE();
 8010064:	4a13      	ldr	r2, [pc, #76]	@ (80100b4 <HAL_RCCEx_PeriphCLKConfig+0x2e0>)
 8010066:	6d93      	ldr	r3, [r2, #88]	@ 0x58
 8010068:	f023 5380 	bic.w	r3, r3, #268435456	@ 0x10000000
 801006c:	6593      	str	r3, [r2, #88]	@ 0x58
 801006e:	e752      	b.n	800ff16 <HAL_RCCEx_PeriphCLKConfig+0x142>
      __HAL_RCC_PLLCLKOUT_ENABLE(RCC_PLL_48M1CLK);
 8010070:	68d3      	ldr	r3, [r2, #12]
 8010072:	f443 1380 	orr.w	r3, r3, #1048576	@ 0x100000
 8010076:	60d3      	str	r3, [r2, #12]
 8010078:	e7bc      	b.n	800fff4 <HAL_RCCEx_PeriphCLKConfig+0x220>
        ret = RCCEx_PLLSAI1_Config(&(PeriphClkInit->PLLSAI1), DIVIDER_Q_UPDATE);
 801007a:	2101      	movs	r1, #1
 801007c:	1d20      	adds	r0, r4, #4
 801007e:	f7ff fdf1 	bl	800fc64 <RCCEx_PLLSAI1_Config>
        if(ret != HAL_OK)
 8010082:	2800      	cmp	r0, #0
 8010084:	d0b6      	beq.n	800fff4 <HAL_RCCEx_PeriphCLKConfig+0x220>
          status = ret;
 8010086:	4606      	mov	r6, r0
 8010088:	e7b4      	b.n	800fff4 <HAL_RCCEx_PeriphCLKConfig+0x220>
      __HAL_RCC_PLLCLKOUT_ENABLE(RCC_PLL_48M1CLK);
 801008a:	68d3      	ldr	r3, [r2, #12]
 801008c:	f443 1380 	orr.w	r3, r3, #1048576	@ 0x100000
 8010090:	60d3      	str	r3, [r2, #12]
 8010092:	e7c3      	b.n	801001c <HAL_RCCEx_PeriphCLKConfig+0x248>
      ret = RCCEx_PLLSAI1_Config(&(PeriphClkInit->PLLSAI1), DIVIDER_Q_UPDATE);
 8010094:	2101      	movs	r1, #1
 8010096:	1d20      	adds	r0, r4, #4
 8010098:	f7ff fde4 	bl	800fc64 <RCCEx_PLLSAI1_Config>
      if(ret != HAL_OK)
 801009c:	2800      	cmp	r0, #0
 801009e:	d0bd      	beq.n	801001c <HAL_RCCEx_PeriphCLKConfig+0x248>
        status = ret;
 80100a0:	4606      	mov	r6, r0
 80100a2:	e7bb      	b.n	801001c <HAL_RCCEx_PeriphCLKConfig+0x248>
      ret = RCCEx_PLLSAI1_Config(&(PeriphClkInit->PLLSAI1), DIVIDER_R_UPDATE);
 80100a4:	2102      	movs	r1, #2
 80100a6:	1d20      	adds	r0, r4, #4
 80100a8:	f7ff fddc 	bl	800fc64 <RCCEx_PLLSAI1_Config>
      if(ret != HAL_OK)
 80100ac:	2800      	cmp	r0, #0
 80100ae:	d0c6      	beq.n	801003e <HAL_RCCEx_PeriphCLKConfig+0x26a>
        status = ret;
 80100b0:	4606      	mov	r6, r0
 80100b2:	e7c4      	b.n	801003e <HAL_RCCEx_PeriphCLKConfig+0x26a>
 80100b4:	40021000 	.word	0x40021000
 80100b8:	40007000 	.word	0x40007000

080100bc <HAL_TIM_Base_MspInit>:
  UNUSED(htim);

  /* NOTE : This function should not be modified, when the callback is needed,
            the HAL_TIM_Base_MspInit could be implemented in the user file
   */
}
 80100bc:	4770      	bx	lr
	...

080100c0 <HAL_TIM_Base_Start_IT>:

  /* Check the parameters */
  assert_param(IS_TIM_INSTANCE(htim->Instance));

  /* Check the TIM state */
  if (htim->State != HAL_TIM_STATE_READY)
 80100c0:	f890 303d 	ldrb.w	r3, [r0, #61]	@ 0x3d
 80100c4:	2b01      	cmp	r3, #1
 80100c6:	d126      	bne.n	8010116 <HAL_TIM_Base_Start_IT+0x56>
  {
    return HAL_ERROR;
  }

  /* Set the TIM state */
  htim->State = HAL_TIM_STATE_BUSY;
 80100c8:	2302      	movs	r3, #2
 80100ca:	f880 303d 	strb.w	r3, [r0, #61]	@ 0x3d

  /* Enable the TIM Update interrupt */
  __HAL_TIM_ENABLE_IT(htim, TIM_IT_UPDATE);
 80100ce:	6802      	ldr	r2, [r0, #0]
 80100d0:	68d3      	ldr	r3, [r2, #12]
 80100d2:	f043 0301 	orr.w	r3, r3, #1
 80100d6:	60d3      	str	r3, [r2, #12]

  /* Enable the Peripheral, except in trigger mode where enable is automatically done with trigger */
  if (IS_TIM_SLAVE_INSTANCE(htim->Instance))
 80100d8:	6803      	ldr	r3, [r0, #0]
 80100da:	4a12      	ldr	r2, [pc, #72]	@ (8010124 <HAL_TIM_Base_Start_IT+0x64>)
 80100dc:	4293      	cmp	r3, r2
 80100de:	d00c      	beq.n	80100fa <HAL_TIM_Base_Start_IT+0x3a>
 80100e0:	f1b3 4f80 	cmp.w	r3, #1073741824	@ 0x40000000
 80100e4:	d009      	beq.n	80100fa <HAL_TIM_Base_Start_IT+0x3a>
 80100e6:	f502 52a0 	add.w	r2, r2, #5120	@ 0x1400
 80100ea:	4293      	cmp	r3, r2
 80100ec:	d005      	beq.n	80100fa <HAL_TIM_Base_Start_IT+0x3a>
      __HAL_TIM_ENABLE(htim);
    }
  }
  else
  {
    __HAL_TIM_ENABLE(htim);
 80100ee:	681a      	ldr	r2, [r3, #0]
 80100f0:	f042 0201 	orr.w	r2, r2, #1
 80100f4:	601a      	str	r2, [r3, #0]
  }

  /* Return function status */
  return HAL_OK;
 80100f6:	2000      	movs	r0, #0
 80100f8:	4770      	bx	lr
    tmpsmcr = htim->Instance->SMCR & TIM_SMCR_SMS;
 80100fa:	6899      	ldr	r1, [r3, #8]
 80100fc:	4a0a      	ldr	r2, [pc, #40]	@ (8010128 <HAL_TIM_Base_Start_IT+0x68>)
 80100fe:	400a      	ands	r2, r1
    if (!IS_TIM_SLAVEMODE_TRIGGER_ENABLED(tmpsmcr))
 8010100:	2a06      	cmp	r2, #6
 8010102:	d00a      	beq.n	801011a <HAL_TIM_Base_Start_IT+0x5a>
 8010104:	f5b2 3f80 	cmp.w	r2, #65536	@ 0x10000
 8010108:	d009      	beq.n	801011e <HAL_TIM_Base_Start_IT+0x5e>
      __HAL_TIM_ENABLE(htim);
 801010a:	681a      	ldr	r2, [r3, #0]
 801010c:	f042 0201 	orr.w	r2, r2, #1
 8010110:	601a      	str	r2, [r3, #0]
  return HAL_OK;
 8010112:	2000      	movs	r0, #0
 8010114:	4770      	bx	lr
    return HAL_ERROR;
 8010116:	2001      	movs	r0, #1
 8010118:	4770      	bx	lr
  return HAL_OK;
 801011a:	2000      	movs	r0, #0
 801011c:	4770      	bx	lr
 801011e:	2000      	movs	r0, #0
}
 8010120:	4770      	bx	lr
 8010122:	bf00      	nop
 8010124:	40012c00 	.word	0x40012c00
 8010128:	00010007 	.word	0x00010007

0801012c <HAL_TIM_OC_DelayElapsedCallback>:
  UNUSED(htim);

  /* NOTE : This function should not be modified, when the callback is needed,
            the HAL_TIM_OC_DelayElapsedCallback could be implemented in the user file
   */
}
 801012c:	4770      	bx	lr

0801012e <HAL_TIM_IC_CaptureCallback>:
  UNUSED(htim);

  /* NOTE : This function should not be modified, when the callback is needed,
            the HAL_TIM_IC_CaptureCallback could be implemented in the user file
   */
}
 801012e:	4770      	bx	lr

08010130 <HAL_TIM_PWM_PulseFinishedCallback>:
  UNUSED(htim);

  /* NOTE : This function should not be modified, when the callback is needed,
            the HAL_TIM_PWM_PulseFinishedCallback could be implemented in the user file
   */
}
 8010130:	4770      	bx	lr

08010132 <HAL_TIM_TriggerCallback>:
  UNUSED(htim);

  /* NOTE : This function should not be modified, when the callback is needed,
            the HAL_TIM_TriggerCallback could be implemented in the user file
   */
}
 8010132:	4770      	bx	lr

08010134 <HAL_TIM_IRQHandler>:
{
 8010134:	b570      	push	{r4, r5, r6, lr}
 8010136:	4604      	mov	r4, r0
  uint32_t itsource = htim->Instance->DIER;
 8010138:	6803      	ldr	r3, [r0, #0]
 801013a:	68de      	ldr	r6, [r3, #12]
  uint32_t itflag   = htim->Instance->SR;
 801013c:	691d      	ldr	r5, [r3, #16]
  if ((itflag & (TIM_FLAG_CC1)) == (TIM_FLAG_CC1))
 801013e:	f015 0f02 	tst.w	r5, #2
 8010142:	d010      	beq.n	8010166 <HAL_TIM_IRQHandler+0x32>
    if ((itsource & (TIM_IT_CC1)) == (TIM_IT_CC1))
 8010144:	f016 0f02 	tst.w	r6, #2
 8010148:	d00d      	beq.n	8010166 <HAL_TIM_IRQHandler+0x32>
        __HAL_TIM_CLEAR_FLAG(htim, TIM_FLAG_CC1);
 801014a:	f06f 0202 	mvn.w	r2, #2
 801014e:	611a      	str	r2, [r3, #16]
        htim->Channel = HAL_TIM_ACTIVE_CHANNEL_1;
 8010150:	2301      	movs	r3, #1
 8010152:	7703      	strb	r3, [r0, #28]
        if ((htim->Instance->CCMR1 & TIM_CCMR1_CC1S) != 0x00U)
 8010154:	6803      	ldr	r3, [r0, #0]
 8010156:	699b      	ldr	r3, [r3, #24]
 8010158:	f013 0f03 	tst.w	r3, #3
 801015c:	d064      	beq.n	8010228 <HAL_TIM_IRQHandler+0xf4>
          HAL_TIM_IC_CaptureCallback(htim);
 801015e:	f7ff ffe6 	bl	801012e <HAL_TIM_IC_CaptureCallback>
        htim->Channel = HAL_TIM_ACTIVE_CHANNEL_CLEARED;
 8010162:	2300      	movs	r3, #0
 8010164:	7723      	strb	r3, [r4, #28]
  if ((itflag & (TIM_FLAG_CC2)) == (TIM_FLAG_CC2))
 8010166:	f015 0f04 	tst.w	r5, #4
 801016a:	d012      	beq.n	8010192 <HAL_TIM_IRQHandler+0x5e>
    if ((itsource & (TIM_IT_CC2)) == (TIM_IT_CC2))
 801016c:	f016 0f04 	tst.w	r6, #4
 8010170:	d00f      	beq.n	8010192 <HAL_TIM_IRQHandler+0x5e>
      __HAL_TIM_CLEAR_FLAG(htim, TIM_FLAG_CC2);
 8010172:	6823      	ldr	r3, [r4, #0]
 8010174:	f06f 0204 	mvn.w	r2, #4
 8010178:	611a      	str	r2, [r3, #16]
      htim->Channel = HAL_TIM_ACTIVE_CHANNEL_2;
 801017a:	2302      	movs	r3, #2
 801017c:	7723      	strb	r3, [r4, #28]
      if ((htim->Instance->CCMR1 & TIM_CCMR1_CC2S) != 0x00U)
 801017e:	6823      	ldr	r3, [r4, #0]
 8010180:	699b      	ldr	r3, [r3, #24]
 8010182:	f413 7f40 	tst.w	r3, #768	@ 0x300
 8010186:	d055      	beq.n	8010234 <HAL_TIM_IRQHandler+0x100>
        HAL_TIM_IC_CaptureCallback(htim);
 8010188:	4620      	mov	r0, r4
 801018a:	f7ff ffd0 	bl	801012e <HAL_TIM_IC_CaptureCallback>
      htim->Channel = HAL_TIM_ACTIVE_CHANNEL_CLEARED;
 801018e:	2300      	movs	r3, #0
 8010190:	7723      	strb	r3, [r4, #28]
  if ((itflag & (TIM_FLAG_CC3)) == (TIM_FLAG_CC3))
 8010192:	f015 0f08 	tst.w	r5, #8
 8010196:	d012      	beq.n	80101be <HAL_TIM_IRQHandler+0x8a>
    if ((itsource & (TIM_IT_CC3)) == (TIM_IT_CC3))
 8010198:	f016 0f08 	tst.w	r6, #8
 801019c:	d00f      	beq.n	80101be <HAL_TIM_IRQHandler+0x8a>
      __HAL_TIM_CLEAR_FLAG(htim, TIM_FLAG_CC3);
 801019e:	6823      	ldr	r3, [r4, #0]
 80101a0:	f06f 0208 	mvn.w	r2, #8
 80101a4:	611a      	str	r2, [r3, #16]
      htim->Channel = HAL_TIM_ACTIVE_CHANNEL_3;
 80101a6:	2304      	movs	r3, #4
 80101a8:	7723      	strb	r3, [r4, #28]
      if ((htim->Instance->CCMR2 & TIM_CCMR2_CC3S) != 0x00U)
 80101aa:	6823      	ldr	r3, [r4, #0]
 80101ac:	69db      	ldr	r3, [r3, #28]
 80101ae:	f013 0f03 	tst.w	r3, #3
 80101b2:	d046      	beq.n	8010242 <HAL_TIM_IRQHandler+0x10e>
        HAL_TIM_IC_CaptureCallback(htim);
 80101b4:	4620      	mov	r0, r4
 80101b6:	f7ff ffba 	bl	801012e <HAL_TIM_IC_CaptureCallback>
      htim->Channel = HAL_TIM_ACTIVE_CHANNEL_CLEARED;
 80101ba:	2300      	movs	r3, #0
 80101bc:	7723      	strb	r3, [r4, #28]
  if ((itflag & (TIM_FLAG_CC4)) == (TIM_FLAG_CC4))
 80101be:	f015 0f10 	tst.w	r5, #16
 80101c2:	d012      	beq.n	80101ea <HAL_TIM_IRQHandler+0xb6>
    if ((itsource & (TIM_IT_CC4)) == (TIM_IT_CC4))
 80101c4:	f016 0f10 	tst.w	r6, #16
 80101c8:	d00f      	beq.n	80101ea <HAL_TIM_IRQHandler+0xb6>
      __HAL_TIM_CLEAR_FLAG(htim, TIM_FLAG_CC4);
 80101ca:	6823      	ldr	r3, [r4, #0]
 80101cc:	f06f 0210 	mvn.w	r2, #16
 80101d0:	611a      	str	r2, [r3, #16]
      htim->Channel = HAL_TIM_ACTIVE_CHANNEL_4;
 80101d2:	2308      	movs	r3, #8
 80101d4:	7723      	strb	r3, [r4, #28]
      if ((htim->Instance->CCMR2 & TIM_CCMR2_CC4S) != 0x00U)
 80101d6:	6823      	ldr	r3, [r4, #0]
 80101d8:	69db      	ldr	r3, [r3, #28]
 80101da:	f413 7f40 	tst.w	r3, #768	@ 0x300
 80101de:	d037      	beq.n	8010250 <HAL_TIM_IRQHandler+0x11c>
        HAL_TIM_IC_CaptureCallback(htim);
 80101e0:	4620      	mov	r0, r4
 80101e2:	f7ff ffa4 	bl	801012e <HAL_TIM_IC_CaptureCallback>
      htim->Channel = HAL_TIM_ACTIVE_CHANNEL_CLEARED;
 80101e6:	2300      	movs	r3, #0
 80101e8:	7723      	strb	r3, [r4, #28]
  if ((itflag & (TIM_FLAG_UPDATE)) == (TIM_FLAG_UPDATE))
 80101ea:	f015 0f01 	tst.w	r5, #1
 80101ee:	d002      	beq.n	80101f6 <HAL_TIM_IRQHandler+0xc2>
    if ((itsource & (TIM_IT_UPDATE)) == (TIM_IT_UPDATE))
 80101f0:	f016 0f01 	tst.w	r6, #1
 80101f4:	d133      	bne.n	801025e <HAL_TIM_IRQHandler+0x12a>
  if (((itflag & (TIM_FLAG_BREAK)) == (TIM_FLAG_BREAK)) || \
 80101f6:	f415 5f02 	tst.w	r5, #8320	@ 0x2080
 80101fa:	d002      	beq.n	8010202 <HAL_TIM_IRQHandler+0xce>
    if ((itsource & (TIM_IT_BREAK)) == (TIM_IT_BREAK))
 80101fc:	f016 0f80 	tst.w	r6, #128	@ 0x80
 8010200:	d135      	bne.n	801026e <HAL_TIM_IRQHandler+0x13a>
  if ((itflag & (TIM_FLAG_BREAK2)) == (TIM_FLAG_BREAK2))
 8010202:	f415 7f80 	tst.w	r5, #256	@ 0x100
 8010206:	d002      	beq.n	801020e <HAL_TIM_IRQHandler+0xda>
    if ((itsource & (TIM_IT_BREAK)) == (TIM_IT_BREAK))
 8010208:	f016 0f80 	tst.w	r6, #128	@ 0x80
 801020c:	d137      	bne.n	801027e <HAL_TIM_IRQHandler+0x14a>
  if ((itflag & (TIM_FLAG_TRIGGER)) == (TIM_FLAG_TRIGGER))
 801020e:	f015 0f40 	tst.w	r5, #64	@ 0x40
 8010212:	d002      	beq.n	801021a <HAL_TIM_IRQHandler+0xe6>
    if ((itsource & (TIM_IT_TRIGGER)) == (TIM_IT_TRIGGER))
 8010214:	f016 0f40 	tst.w	r6, #64	@ 0x40
 8010218:	d139      	bne.n	801028e <HAL_TIM_IRQHandler+0x15a>
  if ((itflag & (TIM_FLAG_COM)) == (TIM_FLAG_COM))
 801021a:	f015 0f20 	tst.w	r5, #32
 801021e:	d002      	beq.n	8010226 <HAL_TIM_IRQHandler+0xf2>
    if ((itsource & (TIM_IT_COM)) == (TIM_IT_COM))
 8010220:	f016 0f20 	tst.w	r6, #32
 8010224:	d13b      	bne.n	801029e <HAL_TIM_IRQHandler+0x16a>
}
 8010226:	bd70      	pop	{r4, r5, r6, pc}
          HAL_TIM_OC_DelayElapsedCallback(htim);
 8010228:	f7ff ff80 	bl	801012c <HAL_TIM_OC_DelayElapsedCallback>
          HAL_TIM_PWM_PulseFinishedCallback(htim);
 801022c:	4620      	mov	r0, r4
 801022e:	f7ff ff7f 	bl	8010130 <HAL_TIM_PWM_PulseFinishedCallback>
 8010232:	e796      	b.n	8010162 <HAL_TIM_IRQHandler+0x2e>
        HAL_TIM_OC_DelayElapsedCallback(htim);
 8010234:	4620      	mov	r0, r4
 8010236:	f7ff ff79 	bl	801012c <HAL_TIM_OC_DelayElapsedCallback>
        HAL_TIM_PWM_PulseFinishedCallback(htim);
 801023a:	4620      	mov	r0, r4
 801023c:	f7ff ff78 	bl	8010130 <HAL_TIM_PWM_PulseFinishedCallback>
 8010240:	e7a5      	b.n	801018e <HAL_TIM_IRQHandler+0x5a>
        HAL_TIM_OC_DelayElapsedCallback(htim);
 8010242:	4620      	mov	r0, r4
 8010244:	f7ff ff72 	bl	801012c <HAL_TIM_OC_DelayElapsedCallback>
        HAL_TIM_PWM_PulseFinishedCallback(htim);
 8010248:	4620      	mov	r0, r4
 801024a:	f7ff ff71 	bl	8010130 <HAL_TIM_PWM_PulseFinishedCallback>
 801024e:	e7b4      	b.n	80101ba <HAL_TIM_IRQHandler+0x86>
        HAL_TIM_OC_DelayElapsedCallback(htim);
 8010250:	4620      	mov	r0, r4
 8010252:	f7ff ff6b 	bl	801012c <HAL_TIM_OC_DelayElapsedCallback>
        HAL_TIM_PWM_PulseFinishedCallback(htim);
 8010256:	4620      	mov	r0, r4
 8010258:	f7ff ff6a 	bl	8010130 <HAL_TIM_PWM_PulseFinishedCallback>
 801025c:	e7c3      	b.n	80101e6 <HAL_TIM_IRQHandler+0xb2>
      __HAL_TIM_CLEAR_FLAG(htim, TIM_FLAG_UPDATE);
 801025e:	6823      	ldr	r3, [r4, #0]
 8010260:	f06f 0201 	mvn.w	r2, #1
 8010264:	611a      	str	r2, [r3, #16]
      HAL_TIM_PeriodElapsedCallback(htim);
 8010266:	4620      	mov	r0, r4
 8010268:	f7fb fa24 	bl	800b6b4 <HAL_TIM_PeriodElapsedCallback>
 801026c:	e7c3      	b.n	80101f6 <HAL_TIM_IRQHandler+0xc2>
      __HAL_TIM_CLEAR_FLAG(htim, TIM_FLAG_BREAK | TIM_FLAG_SYSTEM_BREAK);
 801026e:	6823      	ldr	r3, [r4, #0]
 8010270:	f46f 5202 	mvn.w	r2, #8320	@ 0x2080
 8010274:	611a      	str	r2, [r3, #16]
      HAL_TIMEx_BreakCallback(htim);
 8010276:	4620      	mov	r0, r4
 8010278:	f000 f88b 	bl	8010392 <HAL_TIMEx_BreakCallback>
 801027c:	e7c1      	b.n	8010202 <HAL_TIM_IRQHandler+0xce>
      __HAL_TIM_CLEAR_FLAG(htim, TIM_FLAG_BREAK2);
 801027e:	6823      	ldr	r3, [r4, #0]
 8010280:	f46f 7280 	mvn.w	r2, #256	@ 0x100
 8010284:	611a      	str	r2, [r3, #16]
      HAL_TIMEx_Break2Callback(htim);
 8010286:	4620      	mov	r0, r4
 8010288:	f000 f884 	bl	8010394 <HAL_TIMEx_Break2Callback>
 801028c:	e7bf      	b.n	801020e <HAL_TIM_IRQHandler+0xda>
      __HAL_TIM_CLEAR_FLAG(htim, TIM_FLAG_TRIGGER);
 801028e:	6823      	ldr	r3, [r4, #0]
 8010290:	f06f 0240 	mvn.w	r2, #64	@ 0x40
 8010294:	611a      	str	r2, [r3, #16]
      HAL_TIM_TriggerCallback(htim);
 8010296:	4620      	mov	r0, r4
 8010298:	f7ff ff4b 	bl	8010132 <HAL_TIM_TriggerCallback>
 801029c:	e7bd      	b.n	801021a <HAL_TIM_IRQHandler+0xe6>
      __HAL_TIM_CLEAR_FLAG(htim, TIM_FLAG_COM);
 801029e:	6823      	ldr	r3, [r4, #0]
 80102a0:	f06f 0220 	mvn.w	r2, #32
 80102a4:	611a      	str	r2, [r3, #16]
      HAL_TIMEx_CommutCallback(htim);
 80102a6:	4620      	mov	r0, r4
 80102a8:	f000 f872 	bl	8010390 <HAL_TIMEx_CommutCallback>
}
 80102ac:	e7bb      	b.n	8010226 <HAL_TIM_IRQHandler+0xf2>
	...

080102b0 <TIM_Base_SetConfig>:
  * @retval None
  */
void TIM_Base_SetConfig(TIM_TypeDef *TIMx, const TIM_Base_InitTypeDef *Structure)
{
  uint32_t tmpcr1;
  tmpcr1 = TIMx->CR1;
 80102b0:	6803      	ldr	r3, [r0, #0]

  /* Set TIM Time Base Unit parameters ---------------------------------------*/
  if (IS_TIM_COUNTER_MODE_SELECT_INSTANCE(TIMx))
 80102b2:	4a1e      	ldr	r2, [pc, #120]	@ (801032c <TIM_Base_SetConfig+0x7c>)
 80102b4:	4290      	cmp	r0, r2
 80102b6:	d002      	beq.n	80102be <TIM_Base_SetConfig+0xe>
 80102b8:	f1b0 4f80 	cmp.w	r0, #1073741824	@ 0x40000000
 80102bc:	d103      	bne.n	80102c6 <TIM_Base_SetConfig+0x16>
  {
    /* Select the Counter Mode */
    tmpcr1 &= ~(TIM_CR1_DIR | TIM_CR1_CMS);
 80102be:	f023 0370 	bic.w	r3, r3, #112	@ 0x70
    tmpcr1 |= Structure->CounterMode;
 80102c2:	684a      	ldr	r2, [r1, #4]
 80102c4:	4313      	orrs	r3, r2
  }

  if (IS_TIM_CLOCK_DIVISION_INSTANCE(TIMx))
 80102c6:	4a19      	ldr	r2, [pc, #100]	@ (801032c <TIM_Base_SetConfig+0x7c>)
 80102c8:	4290      	cmp	r0, r2
 80102ca:	d00a      	beq.n	80102e2 <TIM_Base_SetConfig+0x32>
 80102cc:	f1b0 4f80 	cmp.w	r0, #1073741824	@ 0x40000000
 80102d0:	d007      	beq.n	80102e2 <TIM_Base_SetConfig+0x32>
 80102d2:	f502 52a0 	add.w	r2, r2, #5120	@ 0x1400
 80102d6:	4290      	cmp	r0, r2
 80102d8:	d003      	beq.n	80102e2 <TIM_Base_SetConfig+0x32>
 80102da:	f502 6280 	add.w	r2, r2, #1024	@ 0x400
 80102de:	4290      	cmp	r0, r2
 80102e0:	d103      	bne.n	80102ea <TIM_Base_SetConfig+0x3a>
  {
    /* Set the clock division */
    tmpcr1 &= ~TIM_CR1_CKD;
 80102e2:	f423 7340 	bic.w	r3, r3, #768	@ 0x300
    tmpcr1 |= (uint32_t)Structure->ClockDivision;
 80102e6:	68ca      	ldr	r2, [r1, #12]
 80102e8:	4313      	orrs	r3, r2
  }

  /* Set the auto-reload preload */
  MODIFY_REG(tmpcr1, TIM_CR1_ARPE, Structure->AutoReloadPreload);
 80102ea:	f023 0380 	bic.w	r3, r3, #128	@ 0x80
 80102ee:	694a      	ldr	r2, [r1, #20]
 80102f0:	4313      	orrs	r3, r2

  TIMx->CR1 = tmpcr1;
 80102f2:	6003      	str	r3, [r0, #0]

  /* Set the Autoreload value */
  TIMx->ARR = (uint32_t)Structure->Period ;
 80102f4:	688b      	ldr	r3, [r1, #8]
 80102f6:	62c3      	str	r3, [r0, #44]	@ 0x2c

  /* Set the Prescaler value */
  TIMx->PSC = Structure->Prescaler;
 80102f8:	680b      	ldr	r3, [r1, #0]
 80102fa:	6283      	str	r3, [r0, #40]	@ 0x28

  if (IS_TIM_REPETITION_COUNTER_INSTANCE(TIMx))
 80102fc:	4b0b      	ldr	r3, [pc, #44]	@ (801032c <TIM_Base_SetConfig+0x7c>)
 80102fe:	4298      	cmp	r0, r3
 8010300:	d007      	beq.n	8010312 <TIM_Base_SetConfig+0x62>
 8010302:	f503 53a0 	add.w	r3, r3, #5120	@ 0x1400
 8010306:	4298      	cmp	r0, r3
 8010308:	d003      	beq.n	8010312 <TIM_Base_SetConfig+0x62>
 801030a:	f503 6380 	add.w	r3, r3, #1024	@ 0x400
 801030e:	4298      	cmp	r0, r3
 8010310:	d101      	bne.n	8010316 <TIM_Base_SetConfig+0x66>
  {
    /* Set the Repetition Counter value */
    TIMx->RCR = Structure->RepetitionCounter;
 8010312:	690b      	ldr	r3, [r1, #16]
 8010314:	6303      	str	r3, [r0, #48]	@ 0x30
  }

  /* Generate an update event to reload the Prescaler
     and the repetition counter (only for advanced timer) value immediately */
  TIMx->EGR = TIM_EGR_UG;
 8010316:	2301      	movs	r3, #1
 8010318:	6143      	str	r3, [r0, #20]

  /* Check if the update flag is set after the Update Generation, if so clear the UIF flag */
  if (HAL_IS_BIT_SET(TIMx->SR, TIM_FLAG_UPDATE))
 801031a:	6903      	ldr	r3, [r0, #16]
 801031c:	f013 0f01 	tst.w	r3, #1
 8010320:	d003      	beq.n	801032a <TIM_Base_SetConfig+0x7a>
  {
    /* Clear the update flag */
    CLEAR_BIT(TIMx->SR, TIM_FLAG_UPDATE);
 8010322:	6903      	ldr	r3, [r0, #16]
 8010324:	f023 0301 	bic.w	r3, r3, #1
 8010328:	6103      	str	r3, [r0, #16]
  }
}
 801032a:	4770      	bx	lr
 801032c:	40012c00 	.word	0x40012c00

08010330 <HAL_TIM_Base_Init>:
  if (htim == NULL)
 8010330:	b360      	cbz	r0, 801038c <HAL_TIM_Base_Init+0x5c>
{
 8010332:	b510      	push	{r4, lr}
 8010334:	4604      	mov	r4, r0
  if (htim->State == HAL_TIM_STATE_RESET)
 8010336:	f890 303d 	ldrb.w	r3, [r0, #61]	@ 0x3d
 801033a:	b313      	cbz	r3, 8010382 <HAL_TIM_Base_Init+0x52>
  htim->State = HAL_TIM_STATE_BUSY;
 801033c:	2302      	movs	r3, #2
 801033e:	f884 303d 	strb.w	r3, [r4, #61]	@ 0x3d
  TIM_Base_SetConfig(htim->Instance, &htim->Init);
 8010342:	4621      	mov	r1, r4
 8010344:	f851 0b04 	ldr.w	r0, [r1], #4
 8010348:	f7ff ffb2 	bl	80102b0 <TIM_Base_SetConfig>
  htim->DMABurstState = HAL_DMA_BURST_STATE_READY;
 801034c:	2301      	movs	r3, #1
 801034e:	f884 3048 	strb.w	r3, [r4, #72]	@ 0x48
  TIM_CHANNEL_STATE_SET_ALL(htim, HAL_TIM_CHANNEL_STATE_READY);
 8010352:	f884 303e 	strb.w	r3, [r4, #62]	@ 0x3e
 8010356:	f884 303f 	strb.w	r3, [r4, #63]	@ 0x3f
 801035a:	f884 3040 	strb.w	r3, [r4, #64]	@ 0x40
 801035e:	f884 3041 	strb.w	r3, [r4, #65]	@ 0x41
 8010362:	f884 3042 	strb.w	r3, [r4, #66]	@ 0x42
 8010366:	f884 3043 	strb.w	r3, [r4, #67]	@ 0x43
  TIM_CHANNEL_N_STATE_SET_ALL(htim, HAL_TIM_CHANNEL_STATE_READY);
 801036a:	f884 3044 	strb.w	r3, [r4, #68]	@ 0x44
 801036e:	f884 3045 	strb.w	r3, [r4, #69]	@ 0x45
 8010372:	f884 3046 	strb.w	r3, [r4, #70]	@ 0x46
 8010376:	f884 3047 	strb.w	r3, [r4, #71]	@ 0x47
  htim->State = HAL_TIM_STATE_READY;
 801037a:	f884 303d 	strb.w	r3, [r4, #61]	@ 0x3d
  return HAL_OK;
 801037e:	2000      	movs	r0, #0
}
 8010380:	bd10      	pop	{r4, pc}
    htim->Lock = HAL_UNLOCKED;
 8010382:	f880 303c 	strb.w	r3, [r0, #60]	@ 0x3c
    HAL_TIM_Base_MspInit(htim);
 8010386:	f7ff fe99 	bl	80100bc <HAL_TIM_Base_MspInit>
 801038a:	e7d7      	b.n	801033c <HAL_TIM_Base_Init+0xc>
    return HAL_ERROR;
 801038c:	2001      	movs	r0, #1
}
 801038e:	4770      	bx	lr

08010390 <HAL_TIMEx_CommutCallback>:
  UNUSED(htim);

  /* NOTE : This function should not be modified, when the callback is needed,
            the HAL_TIMEx_CommutCallback could be implemented in the user file
   */
}
 8010390:	4770      	bx	lr

08010392 <HAL_TIMEx_BreakCallback>:
  UNUSED(htim);

  /* NOTE : This function should not be modified, when the callback is needed,
            the HAL_TIMEx_BreakCallback could be implemented in the user file
   */
}
 8010392:	4770      	bx	lr

08010394 <HAL_TIMEx_Break2Callback>:
  UNUSED(htim);

  /* NOTE : This function Should not be modified, when the callback is needed,
            the HAL_TIMEx_Break2Callback could be implemented in the user file
   */
}
 8010394:	4770      	bx	lr
	...

08010398 <HAL_InitTick>:
  *         reset by HAL_Init() or at any time when clock is configured, by HAL_RCC_ClockConfig().
  * @param  TickPriority: Tick interrupt priority.
  * @retval HAL status
  */
HAL_StatusTypeDef HAL_InitTick(uint32_t TickPriority)
{
 8010398:	b530      	push	{r4, r5, lr}
 801039a:	b089      	sub	sp, #36	@ 0x24
 801039c:	4604      	mov	r4, r0
  uint32_t              pFLatency;

  HAL_StatusTypeDef     status = HAL_OK;

  /* Enable TIM6 clock */
  __HAL_RCC_TIM6_CLK_ENABLE();
 801039e:	4b21      	ldr	r3, [pc, #132]	@ (8010424 <HAL_InitTick+0x8c>)
 80103a0:	6d9a      	ldr	r2, [r3, #88]	@ 0x58
 80103a2:	f042 0210 	orr.w	r2, r2, #16
 80103a6:	659a      	str	r2, [r3, #88]	@ 0x58
 80103a8:	6d9b      	ldr	r3, [r3, #88]	@ 0x58
 80103aa:	f003 0310 	and.w	r3, r3, #16
 80103ae:	9301      	str	r3, [sp, #4]
 80103b0:	9b01      	ldr	r3, [sp, #4]

  /* Get clock configuration */
  HAL_RCC_GetClockConfig(&clkconfig, &pFLatency);
 80103b2:	a902      	add	r1, sp, #8
 80103b4:	a803      	add	r0, sp, #12
 80103b6:	f7ff fc37 	bl	800fc28 <HAL_RCC_GetClockConfig>

  /* Get APB1 prescaler */
  uwAPB1Prescaler = clkconfig.APB1CLKDivider;
 80103ba:	9b06      	ldr	r3, [sp, #24]
  /* Compute TIM6 clock */
  if (uwAPB1Prescaler == RCC_HCLK_DIV1)
 80103bc:	b9cb      	cbnz	r3, 80103f2 <HAL_InitTick+0x5a>
  {
    uwTimclock = HAL_RCC_GetPCLK1Freq();
 80103be:	f7ff fc21 	bl	800fc04 <HAL_RCC_GetPCLK1Freq>
 80103c2:	4603      	mov	r3, r0
  {
    uwTimclock = 2UL * HAL_RCC_GetPCLK1Freq();
  }

  /* Compute the prescaler value to have TIM6 counter clock equal to 1MHz */
  uwPrescalerValue = (uint32_t) ((uwTimclock / 1000000U) - 1U);
 80103c4:	4a18      	ldr	r2, [pc, #96]	@ (8010428 <HAL_InitTick+0x90>)
 80103c6:	fba2 2303 	umull	r2, r3, r2, r3
 80103ca:	0c9b      	lsrs	r3, r3, #18
 80103cc:	3b01      	subs	r3, #1

  /* Initialize TIM6 */
  htim6.Instance = TIM6;
 80103ce:	4817      	ldr	r0, [pc, #92]	@ (801042c <HAL_InitTick+0x94>)
 80103d0:	4a17      	ldr	r2, [pc, #92]	@ (8010430 <HAL_InitTick+0x98>)
 80103d2:	6002      	str	r2, [r0, #0]
   * Period = [(TIM6CLK/1000) - 1]. to have a (1/1000) s time base.
   * Prescaler = (uwTimclock/1000000 - 1) to have a 1MHz counter clock.
   * ClockDivision = 0
   * Counter direction = Up
   */
  htim6.Init.Period = (1000000U / 1000U) - 1U;
 80103d4:	f240 32e7 	movw	r2, #999	@ 0x3e7
 80103d8:	60c2      	str	r2, [r0, #12]
  htim6.Init.Prescaler = uwPrescalerValue;
 80103da:	6043      	str	r3, [r0, #4]
  htim6.Init.ClockDivision = 0;
 80103dc:	2300      	movs	r3, #0
 80103de:	6103      	str	r3, [r0, #16]
  htim6.Init.CounterMode = TIM_COUNTERMODE_UP;
 80103e0:	6083      	str	r3, [r0, #8]
  htim6.Init.AutoReloadPreload = TIM_AUTORELOAD_PRELOAD_DISABLE;
 80103e2:	6183      	str	r3, [r0, #24]

  status = HAL_TIM_Base_Init(&htim6);
 80103e4:	f7ff ffa4 	bl	8010330 <HAL_TIM_Base_Init>
  if (status == HAL_OK)
 80103e8:	4605      	mov	r5, r0
 80103ea:	b130      	cbz	r0, 80103fa <HAL_InitTick+0x62>
    }
  }

 /* Return function status */
  return status;
}
 80103ec:	4628      	mov	r0, r5
 80103ee:	b009      	add	sp, #36	@ 0x24
 80103f0:	bd30      	pop	{r4, r5, pc}
    uwTimclock = 2UL * HAL_RCC_GetPCLK1Freq();
 80103f2:	f7ff fc07 	bl	800fc04 <HAL_RCC_GetPCLK1Freq>
 80103f6:	0043      	lsls	r3, r0, #1
 80103f8:	e7e4      	b.n	80103c4 <HAL_InitTick+0x2c>
    status = HAL_TIM_Base_Start_IT(&htim6);
 80103fa:	480c      	ldr	r0, [pc, #48]	@ (801042c <HAL_InitTick+0x94>)
 80103fc:	f7ff fe60 	bl	80100c0 <HAL_TIM_Base_Start_IT>
    if (status == HAL_OK)
 8010400:	4605      	mov	r5, r0
 8010402:	2800      	cmp	r0, #0
 8010404:	d1f2      	bne.n	80103ec <HAL_InitTick+0x54>
        HAL_NVIC_EnableIRQ(TIM6_DAC_IRQn);
 8010406:	2036      	movs	r0, #54	@ 0x36
 8010408:	f7fd fd22 	bl	800de50 <HAL_NVIC_EnableIRQ>
      if (TickPriority < (1UL << __NVIC_PRIO_BITS))
 801040c:	2c0f      	cmp	r4, #15
 801040e:	d901      	bls.n	8010414 <HAL_InitTick+0x7c>
        status = HAL_ERROR;
 8010410:	2501      	movs	r5, #1
 8010412:	e7eb      	b.n	80103ec <HAL_InitTick+0x54>
        HAL_NVIC_SetPriority(TIM6_DAC_IRQn, TickPriority, 0U);
 8010414:	2200      	movs	r2, #0
 8010416:	4621      	mov	r1, r4
 8010418:	2036      	movs	r0, #54	@ 0x36
 801041a:	f7fd fd09 	bl	800de30 <HAL_NVIC_SetPriority>
        uwTickPrio = TickPriority;
 801041e:	4b05      	ldr	r3, [pc, #20]	@ (8010434 <HAL_InitTick+0x9c>)
 8010420:	601c      	str	r4, [r3, #0]
 8010422:	e7e3      	b.n	80103ec <HAL_InitTick+0x54>
 8010424:	40021000 	.word	0x40021000
 8010428:	431bde83 	.word	0x431bde83
 801042c:	20003eb8 	.word	0x20003eb8
 8010430:	40001000 	.word	0x40001000
 8010434:	20000030 	.word	0x20000030

08010438 <NMI_Handler>:
{
  /* USER CODE BEGIN NonMaskableInt_IRQn 0 */

  /* USER CODE END NonMaskableInt_IRQn 0 */
  /* USER CODE BEGIN NonMaskableInt_IRQn 1 */
   while (1)
 8010438:	e7fe      	b.n	8010438 <NMI_Handler>

0801043a <HardFault_Handler>:
void HardFault_Handler(void)
{
  /* USER CODE BEGIN HardFault_IRQn 0 */

  /* USER CODE END HardFault_IRQn 0 */
  while (1)
 801043a:	e7fe      	b.n	801043a <HardFault_Handler>

0801043c <MemManage_Handler>:
void MemManage_Handler(void)
{
  /* USER CODE BEGIN MemoryManagement_IRQn 0 */

  /* USER CODE END MemoryManagement_IRQn 0 */
  while (1)
 801043c:	e7fe      	b.n	801043c <MemManage_Handler>

0801043e <BusFault_Handler>:
void BusFault_Handler(void)
{
  /* USER CODE BEGIN BusFault_IRQn 0 */

  /* USER CODE END BusFault_IRQn 0 */
  while (1)
 801043e:	e7fe      	b.n	801043e <BusFault_Handler>

08010440 <UsageFault_Handler>:
void UsageFault_Handler(void)
{
  /* USER CODE BEGIN UsageFault_IRQn 0 */

  /* USER CODE END UsageFault_IRQn 0 */
  while (1)
 8010440:	e7fe      	b.n	8010440 <UsageFault_Handler>

08010442 <DebugMon_Handler>:

  /* USER CODE END DebugMonitor_IRQn 0 */
  /* USER CODE BEGIN DebugMonitor_IRQn 1 */

  /* USER CODE END DebugMonitor_IRQn 1 */
}
 8010442:	4770      	bx	lr

08010444 <CAN1_RX0_IRQHandler>:

/**
  * @brief This function handles CAN1 RX0 interrupt.
  */
void CAN1_RX0_IRQHandler(void)
{
 8010444:	b508      	push	{r3, lr}
  /* USER CODE BEGIN CAN1_RX0_IRQn 0 */

  /* USER CODE END CAN1_RX0_IRQn 0 */
  HAL_CAN_IRQHandler(&hcan1);
 8010446:	4802      	ldr	r0, [pc, #8]	@ (8010450 <CAN1_RX0_IRQHandler+0xc>)
 8010448:	f7fd fb74 	bl	800db34 <HAL_CAN_IRQHandler>
  /* USER CODE BEGIN CAN1_RX0_IRQn 1 */

  /* USER CODE END CAN1_RX0_IRQn 1 */
}
 801044c:	bd08      	pop	{r3, pc}
 801044e:	bf00      	nop
 8010450:	20003dd8 	.word	0x20003dd8

08010454 <CAN1_RX1_IRQHandler>:

/**
  * @brief This function handles CAN1 RX1 interrupt.
  */
void CAN1_RX1_IRQHandler(void)
{
 8010454:	b508      	push	{r3, lr}
  /* USER CODE BEGIN CAN1_RX1_IRQn 0 */

  /* USER CODE END CAN1_RX1_IRQn 0 */
  HAL_CAN_IRQHandler(&hcan1);
 8010456:	4802      	ldr	r0, [pc, #8]	@ (8010460 <CAN1_RX1_IRQHandler+0xc>)
 8010458:	f7fd fb6c 	bl	800db34 <HAL_CAN_IRQHandler>
  /* USER CODE BEGIN CAN1_RX1_IRQn 1 */

  /* USER CODE END CAN1_RX1_IRQn 1 */
}
 801045c:	bd08      	pop	{r3, pc}
 801045e:	bf00      	nop
 8010460:	20003dd8 	.word	0x20003dd8

08010464 <CAN1_TX_IRQHandler>:

/**
  * @brief This function handles CAN1 TX interrupt.
  */
void CAN1_TX_IRQHandler(void)
{
 8010464:	b508      	push	{r3, lr}
  /* USER CODE BEGIN CAN1_TX_IRQn 0 */

  /* USER CODE END CAN1_TX_IRQn 0 */
  HAL_CAN_IRQHandler(&hcan1);
 8010466:	4802      	ldr	r0, [pc, #8]	@ (8010470 <CAN1_TX_IRQHandler+0xc>)
 8010468:	f7fd fb64 	bl	800db34 <HAL_CAN_IRQHandler>
  /* USER CODE BEGIN CAN1_TX_IRQn 1 */

  /* USER CODE END CAN1_TX_IRQn 1 */
}
 801046c:	bd08      	pop	{r3, pc}
 801046e:	bf00      	nop
 8010470:	20003dd8 	.word	0x20003dd8

08010474 <CAN1_SCE_IRQHandler>:

/**
  * @brief This function handles CAN1 SCE interrupt.
  */
void CAN1_SCE_IRQHandler(void)
{
 8010474:	b508      	push	{r3, lr}
  /* USER CODE BEGIN CAN1_SCE_IRQn 0 */

  /* USER CODE END CAN1_SCE_IRQn 0 */
  HAL_CAN_IRQHandler(&hcan1);
 8010476:	4802      	ldr	r0, [pc, #8]	@ (8010480 <CAN1_SCE_IRQHandler+0xc>)
 8010478:	f7fd fb5c 	bl	800db34 <HAL_CAN_IRQHandler>
  /* USER CODE BEGIN CAN1_SCE_IRQn 1 */

  /* USER CODE END CAN1_SCE_IRQn 1 */
}
 801047c:	bd08      	pop	{r3, pc}
 801047e:	bf00      	nop
 8010480:	20003dd8 	.word	0x20003dd8

08010484 <TIM6_DAC_IRQHandler>:

/**
  * @brief This function handles TIM6 global interrupt, DAC channel1 and channel2 underrun error interrupts.
  */
void TIM6_DAC_IRQHandler(void)
{
 8010484:	b508      	push	{r3, lr}
  /* USER CODE BEGIN TIM6_DAC_IRQn 0 */

  /* USER CODE END TIM6_DAC_IRQn 0 */
  HAL_TIM_IRQHandler(&htim6);
 8010486:	4802      	ldr	r0, [pc, #8]	@ (8010490 <TIM6_DAC_IRQHandler+0xc>)
 8010488:	f7ff fe54 	bl	8010134 <HAL_TIM_IRQHandler>
  /* USER CODE BEGIN TIM6_DAC_IRQn 1 */

  /* USER CODE END TIM6_DAC_IRQn 1 */
}
 801048c:	bd08      	pop	{r3, pc}
 801048e:	bf00      	nop
 8010490:	20003eb8 	.word	0x20003eb8

08010494 <SystemInit>:

void SystemInit(void)
{
  /* Reset RCC clock configuration to default state (coming from bootloader) */
  /* Set MSION bit */
  RCC->CR |= RCC_CR_MSION;
 8010494:	4b0f      	ldr	r3, [pc, #60]	@ (80104d4 <SystemInit+0x40>)
 8010496:	681a      	ldr	r2, [r3, #0]
 8010498:	f042 0201 	orr.w	r2, r2, #1
 801049c:	601a      	str	r2, [r3, #0]

  /* Reset CFGR register (switch to MSI as system clock) */
  RCC->CFGR = 0x00000000U;
 801049e:	2100      	movs	r1, #0
 80104a0:	6099      	str	r1, [r3, #8]

  /* Reset HSEON, CSSON, HSION, and PLLON bits */
  RCC->CR &= 0xEAF6FFFFU;
 80104a2:	681a      	ldr	r2, [r3, #0]
 80104a4:	f022 52a8 	bic.w	r2, r2, #352321536	@ 0x15000000
 80104a8:	f422 2210 	bic.w	r2, r2, #589824	@ 0x90000
 80104ac:	601a      	str	r2, [r3, #0]

  /* Reset PLLCFGR register to default */
  RCC->PLLCFGR = 0x00001000U;
 80104ae:	f44f 5280 	mov.w	r2, #4096	@ 0x1000
 80104b2:	60da      	str	r2, [r3, #12]

  /* Reset HSEBYP bit */
  RCC->CR &= 0xFFFBFFFFU;
 80104b4:	681a      	ldr	r2, [r3, #0]
 80104b6:	f422 2280 	bic.w	r2, r2, #262144	@ 0x40000
 80104ba:	601a      	str	r2, [r3, #0]

  /* Disable all interrupts */
  RCC->CIER = 0x00000000U;
 80104bc:	6199      	str	r1, [r3, #24]

#if defined(USER_VECT_TAB_ADDRESS)
  /* Configure the Vector Table location -------------------------------------*/
  SCB->VTOR = VECT_TAB_BASE_ADDRESS | VECT_TAB_OFFSET;
 80104be:	4b06      	ldr	r3, [pc, #24]	@ (80104d8 <SystemInit+0x44>)
 80104c0:	4a06      	ldr	r2, [pc, #24]	@ (80104dc <SystemInit+0x48>)
 80104c2:	609a      	str	r2, [r3, #8]
#endif

  /* FPU settings ------------------------------------------------------------*/
#if (__FPU_PRESENT == 1) && (__FPU_USED == 1)
  SCB->CPACR |= ((3UL << 20U)|(3UL << 22U));  /* set CP10 and CP11 Full Access */
 80104c4:	f8d3 2088 	ldr.w	r2, [r3, #136]	@ 0x88
 80104c8:	f442 0270 	orr.w	r2, r2, #15728640	@ 0xf00000
 80104cc:	f8c3 2088 	str.w	r2, [r3, #136]	@ 0x88
#endif
}
 80104d0:	4770      	bx	lr
 80104d2:	bf00      	nop
 80104d4:	40021000 	.word	0x40021000
 80104d8:	e000ed00 	.word	0xe000ed00
 80104dc:	08008000 	.word	0x08008000

080104e0 <prvResetNextTaskUnblockTime>:

static void prvResetNextTaskUnblockTime( void )
{
TCB_t *pxTCB;

	if( listLIST_IS_EMPTY( pxDelayedTaskList ) != pdFALSE )
 80104e0:	4b08      	ldr	r3, [pc, #32]	@ (8010504 <prvResetNextTaskUnblockTime+0x24>)
 80104e2:	681b      	ldr	r3, [r3, #0]
 80104e4:	681b      	ldr	r3, [r3, #0]
 80104e6:	b923      	cbnz	r3, 80104f2 <prvResetNextTaskUnblockTime+0x12>
	{
		/* The new current delayed list is empty.  Set xNextTaskUnblockTime to
		the maximum possible value so it is	extremely unlikely that the
		if( xTickCount >= xNextTaskUnblockTime ) test will pass until
		there is an item in the delayed list. */
		xNextTaskUnblockTime = portMAX_DELAY;
 80104e8:	4b07      	ldr	r3, [pc, #28]	@ (8010508 <prvResetNextTaskUnblockTime+0x28>)
 80104ea:	f04f 32ff 	mov.w	r2, #4294967295
 80104ee:	601a      	str	r2, [r3, #0]
 80104f0:	4770      	bx	lr
	{
		/* The new current delayed list is not empty, get the value of
		the item at the head of the delayed list.  This is the time at
		which the task at the head of the delayed list should be removed
		from the Blocked state. */
		( pxTCB ) = listGET_OWNER_OF_HEAD_ENTRY( pxDelayedTaskList ); /*lint !e9079 void * is used as this macro is used with timers and co-routines too.  Alignment is known to be fine as the type of the pointer stored and retrieved is the same. */
 80104f2:	4b04      	ldr	r3, [pc, #16]	@ (8010504 <prvResetNextTaskUnblockTime+0x24>)
 80104f4:	681b      	ldr	r3, [r3, #0]
 80104f6:	68db      	ldr	r3, [r3, #12]
 80104f8:	68db      	ldr	r3, [r3, #12]
		xNextTaskUnblockTime = listGET_LIST_ITEM_VALUE( &( ( pxTCB )->xStateListItem ) );
 80104fa:	685a      	ldr	r2, [r3, #4]
 80104fc:	4b02      	ldr	r3, [pc, #8]	@ (8010508 <prvResetNextTaskUnblockTime+0x28>)
 80104fe:	601a      	str	r2, [r3, #0]
	}
}
 8010500:	4770      	bx	lr
 8010502:	bf00      	nop
 8010504:	20003f74 	.word	0x20003f74
 8010508:	20003f0c 	.word	0x20003f0c

0801050c <prvInitialiseNewTask>:
{
 801050c:	e92d 47f0 	stmdb	sp!, {r4, r5, r6, r7, r8, r9, sl, lr}
 8010510:	4680      	mov	r8, r0
 8010512:	460d      	mov	r5, r1
 8010514:	4617      	mov	r7, r2
 8010516:	4699      	mov	r9, r3
 8010518:	9e08      	ldr	r6, [sp, #32]
 801051a:	f8dd a024 	ldr.w	sl, [sp, #36]	@ 0x24
 801051e:	9c0a      	ldr	r4, [sp, #40]	@ 0x28
		( void ) memset( pxNewTCB->pxStack, ( int ) tskSTACK_FILL_BYTE, ( size_t ) ulStackDepth * sizeof( StackType_t ) );
 8010520:	0092      	lsls	r2, r2, #2
 8010522:	21a5      	movs	r1, #165	@ 0xa5
 8010524:	6b20      	ldr	r0, [r4, #48]	@ 0x30
 8010526:	f000 ffd6 	bl	80114d6 <memset>
		pxTopOfStack = &( pxNewTCB->pxStack[ ulStackDepth - ( uint32_t ) 1 ] );
 801052a:	6b23      	ldr	r3, [r4, #48]	@ 0x30
 801052c:	f107 4280 	add.w	r2, r7, #1073741824	@ 0x40000000
 8010530:	3a01      	subs	r2, #1
 8010532:	eb03 0782 	add.w	r7, r3, r2, lsl #2
		pxTopOfStack = ( StackType_t * ) ( ( ( portPOINTER_SIZE_TYPE ) pxTopOfStack ) & ( ~( ( portPOINTER_SIZE_TYPE ) portBYTE_ALIGNMENT_MASK ) ) ); /*lint !e923 !e9033 !e9078 MISRA exception.  Avoiding casts between pointers and integers is not practical.  Size differences accounted for using portPOINTER_SIZE_TYPE type.  Checked by assert(). */
 8010536:	f027 0707 	bic.w	r7, r7, #7
	if( pcName != NULL )
 801053a:	b3a5      	cbz	r5, 80105a6 <prvInitialiseNewTask+0x9a>
		for( x = ( UBaseType_t ) 0; x < ( UBaseType_t ) configMAX_TASK_NAME_LEN; x++ )
 801053c:	f04f 0c00 	mov.w	ip, #0
 8010540:	f1bc 0f0f 	cmp.w	ip, #15
 8010544:	d809      	bhi.n	801055a <prvInitialiseNewTask+0x4e>
			pxNewTCB->pcTaskName[ x ] = pcName[ x ];
 8010546:	f815 300c 	ldrb.w	r3, [r5, ip]
 801054a:	eb04 020c 	add.w	r2, r4, ip
 801054e:	f882 3034 	strb.w	r3, [r2, #52]	@ 0x34
			if( pcName[ x ] == ( char ) 0x00 )
 8010552:	b113      	cbz	r3, 801055a <prvInitialiseNewTask+0x4e>
		for( x = ( UBaseType_t ) 0; x < ( UBaseType_t ) configMAX_TASK_NAME_LEN; x++ )
 8010554:	f10c 0c01 	add.w	ip, ip, #1
 8010558:	e7f2      	b.n	8010540 <prvInitialiseNewTask+0x34>
		pxNewTCB->pcTaskName[ configMAX_TASK_NAME_LEN - 1 ] = '\0';
 801055a:	2300      	movs	r3, #0
 801055c:	f884 3043 	strb.w	r3, [r4, #67]	@ 0x43
	if( uxPriority >= ( UBaseType_t ) configMAX_PRIORITIES )
 8010560:	2e37      	cmp	r6, #55	@ 0x37
 8010562:	d900      	bls.n	8010566 <prvInitialiseNewTask+0x5a>
		uxPriority = ( UBaseType_t ) configMAX_PRIORITIES - ( UBaseType_t ) 1U;
 8010564:	2637      	movs	r6, #55	@ 0x37
	pxNewTCB->uxPriority = uxPriority;
 8010566:	62e6      	str	r6, [r4, #44]	@ 0x2c
		pxNewTCB->uxBasePriority = uxPriority;
 8010568:	64e6      	str	r6, [r4, #76]	@ 0x4c
		pxNewTCB->uxMutexesHeld = 0;
 801056a:	2500      	movs	r5, #0
 801056c:	6525      	str	r5, [r4, #80]	@ 0x50
	vListInitialiseItem( &( pxNewTCB->xStateListItem ) );
 801056e:	1d20      	adds	r0, r4, #4
 8010570:	f7fa ffd7 	bl	800b522 <vListInitialiseItem>
	vListInitialiseItem( &( pxNewTCB->xEventListItem ) );
 8010574:	f104 0018 	add.w	r0, r4, #24
 8010578:	f7fa ffd3 	bl	800b522 <vListInitialiseItem>
	listSET_LIST_ITEM_OWNER( &( pxNewTCB->xStateListItem ), pxNewTCB );
 801057c:	6124      	str	r4, [r4, #16]
	listSET_LIST_ITEM_VALUE( &( pxNewTCB->xEventListItem ), ( TickType_t ) configMAX_PRIORITIES - ( TickType_t ) uxPriority ); /*lint !e961 MISRA exception as the casts are only redundant for some ports. */
 801057e:	f1c6 0638 	rsb	r6, r6, #56	@ 0x38
 8010582:	61a6      	str	r6, [r4, #24]
	listSET_LIST_ITEM_OWNER( &( pxNewTCB->xEventListItem ), pxNewTCB );
 8010584:	6264      	str	r4, [r4, #36]	@ 0x24
		pxNewTCB->ulNotifiedValue = 0;
 8010586:	6565      	str	r5, [r4, #84]	@ 0x54
		pxNewTCB->ucNotifyState = taskNOT_WAITING_NOTIFICATION;
 8010588:	f884 5058 	strb.w	r5, [r4, #88]	@ 0x58
			pxNewTCB->pxTopOfStack = pxPortInitialiseStack( pxTopOfStack, pxTaskCode, pvParameters );
 801058c:	464a      	mov	r2, r9
 801058e:	4641      	mov	r1, r8
 8010590:	4638      	mov	r0, r7
 8010592:	f7fb fabd 	bl	800bb10 <pxPortInitialiseStack>
 8010596:	6020      	str	r0, [r4, #0]
	if( pxCreatedTask != NULL )
 8010598:	f1ba 0f00 	cmp.w	sl, #0
 801059c:	d001      	beq.n	80105a2 <prvInitialiseNewTask+0x96>
		*pxCreatedTask = ( TaskHandle_t ) pxNewTCB;
 801059e:	f8ca 4000 	str.w	r4, [sl]
}
 80105a2:	e8bd 87f0 	ldmia.w	sp!, {r4, r5, r6, r7, r8, r9, sl, pc}
		pxNewTCB->pcTaskName[ 0 ] = 0x00;
 80105a6:	2300      	movs	r3, #0
 80105a8:	f884 3034 	strb.w	r3, [r4, #52]	@ 0x34
 80105ac:	e7d8      	b.n	8010560 <prvInitialiseNewTask+0x54>
	...

080105b0 <prvInitialiseTaskLists>:
{
 80105b0:	b538      	push	{r3, r4, r5, lr}
	for( uxPriority = ( UBaseType_t ) 0U; uxPriority < ( UBaseType_t ) configMAX_PRIORITIES; uxPriority++ )
 80105b2:	2400      	movs	r4, #0
 80105b4:	e007      	b.n	80105c6 <prvInitialiseTaskLists+0x16>
		vListInitialise( &( pxReadyTasksLists[ uxPriority ] ) );
 80105b6:	eb04 0284 	add.w	r2, r4, r4, lsl #2
 80105ba:	0093      	lsls	r3, r2, #2
 80105bc:	480e      	ldr	r0, [pc, #56]	@ (80105f8 <prvInitialiseTaskLists+0x48>)
 80105be:	4418      	add	r0, r3
 80105c0:	f7fa ffa4 	bl	800b50c <vListInitialise>
	for( uxPriority = ( UBaseType_t ) 0U; uxPriority < ( UBaseType_t ) configMAX_PRIORITIES; uxPriority++ )
 80105c4:	3401      	adds	r4, #1
 80105c6:	2c37      	cmp	r4, #55	@ 0x37
 80105c8:	d9f5      	bls.n	80105b6 <prvInitialiseTaskLists+0x6>
	vListInitialise( &xDelayedTaskList1 );
 80105ca:	4d0c      	ldr	r5, [pc, #48]	@ (80105fc <prvInitialiseTaskLists+0x4c>)
 80105cc:	4628      	mov	r0, r5
 80105ce:	f7fa ff9d 	bl	800b50c <vListInitialise>
	vListInitialise( &xDelayedTaskList2 );
 80105d2:	4c0b      	ldr	r4, [pc, #44]	@ (8010600 <prvInitialiseTaskLists+0x50>)
 80105d4:	4620      	mov	r0, r4
 80105d6:	f7fa ff99 	bl	800b50c <vListInitialise>
	vListInitialise( &xPendingReadyList );
 80105da:	480a      	ldr	r0, [pc, #40]	@ (8010604 <prvInitialiseTaskLists+0x54>)
 80105dc:	f7fa ff96 	bl	800b50c <vListInitialise>
		vListInitialise( &xTasksWaitingTermination );
 80105e0:	4809      	ldr	r0, [pc, #36]	@ (8010608 <prvInitialiseTaskLists+0x58>)
 80105e2:	f7fa ff93 	bl	800b50c <vListInitialise>
		vListInitialise( &xSuspendedTaskList );
 80105e6:	4809      	ldr	r0, [pc, #36]	@ (801060c <prvInitialiseTaskLists+0x5c>)
 80105e8:	f7fa ff90 	bl	800b50c <vListInitialise>
	pxDelayedTaskList = &xDelayedTaskList1;
 80105ec:	4b08      	ldr	r3, [pc, #32]	@ (8010610 <prvInitialiseTaskLists+0x60>)
 80105ee:	601d      	str	r5, [r3, #0]
	pxOverflowDelayedTaskList = &xDelayedTaskList2;
 80105f0:	4b08      	ldr	r3, [pc, #32]	@ (8010614 <prvInitialiseTaskLists+0x64>)
 80105f2:	601c      	str	r4, [r3, #0]
}
 80105f4:	bd38      	pop	{r3, r4, r5, pc}
 80105f6:	bf00      	nop
 80105f8:	20003fa0 	.word	0x20003fa0
 80105fc:	20003f8c 	.word	0x20003f8c
 8010600:	20003f78 	.word	0x20003f78
 8010604:	20003f5c 	.word	0x20003f5c
 8010608:	20003f48 	.word	0x20003f48
 801060c:	20003f30 	.word	0x20003f30
 8010610:	20003f74 	.word	0x20003f74
 8010614:	20003f70 	.word	0x20003f70

08010618 <prvAddNewTaskToReadyList>:
{
 8010618:	b510      	push	{r4, lr}
 801061a:	4604      	mov	r4, r0
	taskENTER_CRITICAL();
 801061c:	f7fb faa2 	bl	800bb64 <vPortEnterCritical>
		uxCurrentNumberOfTasks++;
 8010620:	4a22      	ldr	r2, [pc, #136]	@ (80106ac <prvAddNewTaskToReadyList+0x94>)
 8010622:	6813      	ldr	r3, [r2, #0]
 8010624:	3301      	adds	r3, #1
 8010626:	6013      	str	r3, [r2, #0]
		if( pxCurrentTCB == NULL )
 8010628:	4b21      	ldr	r3, [pc, #132]	@ (80106b0 <prvAddNewTaskToReadyList+0x98>)
 801062a:	681b      	ldr	r3, [r3, #0]
 801062c:	b15b      	cbz	r3, 8010646 <prvAddNewTaskToReadyList+0x2e>
			if( xSchedulerRunning == pdFALSE )
 801062e:	4b21      	ldr	r3, [pc, #132]	@ (80106b4 <prvAddNewTaskToReadyList+0x9c>)
 8010630:	681b      	ldr	r3, [r3, #0]
 8010632:	b96b      	cbnz	r3, 8010650 <prvAddNewTaskToReadyList+0x38>
				if( pxCurrentTCB->uxPriority <= pxNewTCB->uxPriority )
 8010634:	4b1e      	ldr	r3, [pc, #120]	@ (80106b0 <prvAddNewTaskToReadyList+0x98>)
 8010636:	681b      	ldr	r3, [r3, #0]
 8010638:	6ada      	ldr	r2, [r3, #44]	@ 0x2c
 801063a:	6ae3      	ldr	r3, [r4, #44]	@ 0x2c
 801063c:	429a      	cmp	r2, r3
 801063e:	d807      	bhi.n	8010650 <prvAddNewTaskToReadyList+0x38>
					pxCurrentTCB = pxNewTCB;
 8010640:	4b1b      	ldr	r3, [pc, #108]	@ (80106b0 <prvAddNewTaskToReadyList+0x98>)
 8010642:	601c      	str	r4, [r3, #0]
 8010644:	e004      	b.n	8010650 <prvAddNewTaskToReadyList+0x38>
			pxCurrentTCB = pxNewTCB;
 8010646:	4b1a      	ldr	r3, [pc, #104]	@ (80106b0 <prvAddNewTaskToReadyList+0x98>)
 8010648:	601c      	str	r4, [r3, #0]
			if( uxCurrentNumberOfTasks == ( UBaseType_t ) 1 )
 801064a:	6813      	ldr	r3, [r2, #0]
 801064c:	2b01      	cmp	r3, #1
 801064e:	d029      	beq.n	80106a4 <prvAddNewTaskToReadyList+0x8c>
		uxTaskNumber++;
 8010650:	4a19      	ldr	r2, [pc, #100]	@ (80106b8 <prvAddNewTaskToReadyList+0xa0>)
 8010652:	6813      	ldr	r3, [r2, #0]
 8010654:	3301      	adds	r3, #1
 8010656:	6013      	str	r3, [r2, #0]
			pxNewTCB->uxTCBNumber = uxTaskNumber;
 8010658:	6463      	str	r3, [r4, #68]	@ 0x44
		prvAddTaskToReadyList( pxNewTCB );
 801065a:	6ae0      	ldr	r0, [r4, #44]	@ 0x2c
 801065c:	4b17      	ldr	r3, [pc, #92]	@ (80106bc <prvAddNewTaskToReadyList+0xa4>)
 801065e:	681b      	ldr	r3, [r3, #0]
 8010660:	4298      	cmp	r0, r3
 8010662:	d901      	bls.n	8010668 <prvAddNewTaskToReadyList+0x50>
 8010664:	4b15      	ldr	r3, [pc, #84]	@ (80106bc <prvAddNewTaskToReadyList+0xa4>)
 8010666:	6018      	str	r0, [r3, #0]
 8010668:	eb00 0080 	add.w	r0, r0, r0, lsl #2
 801066c:	1d21      	adds	r1, r4, #4
 801066e:	4b14      	ldr	r3, [pc, #80]	@ (80106c0 <prvAddNewTaskToReadyList+0xa8>)
 8010670:	eb03 0080 	add.w	r0, r3, r0, lsl #2
 8010674:	f7fa ff58 	bl	800b528 <vListInsertEnd>
	taskEXIT_CRITICAL();
 8010678:	f7fb fa96 	bl	800bba8 <vPortExitCritical>
	if( xSchedulerRunning != pdFALSE )
 801067c:	4b0d      	ldr	r3, [pc, #52]	@ (80106b4 <prvAddNewTaskToReadyList+0x9c>)
 801067e:	681b      	ldr	r3, [r3, #0]
 8010680:	b17b      	cbz	r3, 80106a2 <prvAddNewTaskToReadyList+0x8a>
		if( pxCurrentTCB->uxPriority < pxNewTCB->uxPriority )
 8010682:	4b0b      	ldr	r3, [pc, #44]	@ (80106b0 <prvAddNewTaskToReadyList+0x98>)
 8010684:	681b      	ldr	r3, [r3, #0]
 8010686:	6ada      	ldr	r2, [r3, #44]	@ 0x2c
 8010688:	6ae3      	ldr	r3, [r4, #44]	@ 0x2c
 801068a:	429a      	cmp	r2, r3
 801068c:	d209      	bcs.n	80106a2 <prvAddNewTaskToReadyList+0x8a>
			taskYIELD_IF_USING_PREEMPTION();
 801068e:	f04f 23e0 	mov.w	r3, #3758153728	@ 0xe000e000
 8010692:	f04f 5280 	mov.w	r2, #268435456	@ 0x10000000
 8010696:	f8c3 2d04 	str.w	r2, [r3, #3332]	@ 0xd04
 801069a:	f3bf 8f4f 	dsb	sy
 801069e:	f3bf 8f6f 	isb	sy
}
 80106a2:	bd10      	pop	{r4, pc}
				prvInitialiseTaskLists();
 80106a4:	f7ff ff84 	bl	80105b0 <prvInitialiseTaskLists>
 80106a8:	e7d2      	b.n	8010650 <prvAddNewTaskToReadyList+0x38>
 80106aa:	bf00      	nop
 80106ac:	20003f2c 	.word	0x20003f2c
 80106b0:	20004400 	.word	0x20004400
 80106b4:	20003f20 	.word	0x20003f20
 80106b8:	20003f10 	.word	0x20003f10
 80106bc:	20003f24 	.word	0x20003f24
 80106c0:	20003fa0 	.word	0x20003fa0

080106c4 <prvDeleteTCB>:
	{
 80106c4:	b510      	push	{r4, lr}
 80106c6:	4604      	mov	r4, r0
			if( pxTCB->ucStaticallyAllocated == tskDYNAMICALLY_ALLOCATED_STACK_AND_TCB )
 80106c8:	f890 3059 	ldrb.w	r3, [r0, #89]	@ 0x59
 80106cc:	b163      	cbz	r3, 80106e8 <prvDeleteTCB+0x24>
			else if( pxTCB->ucStaticallyAllocated == tskSTATICALLY_ALLOCATED_STACK_ONLY )
 80106ce:	2b01      	cmp	r3, #1
 80106d0:	d011      	beq.n	80106f6 <prvDeleteTCB+0x32>
				configASSERT( pxTCB->ucStaticallyAllocated == tskSTATICALLY_ALLOCATED_STACK_AND_TCB	);
 80106d2:	2b02      	cmp	r3, #2
 80106d4:	d00e      	beq.n	80106f4 <prvDeleteTCB+0x30>
 80106d6:	f04f 0350 	mov.w	r3, #80	@ 0x50
 80106da:	f383 8811 	msr	BASEPRI, r3
 80106de:	f3bf 8f6f 	isb	sy
 80106e2:	f3bf 8f4f 	dsb	sy
 80106e6:	e7fe      	b.n	80106e6 <prvDeleteTCB+0x22>
				vPortFree( pxTCB->pxStack );
 80106e8:	6b00      	ldr	r0, [r0, #48]	@ 0x30
 80106ea:	f7fa fec5 	bl	800b478 <vPortFree>
				vPortFree( pxTCB );
 80106ee:	4620      	mov	r0, r4
 80106f0:	f7fa fec2 	bl	800b478 <vPortFree>
	}
 80106f4:	bd10      	pop	{r4, pc}
				vPortFree( pxTCB );
 80106f6:	f7fa febf 	bl	800b478 <vPortFree>
 80106fa:	e7fb      	b.n	80106f4 <prvDeleteTCB+0x30>

080106fc <prvCheckTasksWaitingTermination>:
		while( uxDeletedTasksWaitingCleanUp > ( UBaseType_t ) 0U )
 80106fc:	4b0f      	ldr	r3, [pc, #60]	@ (801073c <prvCheckTasksWaitingTermination+0x40>)
 80106fe:	681b      	ldr	r3, [r3, #0]
 8010700:	b1d3      	cbz	r3, 8010738 <prvCheckTasksWaitingTermination+0x3c>
{
 8010702:	b510      	push	{r4, lr}
			taskENTER_CRITICAL();
 8010704:	f7fb fa2e 	bl	800bb64 <vPortEnterCritical>
				pxTCB = listGET_OWNER_OF_HEAD_ENTRY( ( &xTasksWaitingTermination ) ); /*lint !e9079 void * is used as this macro is used with timers and co-routines too.  Alignment is known to be fine as the type of the pointer stored and retrieved is the same. */
 8010708:	4b0d      	ldr	r3, [pc, #52]	@ (8010740 <prvCheckTasksWaitingTermination+0x44>)
 801070a:	68db      	ldr	r3, [r3, #12]
 801070c:	68dc      	ldr	r4, [r3, #12]
				( void ) uxListRemove( &( pxTCB->xStateListItem ) );
 801070e:	1d20      	adds	r0, r4, #4
 8010710:	f7fa ff2e 	bl	800b570 <uxListRemove>
				--uxCurrentNumberOfTasks;
 8010714:	4a0b      	ldr	r2, [pc, #44]	@ (8010744 <prvCheckTasksWaitingTermination+0x48>)
 8010716:	6813      	ldr	r3, [r2, #0]
 8010718:	3b01      	subs	r3, #1
 801071a:	6013      	str	r3, [r2, #0]
				--uxDeletedTasksWaitingCleanUp;
 801071c:	4a07      	ldr	r2, [pc, #28]	@ (801073c <prvCheckTasksWaitingTermination+0x40>)
 801071e:	6813      	ldr	r3, [r2, #0]
 8010720:	3b01      	subs	r3, #1
 8010722:	6013      	str	r3, [r2, #0]
			taskEXIT_CRITICAL();
 8010724:	f7fb fa40 	bl	800bba8 <vPortExitCritical>
			prvDeleteTCB( pxTCB );
 8010728:	4620      	mov	r0, r4
 801072a:	f7ff ffcb 	bl	80106c4 <prvDeleteTCB>
		while( uxDeletedTasksWaitingCleanUp > ( UBaseType_t ) 0U )
 801072e:	4b03      	ldr	r3, [pc, #12]	@ (801073c <prvCheckTasksWaitingTermination+0x40>)
 8010730:	681b      	ldr	r3, [r3, #0]
 8010732:	2b00      	cmp	r3, #0
 8010734:	d1e6      	bne.n	8010704 <prvCheckTasksWaitingTermination+0x8>
 }
 8010736:	bd10      	pop	{r4, pc}
 8010738:	4770      	bx	lr
 801073a:	bf00      	nop
 801073c:	20003f44 	.word	0x20003f44
 8010740:	20003f48 	.word	0x20003f48
 8010744:	20003f2c 	.word	0x20003f2c

08010748 <prvIdleTask>:
{
 8010748:	b508      	push	{r3, lr}
		prvCheckTasksWaitingTermination();
 801074a:	f7ff ffd7 	bl	80106fc <prvCheckTasksWaitingTermination>
			if( listCURRENT_LIST_LENGTH( &( pxReadyTasksLists[ tskIDLE_PRIORITY ] ) ) > ( UBaseType_t ) 1 )
 801074e:	4b07      	ldr	r3, [pc, #28]	@ (801076c <prvIdleTask+0x24>)
 8010750:	681b      	ldr	r3, [r3, #0]
 8010752:	2b01      	cmp	r3, #1
 8010754:	d9f9      	bls.n	801074a <prvIdleTask+0x2>
				taskYIELD();
 8010756:	f04f 23e0 	mov.w	r3, #3758153728	@ 0xe000e000
 801075a:	f04f 5280 	mov.w	r2, #268435456	@ 0x10000000
 801075e:	f8c3 2d04 	str.w	r2, [r3, #3332]	@ 0xd04
 8010762:	f3bf 8f4f 	dsb	sy
 8010766:	f3bf 8f6f 	isb	sy
 801076a:	e7ee      	b.n	801074a <prvIdleTask+0x2>
 801076c:	20003fa0 	.word	0x20003fa0

08010770 <prvAddCurrentTaskToDelayedList>:

#endif
/*-----------------------------------------------------------*/

static void prvAddCurrentTaskToDelayedList( TickType_t xTicksToWait, const BaseType_t xCanBlockIndefinitely )
{
 8010770:	b570      	push	{r4, r5, r6, lr}
 8010772:	4604      	mov	r4, r0
 8010774:	460d      	mov	r5, r1
TickType_t xTimeToWake;
const TickType_t xConstTickCount = xTickCount;
 8010776:	4b17      	ldr	r3, [pc, #92]	@ (80107d4 <prvAddCurrentTaskToDelayedList+0x64>)
 8010778:	681e      	ldr	r6, [r3, #0]
	}
	#endif

	/* Remove the task from the ready list before adding it to the blocked list
	as the same list item is used for both lists. */
	if( uxListRemove( &( pxCurrentTCB->xStateListItem ) ) == ( UBaseType_t ) 0 )
 801077a:	4b17      	ldr	r3, [pc, #92]	@ (80107d8 <prvAddCurrentTaskToDelayedList+0x68>)
 801077c:	6818      	ldr	r0, [r3, #0]
 801077e:	3004      	adds	r0, #4
 8010780:	f7fa fef6 	bl	800b570 <uxListRemove>
		mtCOVERAGE_TEST_MARKER();
	}

	#if ( INCLUDE_vTaskSuspend == 1 )
	{
		if( ( xTicksToWait == portMAX_DELAY ) && ( xCanBlockIndefinitely != pdFALSE ) )
 8010784:	f1b4 3fff 	cmp.w	r4, #4294967295
 8010788:	d00d      	beq.n	80107a6 <prvAddCurrentTaskToDelayedList+0x36>
		else
		{
			/* Calculate the time at which the task should be woken if the event
			does not occur.  This may overflow but this doesn't matter, the
			kernel will manage it correctly. */
			xTimeToWake = xConstTickCount + xTicksToWait;
 801078a:	4434      	add	r4, r6

			/* The list item will be inserted in wake time order. */
			listSET_LIST_ITEM_VALUE( &( pxCurrentTCB->xStateListItem ), xTimeToWake );
 801078c:	4b12      	ldr	r3, [pc, #72]	@ (80107d8 <prvAddCurrentTaskToDelayedList+0x68>)
 801078e:	681b      	ldr	r3, [r3, #0]
 8010790:	605c      	str	r4, [r3, #4]

			if( xTimeToWake < xConstTickCount )
 8010792:	42a6      	cmp	r6, r4
 8010794:	d910      	bls.n	80107b8 <prvAddCurrentTaskToDelayedList+0x48>
			{
				/* Wake time has overflowed.  Place this item in the overflow
				list. */
				vListInsert( pxOverflowDelayedTaskList, &( pxCurrentTCB->xStateListItem ) );
 8010796:	4b11      	ldr	r3, [pc, #68]	@ (80107dc <prvAddCurrentTaskToDelayedList+0x6c>)
 8010798:	6818      	ldr	r0, [r3, #0]
 801079a:	4b0f      	ldr	r3, [pc, #60]	@ (80107d8 <prvAddCurrentTaskToDelayedList+0x68>)
 801079c:	6819      	ldr	r1, [r3, #0]
 801079e:	3104      	adds	r1, #4
 80107a0:	f7fa fecd 	bl	800b53e <vListInsert>

		/* Avoid compiler warning when INCLUDE_vTaskSuspend is not 1. */
		( void ) xCanBlockIndefinitely;
	}
	#endif /* INCLUDE_vTaskSuspend */
}
 80107a4:	bd70      	pop	{r4, r5, r6, pc}
		if( ( xTicksToWait == portMAX_DELAY ) && ( xCanBlockIndefinitely != pdFALSE ) )
 80107a6:	2d00      	cmp	r5, #0
 80107a8:	d0ef      	beq.n	801078a <prvAddCurrentTaskToDelayedList+0x1a>
			vListInsertEnd( &xSuspendedTaskList, &( pxCurrentTCB->xStateListItem ) );
 80107aa:	4b0b      	ldr	r3, [pc, #44]	@ (80107d8 <prvAddCurrentTaskToDelayedList+0x68>)
 80107ac:	6819      	ldr	r1, [r3, #0]
 80107ae:	3104      	adds	r1, #4
 80107b0:	480b      	ldr	r0, [pc, #44]	@ (80107e0 <prvAddCurrentTaskToDelayedList+0x70>)
 80107b2:	f7fa feb9 	bl	800b528 <vListInsertEnd>
 80107b6:	e7f5      	b.n	80107a4 <prvAddCurrentTaskToDelayedList+0x34>
				vListInsert( pxDelayedTaskList, &( pxCurrentTCB->xStateListItem ) );
 80107b8:	4b0a      	ldr	r3, [pc, #40]	@ (80107e4 <prvAddCurrentTaskToDelayedList+0x74>)
 80107ba:	6818      	ldr	r0, [r3, #0]
 80107bc:	4b06      	ldr	r3, [pc, #24]	@ (80107d8 <prvAddCurrentTaskToDelayedList+0x68>)
 80107be:	6819      	ldr	r1, [r3, #0]
 80107c0:	3104      	adds	r1, #4
 80107c2:	f7fa febc 	bl	800b53e <vListInsert>
				if( xTimeToWake < xNextTaskUnblockTime )
 80107c6:	4b08      	ldr	r3, [pc, #32]	@ (80107e8 <prvAddCurrentTaskToDelayedList+0x78>)
 80107c8:	681b      	ldr	r3, [r3, #0]
 80107ca:	42a3      	cmp	r3, r4
 80107cc:	d9ea      	bls.n	80107a4 <prvAddCurrentTaskToDelayedList+0x34>
					xNextTaskUnblockTime = xTimeToWake;
 80107ce:	4b06      	ldr	r3, [pc, #24]	@ (80107e8 <prvAddCurrentTaskToDelayedList+0x78>)
 80107d0:	601c      	str	r4, [r3, #0]
}
 80107d2:	e7e7      	b.n	80107a4 <prvAddCurrentTaskToDelayedList+0x34>
 80107d4:	20003f28 	.word	0x20003f28
 80107d8:	20004400 	.word	0x20004400
 80107dc:	20003f70 	.word	0x20003f70
 80107e0:	20003f30 	.word	0x20003f30
 80107e4:	20003f74 	.word	0x20003f74
 80107e8:	20003f0c 	.word	0x20003f0c

080107ec <xTaskCreateStatic>:
	{
 80107ec:	b530      	push	{r4, r5, lr}
 80107ee:	b087      	sub	sp, #28
 80107f0:	9c0b      	ldr	r4, [sp, #44]	@ 0x2c
		configASSERT( puxStackBuffer != NULL );
 80107f2:	b17c      	cbz	r4, 8010814 <xTaskCreateStatic+0x28>
		configASSERT( pxTaskBuffer != NULL );
 80107f4:	9d0c      	ldr	r5, [sp, #48]	@ 0x30
 80107f6:	b1b5      	cbz	r5, 8010826 <xTaskCreateStatic+0x3a>
			volatile size_t xSize = sizeof( StaticTask_t );
 80107f8:	255c      	movs	r5, #92	@ 0x5c
 80107fa:	9504      	str	r5, [sp, #16]
			configASSERT( xSize == sizeof( TCB_t ) );
 80107fc:	9d04      	ldr	r5, [sp, #16]
 80107fe:	2d5c      	cmp	r5, #92	@ 0x5c
 8010800:	d01a      	beq.n	8010838 <xTaskCreateStatic+0x4c>
 8010802:	f04f 0350 	mov.w	r3, #80	@ 0x50
 8010806:	f383 8811 	msr	BASEPRI, r3
 801080a:	f3bf 8f6f 	isb	sy
 801080e:	f3bf 8f4f 	dsb	sy
 8010812:	e7fe      	b.n	8010812 <xTaskCreateStatic+0x26>
 8010814:	f04f 0350 	mov.w	r3, #80	@ 0x50
 8010818:	f383 8811 	msr	BASEPRI, r3
 801081c:	f3bf 8f6f 	isb	sy
 8010820:	f3bf 8f4f 	dsb	sy
		configASSERT( puxStackBuffer != NULL );
 8010824:	e7fe      	b.n	8010824 <xTaskCreateStatic+0x38>
 8010826:	f04f 0350 	mov.w	r3, #80	@ 0x50
 801082a:	f383 8811 	msr	BASEPRI, r3
 801082e:	f3bf 8f6f 	isb	sy
 8010832:	f3bf 8f4f 	dsb	sy
		configASSERT( pxTaskBuffer != NULL );
 8010836:	e7fe      	b.n	8010836 <xTaskCreateStatic+0x4a>
			( void ) xSize; /* Prevent lint warning when configASSERT() is not used. */
 8010838:	9d04      	ldr	r5, [sp, #16]
			pxNewTCB->pxStack = ( StackType_t * ) puxStackBuffer;
 801083a:	9d0c      	ldr	r5, [sp, #48]	@ 0x30
 801083c:	632c      	str	r4, [r5, #48]	@ 0x30
				pxNewTCB->ucStaticallyAllocated = tskSTATICALLY_ALLOCATED_STACK_AND_TCB;
 801083e:	2402      	movs	r4, #2
 8010840:	f885 4059 	strb.w	r4, [r5, #89]	@ 0x59
			prvInitialiseNewTask( pxTaskCode, pcName, ulStackDepth, pvParameters, uxPriority, &xReturn, pxNewTCB, NULL );
 8010844:	2400      	movs	r4, #0
 8010846:	9403      	str	r4, [sp, #12]
 8010848:	9502      	str	r5, [sp, #8]
 801084a:	ac05      	add	r4, sp, #20
 801084c:	9401      	str	r4, [sp, #4]
 801084e:	9c0a      	ldr	r4, [sp, #40]	@ 0x28
 8010850:	9400      	str	r4, [sp, #0]
 8010852:	f7ff fe5b 	bl	801050c <prvInitialiseNewTask>
			prvAddNewTaskToReadyList( pxNewTCB );
 8010856:	980c      	ldr	r0, [sp, #48]	@ 0x30
 8010858:	f7ff fede 	bl	8010618 <prvAddNewTaskToReadyList>
	}
 801085c:	9805      	ldr	r0, [sp, #20]
 801085e:	b007      	add	sp, #28
 8010860:	bd30      	pop	{r4, r5, pc}

08010862 <xTaskCreate>:
	{
 8010862:	e92d 43f0 	stmdb	sp!, {r4, r5, r6, r7, r8, r9, lr}
 8010866:	b085      	sub	sp, #20
 8010868:	4607      	mov	r7, r0
 801086a:	4688      	mov	r8, r1
 801086c:	4614      	mov	r4, r2
 801086e:	461e      	mov	r6, r3
			pxStack = pvPortMalloc( ( ( ( size_t ) usStackDepth ) * sizeof( StackType_t ) ) ); /*lint !e9079 All values returned by pvPortMalloc() have at least the alignment required by the MCU's stack and this allocation is the stack. */
 8010870:	0090      	lsls	r0, r2, #2
 8010872:	f7fa fd75 	bl	800b360 <pvPortMalloc>
			if( pxStack != NULL )
 8010876:	b308      	cbz	r0, 80108bc <xTaskCreate+0x5a>
 8010878:	4681      	mov	r9, r0
				pxNewTCB = ( TCB_t * ) pvPortMalloc( sizeof( TCB_t ) ); /*lint !e9087 !e9079 All values returned by pvPortMalloc() have at least the alignment required by the MCU's stack, and the first member of TCB_t is always a pointer to the task's stack. */
 801087a:	205c      	movs	r0, #92	@ 0x5c
 801087c:	f7fa fd70 	bl	800b360 <pvPortMalloc>
				if( pxNewTCB != NULL )
 8010880:	4605      	mov	r5, r0
 8010882:	b1a8      	cbz	r0, 80108b0 <xTaskCreate+0x4e>
					pxNewTCB->pxStack = pxStack;
 8010884:	f8c0 9030 	str.w	r9, [r0, #48]	@ 0x30
				pxNewTCB->ucStaticallyAllocated = tskDYNAMICALLY_ALLOCATED_STACK_AND_TCB;
 8010888:	2300      	movs	r3, #0
 801088a:	f880 3059 	strb.w	r3, [r0, #89]	@ 0x59
			prvInitialiseNewTask( pxTaskCode, pcName, ( uint32_t ) usStackDepth, pvParameters, uxPriority, pxCreatedTask, pxNewTCB, NULL );
 801088e:	9303      	str	r3, [sp, #12]
 8010890:	9002      	str	r0, [sp, #8]
 8010892:	9b0d      	ldr	r3, [sp, #52]	@ 0x34
 8010894:	9301      	str	r3, [sp, #4]
 8010896:	9b0c      	ldr	r3, [sp, #48]	@ 0x30
 8010898:	9300      	str	r3, [sp, #0]
 801089a:	4633      	mov	r3, r6
 801089c:	4622      	mov	r2, r4
 801089e:	4641      	mov	r1, r8
 80108a0:	4638      	mov	r0, r7
 80108a2:	f7ff fe33 	bl	801050c <prvInitialiseNewTask>
			prvAddNewTaskToReadyList( pxNewTCB );
 80108a6:	4628      	mov	r0, r5
 80108a8:	f7ff feb6 	bl	8010618 <prvAddNewTaskToReadyList>
			xReturn = pdPASS;
 80108ac:	2001      	movs	r0, #1
 80108ae:	e007      	b.n	80108c0 <xTaskCreate+0x5e>
					vPortFree( pxStack );
 80108b0:	4648      	mov	r0, r9
 80108b2:	f7fa fde1 	bl	800b478 <vPortFree>
			xReturn = errCOULD_NOT_ALLOCATE_REQUIRED_MEMORY;
 80108b6:	f04f 30ff 	mov.w	r0, #4294967295
 80108ba:	e001      	b.n	80108c0 <xTaskCreate+0x5e>
 80108bc:	f04f 30ff 	mov.w	r0, #4294967295
	}
 80108c0:	b005      	add	sp, #20
 80108c2:	e8bd 83f0 	ldmia.w	sp!, {r4, r5, r6, r7, r8, r9, pc}
	...

080108c8 <vTaskStartScheduler>:
{
 80108c8:	b510      	push	{r4, lr}
 80108ca:	b088      	sub	sp, #32
		StaticTask_t *pxIdleTaskTCBBuffer = NULL;
 80108cc:	2400      	movs	r4, #0
 80108ce:	9405      	str	r4, [sp, #20]
		StackType_t *pxIdleTaskStackBuffer = NULL;
 80108d0:	9406      	str	r4, [sp, #24]
		vApplicationGetIdleTaskMemory( &pxIdleTaskTCBBuffer, &pxIdleTaskStackBuffer, &ulIdleTaskStackSize );
 80108d2:	aa07      	add	r2, sp, #28
 80108d4:	a906      	add	r1, sp, #24
 80108d6:	a805      	add	r0, sp, #20
 80108d8:	f7fa f8ec 	bl	800aab4 <vApplicationGetIdleTaskMemory>
		xIdleTaskHandle = xTaskCreateStatic(	prvIdleTask,
 80108dc:	9b05      	ldr	r3, [sp, #20]
 80108de:	9302      	str	r3, [sp, #8]
 80108e0:	9b06      	ldr	r3, [sp, #24]
 80108e2:	9301      	str	r3, [sp, #4]
 80108e4:	9400      	str	r4, [sp, #0]
 80108e6:	4623      	mov	r3, r4
 80108e8:	9a07      	ldr	r2, [sp, #28]
 80108ea:	4917      	ldr	r1, [pc, #92]	@ (8010948 <vTaskStartScheduler+0x80>)
 80108ec:	4817      	ldr	r0, [pc, #92]	@ (801094c <vTaskStartScheduler+0x84>)
 80108ee:	f7ff ff7d 	bl	80107ec <xTaskCreateStatic>
 80108f2:	4b17      	ldr	r3, [pc, #92]	@ (8010950 <vTaskStartScheduler+0x88>)
 80108f4:	6018      	str	r0, [r3, #0]
		if( xIdleTaskHandle != NULL )
 80108f6:	b1c0      	cbz	r0, 801092a <vTaskStartScheduler+0x62>
			xReturn = xTimerCreateTimerTask();
 80108f8:	f000 fc06 	bl	8011108 <xTimerCreateTimerTask>
	if( xReturn == pdPASS )
 80108fc:	2801      	cmp	r0, #1
 80108fe:	d115      	bne.n	801092c <vTaskStartScheduler+0x64>
 8010900:	f04f 0350 	mov.w	r3, #80	@ 0x50
 8010904:	f383 8811 	msr	BASEPRI, r3
 8010908:	f3bf 8f6f 	isb	sy
 801090c:	f3bf 8f4f 	dsb	sy
		xNextTaskUnblockTime = portMAX_DELAY;
 8010910:	4b10      	ldr	r3, [pc, #64]	@ (8010954 <vTaskStartScheduler+0x8c>)
 8010912:	f04f 32ff 	mov.w	r2, #4294967295
 8010916:	601a      	str	r2, [r3, #0]
		xSchedulerRunning = pdTRUE;
 8010918:	4b0f      	ldr	r3, [pc, #60]	@ (8010958 <vTaskStartScheduler+0x90>)
 801091a:	2201      	movs	r2, #1
 801091c:	601a      	str	r2, [r3, #0]
		xTickCount = ( TickType_t ) configINITIAL_TICK_COUNT;
 801091e:	4b0f      	ldr	r3, [pc, #60]	@ (801095c <vTaskStartScheduler+0x94>)
 8010920:	2200      	movs	r2, #0
 8010922:	601a      	str	r2, [r3, #0]
		if( xPortStartScheduler() != pdFALSE )
 8010924:	f7fb f9b8 	bl	800bc98 <xPortStartScheduler>
		}
 8010928:	e003      	b.n	8010932 <vTaskStartScheduler+0x6a>
			xReturn = pdFAIL;
 801092a:	2000      	movs	r0, #0
		configASSERT( xReturn != errCOULD_NOT_ALLOCATE_REQUIRED_MEMORY );
 801092c:	f1b0 3fff 	cmp.w	r0, #4294967295
 8010930:	d001      	beq.n	8010936 <vTaskStartScheduler+0x6e>
}
 8010932:	b008      	add	sp, #32
 8010934:	bd10      	pop	{r4, pc}
 8010936:	f04f 0350 	mov.w	r3, #80	@ 0x50
 801093a:	f383 8811 	msr	BASEPRI, r3
 801093e:	f3bf 8f6f 	isb	sy
 8010942:	f3bf 8f4f 	dsb	sy
		configASSERT( xReturn != errCOULD_NOT_ALLOCATE_REQUIRED_MEMORY );
 8010946:	e7fe      	b.n	8010946 <vTaskStartScheduler+0x7e>
 8010948:	080118c0 	.word	0x080118c0
 801094c:	08010749 	.word	0x08010749
 8010950:	20003f08 	.word	0x20003f08
 8010954:	20003f0c 	.word	0x20003f0c
 8010958:	20003f20 	.word	0x20003f20
 801095c:	20003f28 	.word	0x20003f28

08010960 <vTaskSuspendAll>:
	++uxSchedulerSuspended;
 8010960:	4a02      	ldr	r2, [pc, #8]	@ (801096c <vTaskSuspendAll+0xc>)
 8010962:	6813      	ldr	r3, [r2, #0]
 8010964:	3301      	adds	r3, #1
 8010966:	6013      	str	r3, [r2, #0]
}
 8010968:	4770      	bx	lr
 801096a:	bf00      	nop
 801096c:	20003f04 	.word	0x20003f04

08010970 <xTaskGetTickCount>:
		xTicks = xTickCount;
 8010970:	4b01      	ldr	r3, [pc, #4]	@ (8010978 <xTaskGetTickCount+0x8>)
 8010972:	6818      	ldr	r0, [r3, #0]
}
 8010974:	4770      	bx	lr
 8010976:	bf00      	nop
 8010978:	20003f28 	.word	0x20003f28

0801097c <xTaskGetTickCountFromISR>:
{
 801097c:	b508      	push	{r3, lr}
	portASSERT_IF_INTERRUPT_PRIORITY_INVALID();
 801097e:	f7fb fa17 	bl	800bdb0 <vPortValidateInterruptPriority>
		xReturn = xTickCount;
 8010982:	4b01      	ldr	r3, [pc, #4]	@ (8010988 <xTaskGetTickCountFromISR+0xc>)
 8010984:	6818      	ldr	r0, [r3, #0]
}
 8010986:	bd08      	pop	{r3, pc}
 8010988:	20003f28 	.word	0x20003f28

0801098c <xTaskIncrementTick>:
{
 801098c:	b5f8      	push	{r3, r4, r5, r6, r7, lr}
	if( uxSchedulerSuspended == ( UBaseType_t ) pdFALSE )
 801098e:	4b3a      	ldr	r3, [pc, #232]	@ (8010a78 <xTaskIncrementTick+0xec>)
 8010990:	681b      	ldr	r3, [r3, #0]
 8010992:	2b00      	cmp	r3, #0
 8010994:	d169      	bne.n	8010a6a <xTaskIncrementTick+0xde>
		const TickType_t xConstTickCount = xTickCount + ( TickType_t ) 1;
 8010996:	4b39      	ldr	r3, [pc, #228]	@ (8010a7c <xTaskIncrementTick+0xf0>)
 8010998:	681d      	ldr	r5, [r3, #0]
 801099a:	3501      	adds	r5, #1
		xTickCount = xConstTickCount;
 801099c:	601d      	str	r5, [r3, #0]
		if( xConstTickCount == ( TickType_t ) 0U ) /*lint !e774 'if' does not always evaluate to false as it is looking for an overflow. */
 801099e:	b9c5      	cbnz	r5, 80109d2 <xTaskIncrementTick+0x46>
			taskSWITCH_DELAYED_LISTS();
 80109a0:	4b37      	ldr	r3, [pc, #220]	@ (8010a80 <xTaskIncrementTick+0xf4>)
 80109a2:	681b      	ldr	r3, [r3, #0]
 80109a4:	681b      	ldr	r3, [r3, #0]
 80109a6:	b143      	cbz	r3, 80109ba <xTaskIncrementTick+0x2e>
 80109a8:	f04f 0350 	mov.w	r3, #80	@ 0x50
 80109ac:	f383 8811 	msr	BASEPRI, r3
 80109b0:	f3bf 8f6f 	isb	sy
 80109b4:	f3bf 8f4f 	dsb	sy
 80109b8:	e7fe      	b.n	80109b8 <xTaskIncrementTick+0x2c>
 80109ba:	4a31      	ldr	r2, [pc, #196]	@ (8010a80 <xTaskIncrementTick+0xf4>)
 80109bc:	6811      	ldr	r1, [r2, #0]
 80109be:	4b31      	ldr	r3, [pc, #196]	@ (8010a84 <xTaskIncrementTick+0xf8>)
 80109c0:	6818      	ldr	r0, [r3, #0]
 80109c2:	6010      	str	r0, [r2, #0]
 80109c4:	6019      	str	r1, [r3, #0]
 80109c6:	4a30      	ldr	r2, [pc, #192]	@ (8010a88 <xTaskIncrementTick+0xfc>)
 80109c8:	6813      	ldr	r3, [r2, #0]
 80109ca:	3301      	adds	r3, #1
 80109cc:	6013      	str	r3, [r2, #0]
 80109ce:	f7ff fd87 	bl	80104e0 <prvResetNextTaskUnblockTime>
		if( xConstTickCount >= xNextTaskUnblockTime )
 80109d2:	4b2e      	ldr	r3, [pc, #184]	@ (8010a8c <xTaskIncrementTick+0x100>)
 80109d4:	681b      	ldr	r3, [r3, #0]
 80109d6:	42ab      	cmp	r3, r5
 80109d8:	d93d      	bls.n	8010a56 <xTaskIncrementTick+0xca>
BaseType_t xSwitchRequired = pdFALSE;
 80109da:	2700      	movs	r7, #0
			if( listCURRENT_LIST_LENGTH( &( pxReadyTasksLists[ pxCurrentTCB->uxPriority ] ) ) > ( UBaseType_t ) 1 )
 80109dc:	4b2c      	ldr	r3, [pc, #176]	@ (8010a90 <xTaskIncrementTick+0x104>)
 80109de:	681b      	ldr	r3, [r3, #0]
 80109e0:	6adb      	ldr	r3, [r3, #44]	@ 0x2c
 80109e2:	eb03 0383 	add.w	r3, r3, r3, lsl #2
 80109e6:	009a      	lsls	r2, r3, #2
 80109e8:	4b2a      	ldr	r3, [pc, #168]	@ (8010a94 <xTaskIncrementTick+0x108>)
 80109ea:	589b      	ldr	r3, [r3, r2]
 80109ec:	2b01      	cmp	r3, #1
 80109ee:	d900      	bls.n	80109f2 <xTaskIncrementTick+0x66>
				xSwitchRequired = pdTRUE;
 80109f0:	2701      	movs	r7, #1
			if( xYieldPending != pdFALSE )
 80109f2:	4b29      	ldr	r3, [pc, #164]	@ (8010a98 <xTaskIncrementTick+0x10c>)
 80109f4:	681b      	ldr	r3, [r3, #0]
 80109f6:	2b00      	cmp	r3, #0
 80109f8:	d03c      	beq.n	8010a74 <xTaskIncrementTick+0xe8>
				xSwitchRequired = pdTRUE;
 80109fa:	2701      	movs	r7, #1
	return xSwitchRequired;
 80109fc:	e03a      	b.n	8010a74 <xTaskIncrementTick+0xe8>
							xSwitchRequired = pdTRUE;
 80109fe:	2701      	movs	r7, #1
				if( listLIST_IS_EMPTY( pxDelayedTaskList ) != pdFALSE )
 8010a00:	4b1f      	ldr	r3, [pc, #124]	@ (8010a80 <xTaskIncrementTick+0xf4>)
 8010a02:	681b      	ldr	r3, [r3, #0]
 8010a04:	681b      	ldr	r3, [r3, #0]
 8010a06:	b343      	cbz	r3, 8010a5a <xTaskIncrementTick+0xce>
					pxTCB = listGET_OWNER_OF_HEAD_ENTRY( pxDelayedTaskList ); /*lint !e9079 void * is used as this macro is used with timers and co-routines too.  Alignment is known to be fine as the type of the pointer stored and retrieved is the same. */
 8010a08:	4b1d      	ldr	r3, [pc, #116]	@ (8010a80 <xTaskIncrementTick+0xf4>)
 8010a0a:	681b      	ldr	r3, [r3, #0]
 8010a0c:	68db      	ldr	r3, [r3, #12]
 8010a0e:	68dc      	ldr	r4, [r3, #12]
					xItemValue = listGET_LIST_ITEM_VALUE( &( pxTCB->xStateListItem ) );
 8010a10:	6863      	ldr	r3, [r4, #4]
					if( xConstTickCount < xItemValue )
 8010a12:	429d      	cmp	r5, r3
 8010a14:	d326      	bcc.n	8010a64 <xTaskIncrementTick+0xd8>
					( void ) uxListRemove( &( pxTCB->xStateListItem ) );
 8010a16:	1d26      	adds	r6, r4, #4
 8010a18:	4630      	mov	r0, r6
 8010a1a:	f7fa fda9 	bl	800b570 <uxListRemove>
					if( listLIST_ITEM_CONTAINER( &( pxTCB->xEventListItem ) ) != NULL )
 8010a1e:	6aa3      	ldr	r3, [r4, #40]	@ 0x28
 8010a20:	b11b      	cbz	r3, 8010a2a <xTaskIncrementTick+0x9e>
						( void ) uxListRemove( &( pxTCB->xEventListItem ) );
 8010a22:	f104 0018 	add.w	r0, r4, #24
 8010a26:	f7fa fda3 	bl	800b570 <uxListRemove>
					prvAddTaskToReadyList( pxTCB );
 8010a2a:	6ae3      	ldr	r3, [r4, #44]	@ 0x2c
 8010a2c:	4a1b      	ldr	r2, [pc, #108]	@ (8010a9c <xTaskIncrementTick+0x110>)
 8010a2e:	6812      	ldr	r2, [r2, #0]
 8010a30:	4293      	cmp	r3, r2
 8010a32:	d901      	bls.n	8010a38 <xTaskIncrementTick+0xac>
 8010a34:	4a19      	ldr	r2, [pc, #100]	@ (8010a9c <xTaskIncrementTick+0x110>)
 8010a36:	6013      	str	r3, [r2, #0]
 8010a38:	eb03 0383 	add.w	r3, r3, r3, lsl #2
 8010a3c:	009a      	lsls	r2, r3, #2
 8010a3e:	4631      	mov	r1, r6
 8010a40:	4814      	ldr	r0, [pc, #80]	@ (8010a94 <xTaskIncrementTick+0x108>)
 8010a42:	4410      	add	r0, r2
 8010a44:	f7fa fd70 	bl	800b528 <vListInsertEnd>
						if( pxTCB->uxPriority >= pxCurrentTCB->uxPriority )
 8010a48:	6ae2      	ldr	r2, [r4, #44]	@ 0x2c
 8010a4a:	4b11      	ldr	r3, [pc, #68]	@ (8010a90 <xTaskIncrementTick+0x104>)
 8010a4c:	681b      	ldr	r3, [r3, #0]
 8010a4e:	6adb      	ldr	r3, [r3, #44]	@ 0x2c
 8010a50:	429a      	cmp	r2, r3
 8010a52:	d2d4      	bcs.n	80109fe <xTaskIncrementTick+0x72>
 8010a54:	e7d4      	b.n	8010a00 <xTaskIncrementTick+0x74>
BaseType_t xSwitchRequired = pdFALSE;
 8010a56:	2700      	movs	r7, #0
 8010a58:	e7d2      	b.n	8010a00 <xTaskIncrementTick+0x74>
					xNextTaskUnblockTime = portMAX_DELAY; /*lint !e961 MISRA exception as the casts are only redundant for some ports. */
 8010a5a:	4b0c      	ldr	r3, [pc, #48]	@ (8010a8c <xTaskIncrementTick+0x100>)
 8010a5c:	f04f 32ff 	mov.w	r2, #4294967295
 8010a60:	601a      	str	r2, [r3, #0]
					break;
 8010a62:	e7bb      	b.n	80109dc <xTaskIncrementTick+0x50>
						xNextTaskUnblockTime = xItemValue;
 8010a64:	4a09      	ldr	r2, [pc, #36]	@ (8010a8c <xTaskIncrementTick+0x100>)
 8010a66:	6013      	str	r3, [r2, #0]
						break; /*lint !e9011 Code structure here is deedmed easier to understand with multiple breaks. */
 8010a68:	e7b8      	b.n	80109dc <xTaskIncrementTick+0x50>
		++xPendedTicks;
 8010a6a:	4a0d      	ldr	r2, [pc, #52]	@ (8010aa0 <xTaskIncrementTick+0x114>)
 8010a6c:	6813      	ldr	r3, [r2, #0]
 8010a6e:	3301      	adds	r3, #1
 8010a70:	6013      	str	r3, [r2, #0]
BaseType_t xSwitchRequired = pdFALSE;
 8010a72:	2700      	movs	r7, #0
}
 8010a74:	4638      	mov	r0, r7
 8010a76:	bdf8      	pop	{r3, r4, r5, r6, r7, pc}
 8010a78:	20003f04 	.word	0x20003f04
 8010a7c:	20003f28 	.word	0x20003f28
 8010a80:	20003f74 	.word	0x20003f74
 8010a84:	20003f70 	.word	0x20003f70
 8010a88:	20003f14 	.word	0x20003f14
 8010a8c:	20003f0c 	.word	0x20003f0c
 8010a90:	20004400 	.word	0x20004400
 8010a94:	20003fa0 	.word	0x20003fa0
 8010a98:	20003f18 	.word	0x20003f18
 8010a9c:	20003f24 	.word	0x20003f24
 8010aa0:	20003f1c 	.word	0x20003f1c

08010aa4 <xTaskResumeAll>:
{
 8010aa4:	b538      	push	{r3, r4, r5, lr}
	configASSERT( uxSchedulerSuspended );
 8010aa6:	4b35      	ldr	r3, [pc, #212]	@ (8010b7c <xTaskResumeAll+0xd8>)
 8010aa8:	681b      	ldr	r3, [r3, #0]
 8010aaa:	b943      	cbnz	r3, 8010abe <xTaskResumeAll+0x1a>
 8010aac:	f04f 0350 	mov.w	r3, #80	@ 0x50
 8010ab0:	f383 8811 	msr	BASEPRI, r3
 8010ab4:	f3bf 8f6f 	isb	sy
 8010ab8:	f3bf 8f4f 	dsb	sy
 8010abc:	e7fe      	b.n	8010abc <xTaskResumeAll+0x18>
	taskENTER_CRITICAL();
 8010abe:	f7fb f851 	bl	800bb64 <vPortEnterCritical>
		--uxSchedulerSuspended;
 8010ac2:	4b2e      	ldr	r3, [pc, #184]	@ (8010b7c <xTaskResumeAll+0xd8>)
 8010ac4:	681a      	ldr	r2, [r3, #0]
 8010ac6:	3a01      	subs	r2, #1
 8010ac8:	601a      	str	r2, [r3, #0]
		if( uxSchedulerSuspended == ( UBaseType_t ) pdFALSE )
 8010aca:	681b      	ldr	r3, [r3, #0]
 8010acc:	2b00      	cmp	r3, #0
 8010ace:	d14f      	bne.n	8010b70 <xTaskResumeAll+0xcc>
			if( uxCurrentNumberOfTasks > ( UBaseType_t ) 0U )
 8010ad0:	4b2b      	ldr	r3, [pc, #172]	@ (8010b80 <xTaskResumeAll+0xdc>)
 8010ad2:	681b      	ldr	r3, [r3, #0]
 8010ad4:	b90b      	cbnz	r3, 8010ada <xTaskResumeAll+0x36>
BaseType_t xAlreadyYielded = pdFALSE;
 8010ad6:	2400      	movs	r4, #0
 8010ad8:	e04b      	b.n	8010b72 <xTaskResumeAll+0xce>
TCB_t *pxTCB = NULL;
 8010ada:	2400      	movs	r4, #0
				while( listLIST_IS_EMPTY( &xPendingReadyList ) == pdFALSE )
 8010adc:	4b29      	ldr	r3, [pc, #164]	@ (8010b84 <xTaskResumeAll+0xe0>)
 8010ade:	681b      	ldr	r3, [r3, #0]
 8010ae0:	b31b      	cbz	r3, 8010b2a <xTaskResumeAll+0x86>
					pxTCB = listGET_OWNER_OF_HEAD_ENTRY( ( &xPendingReadyList ) ); /*lint !e9079 void * is used as this macro is used with timers and co-routines too.  Alignment is known to be fine as the type of the pointer stored and retrieved is the same. */
 8010ae2:	4b28      	ldr	r3, [pc, #160]	@ (8010b84 <xTaskResumeAll+0xe0>)
 8010ae4:	68db      	ldr	r3, [r3, #12]
 8010ae6:	68dc      	ldr	r4, [r3, #12]
					( void ) uxListRemove( &( pxTCB->xEventListItem ) );
 8010ae8:	f104 0018 	add.w	r0, r4, #24
 8010aec:	f7fa fd40 	bl	800b570 <uxListRemove>
					( void ) uxListRemove( &( pxTCB->xStateListItem ) );
 8010af0:	1d25      	adds	r5, r4, #4
 8010af2:	4628      	mov	r0, r5
 8010af4:	f7fa fd3c 	bl	800b570 <uxListRemove>
					prvAddTaskToReadyList( pxTCB );
 8010af8:	6ae0      	ldr	r0, [r4, #44]	@ 0x2c
 8010afa:	4b23      	ldr	r3, [pc, #140]	@ (8010b88 <xTaskResumeAll+0xe4>)
 8010afc:	681b      	ldr	r3, [r3, #0]
 8010afe:	4298      	cmp	r0, r3
 8010b00:	d901      	bls.n	8010b06 <xTaskResumeAll+0x62>
 8010b02:	4b21      	ldr	r3, [pc, #132]	@ (8010b88 <xTaskResumeAll+0xe4>)
 8010b04:	6018      	str	r0, [r3, #0]
 8010b06:	eb00 0080 	add.w	r0, r0, r0, lsl #2
 8010b0a:	4629      	mov	r1, r5
 8010b0c:	4b1f      	ldr	r3, [pc, #124]	@ (8010b8c <xTaskResumeAll+0xe8>)
 8010b0e:	eb03 0080 	add.w	r0, r3, r0, lsl #2
 8010b12:	f7fa fd09 	bl	800b528 <vListInsertEnd>
					if( pxTCB->uxPriority >= pxCurrentTCB->uxPriority )
 8010b16:	6ae2      	ldr	r2, [r4, #44]	@ 0x2c
 8010b18:	4b1d      	ldr	r3, [pc, #116]	@ (8010b90 <xTaskResumeAll+0xec>)
 8010b1a:	681b      	ldr	r3, [r3, #0]
 8010b1c:	6adb      	ldr	r3, [r3, #44]	@ 0x2c
 8010b1e:	429a      	cmp	r2, r3
 8010b20:	d3dc      	bcc.n	8010adc <xTaskResumeAll+0x38>
						xYieldPending = pdTRUE;
 8010b22:	4b1c      	ldr	r3, [pc, #112]	@ (8010b94 <xTaskResumeAll+0xf0>)
 8010b24:	2201      	movs	r2, #1
 8010b26:	601a      	str	r2, [r3, #0]
 8010b28:	e7d8      	b.n	8010adc <xTaskResumeAll+0x38>
				if( pxTCB != NULL )
 8010b2a:	b10c      	cbz	r4, 8010b30 <xTaskResumeAll+0x8c>
					prvResetNextTaskUnblockTime();
 8010b2c:	f7ff fcd8 	bl	80104e0 <prvResetNextTaskUnblockTime>
					TickType_t xPendedCounts = xPendedTicks; /* Non-volatile copy. */
 8010b30:	4b19      	ldr	r3, [pc, #100]	@ (8010b98 <xTaskResumeAll+0xf4>)
 8010b32:	681c      	ldr	r4, [r3, #0]
					if( xPendedCounts > ( TickType_t ) 0U )
 8010b34:	b984      	cbnz	r4, 8010b58 <xTaskResumeAll+0xb4>
				if( xYieldPending != pdFALSE )
 8010b36:	4b17      	ldr	r3, [pc, #92]	@ (8010b94 <xTaskResumeAll+0xf0>)
 8010b38:	681c      	ldr	r4, [r3, #0]
 8010b3a:	b1d4      	cbz	r4, 8010b72 <xTaskResumeAll+0xce>
					taskYIELD_IF_USING_PREEMPTION();
 8010b3c:	f04f 23e0 	mov.w	r3, #3758153728	@ 0xe000e000
 8010b40:	f04f 5280 	mov.w	r2, #268435456	@ 0x10000000
 8010b44:	f8c3 2d04 	str.w	r2, [r3, #3332]	@ 0xd04
 8010b48:	f3bf 8f4f 	dsb	sy
 8010b4c:	f3bf 8f6f 	isb	sy
						xAlreadyYielded = pdTRUE;
 8010b50:	2401      	movs	r4, #1
 8010b52:	e00e      	b.n	8010b72 <xTaskResumeAll+0xce>
						} while( xPendedCounts > ( TickType_t ) 0U );
 8010b54:	3c01      	subs	r4, #1
 8010b56:	d007      	beq.n	8010b68 <xTaskResumeAll+0xc4>
							if( xTaskIncrementTick() != pdFALSE )
 8010b58:	f7ff ff18 	bl	801098c <xTaskIncrementTick>
 8010b5c:	2800      	cmp	r0, #0
 8010b5e:	d0f9      	beq.n	8010b54 <xTaskResumeAll+0xb0>
								xYieldPending = pdTRUE;
 8010b60:	4b0c      	ldr	r3, [pc, #48]	@ (8010b94 <xTaskResumeAll+0xf0>)
 8010b62:	2201      	movs	r2, #1
 8010b64:	601a      	str	r2, [r3, #0]
 8010b66:	e7f5      	b.n	8010b54 <xTaskResumeAll+0xb0>
						xPendedTicks = 0;
 8010b68:	4b0b      	ldr	r3, [pc, #44]	@ (8010b98 <xTaskResumeAll+0xf4>)
 8010b6a:	2200      	movs	r2, #0
 8010b6c:	601a      	str	r2, [r3, #0]
 8010b6e:	e7e2      	b.n	8010b36 <xTaskResumeAll+0x92>
BaseType_t xAlreadyYielded = pdFALSE;
 8010b70:	2400      	movs	r4, #0
	taskEXIT_CRITICAL();
 8010b72:	f7fb f819 	bl	800bba8 <vPortExitCritical>
}
 8010b76:	4620      	mov	r0, r4
 8010b78:	bd38      	pop	{r3, r4, r5, pc}
 8010b7a:	bf00      	nop
 8010b7c:	20003f04 	.word	0x20003f04
 8010b80:	20003f2c 	.word	0x20003f2c
 8010b84:	20003f5c 	.word	0x20003f5c
 8010b88:	20003f24 	.word	0x20003f24
 8010b8c:	20003fa0 	.word	0x20003fa0
 8010b90:	20004400 	.word	0x20004400
 8010b94:	20003f18 	.word	0x20003f18
 8010b98:	20003f1c 	.word	0x20003f1c

08010b9c <vTaskDelay>:
	{
 8010b9c:	b510      	push	{r4, lr}
		if( xTicksToDelay > ( TickType_t ) 0U )
 8010b9e:	b1a8      	cbz	r0, 8010bcc <vTaskDelay+0x30>
 8010ba0:	4604      	mov	r4, r0
			configASSERT( uxSchedulerSuspended == 0 );
 8010ba2:	4b10      	ldr	r3, [pc, #64]	@ (8010be4 <vTaskDelay+0x48>)
 8010ba4:	681b      	ldr	r3, [r3, #0]
 8010ba6:	b143      	cbz	r3, 8010bba <vTaskDelay+0x1e>
 8010ba8:	f04f 0350 	mov.w	r3, #80	@ 0x50
 8010bac:	f383 8811 	msr	BASEPRI, r3
 8010bb0:	f3bf 8f6f 	isb	sy
 8010bb4:	f3bf 8f4f 	dsb	sy
 8010bb8:	e7fe      	b.n	8010bb8 <vTaskDelay+0x1c>
			vTaskSuspendAll();
 8010bba:	f7ff fed1 	bl	8010960 <vTaskSuspendAll>
				prvAddCurrentTaskToDelayedList( xTicksToDelay, pdFALSE );
 8010bbe:	2100      	movs	r1, #0
 8010bc0:	4620      	mov	r0, r4
 8010bc2:	f7ff fdd5 	bl	8010770 <prvAddCurrentTaskToDelayedList>
			xAlreadyYielded = xTaskResumeAll();
 8010bc6:	f7ff ff6d 	bl	8010aa4 <xTaskResumeAll>
		if( xAlreadyYielded == pdFALSE )
 8010bca:	b948      	cbnz	r0, 8010be0 <vTaskDelay+0x44>
			portYIELD_WITHIN_API();
 8010bcc:	f04f 23e0 	mov.w	r3, #3758153728	@ 0xe000e000
 8010bd0:	f04f 5280 	mov.w	r2, #268435456	@ 0x10000000
 8010bd4:	f8c3 2d04 	str.w	r2, [r3, #3332]	@ 0xd04
 8010bd8:	f3bf 8f4f 	dsb	sy
 8010bdc:	f3bf 8f6f 	isb	sy
	}
 8010be0:	bd10      	pop	{r4, pc}
 8010be2:	bf00      	nop
 8010be4:	20003f04 	.word	0x20003f04

08010be8 <vTaskSwitchContext>:
	if( uxSchedulerSuspended != ( UBaseType_t ) pdFALSE )
 8010be8:	4b20      	ldr	r3, [pc, #128]	@ (8010c6c <vTaskSwitchContext+0x84>)
 8010bea:	681b      	ldr	r3, [r3, #0]
 8010bec:	b11b      	cbz	r3, 8010bf6 <vTaskSwitchContext+0xe>
		xYieldPending = pdTRUE;
 8010bee:	4b20      	ldr	r3, [pc, #128]	@ (8010c70 <vTaskSwitchContext+0x88>)
 8010bf0:	2201      	movs	r2, #1
 8010bf2:	601a      	str	r2, [r3, #0]
 8010bf4:	4770      	bx	lr
		xYieldPending = pdFALSE;
 8010bf6:	4b1e      	ldr	r3, [pc, #120]	@ (8010c70 <vTaskSwitchContext+0x88>)
 8010bf8:	2200      	movs	r2, #0
 8010bfa:	601a      	str	r2, [r3, #0]
		taskSELECT_HIGHEST_PRIORITY_TASK(); /*lint !e9079 void * is used as this macro is used with timers and co-routines too.  Alignment is known to be fine as the type of the pointer stored and retrieved is the same. */
 8010bfc:	4b1d      	ldr	r3, [pc, #116]	@ (8010c74 <vTaskSwitchContext+0x8c>)
 8010bfe:	681b      	ldr	r3, [r3, #0]
 8010c00:	eb03 0183 	add.w	r1, r3, r3, lsl #2
 8010c04:	008a      	lsls	r2, r1, #2
 8010c06:	491c      	ldr	r1, [pc, #112]	@ (8010c78 <vTaskSwitchContext+0x90>)
 8010c08:	588a      	ldr	r2, [r1, r2]
 8010c0a:	b95a      	cbnz	r2, 8010c24 <vTaskSwitchContext+0x3c>
 8010c0c:	b10b      	cbz	r3, 8010c12 <vTaskSwitchContext+0x2a>
 8010c0e:	3b01      	subs	r3, #1
 8010c10:	e7f6      	b.n	8010c00 <vTaskSwitchContext+0x18>
 8010c12:	f04f 0350 	mov.w	r3, #80	@ 0x50
 8010c16:	f383 8811 	msr	BASEPRI, r3
 8010c1a:	f3bf 8f6f 	isb	sy
 8010c1e:	f3bf 8f4f 	dsb	sy
 8010c22:	e7fe      	b.n	8010c22 <vTaskSwitchContext+0x3a>
 8010c24:	4608      	mov	r0, r1
 8010c26:	eb03 0183 	add.w	r1, r3, r3, lsl #2
 8010c2a:	008a      	lsls	r2, r1, #2
 8010c2c:	4402      	add	r2, r0
 8010c2e:	6851      	ldr	r1, [r2, #4]
 8010c30:	6849      	ldr	r1, [r1, #4]
 8010c32:	6051      	str	r1, [r2, #4]
 8010c34:	eb03 0c83 	add.w	ip, r3, r3, lsl #2
 8010c38:	ea4f 028c 	mov.w	r2, ip, lsl #2
 8010c3c:	3208      	adds	r2, #8
 8010c3e:	4402      	add	r2, r0
 8010c40:	4291      	cmp	r1, r2
 8010c42:	d00b      	beq.n	8010c5c <vTaskSwitchContext+0x74>
 8010c44:	eb03 0283 	add.w	r2, r3, r3, lsl #2
 8010c48:	0091      	lsls	r1, r2, #2
 8010c4a:	4a0b      	ldr	r2, [pc, #44]	@ (8010c78 <vTaskSwitchContext+0x90>)
 8010c4c:	440a      	add	r2, r1
 8010c4e:	6852      	ldr	r2, [r2, #4]
 8010c50:	68d1      	ldr	r1, [r2, #12]
 8010c52:	4a0a      	ldr	r2, [pc, #40]	@ (8010c7c <vTaskSwitchContext+0x94>)
 8010c54:	6011      	str	r1, [r2, #0]
 8010c56:	4a07      	ldr	r2, [pc, #28]	@ (8010c74 <vTaskSwitchContext+0x8c>)
 8010c58:	6013      	str	r3, [r2, #0]
}
 8010c5a:	4770      	bx	lr
		taskSELECT_HIGHEST_PRIORITY_TASK(); /*lint !e9079 void * is used as this macro is used with timers and co-routines too.  Alignment is known to be fine as the type of the pointer stored and retrieved is the same. */
 8010c5c:	6848      	ldr	r0, [r1, #4]
 8010c5e:	4662      	mov	r2, ip
 8010c60:	0091      	lsls	r1, r2, #2
 8010c62:	4a05      	ldr	r2, [pc, #20]	@ (8010c78 <vTaskSwitchContext+0x90>)
 8010c64:	440a      	add	r2, r1
 8010c66:	6050      	str	r0, [r2, #4]
 8010c68:	e7ec      	b.n	8010c44 <vTaskSwitchContext+0x5c>
 8010c6a:	bf00      	nop
 8010c6c:	20003f04 	.word	0x20003f04
 8010c70:	20003f18 	.word	0x20003f18
 8010c74:	20003f24 	.word	0x20003f24
 8010c78:	20003fa0 	.word	0x20003fa0
 8010c7c:	20004400 	.word	0x20004400

08010c80 <vTaskPlaceOnEventList>:
	configASSERT( pxEventList );
 8010c80:	b158      	cbz	r0, 8010c9a <vTaskPlaceOnEventList+0x1a>
{
 8010c82:	b510      	push	{r4, lr}
 8010c84:	460c      	mov	r4, r1
	vListInsert( pxEventList, &( pxCurrentTCB->xEventListItem ) );
 8010c86:	4a09      	ldr	r2, [pc, #36]	@ (8010cac <vTaskPlaceOnEventList+0x2c>)
 8010c88:	6811      	ldr	r1, [r2, #0]
 8010c8a:	3118      	adds	r1, #24
 8010c8c:	f7fa fc57 	bl	800b53e <vListInsert>
	prvAddCurrentTaskToDelayedList( xTicksToWait, pdTRUE );
 8010c90:	2101      	movs	r1, #1
 8010c92:	4620      	mov	r0, r4
 8010c94:	f7ff fd6c 	bl	8010770 <prvAddCurrentTaskToDelayedList>
}
 8010c98:	bd10      	pop	{r4, pc}
 8010c9a:	f04f 0350 	mov.w	r3, #80	@ 0x50
 8010c9e:	f383 8811 	msr	BASEPRI, r3
 8010ca2:	f3bf 8f6f 	isb	sy
 8010ca6:	f3bf 8f4f 	dsb	sy
	configASSERT( pxEventList );
 8010caa:	e7fe      	b.n	8010caa <vTaskPlaceOnEventList+0x2a>
 8010cac:	20004400 	.word	0x20004400

08010cb0 <vTaskPlaceOnEventListRestricted>:
	{
 8010cb0:	b538      	push	{r3, r4, r5, lr}
		configASSERT( pxEventList );
 8010cb2:	b170      	cbz	r0, 8010cd2 <vTaskPlaceOnEventListRestricted+0x22>
 8010cb4:	460d      	mov	r5, r1
 8010cb6:	4614      	mov	r4, r2
		vListInsertEnd( pxEventList, &( pxCurrentTCB->xEventListItem ) );
 8010cb8:	4a0a      	ldr	r2, [pc, #40]	@ (8010ce4 <vTaskPlaceOnEventListRestricted+0x34>)
 8010cba:	6811      	ldr	r1, [r2, #0]
 8010cbc:	3118      	adds	r1, #24
 8010cbe:	f7fa fc33 	bl	800b528 <vListInsertEnd>
		if( xWaitIndefinitely != pdFALSE )
 8010cc2:	b10c      	cbz	r4, 8010cc8 <vTaskPlaceOnEventListRestricted+0x18>
			xTicksToWait = portMAX_DELAY;
 8010cc4:	f04f 35ff 	mov.w	r5, #4294967295
		prvAddCurrentTaskToDelayedList( xTicksToWait, xWaitIndefinitely );
 8010cc8:	4621      	mov	r1, r4
 8010cca:	4628      	mov	r0, r5
 8010ccc:	f7ff fd50 	bl	8010770 <prvAddCurrentTaskToDelayedList>
	}
 8010cd0:	bd38      	pop	{r3, r4, r5, pc}
 8010cd2:	f04f 0350 	mov.w	r3, #80	@ 0x50
 8010cd6:	f383 8811 	msr	BASEPRI, r3
 8010cda:	f3bf 8f6f 	isb	sy
 8010cde:	f3bf 8f4f 	dsb	sy
		configASSERT( pxEventList );
 8010ce2:	e7fe      	b.n	8010ce2 <vTaskPlaceOnEventListRestricted+0x32>
 8010ce4:	20004400 	.word	0x20004400

08010ce8 <xTaskRemoveFromEventList>:
{
 8010ce8:	b538      	push	{r3, r4, r5, lr}
	pxUnblockedTCB = listGET_OWNER_OF_HEAD_ENTRY( pxEventList ); /*lint !e9079 void * is used as this macro is used with timers and co-routines too.  Alignment is known to be fine as the type of the pointer stored and retrieved is the same. */
 8010cea:	68c3      	ldr	r3, [r0, #12]
 8010cec:	68dc      	ldr	r4, [r3, #12]
	configASSERT( pxUnblockedTCB );
 8010cee:	b324      	cbz	r4, 8010d3a <xTaskRemoveFromEventList+0x52>
	( void ) uxListRemove( &( pxUnblockedTCB->xEventListItem ) );
 8010cf0:	f104 0518 	add.w	r5, r4, #24
 8010cf4:	4628      	mov	r0, r5
 8010cf6:	f7fa fc3b 	bl	800b570 <uxListRemove>
	if( uxSchedulerSuspended == ( UBaseType_t ) pdFALSE )
 8010cfa:	4b18      	ldr	r3, [pc, #96]	@ (8010d5c <xTaskRemoveFromEventList+0x74>)
 8010cfc:	681b      	ldr	r3, [r3, #0]
 8010cfe:	bb2b      	cbnz	r3, 8010d4c <xTaskRemoveFromEventList+0x64>
		( void ) uxListRemove( &( pxUnblockedTCB->xStateListItem ) );
 8010d00:	1d25      	adds	r5, r4, #4
 8010d02:	4628      	mov	r0, r5
 8010d04:	f7fa fc34 	bl	800b570 <uxListRemove>
		prvAddTaskToReadyList( pxUnblockedTCB );
 8010d08:	6ae0      	ldr	r0, [r4, #44]	@ 0x2c
 8010d0a:	4b15      	ldr	r3, [pc, #84]	@ (8010d60 <xTaskRemoveFromEventList+0x78>)
 8010d0c:	681b      	ldr	r3, [r3, #0]
 8010d0e:	4298      	cmp	r0, r3
 8010d10:	d901      	bls.n	8010d16 <xTaskRemoveFromEventList+0x2e>
 8010d12:	4b13      	ldr	r3, [pc, #76]	@ (8010d60 <xTaskRemoveFromEventList+0x78>)
 8010d14:	6018      	str	r0, [r3, #0]
 8010d16:	eb00 0080 	add.w	r0, r0, r0, lsl #2
 8010d1a:	4629      	mov	r1, r5
 8010d1c:	4b11      	ldr	r3, [pc, #68]	@ (8010d64 <xTaskRemoveFromEventList+0x7c>)
 8010d1e:	eb03 0080 	add.w	r0, r3, r0, lsl #2
 8010d22:	f7fa fc01 	bl	800b528 <vListInsertEnd>
	if( pxUnblockedTCB->uxPriority > pxCurrentTCB->uxPriority )
 8010d26:	6ae2      	ldr	r2, [r4, #44]	@ 0x2c
 8010d28:	4b0f      	ldr	r3, [pc, #60]	@ (8010d68 <xTaskRemoveFromEventList+0x80>)
 8010d2a:	681b      	ldr	r3, [r3, #0]
 8010d2c:	6adb      	ldr	r3, [r3, #44]	@ 0x2c
 8010d2e:	429a      	cmp	r2, r3
 8010d30:	d911      	bls.n	8010d56 <xTaskRemoveFromEventList+0x6e>
		xYieldPending = pdTRUE;
 8010d32:	2001      	movs	r0, #1
 8010d34:	4b0d      	ldr	r3, [pc, #52]	@ (8010d6c <xTaskRemoveFromEventList+0x84>)
 8010d36:	6018      	str	r0, [r3, #0]
}
 8010d38:	bd38      	pop	{r3, r4, r5, pc}
 8010d3a:	f04f 0350 	mov.w	r3, #80	@ 0x50
 8010d3e:	f383 8811 	msr	BASEPRI, r3
 8010d42:	f3bf 8f6f 	isb	sy
 8010d46:	f3bf 8f4f 	dsb	sy
	configASSERT( pxUnblockedTCB );
 8010d4a:	e7fe      	b.n	8010d4a <xTaskRemoveFromEventList+0x62>
		vListInsertEnd( &( xPendingReadyList ), &( pxUnblockedTCB->xEventListItem ) );
 8010d4c:	4629      	mov	r1, r5
 8010d4e:	4808      	ldr	r0, [pc, #32]	@ (8010d70 <xTaskRemoveFromEventList+0x88>)
 8010d50:	f7fa fbea 	bl	800b528 <vListInsertEnd>
 8010d54:	e7e7      	b.n	8010d26 <xTaskRemoveFromEventList+0x3e>
		xReturn = pdFALSE;
 8010d56:	2000      	movs	r0, #0
	return xReturn;
 8010d58:	e7ee      	b.n	8010d38 <xTaskRemoveFromEventList+0x50>
 8010d5a:	bf00      	nop
 8010d5c:	20003f04 	.word	0x20003f04
 8010d60:	20003f24 	.word	0x20003f24
 8010d64:	20003fa0 	.word	0x20003fa0
 8010d68:	20004400 	.word	0x20004400
 8010d6c:	20003f18 	.word	0x20003f18
 8010d70:	20003f5c 	.word	0x20003f5c

08010d74 <vTaskInternalSetTimeOutState>:
	pxTimeOut->xOverflowCount = xNumOfOverflows;
 8010d74:	4b03      	ldr	r3, [pc, #12]	@ (8010d84 <vTaskInternalSetTimeOutState+0x10>)
 8010d76:	681b      	ldr	r3, [r3, #0]
 8010d78:	6003      	str	r3, [r0, #0]
	pxTimeOut->xTimeOnEntering = xTickCount;
 8010d7a:	4b03      	ldr	r3, [pc, #12]	@ (8010d88 <vTaskInternalSetTimeOutState+0x14>)
 8010d7c:	681b      	ldr	r3, [r3, #0]
 8010d7e:	6043      	str	r3, [r0, #4]
}
 8010d80:	4770      	bx	lr
 8010d82:	bf00      	nop
 8010d84:	20003f14 	.word	0x20003f14
 8010d88:	20003f28 	.word	0x20003f28

08010d8c <xTaskCheckForTimeOut>:
	configASSERT( pxTimeOut );
 8010d8c:	b1e0      	cbz	r0, 8010dc8 <xTaskCheckForTimeOut+0x3c>
{
 8010d8e:	b570      	push	{r4, r5, r6, lr}
 8010d90:	460c      	mov	r4, r1
 8010d92:	4605      	mov	r5, r0
	configASSERT( pxTicksToWait );
 8010d94:	b309      	cbz	r1, 8010dda <xTaskCheckForTimeOut+0x4e>
	taskENTER_CRITICAL();
 8010d96:	f7fa fee5 	bl	800bb64 <vPortEnterCritical>
		const TickType_t xConstTickCount = xTickCount;
 8010d9a:	4b1c      	ldr	r3, [pc, #112]	@ (8010e0c <xTaskCheckForTimeOut+0x80>)
 8010d9c:	6819      	ldr	r1, [r3, #0]
		const TickType_t xElapsedTime = xConstTickCount - pxTimeOut->xTimeOnEntering;
 8010d9e:	686b      	ldr	r3, [r5, #4]
 8010da0:	1ac8      	subs	r0, r1, r3
			if( *pxTicksToWait == portMAX_DELAY )
 8010da2:	6822      	ldr	r2, [r4, #0]
 8010da4:	f1b2 3fff 	cmp.w	r2, #4294967295
 8010da8:	d028      	beq.n	8010dfc <xTaskCheckForTimeOut+0x70>
		if( ( xNumOfOverflows != pxTimeOut->xOverflowCount ) && ( xConstTickCount >= pxTimeOut->xTimeOnEntering ) ) /*lint !e525 Indentation preferred as is to make code within pre-processor directives clearer. */
 8010daa:	f8df c064 	ldr.w	ip, [pc, #100]	@ 8010e10 <xTaskCheckForTimeOut+0x84>
 8010dae:	f8dc c000 	ldr.w	ip, [ip]
 8010db2:	682e      	ldr	r6, [r5, #0]
 8010db4:	4566      	cmp	r6, ip
 8010db6:	d001      	beq.n	8010dbc <xTaskCheckForTimeOut+0x30>
 8010db8:	428b      	cmp	r3, r1
 8010dba:	d924      	bls.n	8010e06 <xTaskCheckForTimeOut+0x7a>
		else if( xElapsedTime < *pxTicksToWait ) /*lint !e961 Explicit casting is only redundant with some compilers, whereas others require it to prevent integer conversion errors. */
 8010dbc:	4282      	cmp	r2, r0
 8010dbe:	d815      	bhi.n	8010dec <xTaskCheckForTimeOut+0x60>
			*pxTicksToWait = 0;
 8010dc0:	2300      	movs	r3, #0
 8010dc2:	6023      	str	r3, [r4, #0]
			xReturn = pdTRUE;
 8010dc4:	2401      	movs	r4, #1
 8010dc6:	e01a      	b.n	8010dfe <xTaskCheckForTimeOut+0x72>
 8010dc8:	f04f 0350 	mov.w	r3, #80	@ 0x50
 8010dcc:	f383 8811 	msr	BASEPRI, r3
 8010dd0:	f3bf 8f6f 	isb	sy
 8010dd4:	f3bf 8f4f 	dsb	sy
	configASSERT( pxTimeOut );
 8010dd8:	e7fe      	b.n	8010dd8 <xTaskCheckForTimeOut+0x4c>
 8010dda:	f04f 0350 	mov.w	r3, #80	@ 0x50
 8010dde:	f383 8811 	msr	BASEPRI, r3
 8010de2:	f3bf 8f6f 	isb	sy
 8010de6:	f3bf 8f4f 	dsb	sy
	configASSERT( pxTicksToWait );
 8010dea:	e7fe      	b.n	8010dea <xTaskCheckForTimeOut+0x5e>
			*pxTicksToWait -= xElapsedTime;
 8010dec:	1a5b      	subs	r3, r3, r1
 8010dee:	4413      	add	r3, r2
 8010df0:	6023      	str	r3, [r4, #0]
			vTaskInternalSetTimeOutState( pxTimeOut );
 8010df2:	4628      	mov	r0, r5
 8010df4:	f7ff ffbe 	bl	8010d74 <vTaskInternalSetTimeOutState>
			xReturn = pdFALSE;
 8010df8:	2400      	movs	r4, #0
 8010dfa:	e000      	b.n	8010dfe <xTaskCheckForTimeOut+0x72>
				xReturn = pdFALSE;
 8010dfc:	2400      	movs	r4, #0
	taskEXIT_CRITICAL();
 8010dfe:	f7fa fed3 	bl	800bba8 <vPortExitCritical>
}
 8010e02:	4620      	mov	r0, r4
 8010e04:	bd70      	pop	{r4, r5, r6, pc}
			xReturn = pdTRUE;
 8010e06:	2401      	movs	r4, #1
 8010e08:	e7f9      	b.n	8010dfe <xTaskCheckForTimeOut+0x72>
 8010e0a:	bf00      	nop
 8010e0c:	20003f28 	.word	0x20003f28
 8010e10:	20003f14 	.word	0x20003f14

08010e14 <vTaskMissedYield>:
	xYieldPending = pdTRUE;
 8010e14:	4b01      	ldr	r3, [pc, #4]	@ (8010e1c <vTaskMissedYield+0x8>)
 8010e16:	2201      	movs	r2, #1
 8010e18:	601a      	str	r2, [r3, #0]
}
 8010e1a:	4770      	bx	lr
 8010e1c:	20003f18 	.word	0x20003f18

08010e20 <xTaskGetCurrentTaskHandle>:
		xReturn = pxCurrentTCB;
 8010e20:	4b01      	ldr	r3, [pc, #4]	@ (8010e28 <xTaskGetCurrentTaskHandle+0x8>)
 8010e22:	6818      	ldr	r0, [r3, #0]
	}
 8010e24:	4770      	bx	lr
 8010e26:	bf00      	nop
 8010e28:	20004400 	.word	0x20004400

08010e2c <xTaskGetSchedulerState>:
		if( xSchedulerRunning == pdFALSE )
 8010e2c:	4b05      	ldr	r3, [pc, #20]	@ (8010e44 <xTaskGetSchedulerState+0x18>)
 8010e2e:	681b      	ldr	r3, [r3, #0]
 8010e30:	b133      	cbz	r3, 8010e40 <xTaskGetSchedulerState+0x14>
			if( uxSchedulerSuspended == ( UBaseType_t ) pdFALSE )
 8010e32:	4b05      	ldr	r3, [pc, #20]	@ (8010e48 <xTaskGetSchedulerState+0x1c>)
 8010e34:	681b      	ldr	r3, [r3, #0]
 8010e36:	b10b      	cbz	r3, 8010e3c <xTaskGetSchedulerState+0x10>
				xReturn = taskSCHEDULER_SUSPENDED;
 8010e38:	2000      	movs	r0, #0
	}
 8010e3a:	4770      	bx	lr
				xReturn = taskSCHEDULER_RUNNING;
 8010e3c:	2002      	movs	r0, #2
 8010e3e:	4770      	bx	lr
			xReturn = taskSCHEDULER_NOT_STARTED;
 8010e40:	2001      	movs	r0, #1
 8010e42:	4770      	bx	lr
 8010e44:	20003f20 	.word	0x20003f20
 8010e48:	20003f04 	.word	0x20003f04

08010e4c <xTaskPriorityInherit>:
		if( pxMutexHolder != NULL )
 8010e4c:	2800      	cmp	r0, #0
 8010e4e:	d03e      	beq.n	8010ece <xTaskPriorityInherit+0x82>
	{
 8010e50:	b538      	push	{r3, r4, r5, lr}
 8010e52:	4604      	mov	r4, r0
			if( pxMutexHolderTCB->uxPriority < pxCurrentTCB->uxPriority )
 8010e54:	6ac3      	ldr	r3, [r0, #44]	@ 0x2c
 8010e56:	4a20      	ldr	r2, [pc, #128]	@ (8010ed8 <xTaskPriorityInherit+0x8c>)
 8010e58:	6812      	ldr	r2, [r2, #0]
 8010e5a:	6ad2      	ldr	r2, [r2, #44]	@ 0x2c
 8010e5c:	4293      	cmp	r3, r2
 8010e5e:	d22e      	bcs.n	8010ebe <xTaskPriorityInherit+0x72>
				if( ( listGET_LIST_ITEM_VALUE( &( pxMutexHolderTCB->xEventListItem ) ) & taskEVENT_LIST_ITEM_VALUE_IN_USE ) == 0UL )
 8010e60:	6982      	ldr	r2, [r0, #24]
 8010e62:	2a00      	cmp	r2, #0
 8010e64:	db05      	blt.n	8010e72 <xTaskPriorityInherit+0x26>
					listSET_LIST_ITEM_VALUE( &( pxMutexHolderTCB->xEventListItem ), ( TickType_t ) configMAX_PRIORITIES - ( TickType_t ) pxCurrentTCB->uxPriority ); /*lint !e961 MISRA exception as the casts are only redundant for some ports. */
 8010e66:	4a1c      	ldr	r2, [pc, #112]	@ (8010ed8 <xTaskPriorityInherit+0x8c>)
 8010e68:	6812      	ldr	r2, [r2, #0]
 8010e6a:	6ad2      	ldr	r2, [r2, #44]	@ 0x2c
 8010e6c:	f1c2 0238 	rsb	r2, r2, #56	@ 0x38
 8010e70:	6182      	str	r2, [r0, #24]
				if( listIS_CONTAINED_WITHIN( &( pxReadyTasksLists[ pxMutexHolderTCB->uxPriority ] ), &( pxMutexHolderTCB->xStateListItem ) ) != pdFALSE )
 8010e72:	6961      	ldr	r1, [r4, #20]
 8010e74:	eb03 0383 	add.w	r3, r3, r3, lsl #2
 8010e78:	4a18      	ldr	r2, [pc, #96]	@ (8010edc <xTaskPriorityInherit+0x90>)
 8010e7a:	eb02 0383 	add.w	r3, r2, r3, lsl #2
 8010e7e:	4299      	cmp	r1, r3
 8010e80:	d005      	beq.n	8010e8e <xTaskPriorityInherit+0x42>
					pxMutexHolderTCB->uxPriority = pxCurrentTCB->uxPriority;
 8010e82:	4b15      	ldr	r3, [pc, #84]	@ (8010ed8 <xTaskPriorityInherit+0x8c>)
 8010e84:	681b      	ldr	r3, [r3, #0]
 8010e86:	6adb      	ldr	r3, [r3, #44]	@ 0x2c
 8010e88:	62e3      	str	r3, [r4, #44]	@ 0x2c
				xReturn = pdTRUE;
 8010e8a:	2001      	movs	r0, #1
	}
 8010e8c:	bd38      	pop	{r3, r4, r5, pc}
					if( uxListRemove( &( pxMutexHolderTCB->xStateListItem ) ) == ( UBaseType_t ) 0 )
 8010e8e:	1d25      	adds	r5, r4, #4
 8010e90:	4628      	mov	r0, r5
 8010e92:	f7fa fb6d 	bl	800b570 <uxListRemove>
					pxMutexHolderTCB->uxPriority = pxCurrentTCB->uxPriority;
 8010e96:	4b10      	ldr	r3, [pc, #64]	@ (8010ed8 <xTaskPriorityInherit+0x8c>)
 8010e98:	681b      	ldr	r3, [r3, #0]
 8010e9a:	6ad8      	ldr	r0, [r3, #44]	@ 0x2c
 8010e9c:	62e0      	str	r0, [r4, #44]	@ 0x2c
					prvAddTaskToReadyList( pxMutexHolderTCB );
 8010e9e:	4b10      	ldr	r3, [pc, #64]	@ (8010ee0 <xTaskPriorityInherit+0x94>)
 8010ea0:	681b      	ldr	r3, [r3, #0]
 8010ea2:	4298      	cmp	r0, r3
 8010ea4:	d901      	bls.n	8010eaa <xTaskPriorityInherit+0x5e>
 8010ea6:	4b0e      	ldr	r3, [pc, #56]	@ (8010ee0 <xTaskPriorityInherit+0x94>)
 8010ea8:	6018      	str	r0, [r3, #0]
 8010eaa:	eb00 0080 	add.w	r0, r0, r0, lsl #2
 8010eae:	4629      	mov	r1, r5
 8010eb0:	4b0a      	ldr	r3, [pc, #40]	@ (8010edc <xTaskPriorityInherit+0x90>)
 8010eb2:	eb03 0080 	add.w	r0, r3, r0, lsl #2
 8010eb6:	f7fa fb37 	bl	800b528 <vListInsertEnd>
				xReturn = pdTRUE;
 8010eba:	2001      	movs	r0, #1
 8010ebc:	e7e6      	b.n	8010e8c <xTaskPriorityInherit+0x40>
				if( pxMutexHolderTCB->uxBasePriority < pxCurrentTCB->uxPriority )
 8010ebe:	6cc2      	ldr	r2, [r0, #76]	@ 0x4c
 8010ec0:	4b05      	ldr	r3, [pc, #20]	@ (8010ed8 <xTaskPriorityInherit+0x8c>)
 8010ec2:	681b      	ldr	r3, [r3, #0]
 8010ec4:	6adb      	ldr	r3, [r3, #44]	@ 0x2c
 8010ec6:	429a      	cmp	r2, r3
 8010ec8:	d303      	bcc.n	8010ed2 <xTaskPriorityInherit+0x86>
	BaseType_t xReturn = pdFALSE;
 8010eca:	2000      	movs	r0, #0
 8010ecc:	e7de      	b.n	8010e8c <xTaskPriorityInherit+0x40>
 8010ece:	2000      	movs	r0, #0
	}
 8010ed0:	4770      	bx	lr
					xReturn = pdTRUE;
 8010ed2:	2001      	movs	r0, #1
		return xReturn;
 8010ed4:	e7da      	b.n	8010e8c <xTaskPriorityInherit+0x40>
 8010ed6:	bf00      	nop
 8010ed8:	20004400 	.word	0x20004400
 8010edc:	20003fa0 	.word	0x20003fa0
 8010ee0:	20003f24 	.word	0x20003f24

08010ee4 <xTaskPriorityDisinherit>:
		if( pxMutexHolder != NULL )
 8010ee4:	2800      	cmp	r0, #0
 8010ee6:	d03b      	beq.n	8010f60 <xTaskPriorityDisinherit+0x7c>
	{
 8010ee8:	b538      	push	{r3, r4, r5, lr}
 8010eea:	4604      	mov	r4, r0
			configASSERT( pxTCB == pxCurrentTCB );
 8010eec:	4b1e      	ldr	r3, [pc, #120]	@ (8010f68 <xTaskPriorityDisinherit+0x84>)
 8010eee:	681b      	ldr	r3, [r3, #0]
 8010ef0:	4283      	cmp	r3, r0
 8010ef2:	d008      	beq.n	8010f06 <xTaskPriorityDisinherit+0x22>
 8010ef4:	f04f 0350 	mov.w	r3, #80	@ 0x50
 8010ef8:	f383 8811 	msr	BASEPRI, r3
 8010efc:	f3bf 8f6f 	isb	sy
 8010f00:	f3bf 8f4f 	dsb	sy
 8010f04:	e7fe      	b.n	8010f04 <xTaskPriorityDisinherit+0x20>
			configASSERT( pxTCB->uxMutexesHeld );
 8010f06:	6d03      	ldr	r3, [r0, #80]	@ 0x50
 8010f08:	b943      	cbnz	r3, 8010f1c <xTaskPriorityDisinherit+0x38>
 8010f0a:	f04f 0350 	mov.w	r3, #80	@ 0x50
 8010f0e:	f383 8811 	msr	BASEPRI, r3
 8010f12:	f3bf 8f6f 	isb	sy
 8010f16:	f3bf 8f4f 	dsb	sy
 8010f1a:	e7fe      	b.n	8010f1a <xTaskPriorityDisinherit+0x36>
			( pxTCB->uxMutexesHeld )--;
 8010f1c:	3b01      	subs	r3, #1
 8010f1e:	6503      	str	r3, [r0, #80]	@ 0x50
			if( pxTCB->uxPriority != pxTCB->uxBasePriority )
 8010f20:	6ac1      	ldr	r1, [r0, #44]	@ 0x2c
 8010f22:	6cc2      	ldr	r2, [r0, #76]	@ 0x4c
 8010f24:	4291      	cmp	r1, r2
 8010f26:	d01d      	beq.n	8010f64 <xTaskPriorityDisinherit+0x80>
				if( pxTCB->uxMutexesHeld == ( UBaseType_t ) 0 )
 8010f28:	b10b      	cbz	r3, 8010f2e <xTaskPriorityDisinherit+0x4a>
	BaseType_t xReturn = pdFALSE;
 8010f2a:	2000      	movs	r0, #0
	}
 8010f2c:	bd38      	pop	{r3, r4, r5, pc}
					if( uxListRemove( &( pxTCB->xStateListItem ) ) == ( UBaseType_t ) 0 )
 8010f2e:	1d05      	adds	r5, r0, #4
 8010f30:	4628      	mov	r0, r5
 8010f32:	f7fa fb1d 	bl	800b570 <uxListRemove>
					pxTCB->uxPriority = pxTCB->uxBasePriority;
 8010f36:	6ce0      	ldr	r0, [r4, #76]	@ 0x4c
 8010f38:	62e0      	str	r0, [r4, #44]	@ 0x2c
					listSET_LIST_ITEM_VALUE( &( pxTCB->xEventListItem ), ( TickType_t ) configMAX_PRIORITIES - ( TickType_t ) pxTCB->uxPriority ); /*lint !e961 MISRA exception as the casts are only redundant for some ports. */
 8010f3a:	f1c0 0338 	rsb	r3, r0, #56	@ 0x38
 8010f3e:	61a3      	str	r3, [r4, #24]
					prvAddTaskToReadyList( pxTCB );
 8010f40:	4b0a      	ldr	r3, [pc, #40]	@ (8010f6c <xTaskPriorityDisinherit+0x88>)
 8010f42:	681b      	ldr	r3, [r3, #0]
 8010f44:	4298      	cmp	r0, r3
 8010f46:	d901      	bls.n	8010f4c <xTaskPriorityDisinherit+0x68>
 8010f48:	4b08      	ldr	r3, [pc, #32]	@ (8010f6c <xTaskPriorityDisinherit+0x88>)
 8010f4a:	6018      	str	r0, [r3, #0]
 8010f4c:	eb00 0080 	add.w	r0, r0, r0, lsl #2
 8010f50:	4629      	mov	r1, r5
 8010f52:	4b07      	ldr	r3, [pc, #28]	@ (8010f70 <xTaskPriorityDisinherit+0x8c>)
 8010f54:	eb03 0080 	add.w	r0, r3, r0, lsl #2
 8010f58:	f7fa fae6 	bl	800b528 <vListInsertEnd>
					xReturn = pdTRUE;
 8010f5c:	2001      	movs	r0, #1
 8010f5e:	e7e5      	b.n	8010f2c <xTaskPriorityDisinherit+0x48>
	BaseType_t xReturn = pdFALSE;
 8010f60:	2000      	movs	r0, #0
	}
 8010f62:	4770      	bx	lr
	BaseType_t xReturn = pdFALSE;
 8010f64:	2000      	movs	r0, #0
 8010f66:	e7e1      	b.n	8010f2c <xTaskPriorityDisinherit+0x48>
 8010f68:	20004400 	.word	0x20004400
 8010f6c:	20003f24 	.word	0x20003f24
 8010f70:	20003fa0 	.word	0x20003fa0

08010f74 <vTaskPriorityDisinheritAfterTimeout>:
		if( pxMutexHolder != NULL )
 8010f74:	2800      	cmp	r0, #0
 8010f76:	d046      	beq.n	8011006 <vTaskPriorityDisinheritAfterTimeout+0x92>
	{
 8010f78:	b538      	push	{r3, r4, r5, lr}
 8010f7a:	4604      	mov	r4, r0
			configASSERT( pxTCB->uxMutexesHeld );
 8010f7c:	6d03      	ldr	r3, [r0, #80]	@ 0x50
 8010f7e:	b943      	cbnz	r3, 8010f92 <vTaskPriorityDisinheritAfterTimeout+0x1e>
 8010f80:	f04f 0350 	mov.w	r3, #80	@ 0x50
 8010f84:	f383 8811 	msr	BASEPRI, r3
 8010f88:	f3bf 8f6f 	isb	sy
 8010f8c:	f3bf 8f4f 	dsb	sy
 8010f90:	e7fe      	b.n	8010f90 <vTaskPriorityDisinheritAfterTimeout+0x1c>
			if( pxTCB->uxBasePriority < uxHighestPriorityWaitingTask )
 8010f92:	6cc2      	ldr	r2, [r0, #76]	@ 0x4c
 8010f94:	428a      	cmp	r2, r1
 8010f96:	d200      	bcs.n	8010f9a <vTaskPriorityDisinheritAfterTimeout+0x26>
				uxPriorityToUse = uxHighestPriorityWaitingTask;
 8010f98:	460a      	mov	r2, r1
			if( pxTCB->uxPriority != uxPriorityToUse )
 8010f9a:	6ae1      	ldr	r1, [r4, #44]	@ 0x2c
 8010f9c:	4291      	cmp	r1, r2
 8010f9e:	d001      	beq.n	8010fa4 <vTaskPriorityDisinheritAfterTimeout+0x30>
				if( pxTCB->uxMutexesHeld == uxOnlyOneMutexHeld )
 8010fa0:	2b01      	cmp	r3, #1
 8010fa2:	d000      	beq.n	8010fa6 <vTaskPriorityDisinheritAfterTimeout+0x32>
	}
 8010fa4:	bd38      	pop	{r3, r4, r5, pc}
					configASSERT( pxTCB != pxCurrentTCB );
 8010fa6:	4b18      	ldr	r3, [pc, #96]	@ (8011008 <vTaskPriorityDisinheritAfterTimeout+0x94>)
 8010fa8:	681b      	ldr	r3, [r3, #0]
 8010faa:	42a3      	cmp	r3, r4
 8010fac:	d022      	beq.n	8010ff4 <vTaskPriorityDisinheritAfterTimeout+0x80>
					pxTCB->uxPriority = uxPriorityToUse;
 8010fae:	62e2      	str	r2, [r4, #44]	@ 0x2c
					if( ( listGET_LIST_ITEM_VALUE( &( pxTCB->xEventListItem ) ) & taskEVENT_LIST_ITEM_VALUE_IN_USE ) == 0UL )
 8010fb0:	69a3      	ldr	r3, [r4, #24]
 8010fb2:	2b00      	cmp	r3, #0
 8010fb4:	db02      	blt.n	8010fbc <vTaskPriorityDisinheritAfterTimeout+0x48>
						listSET_LIST_ITEM_VALUE( &( pxTCB->xEventListItem ), ( TickType_t ) configMAX_PRIORITIES - ( TickType_t ) uxPriorityToUse ); /*lint !e961 MISRA exception as the casts are only redundant for some ports. */
 8010fb6:	f1c2 0238 	rsb	r2, r2, #56	@ 0x38
 8010fba:	61a2      	str	r2, [r4, #24]
					if( listIS_CONTAINED_WITHIN( &( pxReadyTasksLists[ uxPriorityUsedOnEntry ] ), &( pxTCB->xStateListItem ) ) != pdFALSE )
 8010fbc:	6962      	ldr	r2, [r4, #20]
 8010fbe:	eb01 0181 	add.w	r1, r1, r1, lsl #2
 8010fc2:	4b12      	ldr	r3, [pc, #72]	@ (801100c <vTaskPriorityDisinheritAfterTimeout+0x98>)
 8010fc4:	eb03 0381 	add.w	r3, r3, r1, lsl #2
 8010fc8:	429a      	cmp	r2, r3
 8010fca:	d1eb      	bne.n	8010fa4 <vTaskPriorityDisinheritAfterTimeout+0x30>
						if( uxListRemove( &( pxTCB->xStateListItem ) ) == ( UBaseType_t ) 0 )
 8010fcc:	1d25      	adds	r5, r4, #4
 8010fce:	4628      	mov	r0, r5
 8010fd0:	f7fa face 	bl	800b570 <uxListRemove>
						prvAddTaskToReadyList( pxTCB );
 8010fd4:	6ae0      	ldr	r0, [r4, #44]	@ 0x2c
 8010fd6:	4b0e      	ldr	r3, [pc, #56]	@ (8011010 <vTaskPriorityDisinheritAfterTimeout+0x9c>)
 8010fd8:	681b      	ldr	r3, [r3, #0]
 8010fda:	4298      	cmp	r0, r3
 8010fdc:	d901      	bls.n	8010fe2 <vTaskPriorityDisinheritAfterTimeout+0x6e>
 8010fde:	4b0c      	ldr	r3, [pc, #48]	@ (8011010 <vTaskPriorityDisinheritAfterTimeout+0x9c>)
 8010fe0:	6018      	str	r0, [r3, #0]
 8010fe2:	eb00 0080 	add.w	r0, r0, r0, lsl #2
 8010fe6:	4629      	mov	r1, r5
 8010fe8:	4b08      	ldr	r3, [pc, #32]	@ (801100c <vTaskPriorityDisinheritAfterTimeout+0x98>)
 8010fea:	eb03 0080 	add.w	r0, r3, r0, lsl #2
 8010fee:	f7fa fa9b 	bl	800b528 <vListInsertEnd>
	}
 8010ff2:	e7d7      	b.n	8010fa4 <vTaskPriorityDisinheritAfterTimeout+0x30>
 8010ff4:	f04f 0350 	mov.w	r3, #80	@ 0x50
 8010ff8:	f383 8811 	msr	BASEPRI, r3
 8010ffc:	f3bf 8f6f 	isb	sy
 8011000:	f3bf 8f4f 	dsb	sy
					configASSERT( pxTCB != pxCurrentTCB );
 8011004:	e7fe      	b.n	8011004 <vTaskPriorityDisinheritAfterTimeout+0x90>
 8011006:	4770      	bx	lr
 8011008:	20004400 	.word	0x20004400
 801100c:	20003fa0 	.word	0x20003fa0
 8011010:	20003f24 	.word	0x20003f24

08011014 <pvTaskIncrementMutexHeldCount>:
		if( pxCurrentTCB != NULL )
 8011014:	4b05      	ldr	r3, [pc, #20]	@ (801102c <pvTaskIncrementMutexHeldCount+0x18>)
 8011016:	681b      	ldr	r3, [r3, #0]
 8011018:	b123      	cbz	r3, 8011024 <pvTaskIncrementMutexHeldCount+0x10>
			( pxCurrentTCB->uxMutexesHeld )++;
 801101a:	4b04      	ldr	r3, [pc, #16]	@ (801102c <pvTaskIncrementMutexHeldCount+0x18>)
 801101c:	681a      	ldr	r2, [r3, #0]
 801101e:	6d13      	ldr	r3, [r2, #80]	@ 0x50
 8011020:	3301      	adds	r3, #1
 8011022:	6513      	str	r3, [r2, #80]	@ 0x50
		return pxCurrentTCB;
 8011024:	4b01      	ldr	r3, [pc, #4]	@ (801102c <pvTaskIncrementMutexHeldCount+0x18>)
 8011026:	6818      	ldr	r0, [r3, #0]
	}
 8011028:	4770      	bx	lr
 801102a:	bf00      	nop
 801102c:	20004400 	.word	0x20004400

08011030 <prvGetNextExpireTime>:
	the timer with the nearest expiry time will expire.  If there are no
	active timers then just set the next expire time to 0.  That will cause
	this task to unblock when the tick count overflows, at which point the
	timer lists will be switched and the next expiry time can be
	re-assessed.  */
	*pxListWasEmpty = listLIST_IS_EMPTY( pxCurrentTimerList );
 8011030:	4b06      	ldr	r3, [pc, #24]	@ (801104c <prvGetNextExpireTime+0x1c>)
 8011032:	681a      	ldr	r2, [r3, #0]
 8011034:	6813      	ldr	r3, [r2, #0]
 8011036:	b92b      	cbnz	r3, 8011044 <prvGetNextExpireTime+0x14>
 8011038:	2301      	movs	r3, #1
 801103a:	6003      	str	r3, [r0, #0]
	if( *pxListWasEmpty == pdFALSE )
 801103c:	b923      	cbnz	r3, 8011048 <prvGetNextExpireTime+0x18>
	{
		xNextExpireTime = listGET_ITEM_VALUE_OF_HEAD_ENTRY( pxCurrentTimerList );
 801103e:	68d3      	ldr	r3, [r2, #12]
 8011040:	6818      	ldr	r0, [r3, #0]
 8011042:	4770      	bx	lr
	*pxListWasEmpty = listLIST_IS_EMPTY( pxCurrentTimerList );
 8011044:	2300      	movs	r3, #0
 8011046:	e7f8      	b.n	801103a <prvGetNextExpireTime+0xa>
	}
	else
	{
		/* Ensure the task unblocks when the tick count rolls over. */
		xNextExpireTime = ( TickType_t ) 0U;
 8011048:	2000      	movs	r0, #0
	}

	return xNextExpireTime;
}
 801104a:	4770      	bx	lr
 801104c:	20004504 	.word	0x20004504

08011050 <prvInsertTimerInActiveList>:
	return xTimeNow;
}
/*-----------------------------------------------------------*/

static BaseType_t prvInsertTimerInActiveList( Timer_t * const pxTimer, const TickType_t xNextExpiryTime, const TickType_t xTimeNow, const TickType_t xCommandTime )
{
 8011050:	b508      	push	{r3, lr}
BaseType_t xProcessTimerNow = pdFALSE;

	listSET_LIST_ITEM_VALUE( &( pxTimer->xTimerListItem ), xNextExpiryTime );
 8011052:	6041      	str	r1, [r0, #4]
	listSET_LIST_ITEM_OWNER( &( pxTimer->xTimerListItem ), pxTimer );
 8011054:	6100      	str	r0, [r0, #16]

	if( xNextExpiryTime <= xTimeNow )
 8011056:	4291      	cmp	r1, r2
 8011058:	d80c      	bhi.n	8011074 <prvInsertTimerInActiveList+0x24>
	{
		/* Has the expiry time elapsed between the command to start/reset a
		timer was issued, and the time the command was processed? */
		if( ( ( TickType_t ) ( xTimeNow - xCommandTime ) ) >= pxTimer->xTimerPeriodInTicks ) /*lint !e961 MISRA exception as the casts are only redundant for some ports. */
 801105a:	1ad2      	subs	r2, r2, r3
 801105c:	6983      	ldr	r3, [r0, #24]
 801105e:	429a      	cmp	r2, r3
 8011060:	d301      	bcc.n	8011066 <prvInsertTimerInActiveList+0x16>
		{
			/* The time between a command being issued and the command being
			processed actually exceeds the timers period.  */
			xProcessTimerNow = pdTRUE;
 8011062:	2001      	movs	r0, #1
			vListInsert( pxCurrentTimerList, &( pxTimer->xTimerListItem ) );
		}
	}

	return xProcessTimerNow;
}
 8011064:	bd08      	pop	{r3, pc}
			vListInsert( pxOverflowTimerList, &( pxTimer->xTimerListItem ) );
 8011066:	1d01      	adds	r1, r0, #4
 8011068:	4b09      	ldr	r3, [pc, #36]	@ (8011090 <prvInsertTimerInActiveList+0x40>)
 801106a:	6818      	ldr	r0, [r3, #0]
 801106c:	f7fa fa67 	bl	800b53e <vListInsert>
BaseType_t xProcessTimerNow = pdFALSE;
 8011070:	2000      	movs	r0, #0
 8011072:	e7f7      	b.n	8011064 <prvInsertTimerInActiveList+0x14>
		if( ( xTimeNow < xCommandTime ) && ( xNextExpiryTime >= xCommandTime ) )
 8011074:	429a      	cmp	r2, r3
 8011076:	d201      	bcs.n	801107c <prvInsertTimerInActiveList+0x2c>
 8011078:	4299      	cmp	r1, r3
 801107a:	d206      	bcs.n	801108a <prvInsertTimerInActiveList+0x3a>
			vListInsert( pxCurrentTimerList, &( pxTimer->xTimerListItem ) );
 801107c:	1d01      	adds	r1, r0, #4
 801107e:	4b05      	ldr	r3, [pc, #20]	@ (8011094 <prvInsertTimerInActiveList+0x44>)
 8011080:	6818      	ldr	r0, [r3, #0]
 8011082:	f7fa fa5c 	bl	800b53e <vListInsert>
BaseType_t xProcessTimerNow = pdFALSE;
 8011086:	2000      	movs	r0, #0
 8011088:	e7ec      	b.n	8011064 <prvInsertTimerInActiveList+0x14>
			xProcessTimerNow = pdTRUE;
 801108a:	2001      	movs	r0, #1
	return xProcessTimerNow;
 801108c:	e7ea      	b.n	8011064 <prvInsertTimerInActiveList+0x14>
 801108e:	bf00      	nop
 8011090:	20004500 	.word	0x20004500
 8011094:	20004504 	.word	0x20004504

08011098 <prvCheckForValidListAndQueue>:
	pxOverflowTimerList = pxTemp;
}
/*-----------------------------------------------------------*/

static void prvCheckForValidListAndQueue( void )
{
 8011098:	b530      	push	{r4, r5, lr}
 801109a:	b083      	sub	sp, #12
	/* Check that the list from which active timers are referenced, and the
	queue used to communicate with the timer service, have been
	initialised. */
	taskENTER_CRITICAL();
 801109c:	f7fa fd62 	bl	800bb64 <vPortEnterCritical>
	{
		if( xTimerQueue == NULL )
 80110a0:	4b11      	ldr	r3, [pc, #68]	@ (80110e8 <prvCheckForValidListAndQueue+0x50>)
 80110a2:	681b      	ldr	r3, [r3, #0]
 80110a4:	b11b      	cbz	r3, 80110ae <prvCheckForValidListAndQueue+0x16>
		else
		{
			mtCOVERAGE_TEST_MARKER();
		}
	}
	taskEXIT_CRITICAL();
 80110a6:	f7fa fd7f 	bl	800bba8 <vPortExitCritical>
}
 80110aa:	b003      	add	sp, #12
 80110ac:	bd30      	pop	{r4, r5, pc}
			vListInitialise( &xActiveTimerList1 );
 80110ae:	4d0f      	ldr	r5, [pc, #60]	@ (80110ec <prvCheckForValidListAndQueue+0x54>)
 80110b0:	4628      	mov	r0, r5
 80110b2:	f7fa fa2b 	bl	800b50c <vListInitialise>
			vListInitialise( &xActiveTimerList2 );
 80110b6:	4c0e      	ldr	r4, [pc, #56]	@ (80110f0 <prvCheckForValidListAndQueue+0x58>)
 80110b8:	4620      	mov	r0, r4
 80110ba:	f7fa fa27 	bl	800b50c <vListInitialise>
			pxCurrentTimerList = &xActiveTimerList1;
 80110be:	4b0d      	ldr	r3, [pc, #52]	@ (80110f4 <prvCheckForValidListAndQueue+0x5c>)
 80110c0:	601d      	str	r5, [r3, #0]
			pxOverflowTimerList = &xActiveTimerList2;
 80110c2:	4b0d      	ldr	r3, [pc, #52]	@ (80110f8 <prvCheckForValidListAndQueue+0x60>)
 80110c4:	601c      	str	r4, [r3, #0]
				xTimerQueue = xQueueCreateStatic( ( UBaseType_t ) configTIMER_QUEUE_LENGTH, ( UBaseType_t ) sizeof( DaemonTaskMessage_t ), &( ucStaticTimerQueueStorage[ 0 ] ), &xStaticTimerQueue );
 80110c6:	2300      	movs	r3, #0
 80110c8:	9300      	str	r3, [sp, #0]
 80110ca:	4b0c      	ldr	r3, [pc, #48]	@ (80110fc <prvCheckForValidListAndQueue+0x64>)
 80110cc:	4a0c      	ldr	r2, [pc, #48]	@ (8011100 <prvCheckForValidListAndQueue+0x68>)
 80110ce:	2110      	movs	r1, #16
 80110d0:	200a      	movs	r0, #10
 80110d2:	f7fa ff96 	bl	800c002 <xQueueGenericCreateStatic>
 80110d6:	4b04      	ldr	r3, [pc, #16]	@ (80110e8 <prvCheckForValidListAndQueue+0x50>)
 80110d8:	6018      	str	r0, [r3, #0]
				if( xTimerQueue != NULL )
 80110da:	2800      	cmp	r0, #0
 80110dc:	d0e3      	beq.n	80110a6 <prvCheckForValidListAndQueue+0xe>
					vQueueAddToRegistry( xTimerQueue, "TmrQ" );
 80110de:	4909      	ldr	r1, [pc, #36]	@ (8011104 <prvCheckForValidListAndQueue+0x6c>)
 80110e0:	f7fb fc02 	bl	800c8e8 <vQueueAddToRegistry>
 80110e4:	e7df      	b.n	80110a6 <prvCheckForValidListAndQueue+0xe>
 80110e6:	bf00      	nop
 80110e8:	200044fc 	.word	0x200044fc
 80110ec:	2000451c 	.word	0x2000451c
 80110f0:	20004508 	.word	0x20004508
 80110f4:	20004504 	.word	0x20004504
 80110f8:	20004500 	.word	0x20004500
 80110fc:	20004404 	.word	0x20004404
 8011100:	20004454 	.word	0x20004454
 8011104:	080118c8 	.word	0x080118c8

08011108 <xTimerCreateTimerTask>:
{
 8011108:	b510      	push	{r4, lr}
 801110a:	b088      	sub	sp, #32
	prvCheckForValidListAndQueue();
 801110c:	f7ff ffc4 	bl	8011098 <prvCheckForValidListAndQueue>
	if( xTimerQueue != NULL )
 8011110:	4b12      	ldr	r3, [pc, #72]	@ (801115c <xTimerCreateTimerTask+0x54>)
 8011112:	681b      	ldr	r3, [r3, #0]
 8011114:	b1cb      	cbz	r3, 801114a <xTimerCreateTimerTask+0x42>
			StaticTask_t *pxTimerTaskTCBBuffer = NULL;
 8011116:	2400      	movs	r4, #0
 8011118:	9405      	str	r4, [sp, #20]
			StackType_t *pxTimerTaskStackBuffer = NULL;
 801111a:	9406      	str	r4, [sp, #24]
			vApplicationGetTimerTaskMemory( &pxTimerTaskTCBBuffer, &pxTimerTaskStackBuffer, &ulTimerTaskStackSize );
 801111c:	aa07      	add	r2, sp, #28
 801111e:	a906      	add	r1, sp, #24
 8011120:	a805      	add	r0, sp, #20
 8011122:	f7f9 fcd3 	bl	800aacc <vApplicationGetTimerTaskMemory>
			xTimerTaskHandle = xTaskCreateStatic(	prvTimerTask,
 8011126:	9b05      	ldr	r3, [sp, #20]
 8011128:	9302      	str	r3, [sp, #8]
 801112a:	9b06      	ldr	r3, [sp, #24]
 801112c:	9301      	str	r3, [sp, #4]
 801112e:	2302      	movs	r3, #2
 8011130:	9300      	str	r3, [sp, #0]
 8011132:	4623      	mov	r3, r4
 8011134:	9a07      	ldr	r2, [sp, #28]
 8011136:	490a      	ldr	r1, [pc, #40]	@ (8011160 <xTimerCreateTimerTask+0x58>)
 8011138:	480a      	ldr	r0, [pc, #40]	@ (8011164 <xTimerCreateTimerTask+0x5c>)
 801113a:	f7ff fb57 	bl	80107ec <xTaskCreateStatic>
 801113e:	4b0a      	ldr	r3, [pc, #40]	@ (8011168 <xTimerCreateTimerTask+0x60>)
 8011140:	6018      	str	r0, [r3, #0]
			if( xTimerTaskHandle != NULL )
 8011142:	b110      	cbz	r0, 801114a <xTimerCreateTimerTask+0x42>
}
 8011144:	2001      	movs	r0, #1
 8011146:	b008      	add	sp, #32
 8011148:	bd10      	pop	{r4, pc}
 801114a:	f04f 0350 	mov.w	r3, #80	@ 0x50
 801114e:	f383 8811 	msr	BASEPRI, r3
 8011152:	f3bf 8f6f 	isb	sy
 8011156:	f3bf 8f4f 	dsb	sy
	configASSERT( xReturn );
 801115a:	e7fe      	b.n	801115a <xTimerCreateTimerTask+0x52>
 801115c:	200044fc 	.word	0x200044fc
 8011160:	080118d0 	.word	0x080118d0
 8011164:	0801146d 	.word	0x0801146d
 8011168:	200044f8 	.word	0x200044f8

0801116c <xTimerGenericCommand>:
	configASSERT( xTimer );
 801116c:	b1b8      	cbz	r0, 801119e <xTimerGenericCommand+0x32>
 801116e:	469c      	mov	ip, r3
 8011170:	4603      	mov	r3, r0
	if( xTimerQueue != NULL )
 8011172:	4818      	ldr	r0, [pc, #96]	@ (80111d4 <xTimerGenericCommand+0x68>)
 8011174:	6800      	ldr	r0, [r0, #0]
 8011176:	b358      	cbz	r0, 80111d0 <xTimerGenericCommand+0x64>
{
 8011178:	b500      	push	{lr}
 801117a:	b085      	sub	sp, #20
		xMessage.xMessageID = xCommandID;
 801117c:	9100      	str	r1, [sp, #0]
		xMessage.u.xTimerParameters.xMessageValue = xOptionalValue;
 801117e:	9201      	str	r2, [sp, #4]
		xMessage.u.xTimerParameters.pxTimer = xTimer;
 8011180:	9302      	str	r3, [sp, #8]
		if( xCommandID < tmrFIRST_FROM_ISR_COMMAND )
 8011182:	2905      	cmp	r1, #5
 8011184:	dc1c      	bgt.n	80111c0 <xTimerGenericCommand+0x54>
			if( xTaskGetSchedulerState() == taskSCHEDULER_RUNNING )
 8011186:	f7ff fe51 	bl	8010e2c <xTaskGetSchedulerState>
 801118a:	2802      	cmp	r0, #2
 801118c:	d010      	beq.n	80111b0 <xTimerGenericCommand+0x44>
				xReturn = xQueueSendToBack( xTimerQueue, &xMessage, tmrNO_DELAY );
 801118e:	2300      	movs	r3, #0
 8011190:	461a      	mov	r2, r3
 8011192:	4669      	mov	r1, sp
 8011194:	480f      	ldr	r0, [pc, #60]	@ (80111d4 <xTimerGenericCommand+0x68>)
 8011196:	6800      	ldr	r0, [r0, #0]
 8011198:	f7fa ffe2 	bl	800c160 <xQueueGenericSend>
 801119c:	e015      	b.n	80111ca <xTimerGenericCommand+0x5e>
 801119e:	f04f 0350 	mov.w	r3, #80	@ 0x50
 80111a2:	f383 8811 	msr	BASEPRI, r3
 80111a6:	f3bf 8f6f 	isb	sy
 80111aa:	f3bf 8f4f 	dsb	sy
	configASSERT( xTimer );
 80111ae:	e7fe      	b.n	80111ae <xTimerGenericCommand+0x42>
				xReturn = xQueueSendToBack( xTimerQueue, &xMessage, xTicksToWait );
 80111b0:	2300      	movs	r3, #0
 80111b2:	9a06      	ldr	r2, [sp, #24]
 80111b4:	4669      	mov	r1, sp
 80111b6:	4807      	ldr	r0, [pc, #28]	@ (80111d4 <xTimerGenericCommand+0x68>)
 80111b8:	6800      	ldr	r0, [r0, #0]
 80111ba:	f7fa ffd1 	bl	800c160 <xQueueGenericSend>
 80111be:	e004      	b.n	80111ca <xTimerGenericCommand+0x5e>
			xReturn = xQueueSendToBackFromISR( xTimerQueue, &xMessage, pxHigherPriorityTaskWoken );
 80111c0:	2300      	movs	r3, #0
 80111c2:	4662      	mov	r2, ip
 80111c4:	4669      	mov	r1, sp
 80111c6:	f7fb f8d5 	bl	800c374 <xQueueGenericSendFromISR>
}
 80111ca:	b005      	add	sp, #20
 80111cc:	f85d fb04 	ldr.w	pc, [sp], #4
BaseType_t xReturn = pdFAIL;
 80111d0:	2000      	movs	r0, #0
}
 80111d2:	4770      	bx	lr
 80111d4:	200044fc 	.word	0x200044fc

080111d8 <prvSwitchTimerLists>:
{
 80111d8:	b570      	push	{r4, r5, r6, lr}
 80111da:	b082      	sub	sp, #8
	while( listLIST_IS_EMPTY( pxCurrentTimerList ) == pdFALSE )
 80111dc:	4b1b      	ldr	r3, [pc, #108]	@ (801124c <prvSwitchTimerLists+0x74>)
 80111de:	681b      	ldr	r3, [r3, #0]
 80111e0:	681a      	ldr	r2, [r3, #0]
 80111e2:	b362      	cbz	r2, 801123e <prvSwitchTimerLists+0x66>
		xNextExpireTime = listGET_ITEM_VALUE_OF_HEAD_ENTRY( pxCurrentTimerList );
 80111e4:	68db      	ldr	r3, [r3, #12]
 80111e6:	681e      	ldr	r6, [r3, #0]
		pxTimer = ( Timer_t * ) listGET_OWNER_OF_HEAD_ENTRY( pxCurrentTimerList ); /*lint !e9087 !e9079 void * is used as this macro is used with tasks and co-routines too.  Alignment is known to be fine as the type of the pointer stored and retrieved is the same. */
 80111e8:	68dc      	ldr	r4, [r3, #12]
		( void ) uxListRemove( &( pxTimer->xTimerListItem ) );
 80111ea:	1d25      	adds	r5, r4, #4
 80111ec:	4628      	mov	r0, r5
 80111ee:	f7fa f9bf 	bl	800b570 <uxListRemove>
		pxTimer->pxCallbackFunction( ( TimerHandle_t ) pxTimer );
 80111f2:	6a23      	ldr	r3, [r4, #32]
 80111f4:	4620      	mov	r0, r4
 80111f6:	4798      	blx	r3
		if( ( pxTimer->ucStatus & tmrSTATUS_IS_AUTORELOAD ) != 0 )
 80111f8:	f894 3028 	ldrb.w	r3, [r4, #40]	@ 0x28
 80111fc:	f013 0f04 	tst.w	r3, #4
 8011200:	d0ec      	beq.n	80111dc <prvSwitchTimerLists+0x4>
			xReloadTime = ( xNextExpireTime + pxTimer->xTimerPeriodInTicks );
 8011202:	69a3      	ldr	r3, [r4, #24]
 8011204:	4433      	add	r3, r6
			if( xReloadTime > xNextExpireTime )
 8011206:	429e      	cmp	r6, r3
 8011208:	d207      	bcs.n	801121a <prvSwitchTimerLists+0x42>
				listSET_LIST_ITEM_VALUE( &( pxTimer->xTimerListItem ), xReloadTime );
 801120a:	6063      	str	r3, [r4, #4]
				listSET_LIST_ITEM_OWNER( &( pxTimer->xTimerListItem ), pxTimer );
 801120c:	6124      	str	r4, [r4, #16]
				vListInsert( pxCurrentTimerList, &( pxTimer->xTimerListItem ) );
 801120e:	4629      	mov	r1, r5
 8011210:	4b0e      	ldr	r3, [pc, #56]	@ (801124c <prvSwitchTimerLists+0x74>)
 8011212:	6818      	ldr	r0, [r3, #0]
 8011214:	f7fa f993 	bl	800b53e <vListInsert>
 8011218:	e7e0      	b.n	80111dc <prvSwitchTimerLists+0x4>
				xResult = xTimerGenericCommand( pxTimer, tmrCOMMAND_START_DONT_TRACE, xNextExpireTime, NULL, tmrNO_DELAY );
 801121a:	2100      	movs	r1, #0
 801121c:	9100      	str	r1, [sp, #0]
 801121e:	460b      	mov	r3, r1
 8011220:	4632      	mov	r2, r6
 8011222:	4620      	mov	r0, r4
 8011224:	f7ff ffa2 	bl	801116c <xTimerGenericCommand>
				configASSERT( xResult );
 8011228:	2800      	cmp	r0, #0
 801122a:	d1d7      	bne.n	80111dc <prvSwitchTimerLists+0x4>
 801122c:	f04f 0350 	mov.w	r3, #80	@ 0x50
 8011230:	f383 8811 	msr	BASEPRI, r3
 8011234:	f3bf 8f6f 	isb	sy
 8011238:	f3bf 8f4f 	dsb	sy
 801123c:	e7fe      	b.n	801123c <prvSwitchTimerLists+0x64>
	pxCurrentTimerList = pxOverflowTimerList;
 801123e:	4a04      	ldr	r2, [pc, #16]	@ (8011250 <prvSwitchTimerLists+0x78>)
 8011240:	6810      	ldr	r0, [r2, #0]
 8011242:	4902      	ldr	r1, [pc, #8]	@ (801124c <prvSwitchTimerLists+0x74>)
 8011244:	6008      	str	r0, [r1, #0]
	pxOverflowTimerList = pxTemp;
 8011246:	6013      	str	r3, [r2, #0]
}
 8011248:	b002      	add	sp, #8
 801124a:	bd70      	pop	{r4, r5, r6, pc}
 801124c:	20004504 	.word	0x20004504
 8011250:	20004500 	.word	0x20004500

08011254 <prvSampleTimeNow>:
{
 8011254:	b538      	push	{r3, r4, r5, lr}
 8011256:	4605      	mov	r5, r0
	xTimeNow = xTaskGetTickCount();
 8011258:	f7ff fb8a 	bl	8010970 <xTaskGetTickCount>
 801125c:	4604      	mov	r4, r0
	if( xTimeNow < xLastTime )
 801125e:	4b07      	ldr	r3, [pc, #28]	@ (801127c <prvSampleTimeNow+0x28>)
 8011260:	681b      	ldr	r3, [r3, #0]
 8011262:	4283      	cmp	r3, r0
 8011264:	d805      	bhi.n	8011272 <prvSampleTimeNow+0x1e>
		*pxTimerListsWereSwitched = pdFALSE;
 8011266:	2300      	movs	r3, #0
 8011268:	602b      	str	r3, [r5, #0]
	xLastTime = xTimeNow;
 801126a:	4b04      	ldr	r3, [pc, #16]	@ (801127c <prvSampleTimeNow+0x28>)
 801126c:	601c      	str	r4, [r3, #0]
}
 801126e:	4620      	mov	r0, r4
 8011270:	bd38      	pop	{r3, r4, r5, pc}
		prvSwitchTimerLists();
 8011272:	f7ff ffb1 	bl	80111d8 <prvSwitchTimerLists>
		*pxTimerListsWereSwitched = pdTRUE;
 8011276:	2301      	movs	r3, #1
 8011278:	602b      	str	r3, [r5, #0]
 801127a:	e7f6      	b.n	801126a <prvSampleTimeNow+0x16>
 801127c:	200044f4 	.word	0x200044f4

08011280 <prvProcessExpiredTimer>:
{
 8011280:	b570      	push	{r4, r5, r6, lr}
 8011282:	b082      	sub	sp, #8
 8011284:	4606      	mov	r6, r0
 8011286:	460d      	mov	r5, r1
Timer_t * const pxTimer = ( Timer_t * ) listGET_OWNER_OF_HEAD_ENTRY( pxCurrentTimerList ); /*lint !e9087 !e9079 void * is used as this macro is used with tasks and co-routines too.  Alignment is known to be fine as the type of the pointer stored and retrieved is the same. */
 8011288:	4917      	ldr	r1, [pc, #92]	@ (80112e8 <prvProcessExpiredTimer+0x68>)
 801128a:	6809      	ldr	r1, [r1, #0]
 801128c:	68c9      	ldr	r1, [r1, #12]
 801128e:	68cc      	ldr	r4, [r1, #12]
	( void ) uxListRemove( &( pxTimer->xTimerListItem ) );
 8011290:	1d20      	adds	r0, r4, #4
 8011292:	f7fa f96d 	bl	800b570 <uxListRemove>
	if( ( pxTimer->ucStatus & tmrSTATUS_IS_AUTORELOAD ) != 0 )
 8011296:	f894 c028 	ldrb.w	ip, [r4, #40]	@ 0x28
 801129a:	f01c 0f04 	tst.w	ip, #4
 801129e:	d108      	bne.n	80112b2 <prvProcessExpiredTimer+0x32>
		pxTimer->ucStatus &= ~tmrSTATUS_IS_ACTIVE;
 80112a0:	f02c 0c01 	bic.w	ip, ip, #1
 80112a4:	f884 c028 	strb.w	ip, [r4, #40]	@ 0x28
	pxTimer->pxCallbackFunction( ( TimerHandle_t ) pxTimer );
 80112a8:	6a23      	ldr	r3, [r4, #32]
 80112aa:	4620      	mov	r0, r4
 80112ac:	4798      	blx	r3
}
 80112ae:	b002      	add	sp, #8
 80112b0:	bd70      	pop	{r4, r5, r6, pc}
		if( prvInsertTimerInActiveList( pxTimer, ( xNextExpireTime + pxTimer->xTimerPeriodInTicks ), xTimeNow, xNextExpireTime ) != pdFALSE )
 80112b2:	69a1      	ldr	r1, [r4, #24]
 80112b4:	4633      	mov	r3, r6
 80112b6:	462a      	mov	r2, r5
 80112b8:	4431      	add	r1, r6
 80112ba:	4620      	mov	r0, r4
 80112bc:	f7ff fec8 	bl	8011050 <prvInsertTimerInActiveList>
 80112c0:	2800      	cmp	r0, #0
 80112c2:	d0f1      	beq.n	80112a8 <prvProcessExpiredTimer+0x28>
			xResult = xTimerGenericCommand( pxTimer, tmrCOMMAND_START_DONT_TRACE, xNextExpireTime, NULL, tmrNO_DELAY );
 80112c4:	2100      	movs	r1, #0
 80112c6:	9100      	str	r1, [sp, #0]
 80112c8:	460b      	mov	r3, r1
 80112ca:	4632      	mov	r2, r6
 80112cc:	4620      	mov	r0, r4
 80112ce:	f7ff ff4d 	bl	801116c <xTimerGenericCommand>
			configASSERT( xResult );
 80112d2:	2800      	cmp	r0, #0
 80112d4:	d1e8      	bne.n	80112a8 <prvProcessExpiredTimer+0x28>
 80112d6:	f04f 0350 	mov.w	r3, #80	@ 0x50
 80112da:	f383 8811 	msr	BASEPRI, r3
 80112de:	f3bf 8f6f 	isb	sy
 80112e2:	f3bf 8f4f 	dsb	sy
 80112e6:	e7fe      	b.n	80112e6 <prvProcessExpiredTimer+0x66>
 80112e8:	20004504 	.word	0x20004504

080112ec <prvProcessTimerOrBlockTask>:
{
 80112ec:	b570      	push	{r4, r5, r6, lr}
 80112ee:	b082      	sub	sp, #8
 80112f0:	4606      	mov	r6, r0
 80112f2:	460c      	mov	r4, r1
	vTaskSuspendAll();
 80112f4:	f7ff fb34 	bl	8010960 <vTaskSuspendAll>
		xTimeNow = prvSampleTimeNow( &xTimerListsWereSwitched );
 80112f8:	a801      	add	r0, sp, #4
 80112fa:	f7ff ffab 	bl	8011254 <prvSampleTimeNow>
		if( xTimerListsWereSwitched == pdFALSE )
 80112fe:	9b01      	ldr	r3, [sp, #4]
 8011300:	bb33      	cbnz	r3, 8011350 <prvProcessTimerOrBlockTask+0x64>
 8011302:	4605      	mov	r5, r0
			if( ( xListWasEmpty == pdFALSE ) && ( xNextExpireTime <= xTimeNow ) )
 8011304:	b9e4      	cbnz	r4, 8011340 <prvProcessTimerOrBlockTask+0x54>
 8011306:	42b0      	cmp	r0, r6
 8011308:	d213      	bcs.n	8011332 <prvProcessTimerOrBlockTask+0x46>
				vQueueWaitForMessageRestricted( xTimerQueue, ( xNextExpireTime - xTimeNow ), xListWasEmpty );
 801130a:	4622      	mov	r2, r4
 801130c:	1b71      	subs	r1, r6, r5
 801130e:	4b12      	ldr	r3, [pc, #72]	@ (8011358 <prvProcessTimerOrBlockTask+0x6c>)
 8011310:	6818      	ldr	r0, [r3, #0]
 8011312:	f7fb fb29 	bl	800c968 <vQueueWaitForMessageRestricted>
				if( xTaskResumeAll() == pdFALSE )
 8011316:	f7ff fbc5 	bl	8010aa4 <xTaskResumeAll>
 801131a:	b9d8      	cbnz	r0, 8011354 <prvProcessTimerOrBlockTask+0x68>
					portYIELD_WITHIN_API();
 801131c:	f04f 23e0 	mov.w	r3, #3758153728	@ 0xe000e000
 8011320:	f04f 5280 	mov.w	r2, #268435456	@ 0x10000000
 8011324:	f8c3 2d04 	str.w	r2, [r3, #3332]	@ 0xd04
 8011328:	f3bf 8f4f 	dsb	sy
 801132c:	f3bf 8f6f 	isb	sy
 8011330:	e010      	b.n	8011354 <prvProcessTimerOrBlockTask+0x68>
				( void ) xTaskResumeAll();
 8011332:	f7ff fbb7 	bl	8010aa4 <xTaskResumeAll>
				prvProcessExpiredTimer( xNextExpireTime, xTimeNow );
 8011336:	4629      	mov	r1, r5
 8011338:	4630      	mov	r0, r6
 801133a:	f7ff ffa1 	bl	8011280 <prvProcessExpiredTimer>
 801133e:	e009      	b.n	8011354 <prvProcessTimerOrBlockTask+0x68>
					xListWasEmpty = listLIST_IS_EMPTY( pxOverflowTimerList );
 8011340:	4a06      	ldr	r2, [pc, #24]	@ (801135c <prvProcessTimerOrBlockTask+0x70>)
 8011342:	6812      	ldr	r2, [r2, #0]
 8011344:	6812      	ldr	r2, [r2, #0]
 8011346:	b90a      	cbnz	r2, 801134c <prvProcessTimerOrBlockTask+0x60>
 8011348:	2401      	movs	r4, #1
 801134a:	e7de      	b.n	801130a <prvProcessTimerOrBlockTask+0x1e>
 801134c:	461c      	mov	r4, r3
 801134e:	e7dc      	b.n	801130a <prvProcessTimerOrBlockTask+0x1e>
			( void ) xTaskResumeAll();
 8011350:	f7ff fba8 	bl	8010aa4 <xTaskResumeAll>
}
 8011354:	b002      	add	sp, #8
 8011356:	bd70      	pop	{r4, r5, r6, pc}
 8011358:	200044fc 	.word	0x200044fc
 801135c:	20004500 	.word	0x20004500

08011360 <prvProcessReceivedCommands>:
{
 8011360:	b510      	push	{r4, lr}
 8011362:	b088      	sub	sp, #32
	while( xQueueReceive( xTimerQueue, &xMessage, tmrNO_DELAY ) != pdFAIL ) /*lint !e603 xMessage does not have to be initialised as it is passed out, not in, and it is not used unless xQueueReceive() returns pdTRUE. */
 8011364:	e002      	b.n	801136c <prvProcessReceivedCommands+0xc>
		if( xMessage.xMessageID >= ( BaseType_t ) 0 )
 8011366:	9b04      	ldr	r3, [sp, #16]
 8011368:	2b00      	cmp	r3, #0
 801136a:	da0f      	bge.n	801138c <prvProcessReceivedCommands+0x2c>
	while( xQueueReceive( xTimerQueue, &xMessage, tmrNO_DELAY ) != pdFAIL ) /*lint !e603 xMessage does not have to be initialised as it is passed out, not in, and it is not used unless xQueueReceive() returns pdTRUE. */
 801136c:	2200      	movs	r2, #0
 801136e:	a904      	add	r1, sp, #16
 8011370:	4b3d      	ldr	r3, [pc, #244]	@ (8011468 <prvProcessReceivedCommands+0x108>)
 8011372:	6818      	ldr	r0, [r3, #0]
 8011374:	f7fb f8be 	bl	800c4f4 <xQueueReceive>
 8011378:	2800      	cmp	r0, #0
 801137a:	d072      	beq.n	8011462 <prvProcessReceivedCommands+0x102>
			if( xMessage.xMessageID < ( BaseType_t ) 0 )
 801137c:	9b04      	ldr	r3, [sp, #16]
 801137e:	2b00      	cmp	r3, #0
 8011380:	daf1      	bge.n	8011366 <prvProcessReceivedCommands+0x6>
				pxCallback->pxCallbackFunction( pxCallback->pvParameter1, pxCallback->ulParameter2 );
 8011382:	9907      	ldr	r1, [sp, #28]
 8011384:	9806      	ldr	r0, [sp, #24]
 8011386:	9b05      	ldr	r3, [sp, #20]
 8011388:	4798      	blx	r3
 801138a:	e7ec      	b.n	8011366 <prvProcessReceivedCommands+0x6>
			pxTimer = xMessage.u.xTimerParameters.pxTimer;
 801138c:	9c06      	ldr	r4, [sp, #24]
			if( listIS_CONTAINED_WITHIN( NULL, &( pxTimer->xTimerListItem ) ) == pdFALSE ) /*lint !e961. The cast is only redundant when NULL is passed into the macro. */
 801138e:	6963      	ldr	r3, [r4, #20]
 8011390:	b113      	cbz	r3, 8011398 <prvProcessReceivedCommands+0x38>
				( void ) uxListRemove( &( pxTimer->xTimerListItem ) );
 8011392:	1d20      	adds	r0, r4, #4
 8011394:	f7fa f8ec 	bl	800b570 <uxListRemove>
			xTimeNow = prvSampleTimeNow( &xTimerListsWereSwitched );
 8011398:	a803      	add	r0, sp, #12
 801139a:	f7ff ff5b 	bl	8011254 <prvSampleTimeNow>
 801139e:	4602      	mov	r2, r0
			switch( xMessage.xMessageID )
 80113a0:	9b04      	ldr	r3, [sp, #16]
 80113a2:	2b09      	cmp	r3, #9
 80113a4:	d8e2      	bhi.n	801136c <prvProcessReceivedCommands+0xc>
 80113a6:	e8df f003 	tbb	[pc, r3]
 80113aa:	0505      	.short	0x0505
 80113ac:	4e362f05 	.word	0x4e362f05
 80113b0:	362f0505 	.word	0x362f0505
					pxTimer->ucStatus |= tmrSTATUS_IS_ACTIVE;
 80113b4:	f894 3028 	ldrb.w	r3, [r4, #40]	@ 0x28
 80113b8:	f043 0301 	orr.w	r3, r3, #1
 80113bc:	f884 3028 	strb.w	r3, [r4, #40]	@ 0x28
					if( prvInsertTimerInActiveList( pxTimer,  xMessage.u.xTimerParameters.xMessageValue + pxTimer->xTimerPeriodInTicks, xTimeNow, xMessage.u.xTimerParameters.xMessageValue ) != pdFALSE )
 80113c0:	9b05      	ldr	r3, [sp, #20]
 80113c2:	69a1      	ldr	r1, [r4, #24]
 80113c4:	4419      	add	r1, r3
 80113c6:	4620      	mov	r0, r4
 80113c8:	f7ff fe42 	bl	8011050 <prvInsertTimerInActiveList>
 80113cc:	2800      	cmp	r0, #0
 80113ce:	d0cd      	beq.n	801136c <prvProcessReceivedCommands+0xc>
						pxTimer->pxCallbackFunction( ( TimerHandle_t ) pxTimer );
 80113d0:	6a23      	ldr	r3, [r4, #32]
 80113d2:	4620      	mov	r0, r4
 80113d4:	4798      	blx	r3
						if( ( pxTimer->ucStatus & tmrSTATUS_IS_AUTORELOAD ) != 0 )
 80113d6:	f894 3028 	ldrb.w	r3, [r4, #40]	@ 0x28
 80113da:	f013 0f04 	tst.w	r3, #4
 80113de:	d0c5      	beq.n	801136c <prvProcessReceivedCommands+0xc>
							xResult = xTimerGenericCommand( pxTimer, tmrCOMMAND_START_DONT_TRACE, xMessage.u.xTimerParameters.xMessageValue + pxTimer->xTimerPeriodInTicks, NULL, tmrNO_DELAY );
 80113e0:	69a2      	ldr	r2, [r4, #24]
 80113e2:	2100      	movs	r1, #0
 80113e4:	9100      	str	r1, [sp, #0]
 80113e6:	460b      	mov	r3, r1
 80113e8:	9805      	ldr	r0, [sp, #20]
 80113ea:	4402      	add	r2, r0
 80113ec:	4620      	mov	r0, r4
 80113ee:	f7ff febd 	bl	801116c <xTimerGenericCommand>
							configASSERT( xResult );
 80113f2:	2800      	cmp	r0, #0
 80113f4:	d1ba      	bne.n	801136c <prvProcessReceivedCommands+0xc>
 80113f6:	f04f 0350 	mov.w	r3, #80	@ 0x50
 80113fa:	f383 8811 	msr	BASEPRI, r3
 80113fe:	f3bf 8f6f 	isb	sy
 8011402:	f3bf 8f4f 	dsb	sy
 8011406:	e7fe      	b.n	8011406 <prvProcessReceivedCommands+0xa6>
					pxTimer->ucStatus &= ~tmrSTATUS_IS_ACTIVE;
 8011408:	f894 3028 	ldrb.w	r3, [r4, #40]	@ 0x28
 801140c:	f023 0301 	bic.w	r3, r3, #1
 8011410:	f884 3028 	strb.w	r3, [r4, #40]	@ 0x28
					break;
 8011414:	e7aa      	b.n	801136c <prvProcessReceivedCommands+0xc>
					pxTimer->ucStatus |= tmrSTATUS_IS_ACTIVE;
 8011416:	f894 3028 	ldrb.w	r3, [r4, #40]	@ 0x28
 801141a:	f043 0301 	orr.w	r3, r3, #1
 801141e:	f884 3028 	strb.w	r3, [r4, #40]	@ 0x28
					pxTimer->xTimerPeriodInTicks = xMessage.u.xTimerParameters.xMessageValue;
 8011422:	9905      	ldr	r1, [sp, #20]
 8011424:	61a1      	str	r1, [r4, #24]
					configASSERT( ( pxTimer->xTimerPeriodInTicks > 0 ) );
 8011426:	b129      	cbz	r1, 8011434 <prvProcessReceivedCommands+0xd4>
					( void ) prvInsertTimerInActiveList( pxTimer, ( xTimeNow + pxTimer->xTimerPeriodInTicks ), xTimeNow, xTimeNow );
 8011428:	4603      	mov	r3, r0
 801142a:	4401      	add	r1, r0
 801142c:	4620      	mov	r0, r4
 801142e:	f7ff fe0f 	bl	8011050 <prvInsertTimerInActiveList>
					break;
 8011432:	e79b      	b.n	801136c <prvProcessReceivedCommands+0xc>
 8011434:	f04f 0350 	mov.w	r3, #80	@ 0x50
 8011438:	f383 8811 	msr	BASEPRI, r3
 801143c:	f3bf 8f6f 	isb	sy
 8011440:	f3bf 8f4f 	dsb	sy
					configASSERT( ( pxTimer->xTimerPeriodInTicks > 0 ) );
 8011444:	e7fe      	b.n	8011444 <prvProcessReceivedCommands+0xe4>
						if( ( pxTimer->ucStatus & tmrSTATUS_IS_STATICALLY_ALLOCATED ) == ( uint8_t ) 0 )
 8011446:	f894 3028 	ldrb.w	r3, [r4, #40]	@ 0x28
 801144a:	f013 0f02 	tst.w	r3, #2
 801144e:	d004      	beq.n	801145a <prvProcessReceivedCommands+0xfa>
							pxTimer->ucStatus &= ~tmrSTATUS_IS_ACTIVE;
 8011450:	f023 0301 	bic.w	r3, r3, #1
 8011454:	f884 3028 	strb.w	r3, [r4, #40]	@ 0x28
 8011458:	e788      	b.n	801136c <prvProcessReceivedCommands+0xc>
							vPortFree( pxTimer );
 801145a:	4620      	mov	r0, r4
 801145c:	f7fa f80c 	bl	800b478 <vPortFree>
 8011460:	e784      	b.n	801136c <prvProcessReceivedCommands+0xc>
}
 8011462:	b008      	add	sp, #32
 8011464:	bd10      	pop	{r4, pc}
 8011466:	bf00      	nop
 8011468:	200044fc 	.word	0x200044fc

0801146c <prvTimerTask>:
{
 801146c:	b500      	push	{lr}
 801146e:	b083      	sub	sp, #12
		xNextExpireTime = prvGetNextExpireTime( &xListWasEmpty );
 8011470:	a801      	add	r0, sp, #4
 8011472:	f7ff fddd 	bl	8011030 <prvGetNextExpireTime>
		prvProcessTimerOrBlockTask( xNextExpireTime, xListWasEmpty );
 8011476:	9901      	ldr	r1, [sp, #4]
 8011478:	f7ff ff38 	bl	80112ec <prvProcessTimerOrBlockTask>
		prvProcessReceivedCommands();
 801147c:	f7ff ff70 	bl	8011360 <prvProcessReceivedCommands>
	for( ;; )
 8011480:	e7f6      	b.n	8011470 <prvTimerTask+0x4>
	...

08011484 <Reset_Handler>:

    .section	.text.Reset_Handler
	.weak	Reset_Handler
	.type	Reset_Handler, %function
Reset_Handler:
  ldr   sp, =_estack    /* Set stack pointer */
 8011484:	f8df d034 	ldr.w	sp, [pc, #52]	@ 80114bc <LoopForever+0x2>

/* Call the clock system initialization function.*/
    bl  SystemInit
 8011488:	f7ff f804 	bl	8010494 <SystemInit>

/* Copy the data segment initializers from flash to SRAM */
  ldr r0, =_sdata
 801148c:	480c      	ldr	r0, [pc, #48]	@ (80114c0 <LoopForever+0x6>)
  ldr r1, =_edata
 801148e:	490d      	ldr	r1, [pc, #52]	@ (80114c4 <LoopForever+0xa>)
  ldr r2, =_sidata
 8011490:	4a0d      	ldr	r2, [pc, #52]	@ (80114c8 <LoopForever+0xe>)
  movs r3, #0
 8011492:	2300      	movs	r3, #0
  b LoopCopyDataInit
 8011494:	e002      	b.n	801149c <LoopCopyDataInit>

08011496 <CopyDataInit>:

CopyDataInit:
  ldr r4, [r2, r3]
 8011496:	58d4      	ldr	r4, [r2, r3]
  str r4, [r0, r3]
 8011498:	50c4      	str	r4, [r0, r3]
  adds r3, r3, #4
 801149a:	3304      	adds	r3, #4

0801149c <LoopCopyDataInit>:

LoopCopyDataInit:
  adds r4, r0, r3
 801149c:	18c4      	adds	r4, r0, r3
  cmp r4, r1
 801149e:	428c      	cmp	r4, r1
  bcc CopyDataInit
 80114a0:	d3f9      	bcc.n	8011496 <CopyDataInit>
  
/* Zero fill the bss segment. */
  ldr r2, =_sbss
 80114a2:	4a0a      	ldr	r2, [pc, #40]	@ (80114cc <LoopForever+0x12>)
  ldr r4, =_ebss
 80114a4:	4c0a      	ldr	r4, [pc, #40]	@ (80114d0 <LoopForever+0x16>)
  movs r3, #0
 80114a6:	2300      	movs	r3, #0
  b LoopFillZerobss
 80114a8:	e001      	b.n	80114ae <LoopFillZerobss>

080114aa <FillZerobss>:

FillZerobss:
  str  r3, [r2]
 80114aa:	6013      	str	r3, [r2, #0]
  adds r2, r2, #4
 80114ac:	3204      	adds	r2, #4

080114ae <LoopFillZerobss>:

LoopFillZerobss:
  cmp r2, r4
 80114ae:	42a2      	cmp	r2, r4
  bcc FillZerobss
 80114b0:	d3fb      	bcc.n	80114aa <FillZerobss>

/* Call static constructors */
    bl __libc_init_array
 80114b2:	f000 f81f 	bl	80114f4 <__libc_init_array>
/* Call the application's entry point.*/
	bl	main
 80114b6:	f7fa fa29 	bl	800b90c <main>

080114ba <LoopForever>:

LoopForever:
    b LoopForever
 80114ba:	e7fe      	b.n	80114ba <LoopForever>
  ldr   sp, =_estack    /* Set stack pointer */
 80114bc:	2000c000 	.word	0x2000c000
  ldr r0, =_sdata
 80114c0:	20000000 	.word	0x20000000
  ldr r1, =_edata
 80114c4:	200000a8 	.word	0x200000a8
  ldr r2, =_sidata
 80114c8:	08011a68 	.word	0x08011a68
  ldr r2, =_sbss
 80114cc:	200000a8 	.word	0x200000a8
  ldr r4, =_ebss
 80114d0:	20004668 	.word	0x20004668

080114d4 <ADC1_IRQHandler>:
 * @retval : None
*/
    .section	.text.Default_Handler,"ax",%progbits
Default_Handler:
Infinite_Loop:
	b	Infinite_Loop
 80114d4:	e7fe      	b.n	80114d4 <ADC1_IRQHandler>

080114d6 <memset>:
 80114d6:	4402      	add	r2, r0
 80114d8:	4603      	mov	r3, r0
 80114da:	4293      	cmp	r3, r2
 80114dc:	d100      	bne.n	80114e0 <memset+0xa>
 80114de:	4770      	bx	lr
 80114e0:	f803 1b01 	strb.w	r1, [r3], #1
 80114e4:	e7f9      	b.n	80114da <memset+0x4>
	...

080114e8 <__errno>:
 80114e8:	4b01      	ldr	r3, [pc, #4]	@ (80114f0 <__errno+0x8>)
 80114ea:	6818      	ldr	r0, [r3, #0]
 80114ec:	4770      	bx	lr
 80114ee:	bf00      	nop
 80114f0:	20000058 	.word	0x20000058

080114f4 <__libc_init_array>:
 80114f4:	b570      	push	{r4, r5, r6, lr}
 80114f6:	4b0d      	ldr	r3, [pc, #52]	@ (801152c <__libc_init_array+0x38>)
 80114f8:	4d0d      	ldr	r5, [pc, #52]	@ (8011530 <__libc_init_array+0x3c>)
 80114fa:	1b5b      	subs	r3, r3, r5
 80114fc:	109c      	asrs	r4, r3, #2
 80114fe:	2600      	movs	r6, #0
 8011500:	42a6      	cmp	r6, r4
 8011502:	d109      	bne.n	8011518 <__libc_init_array+0x24>
 8011504:	f000 f958 	bl	80117b8 <_init>
 8011508:	4d0a      	ldr	r5, [pc, #40]	@ (8011534 <__libc_init_array+0x40>)
 801150a:	4b0b      	ldr	r3, [pc, #44]	@ (8011538 <__libc_init_array+0x44>)
 801150c:	1b5b      	subs	r3, r3, r5
 801150e:	109c      	asrs	r4, r3, #2
 8011510:	2600      	movs	r6, #0
 8011512:	42a6      	cmp	r6, r4
 8011514:	d105      	bne.n	8011522 <__libc_init_array+0x2e>
 8011516:	bd70      	pop	{r4, r5, r6, pc}
 8011518:	f855 3b04 	ldr.w	r3, [r5], #4
 801151c:	4798      	blx	r3
 801151e:	3601      	adds	r6, #1
 8011520:	e7ee      	b.n	8011500 <__libc_init_array+0xc>
 8011522:	f855 3b04 	ldr.w	r3, [r5], #4
 8011526:	4798      	blx	r3
 8011528:	3601      	adds	r6, #1
 801152a:	e7f2      	b.n	8011512 <__libc_init_array+0x1e>
 801152c:	08011a58 	.word	0x08011a58
 8011530:	08011a58 	.word	0x08011a58
 8011534:	08011a58 	.word	0x08011a58
 8011538:	08011a5c 	.word	0x08011a5c

0801153c <memcpy>:
 801153c:	440a      	add	r2, r1
 801153e:	4291      	cmp	r1, r2
 8011540:	f100 33ff 	add.w	r3, r0, #4294967295
 8011544:	d100      	bne.n	8011548 <memcpy+0xc>
 8011546:	4770      	bx	lr
 8011548:	b510      	push	{r4, lr}
 801154a:	f811 4b01 	ldrb.w	r4, [r1], #1
 801154e:	f803 4f01 	strb.w	r4, [r3, #1]!
 8011552:	4291      	cmp	r1, r2
 8011554:	d1f9      	bne.n	801154a <memcpy+0xe>
 8011556:	bd10      	pop	{r4, pc}

08011558 <logf>:
 8011558:	b508      	push	{r3, lr}
 801155a:	ed2d 8b02 	vpush	{d8}
 801155e:	eeb0 8a40 	vmov.f32	s16, s0
 8011562:	f000 f82f 	bl	80115c4 <__ieee754_logf>
 8011566:	eeb4 8a48 	vcmp.f32	s16, s16
 801156a:	eef1 fa10 	vmrs	APSR_nzcv, fpscr
 801156e:	d60f      	bvs.n	8011590 <logf+0x38>
 8011570:	eeb5 8ac0 	vcmpe.f32	s16, #0.0
 8011574:	eef1 fa10 	vmrs	APSR_nzcv, fpscr
 8011578:	dc0a      	bgt.n	8011590 <logf+0x38>
 801157a:	eeb5 8a40 	vcmp.f32	s16, #0.0
 801157e:	eef1 fa10 	vmrs	APSR_nzcv, fpscr
 8011582:	d108      	bne.n	8011596 <logf+0x3e>
 8011584:	f7ff ffb0 	bl	80114e8 <__errno>
 8011588:	2322      	movs	r3, #34	@ 0x22
 801158a:	ed9f 0a09 	vldr	s0, [pc, #36]	@ 80115b0 <logf+0x58>
 801158e:	6003      	str	r3, [r0, #0]
 8011590:	ecbd 8b02 	vpop	{d8}
 8011594:	bd08      	pop	{r3, pc}
 8011596:	f7ff ffa7 	bl	80114e8 <__errno>
 801159a:	ecbd 8b02 	vpop	{d8}
 801159e:	4603      	mov	r3, r0
 80115a0:	2221      	movs	r2, #33	@ 0x21
 80115a2:	601a      	str	r2, [r3, #0]
 80115a4:	4803      	ldr	r0, [pc, #12]	@ (80115b4 <logf+0x5c>)
 80115a6:	e8bd 4008 	ldmia.w	sp!, {r3, lr}
 80115aa:	f000 b805 	b.w	80115b8 <nanf>
 80115ae:	bf00      	nop
 80115b0:	ff800000 	.word	0xff800000
 80115b4:	08011874 	.word	0x08011874

080115b8 <nanf>:
 80115b8:	ed9f 0a01 	vldr	s0, [pc, #4]	@ 80115c0 <nanf+0x8>
 80115bc:	4770      	bx	lr
 80115be:	bf00      	nop
 80115c0:	7fc00000 	.word	0x7fc00000

080115c4 <__ieee754_logf>:
 80115c4:	ee10 2a10 	vmov	r2, s0
 80115c8:	f032 4300 	bics.w	r3, r2, #2147483648	@ 0x80000000
 80115cc:	d02f      	beq.n	801162e <__ieee754_logf+0x6a>
 80115ce:	2a00      	cmp	r2, #0
 80115d0:	4613      	mov	r3, r2
 80115d2:	db33      	blt.n	801163c <__ieee754_logf+0x78>
 80115d4:	f1b2 4fff 	cmp.w	r2, #2139095040	@ 0x7f800000
 80115d8:	da40      	bge.n	801165c <__ieee754_logf+0x98>
 80115da:	f5b2 0f00 	cmp.w	r2, #8388608	@ 0x800000
 80115de:	db34      	blt.n	801164a <__ieee754_logf+0x86>
 80115e0:	f04f 0c00 	mov.w	ip, #0
 80115e4:	4864      	ldr	r0, [pc, #400]	@ (8011778 <__ieee754_logf+0x1b4>)
 80115e6:	f3c3 0116 	ubfx	r1, r3, #0, #23
 80115ea:	4408      	add	r0, r1
 80115ec:	f400 0200 	and.w	r2, r0, #8388608	@ 0x800000
 80115f0:	f082 527e 	eor.w	r2, r2, #1065353216	@ 0x3f800000
 80115f4:	430a      	orrs	r2, r1
 80115f6:	15db      	asrs	r3, r3, #23
 80115f8:	ee00 2a10 	vmov	s0, r2
 80115fc:	3b7f      	subs	r3, #127	@ 0x7f
 80115fe:	4a5f      	ldr	r2, [pc, #380]	@ (801177c <__ieee754_logf+0x1b8>)
 8011600:	4463      	add	r3, ip
 8011602:	f101 0c0f 	add.w	ip, r1, #15
 8011606:	eef7 7a00 	vmov.f32	s15, #112	@ 0x3f800000  1.0
 801160a:	ea0c 0202 	and.w	r2, ip, r2
 801160e:	ee30 0a67 	vsub.f32	s0, s0, s15
 8011612:	eb03 53d0 	add.w	r3, r3, r0, lsr #23
 8011616:	bb22      	cbnz	r2, 8011662 <__ieee754_logf+0x9e>
 8011618:	eeb5 0a40 	vcmp.f32	s0, #0.0
 801161c:	eef1 fa10 	vmrs	APSR_nzcv, fpscr
 8011620:	d162      	bne.n	80116e8 <__ieee754_logf+0x124>
 8011622:	2b00      	cmp	r3, #0
 8011624:	f040 8090 	bne.w	8011748 <__ieee754_logf+0x184>
 8011628:	ed9f 0a55 	vldr	s0, [pc, #340]	@ 8011780 <__ieee754_logf+0x1bc>
 801162c:	4770      	bx	lr
 801162e:	ed9f 7a55 	vldr	s14, [pc, #340]	@ 8011784 <__ieee754_logf+0x1c0>
 8011632:	eddf 7a53 	vldr	s15, [pc, #332]	@ 8011780 <__ieee754_logf+0x1bc>
 8011636:	ee87 0a27 	vdiv.f32	s0, s14, s15
 801163a:	4770      	bx	lr
 801163c:	ee70 7a40 	vsub.f32	s15, s0, s0
 8011640:	ed9f 7a4f 	vldr	s14, [pc, #316]	@ 8011780 <__ieee754_logf+0x1bc>
 8011644:	ee87 0a87 	vdiv.f32	s0, s15, s14
 8011648:	4770      	bx	lr
 801164a:	eddf 7a4f 	vldr	s15, [pc, #316]	@ 8011788 <__ieee754_logf+0x1c4>
 801164e:	ee60 7a27 	vmul.f32	s15, s0, s15
 8011652:	f06f 0c18 	mvn.w	ip, #24
 8011656:	ee17 3a90 	vmov	r3, s15
 801165a:	e7c3      	b.n	80115e4 <__ieee754_logf+0x20>
 801165c:	ee30 0a00 	vadd.f32	s0, s0, s0
 8011660:	4770      	bx	lr
 8011662:	eef0 7a00 	vmov.f32	s15, #0	@ 0x40000000  2.0
 8011666:	ee70 7a27 	vadd.f32	s15, s0, s15
 801166a:	ee07 3a10 	vmov	s14, r3
 801166e:	ee80 4a27 	vdiv.f32	s8, s0, s15
 8011672:	4846      	ldr	r0, [pc, #280]	@ (801178c <__ieee754_logf+0x1c8>)
 8011674:	f5c1 1257 	rsb	r2, r1, #3522560	@ 0x35c000
 8011678:	4408      	add	r0, r1
 801167a:	f502 7222 	add.w	r2, r2, #648	@ 0x288
 801167e:	4302      	orrs	r2, r0
 8011680:	2a00      	cmp	r2, #0
 8011682:	ed9f 3a43 	vldr	s6, [pc, #268]	@ 8011790 <__ieee754_logf+0x1cc>
 8011686:	eddf 4a43 	vldr	s9, [pc, #268]	@ 8011794 <__ieee754_logf+0x1d0>
 801168a:	eddf 5a43 	vldr	s11, [pc, #268]	@ 8011798 <__ieee754_logf+0x1d4>
 801168e:	eddf 3a43 	vldr	s7, [pc, #268]	@ 801179c <__ieee754_logf+0x1d8>
 8011692:	ed9f 5a43 	vldr	s10, [pc, #268]	@ 80117a0 <__ieee754_logf+0x1dc>
 8011696:	eddf 7a43 	vldr	s15, [pc, #268]	@ 80117a4 <__ieee754_logf+0x1e0>
 801169a:	eddf 6a43 	vldr	s13, [pc, #268]	@ 80117a8 <__ieee754_logf+0x1e4>
 801169e:	ee24 6a04 	vmul.f32	s12, s8, s8
 80116a2:	eef8 2ac7 	vcvt.f32.s32	s5, s14
 80116a6:	ee26 7a06 	vmul.f32	s14, s12, s12
 80116aa:	eee7 4a03 	vfma.f32	s9, s14, s6
 80116ae:	eea7 5a23 	vfma.f32	s10, s14, s7
 80116b2:	eee4 5a87 	vfma.f32	s11, s9, s14
 80116b6:	eee5 6a07 	vfma.f32	s13, s10, s14
 80116ba:	eee5 7a87 	vfma.f32	s15, s11, s14
 80116be:	ee67 7a86 	vmul.f32	s15, s15, s12
 80116c2:	eee6 7a87 	vfma.f32	s15, s13, s14
 80116c6:	dd2a      	ble.n	801171e <__ieee754_logf+0x15a>
 80116c8:	eeb6 7a00 	vmov.f32	s14, #96	@ 0x3f000000  0.5
 80116cc:	ee20 7a07 	vmul.f32	s14, s0, s14
 80116d0:	ee27 7a00 	vmul.f32	s14, s14, s0
 80116d4:	ee77 7a87 	vadd.f32	s15, s15, s14
 80116d8:	ee67 7a84 	vmul.f32	s15, s15, s8
 80116dc:	bb3b      	cbnz	r3, 801172e <__ieee754_logf+0x16a>
 80116de:	ee37 7a67 	vsub.f32	s14, s14, s15
 80116e2:	ee30 0a47 	vsub.f32	s0, s0, s14
 80116e6:	4770      	bx	lr
 80116e8:	ed9f 7a30 	vldr	s14, [pc, #192]	@ 80117ac <__ieee754_logf+0x1e8>
 80116ec:	eef6 7a00 	vmov.f32	s15, #96	@ 0x3f000000  0.5
 80116f0:	eee0 7a47 	vfms.f32	s15, s0, s14
 80116f4:	ee20 7a00 	vmul.f32	s14, s0, s0
 80116f8:	ee27 7a27 	vmul.f32	s14, s14, s15
 80116fc:	2b00      	cmp	r3, #0
 80116fe:	d0f0      	beq.n	80116e2 <__ieee754_logf+0x11e>
 8011700:	ee07 3a90 	vmov	s15, r3
 8011704:	ed9f 6a2a 	vldr	s12, [pc, #168]	@ 80117b0 <__ieee754_logf+0x1ec>
 8011708:	eddf 6a2a 	vldr	s13, [pc, #168]	@ 80117b4 <__ieee754_logf+0x1f0>
 801170c:	eef8 7ae7 	vcvt.f32.s32	s15, s15
 8011710:	eea7 7ac6 	vfms.f32	s14, s15, s12
 8011714:	ee37 0a40 	vsub.f32	s0, s14, s0
 8011718:	ee97 0aa6 	vfnms.f32	s0, s15, s13
 801171c:	4770      	bx	lr
 801171e:	ee70 7a67 	vsub.f32	s15, s0, s15
 8011722:	ee67 7a84 	vmul.f32	s15, s15, s8
 8011726:	b9e3      	cbnz	r3, 8011762 <__ieee754_logf+0x19e>
 8011728:	ee30 0a67 	vsub.f32	s0, s0, s15
 801172c:	4770      	bx	lr
 801172e:	ed9f 6a20 	vldr	s12, [pc, #128]	@ 80117b0 <__ieee754_logf+0x1ec>
 8011732:	eddf 6a20 	vldr	s13, [pc, #128]	@ 80117b4 <__ieee754_logf+0x1f0>
 8011736:	eee2 7a86 	vfma.f32	s15, s5, s12
 801173a:	ee37 7a67 	vsub.f32	s14, s14, s15
 801173e:	ee37 0a40 	vsub.f32	s0, s14, s0
 8011742:	ee92 0aa6 	vfnms.f32	s0, s5, s13
 8011746:	4770      	bx	lr
 8011748:	ee07 3a90 	vmov	s15, r3
 801174c:	ed9f 0a18 	vldr	s0, [pc, #96]	@ 80117b0 <__ieee754_logf+0x1ec>
 8011750:	ed9f 7a18 	vldr	s14, [pc, #96]	@ 80117b4 <__ieee754_logf+0x1f0>
 8011754:	eef8 7ae7 	vcvt.f32.s32	s15, s15
 8011758:	ee27 0a80 	vmul.f32	s0, s15, s0
 801175c:	eea7 0a87 	vfma.f32	s0, s15, s14
 8011760:	4770      	bx	lr
 8011762:	eddf 6a13 	vldr	s13, [pc, #76]	@ 80117b0 <__ieee754_logf+0x1ec>
 8011766:	ed9f 7a13 	vldr	s14, [pc, #76]	@ 80117b4 <__ieee754_logf+0x1f0>
 801176a:	eee2 7ae6 	vfms.f32	s15, s5, s13
 801176e:	ee37 0ac0 	vsub.f32	s0, s15, s0
 8011772:	ee92 0a87 	vfnms.f32	s0, s5, s14
 8011776:	4770      	bx	lr
 8011778:	004afb20 	.word	0x004afb20
 801177c:	007ffff0 	.word	0x007ffff0
 8011780:	00000000 	.word	0x00000000
 8011784:	cc000000 	.word	0xcc000000
 8011788:	4c000000 	.word	0x4c000000
 801178c:	ffcf5c30 	.word	0xffcf5c30
 8011790:	3e178897 	.word	0x3e178897
 8011794:	3e3a3325 	.word	0x3e3a3325
 8011798:	3e924925 	.word	0x3e924925
 801179c:	3e1cd04f 	.word	0x3e1cd04f
 80117a0:	3e638e29 	.word	0x3e638e29
 80117a4:	3f2aaaab 	.word	0x3f2aaaab
 80117a8:	3ecccccd 	.word	0x3ecccccd
 80117ac:	3eaaaaab 	.word	0x3eaaaaab
 80117b0:	3717f7d1 	.word	0x3717f7d1
 80117b4:	3f317180 	.word	0x3f317180

080117b8 <_init>:
 80117b8:	b5f8      	push	{r3, r4, r5, r6, r7, lr}
 80117ba:	bf00      	nop
 80117bc:	bcf8      	pop	{r3, r4, r5, r6, r7}
 80117be:	bc08      	pop	{r3}
 80117c0:	469e      	mov	lr, r3
 80117c2:	4770      	bx	lr

080117c4 <_fini>:
 80117c4:	b5f8      	push	{r3, r4, r5, r6, r7, lr}
 80117c6:	bf00      	nop
 80117c8:	bcf8      	pop	{r3, r4, r5, r6, r7}
 80117ca:	bc08      	pop	{r3}
 80117cc:	469e      	mov	lr, r3
 80117ce:	4770      	bx	lr
