ARM GAS  C:\Users\Ali\AppData\Local\Temp\ccPZGYZi.s 			page 1


   1              		.cpu cortex-m4
   2              		.arch armv7e-m
   3              		.fpu fpv4-sp-d16
   4              		.eabi_attribute 27, 1
   5              		.eabi_attribute 28, 1
   6              		.eabi_attribute 20, 1
   7              		.eabi_attribute 21, 1
   8              		.eabi_attribute 23, 3
   9              		.eabi_attribute 24, 1
  10              		.eabi_attribute 25, 1
  11              		.eabi_attribute 26, 1
  12              		.eabi_attribute 30, 1
  13              		.eabi_attribute 34, 1
  14              		.eabi_attribute 18, 4
  15              		.file	"cell_temp_handler.c"
  16              		.text
  17              	.Ltext0:
  18              		.cfi_sections	.debug_frame
  19              		.file 1 "Core/Src/cell_temp_handler.c"
  20              		.section	.text.CellTemp_IsADCEnabled,"ax",%progbits
  21              		.align	1
  22              		.syntax unified
  23              		.thumb
  24              		.thumb_func
  26              	CellTemp_IsADCEnabled:
  27              	.LVL0:
  28              	.LFB299:
   1:Core/Src/cell_temp_handler.c **** /* USER CODE BEGIN Header */
   2:Core/Src/cell_temp_handler.c **** /**
   3:Core/Src/cell_temp_handler.c ****   ******************************************************************************
   4:Core/Src/cell_temp_handler.c ****   * @file           : cell_temp_handler.c
   5:Core/Src/cell_temp_handler.c ****   * @brief          : Cell temperature monitoring handler implementation
   6:Core/Src/cell_temp_handler.c ****   ******************************************************************************
   7:Core/Src/cell_temp_handler.c ****   * @attention
   8:Core/Src/cell_temp_handler.c ****   *
   9:Core/Src/cell_temp_handler.c ****   * Copyright (c) 2025 STMicroelectronics.
  10:Core/Src/cell_temp_handler.c ****   * All rights reserved.
  11:Core/Src/cell_temp_handler.c ****   *
  12:Core/Src/cell_temp_handler.c ****   * This software is licensed under terms that can be found in the LICENSE file
  13:Core/Src/cell_temp_handler.c ****   * in root directory of this software component.
  14:Core/Src/cell_temp_handler.c ****   * If no LICENSE file comes with this software, it is provided AS-IS.
  15:Core/Src/cell_temp_handler.c ****   *
  16:Core/Src/cell_temp_handler.c ****   ******************************************************************************
  17:Core/Src/cell_temp_handler.c ****   */
  18:Core/Src/cell_temp_handler.c **** /* USER CODE END Header */
  19:Core/Src/cell_temp_handler.c **** 
  20:Core/Src/cell_temp_handler.c **** /* Includes ------------------------------------------------------------------*/
  21:Core/Src/cell_temp_handler.c **** #include "cell_temp_handler.h"
  22:Core/Src/cell_temp_handler.c **** #include "can_manager.h"
  23:Core/Src/cell_temp_handler.c **** #include "error_manager.h"
  24:Core/Src/cell_temp_handler.c **** #include <string.h>
  25:Core/Src/cell_temp_handler.c **** 
  26:Core/Src/cell_temp_handler.c **** /* Private variables ---------------------------------------------------------*/
  27:Core/Src/cell_temp_handler.c **** static temp_monitor_state_t temp_state = {0};
  28:Core/Src/cell_temp_handler.c **** static uint64_t thermistor_fault_mask = THERMISTOR_FAULT_MASK_DEFAULT;
  29:Core/Src/cell_temp_handler.c **** static float temp_max_threshold = TEMP_MAX_CELSIUS;  // Runtime max temperature threshold (can be s
  30:Core/Src/cell_temp_handler.c **** static const uint32_t adc_channels[NUM_ADC_CHANNELS] = {
ARM GAS  C:\Users\Ali\AppData\Local\Temp\ccPZGYZi.s 			page 2


  31:Core/Src/cell_temp_handler.c ****     ADC_CH_1, ADC_CH_2, ADC_CH_3, ADC_CH_4, ADC_CH_5, ADC_CH_6, ADC_CH_7
  32:Core/Src/cell_temp_handler.c **** };
  33:Core/Src/cell_temp_handler.c **** 
  34:Core/Src/cell_temp_handler.c **** // ADC channel enabled flags - compile time configuration
  35:Core/Src/cell_temp_handler.c **** static const uint8_t adc_channel_enabled[NUM_ADC_CHANNELS] = {
  36:Core/Src/cell_temp_handler.c ****     ADC1_ENABLED, ADC2_ENABLED, ADC3_ENABLED, ADC4_ENABLED, 
  37:Core/Src/cell_temp_handler.c ****     ADC5_ENABLED, ADC6_ENABLED, ADC7_ENABLED
  38:Core/Src/cell_temp_handler.c **** };
  39:Core/Src/cell_temp_handler.c **** 
  40:Core/Src/cell_temp_handler.c **** /* Private function prototypes -----------------------------------------------*/
  41:Core/Src/cell_temp_handler.c **** static HAL_StatusTypeDef CellTemp_ConfigureADCChannel(uint32_t channel);
  42:Core/Src/cell_temp_handler.c **** static HAL_StatusTypeDef CellTemp_SendTemperatureMessage(uint8_t msg_index, uint8_t start_therm_idx
  43:Core/Src/cell_temp_handler.c **** static uint8_t CellTemp_IsADCEnabled(uint8_t adc_index);
  44:Core/Src/cell_temp_handler.c **** static uint8_t CellTemp_IsFaultDetectionEnabled(uint8_t thermistor_index);
  45:Core/Src/cell_temp_handler.c **** 
  46:Core/Src/cell_temp_handler.c **** /* Function Implementations --------------------------------------------------*/
  47:Core/Src/cell_temp_handler.c **** 
  48:Core/Src/cell_temp_handler.c **** /**
  49:Core/Src/cell_temp_handler.c ****   * @brief  Initialize cell temperature monitoring system
  50:Core/Src/cell_temp_handler.c ****   * @retval HAL_StatusTypeDef
  51:Core/Src/cell_temp_handler.c ****   */
  52:Core/Src/cell_temp_handler.c **** HAL_StatusTypeDef CellTemp_Init(void)
  53:Core/Src/cell_temp_handler.c **** {
  54:Core/Src/cell_temp_handler.c ****     // Initialize state structure
  55:Core/Src/cell_temp_handler.c ****     memset(&temp_state, 0, sizeof(temp_monitor_state_t));
  56:Core/Src/cell_temp_handler.c **** 
  57:Core/Src/cell_temp_handler.c ****     // Initialize thermistor data
  58:Core/Src/cell_temp_handler.c ****     for (uint8_t i = 0; i < TOTAL_THERMISTORS; i++) {
  59:Core/Src/cell_temp_handler.c ****         temp_state.thermistors[i].adc_index = i / MUX_CHANNELS;
  60:Core/Src/cell_temp_handler.c ****         temp_state.thermistors[i].mux_channel = i % MUX_CHANNELS;
  61:Core/Src/cell_temp_handler.c ****         temp_state.thermistors[i].temperature = -127.0f; // Invalid temperature marker
  62:Core/Src/cell_temp_handler.c ****         temp_state.thermistors[i].raw_adc = 0;
  63:Core/Src/cell_temp_handler.c ****         temp_state.thermistors[i].last_read_time = 0;
  64:Core/Src/cell_temp_handler.c ****         temp_state.thermistors[i].adc_accumulator = 0;
  65:Core/Src/cell_temp_handler.c ****         temp_state.thermistors[i].sample_count = 0;
  66:Core/Src/cell_temp_handler.c ****     }
  67:Core/Src/cell_temp_handler.c **** 
  68:Core/Src/cell_temp_handler.c ****     // Note: ADC calibration is already done in main() before RTOS starts
  69:Core/Src/cell_temp_handler.c **** 
  70:Core/Src/cell_temp_handler.c ****     // Initialize MUX control signals to 0 (without calling osDelay)
  71:Core/Src/cell_temp_handler.c ****     HAL_GPIO_WritePin(MUX_SIG1_PORT, MUX_SIG1_PIN, GPIO_PIN_RESET);
  72:Core/Src/cell_temp_handler.c ****     HAL_GPIO_WritePin(MUX_SIG2_PORT, MUX_SIG2_PIN, GPIO_PIN_RESET);
  73:Core/Src/cell_temp_handler.c ****     HAL_GPIO_WritePin(MUX_SIG3_PORT, MUX_SIG3_PIN, GPIO_PIN_RESET);
  74:Core/Src/cell_temp_handler.c **** 
  75:Core/Src/cell_temp_handler.c ****     return HAL_OK;
  76:Core/Src/cell_temp_handler.c **** }
  77:Core/Src/cell_temp_handler.c **** 
  78:Core/Src/cell_temp_handler.c **** /**
  79:Core/Src/cell_temp_handler.c ****   * @brief  Configure ADC for specific channel
  80:Core/Src/cell_temp_handler.c ****   * @param  channel: ADC channel to configure
  81:Core/Src/cell_temp_handler.c ****   * @retval HAL_StatusTypeDef
  82:Core/Src/cell_temp_handler.c ****   */
  83:Core/Src/cell_temp_handler.c **** static HAL_StatusTypeDef CellTemp_ConfigureADCChannel(uint32_t channel)
  84:Core/Src/cell_temp_handler.c **** {
  85:Core/Src/cell_temp_handler.c ****     ADC_ChannelConfTypeDef sConfig = {0};
  86:Core/Src/cell_temp_handler.c ****     
  87:Core/Src/cell_temp_handler.c ****     sConfig.Channel = channel;
ARM GAS  C:\Users\Ali\AppData\Local\Temp\ccPZGYZi.s 			page 3


  88:Core/Src/cell_temp_handler.c ****     sConfig.Rank = ADC_REGULAR_RANK_1;
  89:Core/Src/cell_temp_handler.c ****     sConfig.SamplingTime = ADC_SAMPLETIME_640CYCLES_5; // Long sampling for high impedance
  90:Core/Src/cell_temp_handler.c ****     sConfig.SingleDiff = ADC_SINGLE_ENDED;
  91:Core/Src/cell_temp_handler.c ****     sConfig.OffsetNumber = ADC_OFFSET_NONE;
  92:Core/Src/cell_temp_handler.c ****     sConfig.Offset = 0;
  93:Core/Src/cell_temp_handler.c ****     
  94:Core/Src/cell_temp_handler.c ****     return HAL_ADC_ConfigChannel(&hadc1, &sConfig);
  95:Core/Src/cell_temp_handler.c **** }
  96:Core/Src/cell_temp_handler.c **** 
  97:Core/Src/cell_temp_handler.c **** /**
  98:Core/Src/cell_temp_handler.c ****   * @brief  Read single ADC value from specified channel
  99:Core/Src/cell_temp_handler.c ****   * @param  adc_channel: ADC channel to read
 100:Core/Src/cell_temp_handler.c ****   * @retval ADC value (0-4095)
 101:Core/Src/cell_temp_handler.c ****   */
 102:Core/Src/cell_temp_handler.c **** uint16_t CellTemp_ReadADC(uint32_t adc_channel)
 103:Core/Src/cell_temp_handler.c **** {
 104:Core/Src/cell_temp_handler.c ****     uint16_t adc_value = 0;
 105:Core/Src/cell_temp_handler.c ****     
 106:Core/Src/cell_temp_handler.c ****     // Configure ADC for the specified channel
 107:Core/Src/cell_temp_handler.c ****     if (CellTemp_ConfigureADCChannel(adc_channel) != HAL_OK) {
 108:Core/Src/cell_temp_handler.c ****         return 0;
 109:Core/Src/cell_temp_handler.c ****     }
 110:Core/Src/cell_temp_handler.c ****     
 111:Core/Src/cell_temp_handler.c ****     // Start ADC conversion
 112:Core/Src/cell_temp_handler.c ****     if (HAL_ADC_Start(&hadc1) == HAL_OK) {
 113:Core/Src/cell_temp_handler.c ****         // Wait for conversion to complete
 114:Core/Src/cell_temp_handler.c ****         if (HAL_ADC_PollForConversion(&hadc1, HAL_MAX_DELAY) == HAL_OK) {
 115:Core/Src/cell_temp_handler.c ****             // Get ADC value
 116:Core/Src/cell_temp_handler.c ****             adc_value = HAL_ADC_GetValue(&hadc1);
 117:Core/Src/cell_temp_handler.c ****         }
 118:Core/Src/cell_temp_handler.c ****         // Stop ADC
 119:Core/Src/cell_temp_handler.c ****         HAL_ADC_Stop(&hadc1);
 120:Core/Src/cell_temp_handler.c ****     }
 121:Core/Src/cell_temp_handler.c ****     
 122:Core/Src/cell_temp_handler.c ****     return adc_value;
 123:Core/Src/cell_temp_handler.c **** }
 124:Core/Src/cell_temp_handler.c **** 
 125:Core/Src/cell_temp_handler.c **** /**
 126:Core/Src/cell_temp_handler.c ****   * @brief  Set MUX channel using 3-bit digital control signals
 127:Core/Src/cell_temp_handler.c ****   * @param  channel: MUX channel to select (0-7)
 128:Core/Src/cell_temp_handler.c ****   * @retval None
 129:Core/Src/cell_temp_handler.c ****   */
 130:Core/Src/cell_temp_handler.c **** void CellTemp_SetMuxChannel(uint8_t channel)
 131:Core/Src/cell_temp_handler.c **** {
 132:Core/Src/cell_temp_handler.c ****     // Validate channel range
 133:Core/Src/cell_temp_handler.c ****     if (channel > 7) {
 134:Core/Src/cell_temp_handler.c ****         return;
 135:Core/Src/cell_temp_handler.c ****     }
 136:Core/Src/cell_temp_handler.c ****     
 137:Core/Src/cell_temp_handler.c ****     // Set MUX control signals based on 3-bit channel value
 138:Core/Src/cell_temp_handler.c ****     // MUX_SIG1 = bit 0
 139:Core/Src/cell_temp_handler.c ****     // MUX_SIG2 = bit 1  
 140:Core/Src/cell_temp_handler.c ****     // MUX_SIG3 = bit 2
 141:Core/Src/cell_temp_handler.c ****     
 142:Core/Src/cell_temp_handler.c ****     if (channel & 0x01) {
 143:Core/Src/cell_temp_handler.c ****         HAL_GPIO_WritePin(MUX_SIG1_PORT, MUX_SIG1_PIN, GPIO_PIN_SET);
 144:Core/Src/cell_temp_handler.c ****     } else {
ARM GAS  C:\Users\Ali\AppData\Local\Temp\ccPZGYZi.s 			page 4


 145:Core/Src/cell_temp_handler.c ****         HAL_GPIO_WritePin(MUX_SIG1_PORT, MUX_SIG1_PIN, GPIO_PIN_RESET);
 146:Core/Src/cell_temp_handler.c ****     }
 147:Core/Src/cell_temp_handler.c ****     
 148:Core/Src/cell_temp_handler.c ****     if (channel & 0x02) {
 149:Core/Src/cell_temp_handler.c ****         HAL_GPIO_WritePin(MUX_SIG2_PORT, MUX_SIG2_PIN, GPIO_PIN_SET);
 150:Core/Src/cell_temp_handler.c ****     } else {
 151:Core/Src/cell_temp_handler.c ****         HAL_GPIO_WritePin(MUX_SIG2_PORT, MUX_SIG2_PIN, GPIO_PIN_RESET);
 152:Core/Src/cell_temp_handler.c ****     }
 153:Core/Src/cell_temp_handler.c ****     
 154:Core/Src/cell_temp_handler.c ****     if (channel & 0x04) {
 155:Core/Src/cell_temp_handler.c ****         HAL_GPIO_WritePin(MUX_SIG3_PORT, MUX_SIG3_PIN, GPIO_PIN_SET);
 156:Core/Src/cell_temp_handler.c ****     } else {
 157:Core/Src/cell_temp_handler.c ****         HAL_GPIO_WritePin(MUX_SIG3_PORT, MUX_SIG3_PIN, GPIO_PIN_RESET);
 158:Core/Src/cell_temp_handler.c ****     }
 159:Core/Src/cell_temp_handler.c ****     
 160:Core/Src/cell_temp_handler.c ****     // Allow time for MUX to settle (2 ticks = 2ms at default 1ms tick rate)
 161:Core/Src/cell_temp_handler.c ****     osDelay(2);
 162:Core/Src/cell_temp_handler.c **** }
 163:Core/Src/cell_temp_handler.c **** 
 164:Core/Src/cell_temp_handler.c **** /**
 165:Core/Src/cell_temp_handler.c ****   * @brief  Calculate temperature from thermistor ADC reading using B-parameter equation
 166:Core/Src/cell_temp_handler.c ****   * @param  adc_value: Raw ADC value (0-4095)
 167:Core/Src/cell_temp_handler.c ****   * @retval Temperature in degrees Celsius
 168:Core/Src/cell_temp_handler.c ****   */
 169:Core/Src/cell_temp_handler.c **** float CellTemp_CalculateTemperature(uint16_t adc_value)
 170:Core/Src/cell_temp_handler.c **** {
 171:Core/Src/cell_temp_handler.c ****     // Convert ADC value to voltage
 172:Core/Src/cell_temp_handler.c ****     float voltage = ((float)adc_value / ADC_RESOLUTION) * ADC_VREF;
 173:Core/Src/cell_temp_handler.c ****     
 174:Core/Src/cell_temp_handler.c ****     // Check for disconnected thermistor (very low ADC reading means low voltage = open circuit)
 175:Core/Src/cell_temp_handler.c ****     if (adc_value < 10) {  // Less than ~8mV indicates disconnected sensor
 176:Core/Src/cell_temp_handler.c ****         return -127.0f;  // Return obvious error value
 177:Core/Src/cell_temp_handler.c ****     }
 178:Core/Src/cell_temp_handler.c ****     
 179:Core/Src/cell_temp_handler.c ****     // Calculate thermistor resistance using voltage divider
 180:Core/Src/cell_temp_handler.c ****     // Circuit: 3.3V -> 10kΩ pullup -> ADC_input -> Thermistor -> GND
 181:Core/Src/cell_temp_handler.c ****     // Voltage divider: V_adc = 3.3V * (R_thermistor / (R_pullup + R_thermistor))
 182:Core/Src/cell_temp_handler.c ****     // Solving for R_thermistor: R_thermistor = (V_adc * R_pullup) / (3.3V - V_adc)
 183:Core/Src/cell_temp_handler.c ****     
 184:Core/Src/cell_temp_handler.c ****     float r_thermistor;
 185:Core/Src/cell_temp_handler.c ****     
 186:Core/Src/cell_temp_handler.c ****     if (voltage >= 3.29f) {  // Close to 3.3V limit, very high resistance (cold)
 187:Core/Src/cell_temp_handler.c ****         r_thermistor = PULLUP_RESISTOR * 100.0f;  // Assume very high resistance
 188:Core/Src/cell_temp_handler.c ****     } else {
 189:Core/Src/cell_temp_handler.c ****         // Normal calculation with 3.3V supply
 190:Core/Src/cell_temp_handler.c ****         r_thermistor = (voltage * PULLUP_RESISTOR) / (ADC_VREF - voltage);
 191:Core/Src/cell_temp_handler.c ****     }
 192:Core/Src/cell_temp_handler.c ****     
 193:Core/Src/cell_temp_handler.c ****     // Handle edge cases
 194:Core/Src/cell_temp_handler.c ****     if (r_thermistor <= 0) {
 195:Core/Src/cell_temp_handler.c ****         return 125.0f; // Return maximum temperature for very low resistance
 196:Core/Src/cell_temp_handler.c ****     }
 197:Core/Src/cell_temp_handler.c ****     
 198:Core/Src/cell_temp_handler.c ****     // Calculate temperature using B-parameter equation (derived from Steinhart-Hart)
 199:Core/Src/cell_temp_handler.c ****     // 1/T = 1/T0 + (1/B) * ln(R/R0)
 200:Core/Src/cell_temp_handler.c ****     // Where T0 = 298.15K (25°C), R0 = resistance at 25°C, B = B-value
 201:Core/Src/cell_temp_handler.c ****     float ln_ratio = logf(r_thermistor / THERMISTOR_R25);
ARM GAS  C:\Users\Ali\AppData\Local\Temp\ccPZGYZi.s 			page 5


 202:Core/Src/cell_temp_handler.c ****     float temp_kelvin = 1.0f / ((1.0f / REFERENCE_TEMP_K) + (ln_ratio / THERMISTOR_B_VALUE));
 203:Core/Src/cell_temp_handler.c ****     
 204:Core/Src/cell_temp_handler.c ****     // Convert to Celsius
 205:Core/Src/cell_temp_handler.c ****     float temp_celsius = temp_kelvin - 273.15f;
 206:Core/Src/cell_temp_handler.c ****     
 207:Core/Src/cell_temp_handler.c ****     // Clamp to reasonable range
 208:Core/Src/cell_temp_handler.c ****     if (temp_celsius < -40.0f) {
 209:Core/Src/cell_temp_handler.c ****         temp_celsius = -40.0f;
 210:Core/Src/cell_temp_handler.c ****     } else if (temp_celsius > 125.0f) {
 211:Core/Src/cell_temp_handler.c ****         temp_celsius = 125.0f;
 212:Core/Src/cell_temp_handler.c ****     }
 213:Core/Src/cell_temp_handler.c ****     
 214:Core/Src/cell_temp_handler.c ****     return temp_celsius;
 215:Core/Src/cell_temp_handler.c **** }
 216:Core/Src/cell_temp_handler.c **** 
 217:Core/Src/cell_temp_handler.c **** /**
 218:Core/Src/cell_temp_handler.c ****   * @brief  Read temperature from specific thermistor
 219:Core/Src/cell_temp_handler.c ****   * @param  adc_index: ADC channel index (0-6)
 220:Core/Src/cell_temp_handler.c ****   * @param  mux_channel: MUX channel (0-7)
 221:Core/Src/cell_temp_handler.c ****   * @retval Temperature in degrees Celsius
 222:Core/Src/cell_temp_handler.c ****   */
 223:Core/Src/cell_temp_handler.c **** float CellTemp_ReadThermistor(uint8_t adc_index, uint8_t mux_channel)
 224:Core/Src/cell_temp_handler.c **** {
 225:Core/Src/cell_temp_handler.c ****     // Validate inputs
 226:Core/Src/cell_temp_handler.c ****     if (adc_index >= NUM_ADC_CHANNELS || mux_channel >= MUX_CHANNELS) {
 227:Core/Src/cell_temp_handler.c ****         return -127.0f;
 228:Core/Src/cell_temp_handler.c ****     }
 229:Core/Src/cell_temp_handler.c ****     
 230:Core/Src/cell_temp_handler.c ****     // Set MUX to desired channel
 231:Core/Src/cell_temp_handler.c ****     CellTemp_SetMuxChannel(mux_channel);
 232:Core/Src/cell_temp_handler.c ****     
 233:Core/Src/cell_temp_handler.c ****     // Read ADC value from the specified ADC channel
 234:Core/Src/cell_temp_handler.c ****     uint16_t adc_value = CellTemp_ReadADC(adc_channels[adc_index]);
 235:Core/Src/cell_temp_handler.c ****     
 236:Core/Src/cell_temp_handler.c ****     // Calculate temperature
 237:Core/Src/cell_temp_handler.c ****     return CellTemp_CalculateTemperature(adc_value);
 238:Core/Src/cell_temp_handler.c **** }
 239:Core/Src/cell_temp_handler.c **** 
 240:Core/Src/cell_temp_handler.c **** /**
 241:Core/Src/cell_temp_handler.c ****   * @brief  Main temperature monitoring task (to be called from ReadCellTemps)
 242:Core/Src/cell_temp_handler.c ****   * @param  argument: Not used
 243:Core/Src/cell_temp_handler.c ****   * @retval None
 244:Core/Src/cell_temp_handler.c ****   */
 245:Core/Src/cell_temp_handler.c **** void CellTemp_MonitorTask(void *argument)
 246:Core/Src/cell_temp_handler.c **** {
 247:Core/Src/cell_temp_handler.c ****     // Initialize the temperature monitoring system
 248:Core/Src/cell_temp_handler.c ****     if (CellTemp_Init() != HAL_OK) {
 249:Core/Src/cell_temp_handler.c ****         // Handle initialization error - blink would go here if we had an LED
 250:Core/Src/cell_temp_handler.c ****         while(1) {
 251:Core/Src/cell_temp_handler.c ****             osDelay(1000);  // Wait 1 second (1000 ticks at 1ms tick rate)
 252:Core/Src/cell_temp_handler.c ****         }
 253:Core/Src/cell_temp_handler.c ****     }
 254:Core/Src/cell_temp_handler.c ****     
 255:Core/Src/cell_temp_handler.c ****     // Strategy: Oversample each MUX channel for 125ms, then send CAN updates
 256:Core/Src/cell_temp_handler.c ****     // - Set MUX channel once
 257:Core/Src/cell_temp_handler.c ****     // - Sample all 7 ADC channels every 10ms for 125ms (12 samples each)
 258:Core/Src/cell_temp_handler.c ****     // - Average the samples to get accurate readings
ARM GAS  C:\Users\Ali\AppData\Local\Temp\ccPZGYZi.s 			page 6


 259:Core/Src/cell_temp_handler.c ****     // - Send CAN messages with updated values for all 7 ADCs
 260:Core/Src/cell_temp_handler.c ****     // - Move to next MUX channel and repeat
 261:Core/Src/cell_temp_handler.c ****     // Complete cycle time: 125ms × 8 MUX channels = 1 second
 262:Core/Src/cell_temp_handler.c ****     
 263:Core/Src/cell_temp_handler.c ****     /* Infinite loop */
 264:Core/Src/cell_temp_handler.c ****     for(;;)
 265:Core/Src/cell_temp_handler.c ****     {
 266:Core/Src/cell_temp_handler.c ****         // Set the current MUX channel for all ADCs
 267:Core/Src/cell_temp_handler.c ****         CellTemp_SetMuxChannel(temp_state.current_mux);
 268:Core/Src/cell_temp_handler.c ****         
 269:Core/Src/cell_temp_handler.c ****         // Reset accumulators for this MUX channel (across all ADC channels)
 270:Core/Src/cell_temp_handler.c ****         for (uint8_t adc = 0; adc < NUM_ADC_CHANNELS; adc++) {
 271:Core/Src/cell_temp_handler.c ****             if (CellTemp_IsADCEnabled(adc)) {
 272:Core/Src/cell_temp_handler.c ****                 uint8_t therm_idx = adc * MUX_CHANNELS + temp_state.current_mux;
 273:Core/Src/cell_temp_handler.c ****                 temp_state.thermistors[therm_idx].adc_accumulator = 0;
 274:Core/Src/cell_temp_handler.c ****                 temp_state.thermistors[therm_idx].sample_count = 0;
 275:Core/Src/cell_temp_handler.c ****             }
 276:Core/Src/cell_temp_handler.c ****         }
 277:Core/Src/cell_temp_handler.c ****         
 278:Core/Src/cell_temp_handler.c ****         // Oversample for 500ms (50 samples at 10ms intervals)
 279:Core/Src/cell_temp_handler.c ****         for (uint16_t sample = 0; sample < TEMP_SAMPLES_PER_MUX; sample++) {
 280:Core/Src/cell_temp_handler.c ****             // Read all enabled ADC channels for current MUX channel
 281:Core/Src/cell_temp_handler.c ****             for (uint8_t adc = 0; adc < NUM_ADC_CHANNELS; adc++) {
 282:Core/Src/cell_temp_handler.c ****                 if (CellTemp_IsADCEnabled(adc)) {
 283:Core/Src/cell_temp_handler.c ****                     uint8_t therm_idx = adc * MUX_CHANNELS + temp_state.current_mux;
 284:Core/Src/cell_temp_handler.c ****                     thermistor_data_t *therm = &temp_state.thermistors[therm_idx];
 285:Core/Src/cell_temp_handler.c ****                     
 286:Core/Src/cell_temp_handler.c ****                     // Read ADC value
 287:Core/Src/cell_temp_handler.c ****                     uint16_t adc_value = CellTemp_ReadADC(adc_channels[adc]);
 288:Core/Src/cell_temp_handler.c ****                     
 289:Core/Src/cell_temp_handler.c ****                     // Accumulate sample (ignore obviously invalid readings)
 290:Core/Src/cell_temp_handler.c ****                     if (adc_value >= 10) {  // Valid reading threshold
 291:Core/Src/cell_temp_handler.c ****                         therm->adc_accumulator += adc_value;
 292:Core/Src/cell_temp_handler.c ****                         therm->sample_count++;
 293:Core/Src/cell_temp_handler.c ****                     }
 294:Core/Src/cell_temp_handler.c ****                 }
 295:Core/Src/cell_temp_handler.c ****             }
 296:Core/Src/cell_temp_handler.c ****             
 297:Core/Src/cell_temp_handler.c ****             // Wait 10ms before next sample
 298:Core/Src/cell_temp_handler.c ****             osDelay(TEMP_SAMPLE_INTERVAL_MS);
 299:Core/Src/cell_temp_handler.c ****         }
 300:Core/Src/cell_temp_handler.c ****         
 301:Core/Src/cell_temp_handler.c ****         // Calculate averaged values and temperatures for this MUX channel
 302:Core/Src/cell_temp_handler.c ****         uint32_t current_time = osKernelGetTickCount();
 303:Core/Src/cell_temp_handler.c ****         
 304:Core/Src/cell_temp_handler.c ****         for (uint8_t adc = 0; adc < NUM_ADC_CHANNELS; adc++) {
 305:Core/Src/cell_temp_handler.c ****             if (CellTemp_IsADCEnabled(adc)) {
 306:Core/Src/cell_temp_handler.c ****                 uint8_t therm_idx = adc * MUX_CHANNELS + temp_state.current_mux;
 307:Core/Src/cell_temp_handler.c ****                 thermistor_data_t *therm = &temp_state.thermistors[therm_idx];
 308:Core/Src/cell_temp_handler.c ****                 
 309:Core/Src/cell_temp_handler.c ****                 // Calculate average ADC value
 310:Core/Src/cell_temp_handler.c ****                 if (therm->sample_count > 0) {
 311:Core/Src/cell_temp_handler.c ****                     therm->raw_adc = (uint16_t)(therm->adc_accumulator / therm->sample_count);
 312:Core/Src/cell_temp_handler.c ****                     therm->temperature = CellTemp_CalculateTemperature(therm->raw_adc);
 313:Core/Src/cell_temp_handler.c ****                     therm->last_read_time = current_time;
 314:Core/Src/cell_temp_handler.c ****                     
 315:Core/Src/cell_temp_handler.c ****                     // Check temperature limits and set error flags (only if fault detection is ena
ARM GAS  C:\Users\Ali\AppData\Local\Temp\ccPZGYZi.s 			page 7


 316:Core/Src/cell_temp_handler.c ****                     if (CellTemp_IsFaultDetectionEnabled(therm_idx)) {
 317:Core/Src/cell_temp_handler.c ****                         if (therm->temperature > -126.0f) {  // Valid temperature reading
 318:Core/Src/cell_temp_handler.c ****                             if (therm->temperature > temp_max_threshold) {
 319:Core/Src/cell_temp_handler.c ****                                 ErrorMgr_SetError(ERROR_OVER_TEMP);
 320:Core/Src/cell_temp_handler.c ****                             } else if (therm->temperature < TEMP_MIN_CELSIUS) {
 321:Core/Src/cell_temp_handler.c ****                                 ErrorMgr_SetError(ERROR_UNDER_TEMP);
 322:Core/Src/cell_temp_handler.c ****                             }
 323:Core/Src/cell_temp_handler.c ****                         } else {
 324:Core/Src/cell_temp_handler.c ****                             ErrorMgr_SetError(ERROR_TEMP_SENSOR_FAULT);
 325:Core/Src/cell_temp_handler.c ****                         }
 326:Core/Src/cell_temp_handler.c ****                     }
 327:Core/Src/cell_temp_handler.c ****                 } else {
 328:Core/Src/cell_temp_handler.c ****                     // No valid samples collected - sensor fault
 329:Core/Src/cell_temp_handler.c ****                     therm->raw_adc = 0;
 330:Core/Src/cell_temp_handler.c ****                     therm->temperature = -127.0f;
 331:Core/Src/cell_temp_handler.c ****                     // Only report sensor fault if fault detection is enabled for this thermistor
 332:Core/Src/cell_temp_handler.c ****                     if (CellTemp_IsFaultDetectionEnabled(therm_idx)) {
 333:Core/Src/cell_temp_handler.c ****                         ErrorMgr_SetError(ERROR_TEMP_SENSOR_FAULT);
 334:Core/Src/cell_temp_handler.c ****                     }
 335:Core/Src/cell_temp_handler.c ****                 }
 336:Core/Src/cell_temp_handler.c ****             } else {
 337:Core/Src/cell_temp_handler.c ****                 // ADC disabled - mark thermistor as invalid
 338:Core/Src/cell_temp_handler.c ****                 uint8_t therm_idx = adc * MUX_CHANNELS + temp_state.current_mux;
 339:Core/Src/cell_temp_handler.c ****                 temp_state.thermistors[therm_idx].temperature = -127.0f;
 340:Core/Src/cell_temp_handler.c ****                 temp_state.thermistors[therm_idx].raw_adc = 0;
 341:Core/Src/cell_temp_handler.c ****             }
 342:Core/Src/cell_temp_handler.c ****         }
 343:Core/Src/cell_temp_handler.c ****         
 344:Core/Src/cell_temp_handler.c ****         // Send CAN messages only when all 4 thermistors in the message have been updated
 345:Core/Src/cell_temp_handler.c ****         // Each message covers 4 consecutive thermistors from the same ADC
 346:Core/Src/cell_temp_handler.c ****         // Message updates happen when MUX channels 3 and 7 complete
 347:Core/Src/cell_temp_handler.c ****         
 348:Core/Src/cell_temp_handler.c ****         if (temp_state.current_mux == 3 || temp_state.current_mux == 7) {
 349:Core/Src/cell_temp_handler.c ****             // Just completed MUX 0-3 or MUX 4-7, so we have all 4 temps for a message
 350:Core/Src/cell_temp_handler.c ****             for (uint8_t adc = 0; adc < NUM_ADC_CHANNELS; adc++) {
 351:Core/Src/cell_temp_handler.c ****                 if (CellTemp_IsADCEnabled(adc)) {
 352:Core/Src/cell_temp_handler.c ****                     // Determine which message to send based on current MUX
 353:Core/Src/cell_temp_handler.c ****                     if (temp_state.current_mux == 3) {
 354:Core/Src/cell_temp_handler.c ****                         // Send message 0 for this ADC (thermistors 0-3)
 355:Core/Src/cell_temp_handler.c ****                         uint8_t msg_idx = adc * 2;
 356:Core/Src/cell_temp_handler.c ****                         uint8_t start_therm_idx = adc * MUX_CHANNELS;
 357:Core/Src/cell_temp_handler.c ****                         CellTemp_SendTemperatureMessage(msg_idx, start_therm_idx);
 358:Core/Src/cell_temp_handler.c ****                         osDelay(2); // Small delay between messages
 359:Core/Src/cell_temp_handler.c ****                     } else {
 360:Core/Src/cell_temp_handler.c ****                         // Send message 1 for this ADC (thermistors 4-7)
 361:Core/Src/cell_temp_handler.c ****                         uint8_t msg_idx = adc * 2 + 1;
 362:Core/Src/cell_temp_handler.c ****                         uint8_t start_therm_idx = adc * MUX_CHANNELS + 4;
 363:Core/Src/cell_temp_handler.c ****                         CellTemp_SendTemperatureMessage(msg_idx, start_therm_idx);
 364:Core/Src/cell_temp_handler.c ****                         osDelay(2); // Small delay between messages
 365:Core/Src/cell_temp_handler.c ****                     }
 366:Core/Src/cell_temp_handler.c ****                 }
 367:Core/Src/cell_temp_handler.c ****             }
 368:Core/Src/cell_temp_handler.c ****         }
 369:Core/Src/cell_temp_handler.c ****         
 370:Core/Src/cell_temp_handler.c ****         // Move to next MUX channel
 371:Core/Src/cell_temp_handler.c ****         temp_state.current_mux++;
 372:Core/Src/cell_temp_handler.c ****         
ARM GAS  C:\Users\Ali\AppData\Local\Temp\ccPZGYZi.s 			page 8


 373:Core/Src/cell_temp_handler.c ****         // Check if we completed full cycle of all MUX channels
 374:Core/Src/cell_temp_handler.c ****         if (temp_state.current_mux >= MUX_CHANNELS) {
 375:Core/Src/cell_temp_handler.c ****             temp_state.current_mux = 0;
 376:Core/Src/cell_temp_handler.c ****             temp_state.cycle_count++;
 377:Core/Src/cell_temp_handler.c ****             
 378:Core/Src/cell_temp_handler.c ****             // After completing a full cycle, check if all thermistors are within limits
 379:Core/Src/cell_temp_handler.c ****             // If so, clear the error flags
 380:Core/Src/cell_temp_handler.c ****             uint8_t any_over_temp = 0;
 381:Core/Src/cell_temp_handler.c ****             uint8_t any_under_temp = 0;
 382:Core/Src/cell_temp_handler.c ****             uint8_t any_sensor_fault = 0;
 383:Core/Src/cell_temp_handler.c ****             
 384:Core/Src/cell_temp_handler.c ****             for (uint8_t i = 0; i < TOTAL_THERMISTORS; i++) {
 385:Core/Src/cell_temp_handler.c ****                 // Only check enabled ADC channels and thermistors with fault detection enabled
 386:Core/Src/cell_temp_handler.c ****                 uint8_t therm_adc = i / MUX_CHANNELS;
 387:Core/Src/cell_temp_handler.c ****                 if (CellTemp_IsADCEnabled(therm_adc) && CellTemp_IsFaultDetectionEnabled(i)) {
 388:Core/Src/cell_temp_handler.c ****                     float temp = temp_state.thermistors[i].temperature;
 389:Core/Src/cell_temp_handler.c ****                     
 390:Core/Src/cell_temp_handler.c ****                     if (temp <= -126.0f) {
 391:Core/Src/cell_temp_handler.c ****                         // Invalid reading - sensor fault
 392:Core/Src/cell_temp_handler.c ****                         any_sensor_fault = 1;
 393:Core/Src/cell_temp_handler.c ****                     } else if (temp > temp_max_threshold) {
 394:Core/Src/cell_temp_handler.c ****                         // Over temperature
 395:Core/Src/cell_temp_handler.c ****                         any_over_temp = 1;
 396:Core/Src/cell_temp_handler.c ****                     } else if (temp < TEMP_MIN_CELSIUS) {
 397:Core/Src/cell_temp_handler.c ****                         // Under temperature
 398:Core/Src/cell_temp_handler.c ****                         any_under_temp = 1;
 399:Core/Src/cell_temp_handler.c ****                     }
 400:Core/Src/cell_temp_handler.c ****                 }
 401:Core/Src/cell_temp_handler.c ****             }
 402:Core/Src/cell_temp_handler.c ****             
 403:Core/Src/cell_temp_handler.c ****             // Clear error flags if all thermistors are within bounds
 404:Core/Src/cell_temp_handler.c ****             if (!any_over_temp) {
 405:Core/Src/cell_temp_handler.c ****                 ErrorMgr_ClearError(ERROR_OVER_TEMP);
 406:Core/Src/cell_temp_handler.c ****             }
 407:Core/Src/cell_temp_handler.c ****             if (!any_under_temp) {
 408:Core/Src/cell_temp_handler.c ****                 ErrorMgr_ClearError(ERROR_UNDER_TEMP);
 409:Core/Src/cell_temp_handler.c ****             }
 410:Core/Src/cell_temp_handler.c ****             if (!any_sensor_fault) {
 411:Core/Src/cell_temp_handler.c ****                 ErrorMgr_ClearError(ERROR_TEMP_SENSOR_FAULT);
 412:Core/Src/cell_temp_handler.c ****             }
 413:Core/Src/cell_temp_handler.c ****         }
 414:Core/Src/cell_temp_handler.c ****     }
 415:Core/Src/cell_temp_handler.c **** }
 416:Core/Src/cell_temp_handler.c **** 
 417:Core/Src/cell_temp_handler.c **** /**
 418:Core/Src/cell_temp_handler.c ****   * @brief  Check if ADC channel is enabled
 419:Core/Src/cell_temp_handler.c ****   * @param  adc_index: ADC channel index (0-6)
 420:Core/Src/cell_temp_handler.c ****   * @retval 1 if enabled, 0 if disabled
 421:Core/Src/cell_temp_handler.c ****   */
 422:Core/Src/cell_temp_handler.c **** static uint8_t CellTemp_IsADCEnabled(uint8_t adc_index)
 423:Core/Src/cell_temp_handler.c **** {
  29              		.loc 1 423 1 view -0
  30              		.cfi_startproc
  31              		@ args = 0, pretend = 0, frame = 0
  32              		@ frame_needed = 0, uses_anonymous_args = 0
  33              		@ link register save eliminated.
 424:Core/Src/cell_temp_handler.c ****     if (adc_index >= NUM_ADC_CHANNELS) {
ARM GAS  C:\Users\Ali\AppData\Local\Temp\ccPZGYZi.s 			page 9


  34              		.loc 1 424 5 view .LVU1
  35              		.loc 1 424 8 is_stmt 0 view .LVU2
  36 0000 0628     		cmp	r0, #6
  37 0002 02D8     		bhi	.L3
 425:Core/Src/cell_temp_handler.c ****         return 0;
 426:Core/Src/cell_temp_handler.c ****     }
 427:Core/Src/cell_temp_handler.c ****     return adc_channel_enabled[adc_index];
  38              		.loc 1 427 5 is_stmt 1 view .LVU3
  39              		.loc 1 427 31 is_stmt 0 view .LVU4
  40 0004 024B     		ldr	r3, .L4
  41 0006 185C     		ldrb	r0, [r3, r0]	@ zero_extendqisi2
  42              	.LVL1:
  43              		.loc 1 427 31 view .LVU5
  44 0008 7047     		bx	lr
  45              	.LVL2:
  46              	.L3:
 425:Core/Src/cell_temp_handler.c ****         return 0;
  47              		.loc 1 425 16 view .LVU6
  48 000a 0020     		movs	r0, #0
  49              	.LVL3:
 428:Core/Src/cell_temp_handler.c **** }
  50              		.loc 1 428 1 view .LVU7
  51 000c 7047     		bx	lr
  52              	.L5:
  53 000e 00BF     		.align	2
  54              	.L4:
  55 0010 00000000 		.word	adc_channel_enabled
  56              		.cfi_endproc
  57              	.LFE299:
  59              		.section	.text.CellTemp_IsFaultDetectionEnabled,"ax",%progbits
  60              		.align	1
  61              		.syntax unified
  62              		.thumb
  63              		.thumb_func
  65              	CellTemp_IsFaultDetectionEnabled:
  66              	.LVL4:
  67              	.LFB300:
 429:Core/Src/cell_temp_handler.c **** 
 430:Core/Src/cell_temp_handler.c **** /**
 431:Core/Src/cell_temp_handler.c ****   * @brief  Check if fault detection is enabled for a specific thermistor
 432:Core/Src/cell_temp_handler.c ****   * @param  thermistor_index: Thermistor index (0-55)
 433:Core/Src/cell_temp_handler.c ****   * @retval 1 if fault detection enabled, 0 if disabled
 434:Core/Src/cell_temp_handler.c ****   */
 435:Core/Src/cell_temp_handler.c **** static uint8_t CellTemp_IsFaultDetectionEnabled(uint8_t thermistor_index)
 436:Core/Src/cell_temp_handler.c **** {
  68              		.loc 1 436 1 is_stmt 1 view -0
  69              		.cfi_startproc
  70              		@ args = 0, pretend = 0, frame = 0
  71              		@ frame_needed = 0, uses_anonymous_args = 0
  72              		@ link register save eliminated.
 437:Core/Src/cell_temp_handler.c ****     if (thermistor_index >= TOTAL_THERMISTORS) {
  73              		.loc 1 437 5 view .LVU9
  74              		.loc 1 437 8 is_stmt 0 view .LVU10
  75 0000 3728     		cmp	r0, #55
  76 0002 14D8     		bhi	.L8
 436:Core/Src/cell_temp_handler.c ****     if (thermistor_index >= TOTAL_THERMISTORS) {
  77              		.loc 1 436 1 view .LVU11
ARM GAS  C:\Users\Ali\AppData\Local\Temp\ccPZGYZi.s 			page 10


  78 0004 10B4     		push	{r4}
  79              		.cfi_def_cfa_offset 4
  80              		.cfi_offset 4, -4
 438:Core/Src/cell_temp_handler.c ****         return 0;
 439:Core/Src/cell_temp_handler.c ****     }
 440:Core/Src/cell_temp_handler.c ****     // Check if the corresponding bit is set in the fault mask
 441:Core/Src/cell_temp_handler.c ****     return (thermistor_fault_mask & (1ULL << thermistor_index)) ? 1 : 0;
  81              		.loc 1 441 5 is_stmt 1 view .LVU12
  82              		.loc 1 441 65 is_stmt 0 view .LVU13
  83 0006 0B4A     		ldr	r2, .L13
  84 0008 1368     		ldr	r3, [r2]
  85 000a 5468     		ldr	r4, [r2, #4]
  86 000c C0F12001 		rsb	r1, r0, #32
  87 0010 A0F12002 		sub	r2, r0, #32
  88 0014 23FA00F0 		lsr	r0, r3, r0
  89              	.LVL5:
  90              		.loc 1 441 65 view .LVU14
  91 0018 04FA01F1 		lsl	r1, r4, r1
  92 001c 0843     		orrs	r0, r0, r1
  93 001e 24FA02F2 		lsr	r2, r4, r2
  94              	.LVL6:
  95              		.loc 1 441 65 view .LVU15
  96 0022 1043     		orrs	r0, r0, r2
  97              		.loc 1 441 69 view .LVU16
  98 0024 00F00100 		and	r0, r0, #1
 442:Core/Src/cell_temp_handler.c **** }
  99              		.loc 1 442 1 view .LVU17
 100 0028 5DF8044B 		ldr	r4, [sp], #4
 101              		.cfi_restore 4
 102              		.cfi_def_cfa_offset 0
 103 002c 7047     		bx	lr
 104              	.LVL7:
 105              	.L8:
 438:Core/Src/cell_temp_handler.c ****         return 0;
 106              		.loc 1 438 16 view .LVU18
 107 002e 0020     		movs	r0, #0
 108              	.LVL8:
 109              		.loc 1 442 1 view .LVU19
 110 0030 7047     		bx	lr
 111              	.L14:
 112 0032 00BF     		.align	2
 113              	.L13:
 114 0034 00000000 		.word	thermistor_fault_mask
 115              		.cfi_endproc
 116              	.LFE300:
 118              		.section	.text.CellTemp_ConfigureADCChannel,"ax",%progbits
 119              		.align	1
 120              		.syntax unified
 121              		.thumb
 122              		.thumb_func
 124              	CellTemp_ConfigureADCChannel:
 125              	.LVL9:
 126              	.LFB293:
  84:Core/Src/cell_temp_handler.c ****     ADC_ChannelConfTypeDef sConfig = {0};
 127              		.loc 1 84 1 is_stmt 1 view -0
 128              		.cfi_startproc
 129              		@ args = 0, pretend = 0, frame = 24
ARM GAS  C:\Users\Ali\AppData\Local\Temp\ccPZGYZi.s 			page 11


 130              		@ frame_needed = 0, uses_anonymous_args = 0
  84:Core/Src/cell_temp_handler.c ****     ADC_ChannelConfTypeDef sConfig = {0};
 131              		.loc 1 84 1 is_stmt 0 view .LVU21
 132 0000 00B5     		push	{lr}
 133              		.cfi_def_cfa_offset 4
 134              		.cfi_offset 14, -4
 135 0002 87B0     		sub	sp, sp, #28
 136              		.cfi_def_cfa_offset 32
  85:Core/Src/cell_temp_handler.c ****     
 137              		.loc 1 85 5 is_stmt 1 view .LVU22
  85:Core/Src/cell_temp_handler.c ****     
 138              		.loc 1 85 28 is_stmt 0 view .LVU23
 139 0004 6946     		mov	r1, sp
 140 0006 0023     		movs	r3, #0
 141 0008 0093     		str	r3, [sp]
 142 000a 0193     		str	r3, [sp, #4]
 143 000c 0293     		str	r3, [sp, #8]
 144 000e 0393     		str	r3, [sp, #12]
 145 0010 0493     		str	r3, [sp, #16]
 146 0012 0593     		str	r3, [sp, #20]
  87:Core/Src/cell_temp_handler.c ****     sConfig.Rank = ADC_REGULAR_RANK_1;
 147              		.loc 1 87 5 is_stmt 1 view .LVU24
  87:Core/Src/cell_temp_handler.c ****     sConfig.Rank = ADC_REGULAR_RANK_1;
 148              		.loc 1 87 21 is_stmt 0 view .LVU25
 149 0014 0090     		str	r0, [sp]
  88:Core/Src/cell_temp_handler.c ****     sConfig.SamplingTime = ADC_SAMPLETIME_640CYCLES_5; // Long sampling for high impedance
 150              		.loc 1 88 5 is_stmt 1 view .LVU26
  88:Core/Src/cell_temp_handler.c ****     sConfig.SamplingTime = ADC_SAMPLETIME_640CYCLES_5; // Long sampling for high impedance
 151              		.loc 1 88 18 is_stmt 0 view .LVU27
 152 0016 0623     		movs	r3, #6
 153 0018 0193     		str	r3, [sp, #4]
  89:Core/Src/cell_temp_handler.c ****     sConfig.SingleDiff = ADC_SINGLE_ENDED;
 154              		.loc 1 89 5 is_stmt 1 view .LVU28
  89:Core/Src/cell_temp_handler.c ****     sConfig.SingleDiff = ADC_SINGLE_ENDED;
 155              		.loc 1 89 26 is_stmt 0 view .LVU29
 156 001a 0723     		movs	r3, #7
 157 001c 0293     		str	r3, [sp, #8]
  90:Core/Src/cell_temp_handler.c ****     sConfig.OffsetNumber = ADC_OFFSET_NONE;
 158              		.loc 1 90 5 is_stmt 1 view .LVU30
  90:Core/Src/cell_temp_handler.c ****     sConfig.OffsetNumber = ADC_OFFSET_NONE;
 159              		.loc 1 90 24 is_stmt 0 view .LVU31
 160 001e 7F23     		movs	r3, #127
 161 0020 0393     		str	r3, [sp, #12]
  91:Core/Src/cell_temp_handler.c ****     sConfig.Offset = 0;
 162              		.loc 1 91 5 is_stmt 1 view .LVU32
  91:Core/Src/cell_temp_handler.c ****     sConfig.Offset = 0;
 163              		.loc 1 91 26 is_stmt 0 view .LVU33
 164 0022 0423     		movs	r3, #4
 165 0024 0493     		str	r3, [sp, #16]
  92:Core/Src/cell_temp_handler.c ****     
 166              		.loc 1 92 5 is_stmt 1 view .LVU34
  94:Core/Src/cell_temp_handler.c **** }
 167              		.loc 1 94 5 view .LVU35
  94:Core/Src/cell_temp_handler.c **** }
 168              		.loc 1 94 12 is_stmt 0 view .LVU36
 169 0026 0348     		ldr	r0, .L17
 170              	.LVL10:
ARM GAS  C:\Users\Ali\AppData\Local\Temp\ccPZGYZi.s 			page 12


  94:Core/Src/cell_temp_handler.c **** }
 171              		.loc 1 94 12 view .LVU37
 172 0028 FFF7FEFF 		bl	HAL_ADC_ConfigChannel
 173              	.LVL11:
  95:Core/Src/cell_temp_handler.c **** 
 174              		.loc 1 95 1 view .LVU38
 175 002c 07B0     		add	sp, sp, #28
 176              		.cfi_def_cfa_offset 4
 177              		@ sp needed
 178 002e 5DF804FB 		ldr	pc, [sp], #4
 179              	.L18:
 180 0032 00BF     		.align	2
 181              	.L17:
 182 0034 00000000 		.word	hadc1
 183              		.cfi_endproc
 184              	.LFE293:
 186              		.section	.text.CellTemp_SendTemperatureMessage,"ax",%progbits
 187              		.align	1
 188              		.syntax unified
 189              		.thumb
 190              		.thumb_func
 192              	CellTemp_SendTemperatureMessage:
 193              	.LVL12:
 194              	.LFB301:
 443:Core/Src/cell_temp_handler.c **** 
 444:Core/Src/cell_temp_handler.c **** /**
 445:Core/Src/cell_temp_handler.c ****   * @brief  Send single temperature CAN message
 446:Core/Src/cell_temp_handler.c ****   * @param  msg_index: Message index (0-13, for 14 messages total)
 447:Core/Src/cell_temp_handler.c ****   * @param  start_therm_idx: Starting thermistor index
 448:Core/Src/cell_temp_handler.c ****   * @retval HAL_StatusTypeDef
 449:Core/Src/cell_temp_handler.c ****   */
 450:Core/Src/cell_temp_handler.c **** static HAL_StatusTypeDef CellTemp_SendTemperatureMessage(uint8_t msg_index, uint8_t start_therm_idx
 451:Core/Src/cell_temp_handler.c **** {
 195              		.loc 1 451 1 is_stmt 1 view -0
 196              		.cfi_startproc
 197              		@ args = 0, pretend = 0, frame = 8
 198              		@ frame_needed = 0, uses_anonymous_args = 0
 199              		.loc 1 451 1 is_stmt 0 view .LVU40
 200 0000 F0B5     		push	{r4, r5, r6, r7, lr}
 201              		.cfi_def_cfa_offset 20
 202              		.cfi_offset 4, -20
 203              		.cfi_offset 5, -16
 204              		.cfi_offset 6, -12
 205              		.cfi_offset 7, -8
 206              		.cfi_offset 14, -4
 207 0002 83B0     		sub	sp, sp, #12
 208              		.cfi_def_cfa_offset 32
 209 0004 0646     		mov	r6, r0
 210 0006 0D46     		mov	r5, r1
 452:Core/Src/cell_temp_handler.c ****     uint8_t TxData[8];
 211              		.loc 1 452 5 is_stmt 1 view .LVU41
 453:Core/Src/cell_temp_handler.c ****     
 454:Core/Src/cell_temp_handler.c ****     // Check if this message corresponds to a disabled ADC channel
 455:Core/Src/cell_temp_handler.c ****     // Each message covers 4 thermistors, determine which ADC channel(s) it uses
 456:Core/Src/cell_temp_handler.c ****     uint8_t first_adc = start_therm_idx / MUX_CHANNELS;
 212              		.loc 1 456 5 view .LVU42
 213              		.loc 1 456 13 is_stmt 0 view .LVU43
ARM GAS  C:\Users\Ali\AppData\Local\Temp\ccPZGYZi.s 			page 13


 214 0008 CC08     		lsrs	r4, r1, #3
 215              	.LVL13:
 457:Core/Src/cell_temp_handler.c ****     uint8_t last_adc = (start_therm_idx + 3) / MUX_CHANNELS;
 216              		.loc 1 457 5 is_stmt 1 view .LVU44
 217              		.loc 1 457 46 is_stmt 0 view .LVU45
 218 000a CF1C     		adds	r7, r1, #3
 219              		.loc 1 457 13 view .LVU46
 220 000c FF08     		lsrs	r7, r7, #3
 221              	.LVL14:
 458:Core/Src/cell_temp_handler.c ****     
 459:Core/Src/cell_temp_handler.c ****     // Skip message if all ADC channels for this message are disabled
 460:Core/Src/cell_temp_handler.c ****     uint8_t any_enabled = 0;
 222              		.loc 1 460 5 is_stmt 1 view .LVU47
 461:Core/Src/cell_temp_handler.c ****     for (uint8_t adc = first_adc; adc <= last_adc && adc < NUM_ADC_CHANNELS; adc++) {
 223              		.loc 1 461 5 view .LVU48
 224              	.LBB2:
 225              		.loc 1 461 10 view .LVU49
 226              		.loc 1 461 5 is_stmt 0 view .LVU50
 227 000e 01E0     		b	.L21
 228              	.LVL15:
 229              	.L38:
 230              		.loc 1 461 81 is_stmt 1 discriminator 2 view .LVU51
 231 0010 0134     		adds	r4, r4, #1
 232              	.LVL16:
 233              		.loc 1 461 81 is_stmt 0 discriminator 2 view .LVU52
 234 0012 E4B2     		uxtb	r4, r4
 235              	.LVL17:
 236              	.L21:
 237              		.loc 1 461 51 is_stmt 1 discriminator 1 view .LVU53
 238 0014 BC42     		cmp	r4, r7
 239 0016 0AD8     		bhi	.L30
 240              		.loc 1 461 51 is_stmt 0 discriminator 3 view .LVU54
 241 0018 062C     		cmp	r4, #6
 242 001a 06D8     		bhi	.L37
 462:Core/Src/cell_temp_handler.c ****         if (CellTemp_IsADCEnabled(adc)) {
 243              		.loc 1 462 9 is_stmt 1 view .LVU55
 244              		.loc 1 462 13 is_stmt 0 view .LVU56
 245 001c 2046     		mov	r0, r4
 246 001e FFF7FEFF 		bl	CellTemp_IsADCEnabled
 247              	.LVL18:
 248              		.loc 1 462 12 discriminator 1 view .LVU57
 249 0022 0028     		cmp	r0, #0
 250 0024 F4D0     		beq	.L38
 463:Core/Src/cell_temp_handler.c ****             any_enabled = 1;
 251              		.loc 1 463 25 view .LVU58
 252 0026 0120     		movs	r0, #1
 253 0028 02E0     		b	.L22
 254              	.L37:
 255              	.LBE2:
 460:Core/Src/cell_temp_handler.c ****     for (uint8_t adc = first_adc; adc <= last_adc && adc < NUM_ADC_CHANNELS; adc++) {
 256              		.loc 1 460 13 view .LVU59
 257 002a 0020     		movs	r0, #0
 258              	.LBB3:
 259 002c 00E0     		b	.L22
 260              	.L30:
 261              	.LBE3:
 262 002e 0020     		movs	r0, #0
ARM GAS  C:\Users\Ali\AppData\Local\Temp\ccPZGYZi.s 			page 14


 263              	.L22:
 264              	.LVL19:
 464:Core/Src/cell_temp_handler.c ****             break;
 465:Core/Src/cell_temp_handler.c ****         }
 466:Core/Src/cell_temp_handler.c ****     }
 467:Core/Src/cell_temp_handler.c ****     
 468:Core/Src/cell_temp_handler.c ****     if (!any_enabled) {
 265              		.loc 1 468 5 is_stmt 1 view .LVU60
 266              		.loc 1 468 8 is_stmt 0 view .LVU61
 267 0030 0028     		cmp	r0, #0
 268 0032 3DD0     		beq	.L24
 269              	.LBB4:
 469:Core/Src/cell_temp_handler.c ****         return HAL_OK; // Skip sending this message
 470:Core/Src/cell_temp_handler.c ****     }
 471:Core/Src/cell_temp_handler.c ****     
 472:Core/Src/cell_temp_handler.c ****     // Prepare CAN message with 4 thermistor readings per message
 473:Core/Src/cell_temp_handler.c ****     // Temperature format: temp_celsius * 10 (0.1°C resolution), little endian
 474:Core/Src/cell_temp_handler.c ****     
 475:Core/Src/cell_temp_handler.c ****     for (uint8_t i = 0; i < 4; i++) {
 270              		.loc 1 475 18 view .LVU62
 271 0034 0024     		movs	r4, #0
 272              	.LVL20:
 273              		.loc 1 475 18 view .LVU63
 274 0036 0DE0     		b	.L25
 275              	.LVL21:
 276              	.L31:
 277              	.LBB5:
 476:Core/Src/cell_temp_handler.c ****         uint8_t therm_idx = start_therm_idx + i;
 477:Core/Src/cell_temp_handler.c ****         int16_t temp_data = 0x8000; // Default invalid temperature marker
 278              		.loc 1 477 17 view .LVU64
 279 0038 1E4B     		ldr	r3, .L40
 280              	.LVL22:
 281              	.L26:
 478:Core/Src/cell_temp_handler.c ****         
 479:Core/Src/cell_temp_handler.c ****         // Check if this thermistor's ADC is enabled
 480:Core/Src/cell_temp_handler.c ****         if (therm_idx < TOTAL_THERMISTORS) {
 481:Core/Src/cell_temp_handler.c ****             uint8_t therm_adc = therm_idx / MUX_CHANNELS;
 482:Core/Src/cell_temp_handler.c ****             if (CellTemp_IsADCEnabled(therm_adc) && 
 483:Core/Src/cell_temp_handler.c ****                 temp_state.thermistors[therm_idx].temperature > -126.0f) {
 484:Core/Src/cell_temp_handler.c ****                 temp_data = (int16_t)(temp_state.thermistors[therm_idx].temperature * 10.0f);
 485:Core/Src/cell_temp_handler.c ****             }
 486:Core/Src/cell_temp_handler.c ****         }
 487:Core/Src/cell_temp_handler.c ****         
 488:Core/Src/cell_temp_handler.c ****         // Pack temperature data (little endian)
 489:Core/Src/cell_temp_handler.c ****         TxData[i * 2] = temp_data & 0xFF;         // LSB
 282              		.loc 1 489 9 is_stmt 1 view .LVU65
 283              		.loc 1 489 18 is_stmt 0 view .LVU66
 284 003a 6200     		lsls	r2, r4, #1
 285              		.loc 1 489 23 view .LVU67
 286 003c 02A9     		add	r1, sp, #8
 287 003e 01EB4401 		add	r1, r1, r4, lsl #1
 288 0042 01F8083C 		strb	r3, [r1, #-8]
 490:Core/Src/cell_temp_handler.c ****         TxData[i * 2 + 1] = (temp_data >> 8) & 0xFF; // MSB
 289              		.loc 1 490 9 is_stmt 1 view .LVU68
 290              		.loc 1 490 27 is_stmt 0 view .LVU69
 291 0046 0932     		adds	r2, r2, #9
 292 0048 6A44     		add	r2, sp, r2
ARM GAS  C:\Users\Ali\AppData\Local\Temp\ccPZGYZi.s 			page 15


 293 004a 1B12     		asrs	r3, r3, #8
 294              	.LVL23:
 295              		.loc 1 490 27 view .LVU70
 296 004c 02F8083C 		strb	r3, [r2, #-8]
 297              	.LBE5:
 475:Core/Src/cell_temp_handler.c ****         uint8_t therm_idx = start_therm_idx + i;
 298              		.loc 1 475 33 is_stmt 1 discriminator 2 view .LVU71
 299 0050 0134     		adds	r4, r4, #1
 300              	.LVL24:
 475:Core/Src/cell_temp_handler.c ****         uint8_t therm_idx = start_therm_idx + i;
 301              		.loc 1 475 33 is_stmt 0 discriminator 2 view .LVU72
 302 0052 E4B2     		uxtb	r4, r4
 303              	.LVL25:
 304              	.L25:
 475:Core/Src/cell_temp_handler.c ****         uint8_t therm_idx = start_therm_idx + i;
 305              		.loc 1 475 27 is_stmt 1 discriminator 1 view .LVU73
 306 0054 032C     		cmp	r4, #3
 307 0056 23D8     		bhi	.L39
 308              	.LBB7:
 476:Core/Src/cell_temp_handler.c ****         int16_t temp_data = 0x8000; // Default invalid temperature marker
 309              		.loc 1 476 9 view .LVU74
 476:Core/Src/cell_temp_handler.c ****         int16_t temp_data = 0x8000; // Default invalid temperature marker
 310              		.loc 1 476 17 is_stmt 0 view .LVU75
 311 0058 6719     		adds	r7, r4, r5
 312 005a FFB2     		uxtb	r7, r7
 313              	.LVL26:
 477:Core/Src/cell_temp_handler.c ****         
 314              		.loc 1 477 9 is_stmt 1 view .LVU76
 480:Core/Src/cell_temp_handler.c ****             uint8_t therm_adc = therm_idx / MUX_CHANNELS;
 315              		.loc 1 480 9 view .LVU77
 480:Core/Src/cell_temp_handler.c ****             uint8_t therm_adc = therm_idx / MUX_CHANNELS;
 316              		.loc 1 480 12 is_stmt 0 view .LVU78
 317 005c 372F     		cmp	r7, #55
 318 005e EBD8     		bhi	.L31
 319              	.LBB6:
 481:Core/Src/cell_temp_handler.c ****             if (CellTemp_IsADCEnabled(therm_adc) && 
 320              		.loc 1 481 13 is_stmt 1 view .LVU79
 321              	.LVL27:
 482:Core/Src/cell_temp_handler.c ****                 temp_state.thermistors[therm_idx].temperature > -126.0f) {
 322              		.loc 1 482 13 view .LVU80
 482:Core/Src/cell_temp_handler.c ****                 temp_state.thermistors[therm_idx].temperature > -126.0f) {
 323              		.loc 1 482 17 is_stmt 0 view .LVU81
 324 0060 F808     		lsrs	r0, r7, #3
 325 0062 FFF7FEFF 		bl	CellTemp_IsADCEnabled
 326              	.LVL28:
 482:Core/Src/cell_temp_handler.c ****                 temp_state.thermistors[therm_idx].temperature > -126.0f) {
 327              		.loc 1 482 16 discriminator 1 view .LVU82
 328 0066 B8B1     		cbz	r0, .L32
 483:Core/Src/cell_temp_handler.c ****                 temp_data = (int16_t)(temp_state.thermistors[therm_idx].temperature * 10.0f);
 329              		.loc 1 483 50 view .LVU83
 330 0068 07EB4707 		add	r7, r7, r7, lsl #1
 331              	.LVL29:
 483:Core/Src/cell_temp_handler.c ****                 temp_data = (int16_t)(temp_state.thermistors[therm_idx].temperature * 10.0f);
 332              		.loc 1 483 50 view .LVU84
 333 006c 124B     		ldr	r3, .L40+4
 334 006e 03EBC703 		add	r3, r3, r7, lsl #3
 335 0072 D3ED017A 		vldr.32	s15, [r3, #4]
ARM GAS  C:\Users\Ali\AppData\Local\Temp\ccPZGYZi.s 			page 16


 482:Core/Src/cell_temp_handler.c ****                 temp_state.thermistors[therm_idx].temperature > -126.0f) {
 336              		.loc 1 482 50 discriminator 1 view .LVU85
 337 0076 9FED117A 		vldr.32	s14, .L40+8
 338 007a F4EEC77A 		vcmpe.f32	s15, s14
 339 007e F1EE10FA 		vmrs	APSR_nzcv, FPSCR
 340 0082 0BDD     		ble	.L35
 484:Core/Src/cell_temp_handler.c ****             }
 341              		.loc 1 484 17 is_stmt 1 view .LVU86
 484:Core/Src/cell_temp_handler.c ****             }
 342              		.loc 1 484 85 is_stmt 0 view .LVU87
 343 0084 B2EE047A 		vmov.f32	s14, #1.0e+1
 344 0088 67EE877A 		vmul.f32	s15, s15, s14
 484:Core/Src/cell_temp_handler.c ****             }
 345              		.loc 1 484 27 view .LVU88
 346 008c FDEEE77A 		vcvt.s32.f32	s15, s15
 347 0090 17EE903A 		vmov	r3, s15	@ int
 348 0094 1BB2     		sxth	r3, r3
 349              	.LVL30:
 484:Core/Src/cell_temp_handler.c ****             }
 350              		.loc 1 484 27 view .LVU89
 351 0096 D0E7     		b	.L26
 352              	.LVL31:
 353              	.L32:
 484:Core/Src/cell_temp_handler.c ****             }
 354              		.loc 1 484 27 view .LVU90
 355              	.LBE6:
 477:Core/Src/cell_temp_handler.c ****         
 356              		.loc 1 477 17 view .LVU91
 357 0098 064B     		ldr	r3, .L40
 358 009a CEE7     		b	.L26
 359              	.LVL32:
 360              	.L35:
 477:Core/Src/cell_temp_handler.c ****         
 361              		.loc 1 477 17 view .LVU92
 362 009c 054B     		ldr	r3, .L40
 363 009e CCE7     		b	.L26
 364              	.LVL33:
 365              	.L39:
 477:Core/Src/cell_temp_handler.c ****         
 366              		.loc 1 477 17 view .LVU93
 367              	.LBE7:
 368              	.LBE4:
 491:Core/Src/cell_temp_handler.c ****     }
 492:Core/Src/cell_temp_handler.c ****     
 493:Core/Src/cell_temp_handler.c ****     // Send via CAN Manager (non-blocking, queued)
 494:Core/Src/cell_temp_handler.c ****     // CAN_TEMP_ID already has module offset applied from Config_Init()
 495:Core/Src/cell_temp_handler.c ****     uint32_t can_id = CAN_TEMP_ID + msg_index;
 369              		.loc 1 495 5 is_stmt 1 view .LVU94
 370              		.loc 1 495 35 is_stmt 0 view .LVU95
 371 00a0 074B     		ldr	r3, .L40+12
 372 00a2 1868     		ldr	r0, [r3]
 373              	.LVL34:
 496:Core/Src/cell_temp_handler.c ****     return CAN_SendMessage(can_id, TxData, 8, CAN_PRIORITY_NORMAL);
 374              		.loc 1 496 5 is_stmt 1 view .LVU96
 375              		.loc 1 496 12 is_stmt 0 view .LVU97
 376 00a4 0223     		movs	r3, #2
 377 00a6 0822     		movs	r2, #8
ARM GAS  C:\Users\Ali\AppData\Local\Temp\ccPZGYZi.s 			page 17


 378 00a8 6946     		mov	r1, sp
 379 00aa 3044     		add	r0, r0, r6
 380              	.LVL35:
 381              		.loc 1 496 12 view .LVU98
 382 00ac FFF7FEFF 		bl	CAN_SendMessage
 383              	.LVL36:
 384              	.L24:
 497:Core/Src/cell_temp_handler.c **** }
 385              		.loc 1 497 1 view .LVU99
 386 00b0 03B0     		add	sp, sp, #12
 387              		.cfi_def_cfa_offset 20
 388              		@ sp needed
 389 00b2 F0BD     		pop	{r4, r5, r6, r7, pc}
 390              	.LVL37:
 391              	.L41:
 392              		.loc 1 497 1 view .LVU100
 393              		.align	2
 394              	.L40:
 395 00b4 0080FFFF 		.word	-32768
 396 00b8 00000000 		.word	temp_state
 397 00bc 0000FCC2 		.word	-1023672320
 398 00c0 00000000 		.word	CAN_TEMP_ID
 399              		.cfi_endproc
 400              	.LFE301:
 402              		.section	.text.CellTemp_Init,"ax",%progbits
 403              		.align	1
 404              		.global	CellTemp_Init
 405              		.syntax unified
 406              		.thumb
 407              		.thumb_func
 409              	CellTemp_Init:
 410              	.LFB292:
  53:Core/Src/cell_temp_handler.c ****     // Initialize state structure
 411              		.loc 1 53 1 is_stmt 1 view -0
 412              		.cfi_startproc
 413              		@ args = 0, pretend = 0, frame = 0
 414              		@ frame_needed = 0, uses_anonymous_args = 0
 415 0000 10B5     		push	{r4, lr}
 416              		.cfi_def_cfa_offset 8
 417              		.cfi_offset 4, -8
 418              		.cfi_offset 14, -4
  55:Core/Src/cell_temp_handler.c **** 
 419              		.loc 1 55 5 view .LVU102
 420 0002 40F24C52 		movw	r2, #1356
 421 0006 0021     		movs	r1, #0
 422 0008 1A48     		ldr	r0, .L46
 423 000a FFF7FEFF 		bl	memset
 424              	.LVL38:
  58:Core/Src/cell_temp_handler.c ****         temp_state.thermistors[i].adc_index = i / MUX_CHANNELS;
 425              		.loc 1 58 5 view .LVU103
 426              	.LBB8:
  58:Core/Src/cell_temp_handler.c ****         temp_state.thermistors[i].adc_index = i / MUX_CHANNELS;
 427              		.loc 1 58 10 view .LVU104
  58:Core/Src/cell_temp_handler.c ****         temp_state.thermistors[i].adc_index = i / MUX_CHANNELS;
 428              		.loc 1 58 18 is_stmt 0 view .LVU105
 429 000e 0023     		movs	r3, #0
  58:Core/Src/cell_temp_handler.c ****         temp_state.thermistors[i].adc_index = i / MUX_CHANNELS;
ARM GAS  C:\Users\Ali\AppData\Local\Temp\ccPZGYZi.s 			page 18


 430              		.loc 1 58 5 view .LVU106
 431 0010 19E0     		b	.L43
 432              	.LVL39:
 433              	.L44:
  59:Core/Src/cell_temp_handler.c ****         temp_state.thermistors[i].mux_channel = i % MUX_CHANNELS;
 434              		.loc 1 59 9 is_stmt 1 view .LVU107
  59:Core/Src/cell_temp_handler.c ****         temp_state.thermistors[i].mux_channel = i % MUX_CHANNELS;
 435              		.loc 1 59 45 is_stmt 0 view .LVU108
 436 0012 184A     		ldr	r2, .L46
 437 0014 03EB4301 		add	r1, r3, r3, lsl #1
 438 0018 C800     		lsls	r0, r1, #3
 439 001a 1118     		adds	r1, r2, r0
 440 001c 4FEAD30C 		lsr	ip, r3, #3
 441 0020 02F800C0 		strb	ip, [r2, r0]
  60:Core/Src/cell_temp_handler.c ****         temp_state.thermistors[i].temperature = -127.0f; // Invalid temperature marker
 442              		.loc 1 60 9 is_stmt 1 view .LVU109
  60:Core/Src/cell_temp_handler.c ****         temp_state.thermistors[i].temperature = -127.0f; // Invalid temperature marker
 443              		.loc 1 60 51 is_stmt 0 view .LVU110
 444 0024 03F00700 		and	r0, r3, #7
  60:Core/Src/cell_temp_handler.c ****         temp_state.thermistors[i].temperature = -127.0f; // Invalid temperature marker
 445              		.loc 1 60 47 view .LVU111
 446 0028 4870     		strb	r0, [r1, #1]
  61:Core/Src/cell_temp_handler.c ****         temp_state.thermistors[i].raw_adc = 0;
 447              		.loc 1 61 9 is_stmt 1 view .LVU112
  61:Core/Src/cell_temp_handler.c ****         temp_state.thermistors[i].raw_adc = 0;
 448              		.loc 1 61 47 is_stmt 0 view .LVU113
 449 002a 1348     		ldr	r0, .L46+4
 450 002c 4860     		str	r0, [r1, #4]	@ float
  62:Core/Src/cell_temp_handler.c ****         temp_state.thermistors[i].last_read_time = 0;
 451              		.loc 1 62 9 is_stmt 1 view .LVU114
  62:Core/Src/cell_temp_handler.c ****         temp_state.thermistors[i].last_read_time = 0;
 452              		.loc 1 62 43 is_stmt 0 view .LVU115
 453 002e 0020     		movs	r0, #0
 454 0030 0881     		strh	r0, [r1, #8]	@ movhi
  63:Core/Src/cell_temp_handler.c ****         temp_state.thermistors[i].adc_accumulator = 0;
 455              		.loc 1 63 9 is_stmt 1 view .LVU116
  63:Core/Src/cell_temp_handler.c ****         temp_state.thermistors[i].adc_accumulator = 0;
 456              		.loc 1 63 50 is_stmt 0 view .LVU117
 457 0032 C860     		str	r0, [r1, #12]
  64:Core/Src/cell_temp_handler.c ****         temp_state.thermistors[i].sample_count = 0;
 458              		.loc 1 64 9 is_stmt 1 view .LVU118
  64:Core/Src/cell_temp_handler.c ****         temp_state.thermistors[i].sample_count = 0;
 459              		.loc 1 64 51 is_stmt 0 view .LVU119
 460 0034 0861     		str	r0, [r1, #16]
  65:Core/Src/cell_temp_handler.c ****     }
 461              		.loc 1 65 9 is_stmt 1 view .LVU120
  65:Core/Src/cell_temp_handler.c ****     }
 462              		.loc 1 65 48 is_stmt 0 view .LVU121
 463 0036 03EB430C 		add	ip, r3, r3, lsl #1
 464 003a 4FEACC01 		lsl	r1, ip, #3
 465 003e 0A44     		add	r2, r2, r1
 466 0040 9082     		strh	r0, [r2, #20]	@ movhi
  58:Core/Src/cell_temp_handler.c ****         temp_state.thermistors[i].adc_index = i / MUX_CHANNELS;
 467              		.loc 1 58 49 is_stmt 1 discriminator 3 view .LVU122
 468 0042 0133     		adds	r3, r3, #1
 469              	.LVL40:
  58:Core/Src/cell_temp_handler.c ****         temp_state.thermistors[i].adc_index = i / MUX_CHANNELS;
ARM GAS  C:\Users\Ali\AppData\Local\Temp\ccPZGYZi.s 			page 19


 470              		.loc 1 58 49 is_stmt 0 discriminator 3 view .LVU123
 471 0044 DBB2     		uxtb	r3, r3
 472              	.LVL41:
 473              	.L43:
  58:Core/Src/cell_temp_handler.c ****         temp_state.thermistors[i].adc_index = i / MUX_CHANNELS;
 474              		.loc 1 58 27 is_stmt 1 discriminator 1 view .LVU124
 475 0046 372B     		cmp	r3, #55
 476 0048 E3D9     		bls	.L44
 477              	.LBE8:
  71:Core/Src/cell_temp_handler.c ****     HAL_GPIO_WritePin(MUX_SIG2_PORT, MUX_SIG2_PIN, GPIO_PIN_RESET);
 478              		.loc 1 71 5 view .LVU125
 479 004a 0C4C     		ldr	r4, .L46+8
 480 004c 0022     		movs	r2, #0
 481 004e 0221     		movs	r1, #2
 482 0050 2046     		mov	r0, r4
 483 0052 FFF7FEFF 		bl	HAL_GPIO_WritePin
 484              	.LVL42:
  72:Core/Src/cell_temp_handler.c ****     HAL_GPIO_WritePin(MUX_SIG3_PORT, MUX_SIG3_PIN, GPIO_PIN_RESET);
 485              		.loc 1 72 5 view .LVU126
 486 0056 0022     		movs	r2, #0
 487 0058 4FF48071 		mov	r1, #256
 488 005c 4FF09040 		mov	r0, #1207959552
 489 0060 FFF7FEFF 		bl	HAL_GPIO_WritePin
 490              	.LVL43:
  73:Core/Src/cell_temp_handler.c **** 
 491              		.loc 1 73 5 view .LVU127
 492 0064 0022     		movs	r2, #0
 493 0066 2021     		movs	r1, #32
 494 0068 2046     		mov	r0, r4
 495 006a FFF7FEFF 		bl	HAL_GPIO_WritePin
 496              	.LVL44:
  75:Core/Src/cell_temp_handler.c **** }
 497              		.loc 1 75 5 view .LVU128
  76:Core/Src/cell_temp_handler.c **** 
 498              		.loc 1 76 1 is_stmt 0 view .LVU129
 499 006e 0020     		movs	r0, #0
 500 0070 10BD     		pop	{r4, pc}
 501              	.L47:
 502 0072 00BF     		.align	2
 503              	.L46:
 504 0074 00000000 		.word	temp_state
 505 0078 0000FEC2 		.word	-1023541248
 506 007c 00040048 		.word	1207960576
 507              		.cfi_endproc
 508              	.LFE292:
 510              		.section	.text.CellTemp_ReadADC,"ax",%progbits
 511              		.align	1
 512              		.global	CellTemp_ReadADC
 513              		.syntax unified
 514              		.thumb
 515              		.thumb_func
 517              	CellTemp_ReadADC:
 518              	.LVL45:
 519              	.LFB294:
 103:Core/Src/cell_temp_handler.c ****     uint16_t adc_value = 0;
 520              		.loc 1 103 1 is_stmt 1 view -0
 521              		.cfi_startproc
ARM GAS  C:\Users\Ali\AppData\Local\Temp\ccPZGYZi.s 			page 20


 522              		@ args = 0, pretend = 0, frame = 0
 523              		@ frame_needed = 0, uses_anonymous_args = 0
 103:Core/Src/cell_temp_handler.c ****     uint16_t adc_value = 0;
 524              		.loc 1 103 1 is_stmt 0 view .LVU131
 525 0000 10B5     		push	{r4, lr}
 526              		.cfi_def_cfa_offset 8
 527              		.cfi_offset 4, -8
 528              		.cfi_offset 14, -4
 104:Core/Src/cell_temp_handler.c ****     
 529              		.loc 1 104 5 is_stmt 1 view .LVU132
 530              	.LVL46:
 107:Core/Src/cell_temp_handler.c ****         return 0;
 531              		.loc 1 107 5 view .LVU133
 107:Core/Src/cell_temp_handler.c ****         return 0;
 532              		.loc 1 107 9 is_stmt 0 view .LVU134
 533 0002 FFF7FEFF 		bl	CellTemp_ConfigureADCChannel
 534              	.LVL47:
 107:Core/Src/cell_temp_handler.c ****         return 0;
 535              		.loc 1 107 8 discriminator 1 view .LVU135
 536 0006 10B1     		cbz	r0, .L55
 108:Core/Src/cell_temp_handler.c ****     }
 537              		.loc 1 108 16 view .LVU136
 538 0008 0024     		movs	r4, #0
 539              	.LVL48:
 540              	.L49:
 123:Core/Src/cell_temp_handler.c **** 
 541              		.loc 1 123 1 view .LVU137
 542 000a 2046     		mov	r0, r4
 543 000c 10BD     		pop	{r4, pc}
 544              	.LVL49:
 545              	.L55:
 112:Core/Src/cell_temp_handler.c ****         // Wait for conversion to complete
 546              		.loc 1 112 5 is_stmt 1 view .LVU138
 112:Core/Src/cell_temp_handler.c ****         // Wait for conversion to complete
 547              		.loc 1 112 9 is_stmt 0 view .LVU139
 548 000e 0B48     		ldr	r0, .L58
 549 0010 FFF7FEFF 		bl	HAL_ADC_Start
 550              	.LVL50:
 112:Core/Src/cell_temp_handler.c ****         // Wait for conversion to complete
 551              		.loc 1 112 8 discriminator 1 view .LVU140
 552 0014 08B1     		cbz	r0, .L56
 104:Core/Src/cell_temp_handler.c ****     
 553              		.loc 1 104 14 view .LVU141
 554 0016 0024     		movs	r4, #0
 555 0018 F7E7     		b	.L49
 556              	.L56:
 114:Core/Src/cell_temp_handler.c ****             // Get ADC value
 557              		.loc 1 114 9 is_stmt 1 view .LVU142
 114:Core/Src/cell_temp_handler.c ****             // Get ADC value
 558              		.loc 1 114 13 is_stmt 0 view .LVU143
 559 001a 4FF0FF31 		mov	r1, #-1
 560 001e 0748     		ldr	r0, .L58
 561 0020 FFF7FEFF 		bl	HAL_ADC_PollForConversion
 562              	.LVL51:
 114:Core/Src/cell_temp_handler.c ****             // Get ADC value
 563              		.loc 1 114 12 discriminator 1 view .LVU144
 564 0024 20B1     		cbz	r0, .L57
ARM GAS  C:\Users\Ali\AppData\Local\Temp\ccPZGYZi.s 			page 21


 104:Core/Src/cell_temp_handler.c ****     
 565              		.loc 1 104 14 view .LVU145
 566 0026 0024     		movs	r4, #0
 567              	.LVL52:
 568              	.L50:
 119:Core/Src/cell_temp_handler.c ****     }
 569              		.loc 1 119 9 is_stmt 1 view .LVU146
 570 0028 0448     		ldr	r0, .L58
 571 002a FFF7FEFF 		bl	HAL_ADC_Stop
 572              	.LVL53:
 573 002e ECE7     		b	.L49
 574              	.LVL54:
 575              	.L57:
 116:Core/Src/cell_temp_handler.c ****         }
 576              		.loc 1 116 13 view .LVU147
 116:Core/Src/cell_temp_handler.c ****         }
 577              		.loc 1 116 25 is_stmt 0 view .LVU148
 578 0030 0248     		ldr	r0, .L58
 579 0032 FFF7FEFF 		bl	HAL_ADC_GetValue
 580              	.LVL55:
 116:Core/Src/cell_temp_handler.c ****         }
 581              		.loc 1 116 23 discriminator 1 view .LVU149
 582 0036 84B2     		uxth	r4, r0
 583              	.LVL56:
 116:Core/Src/cell_temp_handler.c ****         }
 584              		.loc 1 116 23 discriminator 1 view .LVU150
 585 0038 F6E7     		b	.L50
 586              	.L59:
 587 003a 00BF     		.align	2
 588              	.L58:
 589 003c 00000000 		.word	hadc1
 590              		.cfi_endproc
 591              	.LFE294:
 593              		.section	.text.CellTemp_SetMuxChannel,"ax",%progbits
 594              		.align	1
 595              		.global	CellTemp_SetMuxChannel
 596              		.syntax unified
 597              		.thumb
 598              		.thumb_func
 600              	CellTemp_SetMuxChannel:
 601              	.LVL57:
 602              	.LFB295:
 131:Core/Src/cell_temp_handler.c ****     // Validate channel range
 603              		.loc 1 131 1 is_stmt 1 view -0
 604              		.cfi_startproc
 605              		@ args = 0, pretend = 0, frame = 0
 606              		@ frame_needed = 0, uses_anonymous_args = 0
 133:Core/Src/cell_temp_handler.c ****         return;
 607              		.loc 1 133 5 view .LVU152
 133:Core/Src/cell_temp_handler.c ****         return;
 608              		.loc 1 133 8 is_stmt 0 view .LVU153
 609 0000 0728     		cmp	r0, #7
 610 0002 33D8     		bhi	.L69
 131:Core/Src/cell_temp_handler.c ****     // Validate channel range
 611              		.loc 1 131 1 view .LVU154
 612 0004 10B5     		push	{r4, lr}
 613              		.cfi_def_cfa_offset 8
ARM GAS  C:\Users\Ali\AppData\Local\Temp\ccPZGYZi.s 			page 22


 614              		.cfi_offset 4, -8
 615              		.cfi_offset 14, -4
 616 0006 0446     		mov	r4, r0
 142:Core/Src/cell_temp_handler.c ****         HAL_GPIO_WritePin(MUX_SIG1_PORT, MUX_SIG1_PIN, GPIO_PIN_SET);
 617              		.loc 1 142 5 is_stmt 1 view .LVU155
 142:Core/Src/cell_temp_handler.c ****         HAL_GPIO_WritePin(MUX_SIG1_PORT, MUX_SIG1_PIN, GPIO_PIN_SET);
 618              		.loc 1 142 8 is_stmt 0 view .LVU156
 619 0008 10F0010F 		tst	r0, #1
 620 000c 1AD0     		beq	.L62
 143:Core/Src/cell_temp_handler.c ****     } else {
 621              		.loc 1 143 9 is_stmt 1 view .LVU157
 622 000e 0122     		movs	r2, #1
 623 0010 0221     		movs	r1, #2
 624 0012 1748     		ldr	r0, .L72
 625              	.LVL58:
 143:Core/Src/cell_temp_handler.c ****     } else {
 626              		.loc 1 143 9 is_stmt 0 view .LVU158
 627 0014 FFF7FEFF 		bl	HAL_GPIO_WritePin
 628              	.LVL59:
 629              	.L63:
 148:Core/Src/cell_temp_handler.c ****         HAL_GPIO_WritePin(MUX_SIG2_PORT, MUX_SIG2_PIN, GPIO_PIN_SET);
 630              		.loc 1 148 5 is_stmt 1 view .LVU159
 148:Core/Src/cell_temp_handler.c ****         HAL_GPIO_WritePin(MUX_SIG2_PORT, MUX_SIG2_PIN, GPIO_PIN_SET);
 631              		.loc 1 148 8 is_stmt 0 view .LVU160
 632 0018 14F0020F 		tst	r4, #2
 633 001c 18D0     		beq	.L64
 149:Core/Src/cell_temp_handler.c ****     } else {
 634              		.loc 1 149 9 is_stmt 1 view .LVU161
 635 001e 0122     		movs	r2, #1
 636 0020 4FF48071 		mov	r1, #256
 637 0024 4FF09040 		mov	r0, #1207959552
 638 0028 FFF7FEFF 		bl	HAL_GPIO_WritePin
 639              	.LVL60:
 640              	.L65:
 154:Core/Src/cell_temp_handler.c ****         HAL_GPIO_WritePin(MUX_SIG3_PORT, MUX_SIG3_PIN, GPIO_PIN_SET);
 641              		.loc 1 154 5 view .LVU162
 154:Core/Src/cell_temp_handler.c ****         HAL_GPIO_WritePin(MUX_SIG3_PORT, MUX_SIG3_PIN, GPIO_PIN_SET);
 642              		.loc 1 154 8 is_stmt 0 view .LVU163
 643 002c 14F0040F 		tst	r4, #4
 644 0030 16D0     		beq	.L66
 155:Core/Src/cell_temp_handler.c ****     } else {
 645              		.loc 1 155 9 is_stmt 1 view .LVU164
 646 0032 0122     		movs	r2, #1
 647 0034 2021     		movs	r1, #32
 648 0036 0E48     		ldr	r0, .L72
 649 0038 FFF7FEFF 		bl	HAL_GPIO_WritePin
 650              	.LVL61:
 651              	.L67:
 161:Core/Src/cell_temp_handler.c **** }
 652              		.loc 1 161 5 view .LVU165
 653 003c 0220     		movs	r0, #2
 654 003e FFF7FEFF 		bl	osDelay
 655              	.LVL62:
 162:Core/Src/cell_temp_handler.c **** 
 656              		.loc 1 162 1 is_stmt 0 view .LVU166
 657 0042 10BD     		pop	{r4, pc}
 658              	.LVL63:
ARM GAS  C:\Users\Ali\AppData\Local\Temp\ccPZGYZi.s 			page 23


 659              	.L62:
 145:Core/Src/cell_temp_handler.c ****     }
 660              		.loc 1 145 9 is_stmt 1 view .LVU167
 661 0044 0022     		movs	r2, #0
 662 0046 0221     		movs	r1, #2
 663 0048 0948     		ldr	r0, .L72
 664              	.LVL64:
 145:Core/Src/cell_temp_handler.c ****     }
 665              		.loc 1 145 9 is_stmt 0 view .LVU168
 666 004a FFF7FEFF 		bl	HAL_GPIO_WritePin
 667              	.LVL65:
 668 004e E3E7     		b	.L63
 669              	.L64:
 151:Core/Src/cell_temp_handler.c ****     }
 670              		.loc 1 151 9 is_stmt 1 view .LVU169
 671 0050 0022     		movs	r2, #0
 672 0052 4FF48071 		mov	r1, #256
 673 0056 4FF09040 		mov	r0, #1207959552
 674 005a FFF7FEFF 		bl	HAL_GPIO_WritePin
 675              	.LVL66:
 676 005e E5E7     		b	.L65
 677              	.L66:
 157:Core/Src/cell_temp_handler.c ****     }
 678              		.loc 1 157 9 view .LVU170
 679 0060 0022     		movs	r2, #0
 680 0062 2021     		movs	r1, #32
 681 0064 0248     		ldr	r0, .L72
 682 0066 FFF7FEFF 		bl	HAL_GPIO_WritePin
 683              	.LVL67:
 684 006a E7E7     		b	.L67
 685              	.LVL68:
 686              	.L69:
 687              		.cfi_def_cfa_offset 0
 688              		.cfi_restore 4
 689              		.cfi_restore 14
 157:Core/Src/cell_temp_handler.c ****     }
 690              		.loc 1 157 9 is_stmt 0 view .LVU171
 691 006c 7047     		bx	lr
 692              	.L73:
 693 006e 00BF     		.align	2
 694              	.L72:
 695 0070 00040048 		.word	1207960576
 696              		.cfi_endproc
 697              	.LFE295:
 699              		.section	.text.CellTemp_CalculateTemperature,"ax",%progbits
 700              		.align	1
 701              		.global	CellTemp_CalculateTemperature
 702              		.syntax unified
 703              		.thumb
 704              		.thumb_func
 706              	CellTemp_CalculateTemperature:
 707              	.LVL69:
 708              	.LFB296:
 170:Core/Src/cell_temp_handler.c ****     // Convert ADC value to voltage
 709              		.loc 1 170 1 is_stmt 1 view -0
 710              		.cfi_startproc
 711              		@ args = 0, pretend = 0, frame = 0
ARM GAS  C:\Users\Ali\AppData\Local\Temp\ccPZGYZi.s 			page 24


 712              		@ frame_needed = 0, uses_anonymous_args = 0
 172:Core/Src/cell_temp_handler.c ****     
 713              		.loc 1 172 5 view .LVU173
 172:Core/Src/cell_temp_handler.c ****     
 714              		.loc 1 172 22 is_stmt 0 view .LVU174
 715 0000 07EE900A 		vmov	s15, r0	@ int
 716 0004 F8EE676A 		vcvt.f32.u32	s13, s15
 172:Core/Src/cell_temp_handler.c ****     
 717              		.loc 1 172 39 view .LVU175
 718 0008 9FED297A 		vldr.32	s14, .L86
 719 000c C6EE877A 		vdiv.f32	s15, s13, s14
 172:Core/Src/cell_temp_handler.c ****     
 720              		.loc 1 172 11 view .LVU176
 721 0010 9FED287A 		vldr.32	s14, .L86+4
 722 0014 67EE877A 		vmul.f32	s15, s15, s14
 723              	.LVL70:
 175:Core/Src/cell_temp_handler.c ****         return -127.0f;  // Return obvious error value
 724              		.loc 1 175 5 is_stmt 1 view .LVU177
 175:Core/Src/cell_temp_handler.c ****         return -127.0f;  // Return obvious error value
 725              		.loc 1 175 8 is_stmt 0 view .LVU178
 726 0018 0928     		cmp	r0, #9
 727 001a 40D9     		bls	.L77
 184:Core/Src/cell_temp_handler.c ****     
 728              		.loc 1 184 5 is_stmt 1 view .LVU179
 186:Core/Src/cell_temp_handler.c ****         r_thermistor = PULLUP_RESISTOR * 100.0f;  // Assume very high resistance
 729              		.loc 1 186 5 view .LVU180
 186:Core/Src/cell_temp_handler.c ****         r_thermistor = PULLUP_RESISTOR * 100.0f;  // Assume very high resistance
 730              		.loc 1 186 8 is_stmt 0 view .LVU181
 731 001c 9FED267A 		vldr.32	s14, .L86+8
 732 0020 F4EEC77A 		vcmpe.f32	s15, s14
 733 0024 F1EE10FA 		vmrs	APSR_nzcv, FPSCR
 734 0028 36DA     		bge	.L78
 190:Core/Src/cell_temp_handler.c ****     }
 735              		.loc 1 190 9 is_stmt 1 view .LVU182
 190:Core/Src/cell_temp_handler.c ****     }
 736              		.loc 1 190 33 is_stmt 0 view .LVU183
 737 002a DFED246A 		vldr.32	s13, .L86+12
 738 002e 67EEA66A 		vmul.f32	s13, s15, s13
 190:Core/Src/cell_temp_handler.c ****     }
 739              		.loc 1 190 64 view .LVU184
 740 0032 9FED207A 		vldr.32	s14, .L86+4
 741 0036 77EE677A 		vsub.f32	s15, s14, s15
 742              	.LVL71:
 190:Core/Src/cell_temp_handler.c ****     }
 743              		.loc 1 190 22 view .LVU185
 744 003a 86EEA77A 		vdiv.f32	s14, s13, s15
 745              	.LVL72:
 194:Core/Src/cell_temp_handler.c ****         return 125.0f; // Return maximum temperature for very low resistance
 746              		.loc 1 194 5 is_stmt 1 view .LVU186
 194:Core/Src/cell_temp_handler.c ****         return 125.0f; // Return maximum temperature for very low resistance
 747              		.loc 1 194 8 is_stmt 0 view .LVU187
 748 003e B5EEC07A 		vcmpe.f32	s14, #0
 749 0042 F1EE10FA 		vmrs	APSR_nzcv, FPSCR
 750 0046 2DD9     		bls	.L85
 751              	.LVL73:
 752              	.L76:
 170:Core/Src/cell_temp_handler.c ****     // Convert ADC value to voltage
ARM GAS  C:\Users\Ali\AppData\Local\Temp\ccPZGYZi.s 			page 25


 753              		.loc 1 170 1 view .LVU188
 754 0048 08B5     		push	{r3, lr}
 755              		.cfi_def_cfa_offset 8
 756              		.cfi_offset 3, -8
 757              		.cfi_offset 14, -4
 201:Core/Src/cell_temp_handler.c ****     float temp_kelvin = 1.0f / ((1.0f / REFERENCE_TEMP_K) + (ln_ratio / THERMISTOR_B_VALUE));
 758              		.loc 1 201 5 is_stmt 1 view .LVU189
 201:Core/Src/cell_temp_handler.c ****     float temp_kelvin = 1.0f / ((1.0f / REFERENCE_TEMP_K) + (ln_ratio / THERMISTOR_B_VALUE));
 759              		.loc 1 201 22 is_stmt 0 view .LVU190
 760 004a 9FED1C0A 		vldr.32	s0, .L86+12
 761 004e 87EE000A 		vdiv.f32	s0, s14, s0
 762 0052 FFF7FEFF 		bl	logf
 763              	.LVL74:
 202:Core/Src/cell_temp_handler.c ****     
 764              		.loc 1 202 5 is_stmt 1 view .LVU191
 202:Core/Src/cell_temp_handler.c ****     
 765              		.loc 1 202 71 is_stmt 0 view .LVU192
 766 0056 9FED1A7A 		vldr.32	s14, .L86+16
 767 005a C0EE077A 		vdiv.f32	s15, s0, s14
 202:Core/Src/cell_temp_handler.c ****     
 768              		.loc 1 202 59 view .LVU193
 769 005e 9FED197A 		vldr.32	s14, .L86+20
 770 0062 77EE877A 		vadd.f32	s15, s15, s14
 202:Core/Src/cell_temp_handler.c ****     
 771              		.loc 1 202 11 view .LVU194
 772 0066 B7EE007A 		vmov.f32	s14, #1.0e+0
 773 006a 87EE270A 		vdiv.f32	s0, s14, s15
 774              	.LVL75:
 205:Core/Src/cell_temp_handler.c ****     
 775              		.loc 1 205 5 is_stmt 1 view .LVU195
 205:Core/Src/cell_temp_handler.c ****     
 776              		.loc 1 205 11 is_stmt 0 view .LVU196
 777 006e DFED167A 		vldr.32	s15, .L86+24
 778 0072 30EE670A 		vsub.f32	s0, s0, s15
 779              	.LVL76:
 208:Core/Src/cell_temp_handler.c ****         temp_celsius = -40.0f;
 780              		.loc 1 208 5 is_stmt 1 view .LVU197
 208:Core/Src/cell_temp_handler.c ****         temp_celsius = -40.0f;
 781              		.loc 1 208 8 is_stmt 0 view .LVU198
 782 0076 DFED157A 		vldr.32	s15, .L86+28
 783 007a B4EEE70A 		vcmpe.f32	s0, s15
 784 007e F1EE10FA 		vmrs	APSR_nzcv, FPSCR
 785 0082 12D4     		bmi	.L80
 210:Core/Src/cell_temp_handler.c ****         temp_celsius = 125.0f;
 786              		.loc 1 210 12 is_stmt 1 view .LVU199
 210:Core/Src/cell_temp_handler.c ****         temp_celsius = 125.0f;
 787              		.loc 1 210 15 is_stmt 0 view .LVU200
 788 0084 DFED127A 		vldr.32	s15, .L86+32
 789 0088 B4EEE70A 		vcmpe.f32	s0, s15
 790 008c F1EE10FA 		vmrs	APSR_nzcv, FPSCR
 791 0090 0DDD     		ble	.L74
 211:Core/Src/cell_temp_handler.c ****     }
 792              		.loc 1 211 22 view .LVU201
 793 0092 9FED0F0A 		vldr.32	s0, .L86+32
 794              	.LVL77:
 211:Core/Src/cell_temp_handler.c ****     }
 795              		.loc 1 211 22 view .LVU202
ARM GAS  C:\Users\Ali\AppData\Local\Temp\ccPZGYZi.s 			page 26


 796 0096 0AE0     		b	.L74
 797              	.LVL78:
 798              	.L78:
 799              		.cfi_def_cfa_offset 0
 800              		.cfi_restore 3
 801              		.cfi_restore 14
 187:Core/Src/cell_temp_handler.c ****     } else {
 802              		.loc 1 187 22 view .LVU203
 803 0098 9FED0E7A 		vldr.32	s14, .L86+36
 804 009c D4E7     		b	.L76
 805              	.L77:
 176:Core/Src/cell_temp_handler.c ****     }
 806              		.loc 1 176 16 view .LVU204
 807 009e 9FED0E0A 		vldr.32	s0, .L86+40
 808 00a2 7047     		bx	lr
 809              	.LVL79:
 810              	.L85:
 195:Core/Src/cell_temp_handler.c ****     }
 811              		.loc 1 195 16 view .LVU205
 812 00a4 9FED0A0A 		vldr.32	s0, .L86+32
 215:Core/Src/cell_temp_handler.c **** 
 813              		.loc 1 215 1 view .LVU206
 814 00a8 7047     		bx	lr
 815              	.LVL80:
 816              	.L80:
 817              		.cfi_def_cfa_offset 8
 818              		.cfi_offset 3, -8
 819              		.cfi_offset 14, -4
 209:Core/Src/cell_temp_handler.c ****     } else if (temp_celsius > 125.0f) {
 820              		.loc 1 209 22 view .LVU207
 821 00aa 9FED080A 		vldr.32	s0, .L86+28
 822              	.LVL81:
 823              	.L74:
 215:Core/Src/cell_temp_handler.c **** 
 824              		.loc 1 215 1 view .LVU208
 825 00ae 08BD     		pop	{r3, pc}
 826              	.L87:
 827              		.align	2
 828              	.L86:
 829 00b0 00F07F45 		.word	1166012416
 830 00b4 33335340 		.word	1079194419
 831 00b8 5C8F5240 		.word	1079152476
 832 00bc 00401C46 		.word	1176256512
 833 00c0 00B05645 		.word	1163309056
 834 00c4 0FCF5B3B 		.word	995872527
 835 00c8 33938843 		.word	1133024051
 836 00cc 000020C2 		.word	-1038090240
 837 00d0 0000FA42 		.word	1123680256
 838 00d4 00247449 		.word	1232348160
 839 00d8 0000FEC2 		.word	-1023541248
 840              		.cfi_endproc
 841              	.LFE296:
 843              		.section	.text.CellTemp_ReadThermistor,"ax",%progbits
 844              		.align	1
 845              		.global	CellTemp_ReadThermistor
 846              		.syntax unified
 847              		.thumb
ARM GAS  C:\Users\Ali\AppData\Local\Temp\ccPZGYZi.s 			page 27


 848              		.thumb_func
 850              	CellTemp_ReadThermistor:
 851              	.LVL82:
 852              	.LFB297:
 224:Core/Src/cell_temp_handler.c ****     // Validate inputs
 853              		.loc 1 224 1 is_stmt 1 view -0
 854              		.cfi_startproc
 855              		@ args = 0, pretend = 0, frame = 0
 856              		@ frame_needed = 0, uses_anonymous_args = 0
 226:Core/Src/cell_temp_handler.c ****         return -127.0f;
 857              		.loc 1 226 5 view .LVU210
 226:Core/Src/cell_temp_handler.c ****         return -127.0f;
 858              		.loc 1 226 8 is_stmt 0 view .LVU211
 859 0000 0628     		cmp	r0, #6
 860 0002 11D8     		bhi	.L90
 224:Core/Src/cell_temp_handler.c ****     // Validate inputs
 861              		.loc 1 224 1 view .LVU212
 862 0004 10B5     		push	{r4, lr}
 863              		.cfi_def_cfa_offset 8
 864              		.cfi_offset 4, -8
 865              		.cfi_offset 14, -4
 866 0006 0446     		mov	r4, r0
 226:Core/Src/cell_temp_handler.c ****         return -127.0f;
 867              		.loc 1 226 39 discriminator 1 view .LVU213
 868 0008 0729     		cmp	r1, #7
 869 000a 02D9     		bls	.L96
 227:Core/Src/cell_temp_handler.c ****     }
 870              		.loc 1 227 16 view .LVU214
 871 000c 9FED080A 		vldr.32	s0, .L97
 872              	.LVL83:
 873              	.L88:
 238:Core/Src/cell_temp_handler.c **** 
 874              		.loc 1 238 1 view .LVU215
 875 0010 10BD     		pop	{r4, pc}
 876              	.LVL84:
 877              	.L96:
 231:Core/Src/cell_temp_handler.c ****     
 878              		.loc 1 231 5 is_stmt 1 view .LVU216
 879 0012 0846     		mov	r0, r1
 880              	.LVL85:
 231:Core/Src/cell_temp_handler.c ****     
 881              		.loc 1 231 5 is_stmt 0 view .LVU217
 882 0014 FFF7FEFF 		bl	CellTemp_SetMuxChannel
 883              	.LVL86:
 234:Core/Src/cell_temp_handler.c ****     
 884              		.loc 1 234 5 is_stmt 1 view .LVU218
 234:Core/Src/cell_temp_handler.c ****     
 885              		.loc 1 234 26 is_stmt 0 view .LVU219
 886 0018 064B     		ldr	r3, .L97+4
 887 001a 53F82400 		ldr	r0, [r3, r4, lsl #2]
 888 001e FFF7FEFF 		bl	CellTemp_ReadADC
 889              	.LVL87:
 237:Core/Src/cell_temp_handler.c **** }
 890              		.loc 1 237 5 is_stmt 1 view .LVU220
 237:Core/Src/cell_temp_handler.c **** }
 891              		.loc 1 237 12 is_stmt 0 view .LVU221
 892 0022 FFF7FEFF 		bl	CellTemp_CalculateTemperature
ARM GAS  C:\Users\Ali\AppData\Local\Temp\ccPZGYZi.s 			page 28


 893              	.LVL88:
 237:Core/Src/cell_temp_handler.c **** }
 894              		.loc 1 237 12 view .LVU222
 895 0026 F3E7     		b	.L88
 896              	.LVL89:
 897              	.L90:
 898              		.cfi_def_cfa_offset 0
 899              		.cfi_restore 4
 900              		.cfi_restore 14
 227:Core/Src/cell_temp_handler.c ****     }
 901              		.loc 1 227 16 view .LVU223
 902 0028 9FED010A 		vldr.32	s0, .L97
 238:Core/Src/cell_temp_handler.c **** 
 903              		.loc 1 238 1 view .LVU224
 904 002c 7047     		bx	lr
 905              	.L98:
 906 002e 00BF     		.align	2
 907              	.L97:
 908 0030 0000FEC2 		.word	-1023541248
 909 0034 00000000 		.word	adc_channels
 910              		.cfi_endproc
 911              	.LFE297:
 913              		.section	.text.CellTemp_MonitorTask,"ax",%progbits
 914              		.align	1
 915              		.global	CellTemp_MonitorTask
 916              		.syntax unified
 917              		.thumb
 918              		.thumb_func
 920              	CellTemp_MonitorTask:
 921              	.LVL90:
 922              	.LFB298:
 246:Core/Src/cell_temp_handler.c ****     // Initialize the temperature monitoring system
 923              		.loc 1 246 1 is_stmt 1 view -0
 924              		.cfi_startproc
 925              		@ args = 0, pretend = 0, frame = 0
 926              		@ frame_needed = 0, uses_anonymous_args = 0
 246:Core/Src/cell_temp_handler.c ****     // Initialize the temperature monitoring system
 927              		.loc 1 246 1 is_stmt 0 view .LVU226
 928 0000 2DE9F047 		push	{r4, r5, r6, r7, r8, r9, r10, lr}
 929              		.cfi_def_cfa_offset 32
 930              		.cfi_offset 4, -32
 931              		.cfi_offset 5, -28
 932              		.cfi_offset 6, -24
 933              		.cfi_offset 7, -20
 934              		.cfi_offset 8, -16
 935              		.cfi_offset 9, -12
 936              		.cfi_offset 10, -8
 937              		.cfi_offset 14, -4
 938 0004 2DED028B 		vpush.64	{d8}
 939              		.cfi_def_cfa_offset 40
 940              		.cfi_offset 80, -40
 941              		.cfi_offset 81, -36
 248:Core/Src/cell_temp_handler.c ****         // Handle initialization error - blink would go here if we had an LED
 942              		.loc 1 248 5 is_stmt 1 view .LVU227
 248:Core/Src/cell_temp_handler.c ****         // Handle initialization error - blink would go here if we had an LED
 943              		.loc 1 248 9 is_stmt 0 view .LVU228
 944 0008 FFF7FEFF 		bl	CellTemp_Init
ARM GAS  C:\Users\Ali\AppData\Local\Temp\ccPZGYZi.s 			page 29


 945              	.LVL91:
 248:Core/Src/cell_temp_handler.c ****         // Handle initialization error - blink would go here if we had an LED
 946              		.loc 1 248 8 discriminator 1 view .LVU229
 947 000c 0746     		mov	r7, r0
 948 000e 0028     		cmp	r0, #0
 949 0010 00F0D580 		beq	.L125
 950              	.L101:
 250:Core/Src/cell_temp_handler.c ****             osDelay(1000);  // Wait 1 second (1000 ticks at 1ms tick rate)
 951              		.loc 1 250 9 is_stmt 1 view .LVU230
 251:Core/Src/cell_temp_handler.c ****         }
 952              		.loc 1 251 13 discriminator 1 view .LVU231
 953 0014 4FF47A70 		mov	r0, #1000
 954 0018 FFF7FEFF 		bl	osDelay
 955              	.LVL92:
 250:Core/Src/cell_temp_handler.c ****             osDelay(1000);  // Wait 1 second (1000 ticks at 1ms tick rate)
 956              		.loc 1 250 14 view .LVU232
 957 001c FAE7     		b	.L101
 958              	.LVL93:
 959              	.L103:
 960              	.LBB9:
 961              	.LBB10:
 270:Core/Src/cell_temp_handler.c ****             if (CellTemp_IsADCEnabled(adc)) {
 962              		.loc 1 270 58 discriminator 2 view .LVU233
 963 001e 0134     		adds	r4, r4, #1
 964              	.LVL94:
 270:Core/Src/cell_temp_handler.c ****             if (CellTemp_IsADCEnabled(adc)) {
 965              		.loc 1 270 58 is_stmt 0 discriminator 2 view .LVU234
 966 0020 E4B2     		uxtb	r4, r4
 967              	.LVL95:
 968              	.L102:
 270:Core/Src/cell_temp_handler.c ****             if (CellTemp_IsADCEnabled(adc)) {
 969              		.loc 1 270 35 is_stmt 1 discriminator 1 view .LVU235
 970 0022 062C     		cmp	r4, #6
 971 0024 13D8     		bhi	.L144
 271:Core/Src/cell_temp_handler.c ****                 uint8_t therm_idx = adc * MUX_CHANNELS + temp_state.current_mux;
 972              		.loc 1 271 13 view .LVU236
 271:Core/Src/cell_temp_handler.c ****                 uint8_t therm_idx = adc * MUX_CHANNELS + temp_state.current_mux;
 973              		.loc 1 271 17 is_stmt 0 view .LVU237
 974 0026 2046     		mov	r0, r4
 975 0028 FFF7FEFF 		bl	CellTemp_IsADCEnabled
 976              	.LVL96:
 271:Core/Src/cell_temp_handler.c ****                 uint8_t therm_idx = adc * MUX_CHANNELS + temp_state.current_mux;
 977              		.loc 1 271 16 discriminator 1 view .LVU238
 978 002c 0028     		cmp	r0, #0
 979 002e F6D0     		beq	.L103
 980              	.LBB11:
 272:Core/Src/cell_temp_handler.c ****                 temp_state.thermistors[therm_idx].adc_accumulator = 0;
 981              		.loc 1 272 17 is_stmt 1 view .LVU239
 272:Core/Src/cell_temp_handler.c ****                 temp_state.thermistors[therm_idx].adc_accumulator = 0;
 982              		.loc 1 272 56 is_stmt 0 view .LVU240
 983 0030 E300     		lsls	r3, r4, #3
 984 0032 DBB2     		uxtb	r3, r3
 272:Core/Src/cell_temp_handler.c ****                 temp_state.thermistors[therm_idx].adc_accumulator = 0;
 985              		.loc 1 272 68 view .LVU241
 986 0034 A44A     		ldr	r2, .L156
 987 0036 92F84115 		ldrb	r1, [r2, #1345]	@ zero_extendqisi2
 272:Core/Src/cell_temp_handler.c ****                 temp_state.thermistors[therm_idx].adc_accumulator = 0;
ARM GAS  C:\Users\Ali\AppData\Local\Temp\ccPZGYZi.s 			page 30


 988              		.loc 1 272 25 view .LVU242
 989 003a 0B44     		add	r3, r3, r1
 990 003c DBB2     		uxtb	r3, r3
 991              	.LVL97:
 273:Core/Src/cell_temp_handler.c ****                 temp_state.thermistors[therm_idx].sample_count = 0;
 992              		.loc 1 273 17 is_stmt 1 view .LVU243
 273:Core/Src/cell_temp_handler.c ****                 temp_state.thermistors[therm_idx].sample_count = 0;
 993              		.loc 1 273 67 is_stmt 0 view .LVU244
 994 003e 03EB4301 		add	r1, r3, r3, lsl #1
 995 0042 02EBC101 		add	r1, r2, r1, lsl #3
 996 0046 0020     		movs	r0, #0
 997 0048 0861     		str	r0, [r1, #16]
 274:Core/Src/cell_temp_handler.c ****             }
 998              		.loc 1 274 17 is_stmt 1 view .LVU245
 274:Core/Src/cell_temp_handler.c ****             }
 999              		.loc 1 274 64 is_stmt 0 view .LVU246
 1000 004a 8882     		strh	r0, [r1, #20]	@ movhi
 1001 004c E7E7     		b	.L103
 1002              	.LVL98:
 1003              	.L144:
 274:Core/Src/cell_temp_handler.c ****             }
 1004              		.loc 1 274 64 view .LVU247
 1005              	.LBE11:
 1006              	.LBE10:
 1007              	.LBB12:
 279:Core/Src/cell_temp_handler.c ****             // Read all enabled ADC channels for current MUX channel
 1008              		.loc 1 279 23 view .LVU248
 1009 004e 0026     		movs	r6, #0
 1010 0050 2BE0     		b	.L105
 1011              	.LVL99:
 1012              	.L106:
 1013              	.LBB13:
 281:Core/Src/cell_temp_handler.c ****                 if (CellTemp_IsADCEnabled(adc)) {
 1014              		.loc 1 281 62 is_stmt 1 discriminator 2 view .LVU249
 1015 0052 0134     		adds	r4, r4, #1
 1016              	.LVL100:
 281:Core/Src/cell_temp_handler.c ****                 if (CellTemp_IsADCEnabled(adc)) {
 1017              		.loc 1 281 62 is_stmt 0 discriminator 2 view .LVU250
 1018 0054 E4B2     		uxtb	r4, r4
 1019              	.LVL101:
 1020              	.L108:
 281:Core/Src/cell_temp_handler.c ****                 if (CellTemp_IsADCEnabled(adc)) {
 1021              		.loc 1 281 39 is_stmt 1 discriminator 1 view .LVU251
 1022 0056 062C     		cmp	r4, #6
 1023 0058 22D8     		bhi	.L145
 282:Core/Src/cell_temp_handler.c ****                     uint8_t therm_idx = adc * MUX_CHANNELS + temp_state.current_mux;
 1024              		.loc 1 282 17 view .LVU252
 282:Core/Src/cell_temp_handler.c ****                     uint8_t therm_idx = adc * MUX_CHANNELS + temp_state.current_mux;
 1025              		.loc 1 282 21 is_stmt 0 view .LVU253
 1026 005a 2046     		mov	r0, r4
 1027 005c FFF7FEFF 		bl	CellTemp_IsADCEnabled
 1028              	.LVL102:
 282:Core/Src/cell_temp_handler.c ****                     uint8_t therm_idx = adc * MUX_CHANNELS + temp_state.current_mux;
 1029              		.loc 1 282 20 discriminator 1 view .LVU254
 1030 0060 0028     		cmp	r0, #0
 1031 0062 F6D0     		beq	.L106
 1032              	.LBB14:
ARM GAS  C:\Users\Ali\AppData\Local\Temp\ccPZGYZi.s 			page 31


 283:Core/Src/cell_temp_handler.c ****                     thermistor_data_t *therm = &temp_state.thermistors[therm_idx];
 1033              		.loc 1 283 21 is_stmt 1 view .LVU255
 283:Core/Src/cell_temp_handler.c ****                     thermistor_data_t *therm = &temp_state.thermistors[therm_idx];
 1034              		.loc 1 283 60 is_stmt 0 view .LVU256
 1035 0064 E500     		lsls	r5, r4, #3
 1036 0066 EDB2     		uxtb	r5, r5
 283:Core/Src/cell_temp_handler.c ****                     thermistor_data_t *therm = &temp_state.thermistors[therm_idx];
 1037              		.loc 1 283 72 view .LVU257
 1038 0068 974B     		ldr	r3, .L156
 1039 006a 93F84135 		ldrb	r3, [r3, #1345]	@ zero_extendqisi2
 283:Core/Src/cell_temp_handler.c ****                     thermistor_data_t *therm = &temp_state.thermistors[therm_idx];
 1040              		.loc 1 283 29 view .LVU258
 1041 006e 1D44     		add	r5, r5, r3
 1042 0070 EDB2     		uxtb	r5, r5
 1043              	.LVL103:
 284:Core/Src/cell_temp_handler.c ****                     
 1044              		.loc 1 284 21 is_stmt 1 view .LVU259
 287:Core/Src/cell_temp_handler.c ****                     
 1045              		.loc 1 287 21 view .LVU260
 287:Core/Src/cell_temp_handler.c ****                     
 1046              		.loc 1 287 42 is_stmt 0 view .LVU261
 1047 0072 964B     		ldr	r3, .L156+4
 1048 0074 53F82400 		ldr	r0, [r3, r4, lsl #2]
 1049 0078 FFF7FEFF 		bl	CellTemp_ReadADC
 1050              	.LVL104:
 290:Core/Src/cell_temp_handler.c ****                         therm->adc_accumulator += adc_value;
 1051              		.loc 1 290 21 is_stmt 1 view .LVU262
 290:Core/Src/cell_temp_handler.c ****                         therm->adc_accumulator += adc_value;
 1052              		.loc 1 290 24 is_stmt 0 view .LVU263
 1053 007c 0928     		cmp	r0, #9
 1054 007e E8D9     		bls	.L106
 291:Core/Src/cell_temp_handler.c ****                         therm->sample_count++;
 1055              		.loc 1 291 25 is_stmt 1 view .LVU264
 291:Core/Src/cell_temp_handler.c ****                         therm->sample_count++;
 1056              		.loc 1 291 30 is_stmt 0 view .LVU265
 1057 0080 914A     		ldr	r2, .L156
 1058 0082 05EB4503 		add	r3, r5, r5, lsl #1
 1059 0086 02EBC303 		add	r3, r2, r3, lsl #3
 1060 008a 1969     		ldr	r1, [r3, #16]
 291:Core/Src/cell_temp_handler.c ****                         therm->sample_count++;
 1061              		.loc 1 291 48 view .LVU266
 1062 008c 0844     		add	r0, r0, r1
 1063              	.LVL105:
 291:Core/Src/cell_temp_handler.c ****                         therm->sample_count++;
 1064              		.loc 1 291 48 view .LVU267
 1065 008e 1861     		str	r0, [r3, #16]
 292:Core/Src/cell_temp_handler.c ****                     }
 1066              		.loc 1 292 25 is_stmt 1 view .LVU268
 292:Core/Src/cell_temp_handler.c ****                     }
 1067              		.loc 1 292 30 is_stmt 0 view .LVU269
 1068 0090 9B8A     		ldrh	r3, [r3, #20]
 292:Core/Src/cell_temp_handler.c ****                     }
 1069              		.loc 1 292 44 view .LVU270
 1070 0092 05EB4505 		add	r5, r5, r5, lsl #1
 1071              	.LVL106:
 292:Core/Src/cell_temp_handler.c ****                     }
 1072              		.loc 1 292 44 view .LVU271
ARM GAS  C:\Users\Ali\AppData\Local\Temp\ccPZGYZi.s 			page 32


 1073 0096 02EBC502 		add	r2, r2, r5, lsl #3
 1074 009a 0133     		adds	r3, r3, #1
 1075 009c 9382     		strh	r3, [r2, #20]	@ movhi
 1076 009e D8E7     		b	.L106
 1077              	.LVL107:
 1078              	.L145:
 292:Core/Src/cell_temp_handler.c ****                     }
 1079              		.loc 1 292 44 view .LVU272
 1080              	.LBE14:
 1081              	.LBE13:
 298:Core/Src/cell_temp_handler.c ****         }
 1082              		.loc 1 298 13 is_stmt 1 view .LVU273
 1083 00a0 0A20     		movs	r0, #10
 1084 00a2 FFF7FEFF 		bl	osDelay
 1085              	.LVL108:
 279:Core/Src/cell_temp_handler.c ****             // Read all enabled ADC channels for current MUX channel
 1086              		.loc 1 279 72 discriminator 2 view .LVU274
 1087 00a6 0136     		adds	r6, r6, #1
 1088              	.LVL109:
 279:Core/Src/cell_temp_handler.c ****             // Read all enabled ADC channels for current MUX channel
 1089              		.loc 1 279 72 is_stmt 0 discriminator 2 view .LVU275
 1090 00a8 B6B2     		uxth	r6, r6
 1091              	.LVL110:
 1092              	.L105:
 279:Core/Src/cell_temp_handler.c ****             // Read all enabled ADC channels for current MUX channel
 1093              		.loc 1 279 42 is_stmt 1 discriminator 1 view .LVU276
 1094 00aa 0B2E     		cmp	r6, #11
 1095 00ac 01D8     		bhi	.L146
 1096              	.LBB15:
 281:Core/Src/cell_temp_handler.c ****                 if (CellTemp_IsADCEnabled(adc)) {
 1097              		.loc 1 281 26 is_stmt 0 view .LVU277
 1098 00ae 3C46     		mov	r4, r7
 1099 00b0 D1E7     		b	.L108
 1100              	.L146:
 1101              	.LBE15:
 1102              	.LBE12:
 302:Core/Src/cell_temp_handler.c ****         
 1103              		.loc 1 302 9 is_stmt 1 view .LVU278
 302:Core/Src/cell_temp_handler.c ****         
 1104              		.loc 1 302 33 is_stmt 0 view .LVU279
 1105 00b2 FFF7FEFF 		bl	osKernelGetTickCount
 1106              	.LVL111:
 1107 00b6 0646     		mov	r6, r0
 1108              	.LVL112:
 304:Core/Src/cell_temp_handler.c ****             if (CellTemp_IsADCEnabled(adc)) {
 1109              		.loc 1 304 9 is_stmt 1 view .LVU280
 1110              	.LBB16:
 304:Core/Src/cell_temp_handler.c ****             if (CellTemp_IsADCEnabled(adc)) {
 1111              		.loc 1 304 14 view .LVU281
 304:Core/Src/cell_temp_handler.c ****             if (CellTemp_IsADCEnabled(adc)) {
 1112              		.loc 1 304 22 is_stmt 0 view .LVU282
 1113 00b8 3C46     		mov	r4, r7
 304:Core/Src/cell_temp_handler.c ****             if (CellTemp_IsADCEnabled(adc)) {
 1114              		.loc 1 304 9 view .LVU283
 1115 00ba 45E0     		b	.L109
 1116              	.LVL113:
 1117              	.L149:
ARM GAS  C:\Users\Ali\AppData\Local\Temp\ccPZGYZi.s 			page 33


 1118              	.LBB17:
 311:Core/Src/cell_temp_handler.c ****                     therm->temperature = CellTemp_CalculateTemperature(therm->raw_adc);
 1119              		.loc 1 311 21 is_stmt 1 view .LVU284
 311:Core/Src/cell_temp_handler.c ****                     therm->temperature = CellTemp_CalculateTemperature(therm->raw_adc);
 1120              		.loc 1 311 54 is_stmt 0 view .LVU285
 1121 00bc 9846     		mov	r8, r3
 1122 00be 1B69     		ldr	r3, [r3, #16]
 311:Core/Src/cell_temp_handler.c ****                     therm->temperature = CellTemp_CalculateTemperature(therm->raw_adc);
 1123              		.loc 1 311 72 view .LVU286
 1124 00c0 B3FBF2F3 		udiv	r3, r3, r2
 311:Core/Src/cell_temp_handler.c ****                     therm->temperature = CellTemp_CalculateTemperature(therm->raw_adc);
 1125              		.loc 1 311 38 view .LVU287
 1126 00c4 98B2     		uxth	r0, r3
 311:Core/Src/cell_temp_handler.c ****                     therm->temperature = CellTemp_CalculateTemperature(therm->raw_adc);
 1127              		.loc 1 311 36 view .LVU288
 1128 00c6 A8F80800 		strh	r0, [r8, #8]	@ movhi
 312:Core/Src/cell_temp_handler.c ****                     therm->last_read_time = current_time;
 1129              		.loc 1 312 21 is_stmt 1 view .LVU289
 312:Core/Src/cell_temp_handler.c ****                     therm->last_read_time = current_time;
 1130              		.loc 1 312 42 is_stmt 0 view .LVU290
 1131 00ca FFF7FEFF 		bl	CellTemp_CalculateTemperature
 1132              	.LVL114:
 1133 00ce B0EE408A 		vmov.f32	s16, s0
 312:Core/Src/cell_temp_handler.c ****                     therm->last_read_time = current_time;
 1134              		.loc 1 312 40 discriminator 1 view .LVU291
 1135 00d2 88ED010A 		vstr.32	s0, [r8, #4]
 313:Core/Src/cell_temp_handler.c ****                     
 1136              		.loc 1 313 21 is_stmt 1 view .LVU292
 313:Core/Src/cell_temp_handler.c ****                     
 1137              		.loc 1 313 43 is_stmt 0 view .LVU293
 1138 00d6 C8F80C60 		str	r6, [r8, #12]
 316:Core/Src/cell_temp_handler.c ****                         if (therm->temperature > -126.0f) {  // Valid temperature reading
 1139              		.loc 1 316 21 is_stmt 1 view .LVU294
 316:Core/Src/cell_temp_handler.c ****                         if (therm->temperature > -126.0f) {  // Valid temperature reading
 1140              		.loc 1 316 25 is_stmt 0 view .LVU295
 1141 00da 2846     		mov	r0, r5
 1142 00dc FFF7FEFF 		bl	CellTemp_IsFaultDetectionEnabled
 1143              	.LVL115:
 316:Core/Src/cell_temp_handler.c ****                         if (therm->temperature > -126.0f) {  // Valid temperature reading
 1144              		.loc 1 316 24 discriminator 1 view .LVU296
 1145 00e0 80B3     		cbz	r0, .L112
 317:Core/Src/cell_temp_handler.c ****                             if (therm->temperature > temp_max_threshold) {
 1146              		.loc 1 317 25 is_stmt 1 view .LVU297
 317:Core/Src/cell_temp_handler.c ****                             if (therm->temperature > temp_max_threshold) {
 1147              		.loc 1 317 28 is_stmt 0 view .LVU298
 1148 00e2 DFED7B7A 		vldr.32	s15, .L156+8
 1149 00e6 B4EEE78A 		vcmpe.f32	s16, s15
 1150 00ea F1EE10FA 		vmrs	APSR_nzcv, FPSCR
 1151 00ee 16DD     		ble	.L141
 318:Core/Src/cell_temp_handler.c ****                                 ErrorMgr_SetError(ERROR_OVER_TEMP);
 1152              		.loc 1 318 29 is_stmt 1 view .LVU299
 318:Core/Src/cell_temp_handler.c ****                                 ErrorMgr_SetError(ERROR_OVER_TEMP);
 1153              		.loc 1 318 52 is_stmt 0 view .LVU300
 1154 00f0 784B     		ldr	r3, .L156+12
 1155 00f2 D3ED007A 		vldr.32	s15, [r3]
 318:Core/Src/cell_temp_handler.c ****                                 ErrorMgr_SetError(ERROR_OVER_TEMP);
 1156              		.loc 1 318 32 view .LVU301
ARM GAS  C:\Users\Ali\AppData\Local\Temp\ccPZGYZi.s 			page 34


 1157 00f6 B4EEE78A 		vcmpe.f32	s16, s15
 1158 00fa F1EE10FA 		vmrs	APSR_nzcv, FPSCR
 1159 00fe 0ADC     		bgt	.L147
 320:Core/Src/cell_temp_handler.c ****                                 ErrorMgr_SetError(ERROR_UNDER_TEMP);
 1160              		.loc 1 320 36 is_stmt 1 view .LVU302
 320:Core/Src/cell_temp_handler.c ****                                 ErrorMgr_SetError(ERROR_UNDER_TEMP);
 1161              		.loc 1 320 39 is_stmt 0 view .LVU303
 1162 0100 FBEE047A 		vmov.f32	s15, #-2.0e+1
 1163 0104 B4EEE78A 		vcmpe.f32	s16, s15
 1164 0108 F1EE10FA 		vmrs	APSR_nzcv, FPSCR
 1165 010c 1AD5     		bpl	.L112
 321:Core/Src/cell_temp_handler.c ****                             }
 1166              		.loc 1 321 33 is_stmt 1 view .LVU304
 1167 010e 0220     		movs	r0, #2
 1168 0110 FFF7FEFF 		bl	ErrorMgr_SetError
 1169              	.LVL116:
 1170 0114 16E0     		b	.L112
 1171              	.L147:
 319:Core/Src/cell_temp_handler.c ****                             } else if (therm->temperature < TEMP_MIN_CELSIUS) {
 1172              		.loc 1 319 33 view .LVU305
 1173 0116 0120     		movs	r0, #1
 1174 0118 FFF7FEFF 		bl	ErrorMgr_SetError
 1175              	.LVL117:
 1176 011c 12E0     		b	.L112
 1177              	.L141:
 324:Core/Src/cell_temp_handler.c ****                         }
 1178              		.loc 1 324 29 view .LVU306
 1179 011e 0420     		movs	r0, #4
 1180 0120 FFF7FEFF 		bl	ErrorMgr_SetError
 1181              	.LVL118:
 1182 0124 0EE0     		b	.L112
 1183              	.LVL119:
 1184              	.L110:
 324:Core/Src/cell_temp_handler.c ****                         }
 1185              		.loc 1 324 29 is_stmt 0 view .LVU307
 1186              	.LBE17:
 1187              	.LBB18:
 338:Core/Src/cell_temp_handler.c ****                 temp_state.thermistors[therm_idx].temperature = -127.0f;
 1188              		.loc 1 338 17 is_stmt 1 view .LVU308
 338:Core/Src/cell_temp_handler.c ****                 temp_state.thermistors[therm_idx].temperature = -127.0f;
 1189              		.loc 1 338 56 is_stmt 0 view .LVU309
 1190 0126 E300     		lsls	r3, r4, #3
 1191 0128 DBB2     		uxtb	r3, r3
 338:Core/Src/cell_temp_handler.c ****                 temp_state.thermistors[therm_idx].temperature = -127.0f;
 1192              		.loc 1 338 68 view .LVU310
 1193 012a 674A     		ldr	r2, .L156
 1194 012c 92F84115 		ldrb	r1, [r2, #1345]	@ zero_extendqisi2
 338:Core/Src/cell_temp_handler.c ****                 temp_state.thermistors[therm_idx].temperature = -127.0f;
 1195              		.loc 1 338 25 view .LVU311
 1196 0130 0B44     		add	r3, r3, r1
 1197 0132 DBB2     		uxtb	r3, r3
 1198              	.LVL120:
 339:Core/Src/cell_temp_handler.c ****                 temp_state.thermistors[therm_idx].raw_adc = 0;
 1199              		.loc 1 339 17 is_stmt 1 view .LVU312
 339:Core/Src/cell_temp_handler.c ****                 temp_state.thermistors[therm_idx].raw_adc = 0;
 1200              		.loc 1 339 63 is_stmt 0 view .LVU313
 1201 0134 03EB4301 		add	r1, r3, r3, lsl #1
ARM GAS  C:\Users\Ali\AppData\Local\Temp\ccPZGYZi.s 			page 35


 1202 0138 02EBC101 		add	r1, r2, r1, lsl #3
 1203 013c 6648     		ldr	r0, .L156+16
 1204 013e 4860     		str	r0, [r1, #4]	@ float
 340:Core/Src/cell_temp_handler.c ****             }
 1205              		.loc 1 340 17 is_stmt 1 view .LVU314
 340:Core/Src/cell_temp_handler.c ****             }
 1206              		.loc 1 340 59 is_stmt 0 view .LVU315
 1207 0140 0023     		movs	r3, #0
 1208              	.LVL121:
 340:Core/Src/cell_temp_handler.c ****             }
 1209              		.loc 1 340 59 view .LVU316
 1210 0142 0B81     		strh	r3, [r1, #8]	@ movhi
 1211              	.LVL122:
 1212              	.L112:
 340:Core/Src/cell_temp_handler.c ****             }
 1213              		.loc 1 340 59 view .LVU317
 1214              	.LBE18:
 304:Core/Src/cell_temp_handler.c ****             if (CellTemp_IsADCEnabled(adc)) {
 1215              		.loc 1 304 58 is_stmt 1 discriminator 2 view .LVU318
 1216 0144 0134     		adds	r4, r4, #1
 1217              	.LVL123:
 304:Core/Src/cell_temp_handler.c ****             if (CellTemp_IsADCEnabled(adc)) {
 1218              		.loc 1 304 58 is_stmt 0 discriminator 2 view .LVU319
 1219 0146 E4B2     		uxtb	r4, r4
 1220              	.LVL124:
 1221              	.L109:
 304:Core/Src/cell_temp_handler.c ****             if (CellTemp_IsADCEnabled(adc)) {
 1222              		.loc 1 304 35 is_stmt 1 discriminator 1 view .LVU320
 1223 0148 062C     		cmp	r4, #6
 1224 014a 28D8     		bhi	.L148
 305:Core/Src/cell_temp_handler.c ****                 uint8_t therm_idx = adc * MUX_CHANNELS + temp_state.current_mux;
 1225              		.loc 1 305 13 view .LVU321
 305:Core/Src/cell_temp_handler.c ****                 uint8_t therm_idx = adc * MUX_CHANNELS + temp_state.current_mux;
 1226              		.loc 1 305 17 is_stmt 0 view .LVU322
 1227 014c 2046     		mov	r0, r4
 1228 014e FFF7FEFF 		bl	CellTemp_IsADCEnabled
 1229              	.LVL125:
 305:Core/Src/cell_temp_handler.c ****                 uint8_t therm_idx = adc * MUX_CHANNELS + temp_state.current_mux;
 1230              		.loc 1 305 16 discriminator 1 view .LVU323
 1231 0152 0028     		cmp	r0, #0
 1232 0154 E7D0     		beq	.L110
 1233              	.LBB19:
 306:Core/Src/cell_temp_handler.c ****                 thermistor_data_t *therm = &temp_state.thermistors[therm_idx];
 1234              		.loc 1 306 17 is_stmt 1 view .LVU324
 306:Core/Src/cell_temp_handler.c ****                 thermistor_data_t *therm = &temp_state.thermistors[therm_idx];
 1235              		.loc 1 306 56 is_stmt 0 view .LVU325
 1236 0156 E500     		lsls	r5, r4, #3
 1237 0158 EDB2     		uxtb	r5, r5
 306:Core/Src/cell_temp_handler.c ****                 thermistor_data_t *therm = &temp_state.thermistors[therm_idx];
 1238              		.loc 1 306 68 view .LVU326
 1239 015a 5B4B     		ldr	r3, .L156
 1240 015c 93F84125 		ldrb	r2, [r3, #1345]	@ zero_extendqisi2
 306:Core/Src/cell_temp_handler.c ****                 thermistor_data_t *therm = &temp_state.thermistors[therm_idx];
 1241              		.loc 1 306 25 view .LVU327
 1242 0160 1544     		add	r5, r5, r2
 1243 0162 EDB2     		uxtb	r5, r5
 1244              	.LVL126:
ARM GAS  C:\Users\Ali\AppData\Local\Temp\ccPZGYZi.s 			page 36


 307:Core/Src/cell_temp_handler.c ****                 
 1245              		.loc 1 307 17 is_stmt 1 view .LVU328
 310:Core/Src/cell_temp_handler.c ****                     therm->raw_adc = (uint16_t)(therm->adc_accumulator / therm->sample_count);
 1246              		.loc 1 310 17 view .LVU329
 310:Core/Src/cell_temp_handler.c ****                     therm->raw_adc = (uint16_t)(therm->adc_accumulator / therm->sample_count);
 1247              		.loc 1 310 26 is_stmt 0 view .LVU330
 1248 0164 05EB4502 		add	r2, r5, r5, lsl #1
 1249 0168 03EBC203 		add	r3, r3, r2, lsl #3
 1250 016c 9A8A     		ldrh	r2, [r3, #20]
 310:Core/Src/cell_temp_handler.c ****                     therm->raw_adc = (uint16_t)(therm->adc_accumulator / therm->sample_count);
 1251              		.loc 1 310 20 view .LVU331
 1252 016e 002A     		cmp	r2, #0
 1253 0170 A4D1     		bne	.L149
 329:Core/Src/cell_temp_handler.c ****                     therm->temperature = -127.0f;
 1254              		.loc 1 329 21 is_stmt 1 view .LVU332
 329:Core/Src/cell_temp_handler.c ****                     therm->temperature = -127.0f;
 1255              		.loc 1 329 36 is_stmt 0 view .LVU333
 1256 0172 554B     		ldr	r3, .L156
 1257 0174 05EB4502 		add	r2, r5, r5, lsl #1
 1258 0178 03EBC202 		add	r2, r3, r2, lsl #3
 1259 017c 0021     		movs	r1, #0
 1260 017e 1181     		strh	r1, [r2, #8]	@ movhi
 330:Core/Src/cell_temp_handler.c ****                     // Only report sensor fault if fault detection is enabled for this thermistor
 1261              		.loc 1 330 21 is_stmt 1 view .LVU334
 330:Core/Src/cell_temp_handler.c ****                     // Only report sensor fault if fault detection is enabled for this thermistor
 1262              		.loc 1 330 40 is_stmt 0 view .LVU335
 1263 0180 05EB4502 		add	r2, r5, r5, lsl #1
 1264 0184 03EBC203 		add	r3, r3, r2, lsl #3
 1265 0188 534A     		ldr	r2, .L156+16
 1266 018a 5A60     		str	r2, [r3, #4]	@ float
 332:Core/Src/cell_temp_handler.c ****                         ErrorMgr_SetError(ERROR_TEMP_SENSOR_FAULT);
 1267              		.loc 1 332 21 is_stmt 1 view .LVU336
 332:Core/Src/cell_temp_handler.c ****                         ErrorMgr_SetError(ERROR_TEMP_SENSOR_FAULT);
 1268              		.loc 1 332 25 is_stmt 0 view .LVU337
 1269 018c 2846     		mov	r0, r5
 1270 018e FFF7FEFF 		bl	CellTemp_IsFaultDetectionEnabled
 1271              	.LVL127:
 332:Core/Src/cell_temp_handler.c ****                         ErrorMgr_SetError(ERROR_TEMP_SENSOR_FAULT);
 1272              		.loc 1 332 24 discriminator 1 view .LVU338
 1273 0192 0028     		cmp	r0, #0
 1274 0194 D6D0     		beq	.L112
 333:Core/Src/cell_temp_handler.c ****                     }
 1275              		.loc 1 333 25 is_stmt 1 view .LVU339
 1276 0196 0420     		movs	r0, #4
 1277 0198 FFF7FEFF 		bl	ErrorMgr_SetError
 1278              	.LVL128:
 1279 019c D2E7     		b	.L112
 1280              	.LVL129:
 1281              	.L148:
 333:Core/Src/cell_temp_handler.c ****                     }
 1282              		.loc 1 333 25 is_stmt 0 view .LVU340
 1283              	.LBE19:
 1284              	.LBE16:
 348:Core/Src/cell_temp_handler.c ****             // Just completed MUX 0-3 or MUX 4-7, so we have all 4 temps for a message
 1285              		.loc 1 348 9 is_stmt 1 view .LVU341
 348:Core/Src/cell_temp_handler.c ****             // Just completed MUX 0-3 or MUX 4-7, so we have all 4 temps for a message
 1286              		.loc 1 348 23 is_stmt 0 view .LVU342
ARM GAS  C:\Users\Ali\AppData\Local\Temp\ccPZGYZi.s 			page 37


 1287 019e 4A4B     		ldr	r3, .L156
 1288 01a0 93F84135 		ldrb	r3, [r3, #1345]	@ zero_extendqisi2
 348:Core/Src/cell_temp_handler.c ****             // Just completed MUX 0-3 or MUX 4-7, so we have all 4 temps for a message
 1289              		.loc 1 348 12 view .LVU343
 1290 01a4 032B     		cmp	r3, #3
 1291 01a6 39D0     		beq	.L133
 348:Core/Src/cell_temp_handler.c ****             // Just completed MUX 0-3 or MUX 4-7, so we have all 4 temps for a message
 1292              		.loc 1 348 41 discriminator 1 view .LVU344
 1293 01a8 072B     		cmp	r3, #7
 1294 01aa 39D0     		beq	.L150
 1295              	.LVL130:
 1296              	.L120:
 371:Core/Src/cell_temp_handler.c ****         
 1297              		.loc 1 371 9 is_stmt 1 view .LVU345
 371:Core/Src/cell_temp_handler.c ****         
 1298              		.loc 1 371 19 is_stmt 0 view .LVU346
 1299 01ac 464A     		ldr	r2, .L156
 1300 01ae 92F84135 		ldrb	r3, [r2, #1345]	@ zero_extendqisi2
 371:Core/Src/cell_temp_handler.c ****         
 1301              		.loc 1 371 31 view .LVU347
 1302 01b2 0133     		adds	r3, r3, #1
 1303 01b4 DBB2     		uxtb	r3, r3
 1304 01b6 82F84135 		strb	r3, [r2, #1345]
 374:Core/Src/cell_temp_handler.c ****             temp_state.current_mux = 0;
 1305              		.loc 1 374 9 is_stmt 1 view .LVU348
 374:Core/Src/cell_temp_handler.c ****             temp_state.current_mux = 0;
 1306              		.loc 1 374 12 is_stmt 0 view .LVU349
 1307 01ba 072B     		cmp	r3, #7
 1308 01bc 32D8     		bhi	.L151
 1309              	.LVL131:
 1310              	.L125:
 374:Core/Src/cell_temp_handler.c ****             temp_state.current_mux = 0;
 1311              		.loc 1 374 12 view .LVU350
 1312              	.LBE9:
 264:Core/Src/cell_temp_handler.c ****     {
 1313              		.loc 1 264 5 is_stmt 1 view .LVU351
 1314              	.LBB31:
 267:Core/Src/cell_temp_handler.c ****         
 1315              		.loc 1 267 9 view .LVU352
 1316 01be 424B     		ldr	r3, .L156
 1317 01c0 93F84105 		ldrb	r0, [r3, #1345]	@ zero_extendqisi2
 1318 01c4 FFF7FEFF 		bl	CellTemp_SetMuxChannel
 1319              	.LVL132:
 270:Core/Src/cell_temp_handler.c ****             if (CellTemp_IsADCEnabled(adc)) {
 1320              		.loc 1 270 9 view .LVU353
 1321              	.LBB20:
 270:Core/Src/cell_temp_handler.c ****             if (CellTemp_IsADCEnabled(adc)) {
 1322              		.loc 1 270 14 view .LVU354
 270:Core/Src/cell_temp_handler.c ****             if (CellTemp_IsADCEnabled(adc)) {
 1323              		.loc 1 270 22 is_stmt 0 view .LVU355
 1324 01c8 3C46     		mov	r4, r7
 270:Core/Src/cell_temp_handler.c ****             if (CellTemp_IsADCEnabled(adc)) {
 1325              		.loc 1 270 9 view .LVU356
 1326 01ca 2AE7     		b	.L102
 1327              	.LVL133:
 1328              	.L152:
 270:Core/Src/cell_temp_handler.c ****             if (CellTemp_IsADCEnabled(adc)) {
ARM GAS  C:\Users\Ali\AppData\Local\Temp\ccPZGYZi.s 			page 38


 1329              		.loc 1 270 9 view .LVU357
 1330              	.LBE20:
 1331              	.LBB21:
 1332              	.LBB22:
 355:Core/Src/cell_temp_handler.c ****                         uint8_t start_therm_idx = adc * MUX_CHANNELS;
 1333              		.loc 1 355 25 is_stmt 1 view .LVU358
 355:Core/Src/cell_temp_handler.c ****                         uint8_t start_therm_idx = adc * MUX_CHANNELS;
 1334              		.loc 1 355 33 is_stmt 0 view .LVU359
 1335 01cc 6000     		lsls	r0, r4, #1
 356:Core/Src/cell_temp_handler.c ****                         CellTemp_SendTemperatureMessage(msg_idx, start_therm_idx);
 1336              		.loc 1 356 25 is_stmt 1 view .LVU360
 356:Core/Src/cell_temp_handler.c ****                         CellTemp_SendTemperatureMessage(msg_idx, start_therm_idx);
 1337              		.loc 1 356 33 is_stmt 0 view .LVU361
 1338 01ce E100     		lsls	r1, r4, #3
 1339              	.LVL134:
 357:Core/Src/cell_temp_handler.c ****                         osDelay(2); // Small delay between messages
 1340              		.loc 1 357 25 is_stmt 1 view .LVU362
 1341 01d0 01F0F801 		and	r1, r1, #248
 1342              	.LVL135:
 357:Core/Src/cell_temp_handler.c ****                         osDelay(2); // Small delay between messages
 1343              		.loc 1 357 25 is_stmt 0 view .LVU363
 1344 01d4 00F0FE00 		and	r0, r0, #254
 1345 01d8 FFF7FEFF 		bl	CellTemp_SendTemperatureMessage
 1346              	.LVL136:
 358:Core/Src/cell_temp_handler.c ****                     } else {
 1347              		.loc 1 358 25 is_stmt 1 view .LVU364
 1348 01dc 0220     		movs	r0, #2
 1349 01de FFF7FEFF 		bl	osDelay
 1350              	.LVL137:
 1351              	.L121:
 358:Core/Src/cell_temp_handler.c ****                     } else {
 1352              		.loc 1 358 25 is_stmt 0 view .LVU365
 1353              	.LBE22:
 350:Core/Src/cell_temp_handler.c ****                 if (CellTemp_IsADCEnabled(adc)) {
 1354              		.loc 1 350 62 is_stmt 1 discriminator 2 view .LVU366
 1355 01e2 0134     		adds	r4, r4, #1
 1356              	.LVL138:
 350:Core/Src/cell_temp_handler.c ****                 if (CellTemp_IsADCEnabled(adc)) {
 1357              		.loc 1 350 62 is_stmt 0 discriminator 2 view .LVU367
 1358 01e4 E4B2     		uxtb	r4, r4
 1359              	.LVL139:
 1360              	.L123:
 350:Core/Src/cell_temp_handler.c ****                 if (CellTemp_IsADCEnabled(adc)) {
 1361              		.loc 1 350 39 is_stmt 1 discriminator 1 view .LVU368
 1362 01e6 062C     		cmp	r4, #6
 1363 01e8 E0D8     		bhi	.L120
 351:Core/Src/cell_temp_handler.c ****                     // Determine which message to send based on current MUX
 1364              		.loc 1 351 17 view .LVU369
 351:Core/Src/cell_temp_handler.c ****                     // Determine which message to send based on current MUX
 1365              		.loc 1 351 21 is_stmt 0 view .LVU370
 1366 01ea 2046     		mov	r0, r4
 1367 01ec FFF7FEFF 		bl	CellTemp_IsADCEnabled
 1368              	.LVL140:
 351:Core/Src/cell_temp_handler.c ****                     // Determine which message to send based on current MUX
 1369              		.loc 1 351 20 discriminator 1 view .LVU371
 1370 01f0 0028     		cmp	r0, #0
 1371 01f2 F6D0     		beq	.L121
ARM GAS  C:\Users\Ali\AppData\Local\Temp\ccPZGYZi.s 			page 39


 353:Core/Src/cell_temp_handler.c ****                         // Send message 0 for this ADC (thermistors 0-3)
 1372              		.loc 1 353 21 is_stmt 1 view .LVU372
 353:Core/Src/cell_temp_handler.c ****                         // Send message 0 for this ADC (thermistors 0-3)
 1373              		.loc 1 353 35 is_stmt 0 view .LVU373
 1374 01f4 344B     		ldr	r3, .L156
 1375 01f6 93F84135 		ldrb	r3, [r3, #1345]	@ zero_extendqisi2
 353:Core/Src/cell_temp_handler.c ****                         // Send message 0 for this ADC (thermistors 0-3)
 1376              		.loc 1 353 24 view .LVU374
 1377 01fa 032B     		cmp	r3, #3
 1378 01fc E6D0     		beq	.L152
 1379              	.LBB23:
 361:Core/Src/cell_temp_handler.c ****                         uint8_t start_therm_idx = adc * MUX_CHANNELS + 4;
 1380              		.loc 1 361 25 is_stmt 1 view .LVU375
 361:Core/Src/cell_temp_handler.c ****                         uint8_t start_therm_idx = adc * MUX_CHANNELS + 4;
 1381              		.loc 1 361 51 is_stmt 0 view .LVU376
 1382 01fe 6000     		lsls	r0, r4, #1
 1383 0200 C0B2     		uxtb	r0, r0
 361:Core/Src/cell_temp_handler.c ****                         uint8_t start_therm_idx = adc * MUX_CHANNELS + 4;
 1384              		.loc 1 361 33 view .LVU377
 1385 0202 0130     		adds	r0, r0, #1
 1386              	.LVL141:
 362:Core/Src/cell_temp_handler.c ****                         CellTemp_SendTemperatureMessage(msg_idx, start_therm_idx);
 1387              		.loc 1 362 25 is_stmt 1 view .LVU378
 362:Core/Src/cell_temp_handler.c ****                         CellTemp_SendTemperatureMessage(msg_idx, start_therm_idx);
 1388              		.loc 1 362 70 is_stmt 0 view .LVU379
 1389 0204 E100     		lsls	r1, r4, #3
 1390 0206 C9B2     		uxtb	r1, r1
 362:Core/Src/cell_temp_handler.c ****                         CellTemp_SendTemperatureMessage(msg_idx, start_therm_idx);
 1391              		.loc 1 362 33 view .LVU380
 1392 0208 0431     		adds	r1, r1, #4
 1393              	.LVL142:
 363:Core/Src/cell_temp_handler.c ****                         osDelay(2); // Small delay between messages
 1394              		.loc 1 363 25 is_stmt 1 view .LVU381
 1395 020a 01F0FC01 		and	r1, r1, #252
 1396              	.LVL143:
 363:Core/Src/cell_temp_handler.c ****                         osDelay(2); // Small delay between messages
 1397              		.loc 1 363 25 is_stmt 0 view .LVU382
 1398 020e C0B2     		uxtb	r0, r0
 363:Core/Src/cell_temp_handler.c ****                         osDelay(2); // Small delay between messages
 1399              		.loc 1 363 25 view .LVU383
 1400 0210 FFF7FEFF 		bl	CellTemp_SendTemperatureMessage
 1401              	.LVL144:
 364:Core/Src/cell_temp_handler.c ****                     }
 1402              		.loc 1 364 25 is_stmt 1 view .LVU384
 1403 0214 0220     		movs	r0, #2
 1404 0216 FFF7FEFF 		bl	osDelay
 1405              	.LVL145:
 1406 021a E2E7     		b	.L121
 1407              	.LVL146:
 1408              	.L133:
 364:Core/Src/cell_temp_handler.c ****                     }
 1409              		.loc 1 364 25 is_stmt 0 view .LVU385
 1410              	.LBE23:
 1411              	.LBE21:
 1412 021c 3C46     		mov	r4, r7
 1413              	.LVL147:
 364:Core/Src/cell_temp_handler.c ****                     }
ARM GAS  C:\Users\Ali\AppData\Local\Temp\ccPZGYZi.s 			page 40


 1414              		.loc 1 364 25 view .LVU386
 1415 021e E2E7     		b	.L123
 1416              	.LVL148:
 1417              	.L150:
 364:Core/Src/cell_temp_handler.c ****                     }
 1418              		.loc 1 364 25 view .LVU387
 1419 0220 3C46     		mov	r4, r7
 1420              	.LVL149:
 364:Core/Src/cell_temp_handler.c ****                     }
 1421              		.loc 1 364 25 view .LVU388
 1422 0222 E0E7     		b	.L123
 1423              	.L151:
 1424              	.LBB24:
 375:Core/Src/cell_temp_handler.c ****             temp_state.cycle_count++;
 1425              		.loc 1 375 13 is_stmt 1 view .LVU389
 375:Core/Src/cell_temp_handler.c ****             temp_state.cycle_count++;
 1426              		.loc 1 375 36 is_stmt 0 view .LVU390
 1427 0224 1346     		mov	r3, r2
 1428 0226 0022     		movs	r2, #0
 1429 0228 83F84125 		strb	r2, [r3, #1345]
 376:Core/Src/cell_temp_handler.c ****             
 1430              		.loc 1 376 13 is_stmt 1 view .LVU391
 376:Core/Src/cell_temp_handler.c ****             
 1431              		.loc 1 376 23 is_stmt 0 view .LVU392
 1432 022c D3F84425 		ldr	r2, [r3, #1348]
 376:Core/Src/cell_temp_handler.c ****             
 1433              		.loc 1 376 35 view .LVU393
 1434 0230 0132     		adds	r2, r2, #1
 1435 0232 C3F84425 		str	r2, [r3, #1348]
 380:Core/Src/cell_temp_handler.c ****             uint8_t any_under_temp = 0;
 1436              		.loc 1 380 13 is_stmt 1 view .LVU394
 1437              	.LVL150:
 381:Core/Src/cell_temp_handler.c ****             uint8_t any_sensor_fault = 0;
 1438              		.loc 1 381 13 view .LVU395
 382:Core/Src/cell_temp_handler.c ****             
 1439              		.loc 1 382 13 view .LVU396
 384:Core/Src/cell_temp_handler.c ****                 // Only check enabled ADC channels and thermistors with fault detection enabled
 1440              		.loc 1 384 13 view .LVU397
 1441              	.LBB25:
 384:Core/Src/cell_temp_handler.c ****                 // Only check enabled ADC channels and thermistors with fault detection enabled
 1442              		.loc 1 384 18 view .LVU398
 384:Core/Src/cell_temp_handler.c ****                 // Only check enabled ADC channels and thermistors with fault detection enabled
 1443              		.loc 1 384 26 is_stmt 0 view .LVU399
 1444 0236 3C46     		mov	r4, r7
 1445              	.LBE25:
 382:Core/Src/cell_temp_handler.c ****             
 1446              		.loc 1 382 21 view .LVU400
 1447 0238 3D46     		mov	r5, r7
 381:Core/Src/cell_temp_handler.c ****             uint8_t any_sensor_fault = 0;
 1448              		.loc 1 381 21 view .LVU401
 1449 023a B846     		mov	r8, r7
 380:Core/Src/cell_temp_handler.c ****             uint8_t any_under_temp = 0;
 1450              		.loc 1 380 21 view .LVU402
 1451 023c 3E46     		mov	r6, r7
 1452              	.LVL151:
 1453              	.LBB30:
 384:Core/Src/cell_temp_handler.c ****                 // Only check enabled ADC channels and thermistors with fault detection enabled
ARM GAS  C:\Users\Ali\AppData\Local\Temp\ccPZGYZi.s 			page 41


 1454              		.loc 1 384 13 view .LVU403
 1455 023e 02E0     		b	.L126
 1456              	.LVL152:
 1457              	.L135:
 1458              	.LBB26:
 1459              	.LBB27:
 392:Core/Src/cell_temp_handler.c ****                     } else if (temp > temp_max_threshold) {
 1460              		.loc 1 392 42 view .LVU404
 1461 0240 0125     		movs	r5, #1
 1462              	.LVL153:
 1463              	.L127:
 392:Core/Src/cell_temp_handler.c ****                     } else if (temp > temp_max_threshold) {
 1464              		.loc 1 392 42 view .LVU405
 1465              	.LBE27:
 1466              	.LBE26:
 384:Core/Src/cell_temp_handler.c ****                 // Only check enabled ADC channels and thermistors with fault detection enabled
 1467              		.loc 1 384 57 is_stmt 1 discriminator 2 view .LVU406
 1468 0242 0134     		adds	r4, r4, #1
 1469              	.LVL154:
 384:Core/Src/cell_temp_handler.c ****                 // Only check enabled ADC channels and thermistors with fault detection enabled
 1470              		.loc 1 384 57 is_stmt 0 discriminator 2 view .LVU407
 1471 0244 E4B2     		uxtb	r4, r4
 1472              	.LVL155:
 1473              	.L126:
 384:Core/Src/cell_temp_handler.c ****                 // Only check enabled ADC channels and thermistors with fault detection enabled
 1474              		.loc 1 384 35 is_stmt 1 discriminator 1 view .LVU408
 1475 0246 372C     		cmp	r4, #55
 1476 0248 2CD8     		bhi	.L153
 1477              	.LBB29:
 386:Core/Src/cell_temp_handler.c ****                 if (CellTemp_IsADCEnabled(therm_adc) && CellTemp_IsFaultDetectionEnabled(i)) {
 1478              		.loc 1 386 17 view .LVU409
 1479              	.LVL156:
 387:Core/Src/cell_temp_handler.c ****                     float temp = temp_state.thermistors[i].temperature;
 1480              		.loc 1 387 17 view .LVU410
 387:Core/Src/cell_temp_handler.c ****                     float temp = temp_state.thermistors[i].temperature;
 1481              		.loc 1 387 21 is_stmt 0 view .LVU411
 1482 024a C4F3C700 		ubfx	r0, r4, #3, #8
 1483 024e FFF7FEFF 		bl	CellTemp_IsADCEnabled
 1484              	.LVL157:
 387:Core/Src/cell_temp_handler.c ****                     float temp = temp_state.thermistors[i].temperature;
 1485              		.loc 1 387 20 discriminator 1 view .LVU412
 1486 0252 0028     		cmp	r0, #0
 1487 0254 F5D0     		beq	.L127
 387:Core/Src/cell_temp_handler.c ****                     float temp = temp_state.thermistors[i].temperature;
 1488              		.loc 1 387 57 discriminator 1 view .LVU413
 1489 0256 2046     		mov	r0, r4
 1490 0258 FFF7FEFF 		bl	CellTemp_IsFaultDetectionEnabled
 1491              	.LVL158:
 387:Core/Src/cell_temp_handler.c ****                     float temp = temp_state.thermistors[i].temperature;
 1492              		.loc 1 387 54 discriminator 1 view .LVU414
 1493 025c 0028     		cmp	r0, #0
 1494 025e F0D0     		beq	.L127
 1495              	.LBB28:
 388:Core/Src/cell_temp_handler.c ****                     
 1496              		.loc 1 388 21 is_stmt 1 view .LVU415
 388:Core/Src/cell_temp_handler.c ****                     
 1497              		.loc 1 388 27 is_stmt 0 view .LVU416
ARM GAS  C:\Users\Ali\AppData\Local\Temp\ccPZGYZi.s 			page 42


 1498 0260 04EB4402 		add	r2, r4, r4, lsl #1
 1499 0264 184B     		ldr	r3, .L156
 1500 0266 03EBC203 		add	r3, r3, r2, lsl #3
 1501 026a D3ED017A 		vldr.32	s15, [r3, #4]
 1502              	.LVL159:
 390:Core/Src/cell_temp_handler.c ****                         // Invalid reading - sensor fault
 1503              		.loc 1 390 21 is_stmt 1 view .LVU417
 390:Core/Src/cell_temp_handler.c ****                         // Invalid reading - sensor fault
 1504              		.loc 1 390 24 is_stmt 0 view .LVU418
 1505 026e 9FED187A 		vldr.32	s14, .L156+8
 1506 0272 F4EEC77A 		vcmpe.f32	s15, s14
 1507 0276 F1EE10FA 		vmrs	APSR_nzcv, FPSCR
 1508 027a E1D9     		bls	.L135
 393:Core/Src/cell_temp_handler.c ****                         // Over temperature
 1509              		.loc 1 393 28 is_stmt 1 view .LVU419
 393:Core/Src/cell_temp_handler.c ****                         // Over temperature
 1510              		.loc 1 393 37 is_stmt 0 view .LVU420
 1511 027c 154B     		ldr	r3, .L156+12
 1512 027e 93ED007A 		vldr.32	s14, [r3]
 393:Core/Src/cell_temp_handler.c ****                         // Over temperature
 1513              		.loc 1 393 31 view .LVU421
 1514 0282 B4EEE77A 		vcmpe.f32	s14, s15
 1515 0286 F1EE10FA 		vmrs	APSR_nzcv, FPSCR
 1516 028a 09D4     		bmi	.L136
 396:Core/Src/cell_temp_handler.c ****                         // Under temperature
 1517              		.loc 1 396 28 is_stmt 1 view .LVU422
 396:Core/Src/cell_temp_handler.c ****                         // Under temperature
 1518              		.loc 1 396 31 is_stmt 0 view .LVU423
 1519 028c BBEE047A 		vmov.f32	s14, #-2.0e+1
 1520 0290 F4EEC77A 		vcmpe.f32	s15, s14
 1521 0294 F1EE10FA 		vmrs	APSR_nzcv, FPSCR
 1522 0298 D3D5     		bpl	.L127
 398:Core/Src/cell_temp_handler.c ****                     }
 1523              		.loc 1 398 40 view .LVU424
 1524 029a 4FF00108 		mov	r8, #1
 1525              	.LVL160:
 398:Core/Src/cell_temp_handler.c ****                     }
 1526              		.loc 1 398 40 view .LVU425
 1527 029e D0E7     		b	.L127
 1528              	.LVL161:
 1529              	.L136:
 395:Core/Src/cell_temp_handler.c ****                     } else if (temp < TEMP_MIN_CELSIUS) {
 1530              		.loc 1 395 39 view .LVU426
 1531 02a0 0126     		movs	r6, #1
 1532              	.LVL162:
 395:Core/Src/cell_temp_handler.c ****                     } else if (temp < TEMP_MIN_CELSIUS) {
 1533              		.loc 1 395 39 view .LVU427
 1534 02a2 CEE7     		b	.L127
 1535              	.LVL163:
 1536              	.L153:
 395:Core/Src/cell_temp_handler.c ****                     } else if (temp < TEMP_MIN_CELSIUS) {
 1537              		.loc 1 395 39 view .LVU428
 1538              	.LBE28:
 1539              	.LBE29:
 1540              	.LBE30:
 404:Core/Src/cell_temp_handler.c ****                 ErrorMgr_ClearError(ERROR_OVER_TEMP);
 1541              		.loc 1 404 13 is_stmt 1 view .LVU429
ARM GAS  C:\Users\Ali\AppData\Local\Temp\ccPZGYZi.s 			page 43


 404:Core/Src/cell_temp_handler.c ****                 ErrorMgr_ClearError(ERROR_OVER_TEMP);
 1542              		.loc 1 404 16 is_stmt 0 view .LVU430
 1543 02a4 46B1     		cbz	r6, .L154
 1544              	.L129:
 407:Core/Src/cell_temp_handler.c ****                 ErrorMgr_ClearError(ERROR_UNDER_TEMP);
 1545              		.loc 1 407 13 is_stmt 1 view .LVU431
 407:Core/Src/cell_temp_handler.c ****                 ErrorMgr_ClearError(ERROR_UNDER_TEMP);
 1546              		.loc 1 407 16 is_stmt 0 view .LVU432
 1547 02a6 B8F1000F 		cmp	r8, #0
 1548 02aa 09D0     		beq	.L155
 1549              	.L130:
 410:Core/Src/cell_temp_handler.c ****                 ErrorMgr_ClearError(ERROR_TEMP_SENSOR_FAULT);
 1550              		.loc 1 410 13 is_stmt 1 view .LVU433
 410:Core/Src/cell_temp_handler.c ****                 ErrorMgr_ClearError(ERROR_TEMP_SENSOR_FAULT);
 1551              		.loc 1 410 16 is_stmt 0 view .LVU434
 1552 02ac 002D     		cmp	r5, #0
 1553 02ae 86D1     		bne	.L125
 411:Core/Src/cell_temp_handler.c ****             }
 1554              		.loc 1 411 17 is_stmt 1 view .LVU435
 1555 02b0 0420     		movs	r0, #4
 1556 02b2 FFF7FEFF 		bl	ErrorMgr_ClearError
 1557              	.LVL164:
 1558 02b6 82E7     		b	.L125
 1559              	.L154:
 405:Core/Src/cell_temp_handler.c ****             }
 1560              		.loc 1 405 17 view .LVU436
 1561 02b8 0120     		movs	r0, #1
 1562 02ba FFF7FEFF 		bl	ErrorMgr_ClearError
 1563              	.LVL165:
 1564 02be F2E7     		b	.L129
 1565              	.L155:
 408:Core/Src/cell_temp_handler.c ****             }
 1566              		.loc 1 408 17 view .LVU437
 1567 02c0 0220     		movs	r0, #2
 1568 02c2 FFF7FEFF 		bl	ErrorMgr_ClearError
 1569              	.LVL166:
 1570 02c6 F1E7     		b	.L130
 1571              	.L157:
 1572              		.align	2
 1573              	.L156:
 1574 02c8 00000000 		.word	temp_state
 1575 02cc 00000000 		.word	adc_channels
 1576 02d0 0000FCC2 		.word	-1023672320
 1577 02d4 00000000 		.word	temp_max_threshold
 1578 02d8 0000FEC2 		.word	-1023541248
 1579              	.LBE24:
 1580              	.LBE31:
 1581              		.cfi_endproc
 1582              	.LFE298:
 1584              		.section	.text.CellTemp_SendCANData,"ax",%progbits
 1585              		.align	1
 1586              		.global	CellTemp_SendCANData
 1587              		.syntax unified
 1588              		.thumb
 1589              		.thumb_func
 1591              	CellTemp_SendCANData:
 1592              	.LFB302:
ARM GAS  C:\Users\Ali\AppData\Local\Temp\ccPZGYZi.s 			page 44


 498:Core/Src/cell_temp_handler.c **** 
 499:Core/Src/cell_temp_handler.c **** /**
 500:Core/Src/cell_temp_handler.c ****   * @brief  Send temperature data over CAN bus (manual/on-demand)
 501:Core/Src/cell_temp_handler.c ****   * @note   In normal operation, CAN messages are sent automatically after each
 502:Core/Src/cell_temp_handler.c ****   *         ADC completes its 8 MUX readings (once per second per enabled ADC).
 503:Core/Src/cell_temp_handler.c ****   *         This function can be called manually to send all messages at once.
 504:Core/Src/cell_temp_handler.c ****   * @retval HAL_StatusTypeDef
 505:Core/Src/cell_temp_handler.c ****   */
 506:Core/Src/cell_temp_handler.c **** HAL_StatusTypeDef CellTemp_SendCANData(void)
 507:Core/Src/cell_temp_handler.c **** {
 1593              		.loc 1 507 1 view -0
 1594              		.cfi_startproc
 1595              		@ args = 0, pretend = 0, frame = 0
 1596              		@ frame_needed = 0, uses_anonymous_args = 0
 1597 0000 38B5     		push	{r3, r4, r5, lr}
 1598              		.cfi_def_cfa_offset 16
 1599              		.cfi_offset 3, -16
 1600              		.cfi_offset 4, -12
 1601              		.cfi_offset 5, -8
 1602              		.cfi_offset 14, -4
 508:Core/Src/cell_temp_handler.c ****     HAL_StatusTypeDef result = HAL_OK;
 1603              		.loc 1 508 5 view .LVU439
 1604              	.LVL167:
 509:Core/Src/cell_temp_handler.c ****     
 510:Core/Src/cell_temp_handler.c ****     // Send 14 CAN messages to cover all 56 thermistors (4 per message)
 511:Core/Src/cell_temp_handler.c ****     // Only enabled ADC channels will have their messages sent
 512:Core/Src/cell_temp_handler.c ****     for (uint8_t msg = 0; msg < 14; msg++) {
 1605              		.loc 1 512 5 view .LVU440
 1606              	.LBB32:
 1607              		.loc 1 512 10 view .LVU441
 1608              		.loc 1 512 18 is_stmt 0 view .LVU442
 1609 0002 0024     		movs	r4, #0
 1610              	.LBE32:
 508:Core/Src/cell_temp_handler.c ****     HAL_StatusTypeDef result = HAL_OK;
 1611              		.loc 1 508 23 view .LVU443
 1612 0004 2546     		mov	r5, r4
 1613              	.LBB35:
 1614              		.loc 1 512 5 view .LVU444
 1615 0006 04E0     		b	.L159
 1616              	.LVL168:
 1617              	.L160:
 1618              	.LBB33:
 513:Core/Src/cell_temp_handler.c ****         uint8_t start_idx = msg * 4;
 514:Core/Src/cell_temp_handler.c ****         
 515:Core/Src/cell_temp_handler.c ****         if (CellTemp_SendTemperatureMessage(msg, start_idx) != HAL_OK) {
 516:Core/Src/cell_temp_handler.c ****             result = HAL_ERROR;
 517:Core/Src/cell_temp_handler.c ****         }
 518:Core/Src/cell_temp_handler.c ****         
 519:Core/Src/cell_temp_handler.c ****         // Small delay between messages to avoid bus congestion (5ms)
 520:Core/Src/cell_temp_handler.c ****         osDelay(5);
 1619              		.loc 1 520 9 is_stmt 1 view .LVU445
 1620 0008 0520     		movs	r0, #5
 1621 000a FFF7FEFF 		bl	osDelay
 1622              	.LVL169:
 1623              	.LBE33:
 512:Core/Src/cell_temp_handler.c ****         uint8_t start_idx = msg * 4;
 1624              		.loc 1 512 40 discriminator 2 view .LVU446
ARM GAS  C:\Users\Ali\AppData\Local\Temp\ccPZGYZi.s 			page 45


 1625 000e 0134     		adds	r4, r4, #1
 1626              	.LVL170:
 512:Core/Src/cell_temp_handler.c ****         uint8_t start_idx = msg * 4;
 1627              		.loc 1 512 40 is_stmt 0 discriminator 2 view .LVU447
 1628 0010 E4B2     		uxtb	r4, r4
 1629              	.LVL171:
 1630              	.L159:
 512:Core/Src/cell_temp_handler.c ****         uint8_t start_idx = msg * 4;
 1631              		.loc 1 512 31 is_stmt 1 discriminator 1 view .LVU448
 1632 0012 0D2C     		cmp	r4, #13
 1633 0014 09D8     		bhi	.L164
 1634              	.LBB34:
 513:Core/Src/cell_temp_handler.c ****         uint8_t start_idx = msg * 4;
 1635              		.loc 1 513 9 view .LVU449
 513:Core/Src/cell_temp_handler.c ****         uint8_t start_idx = msg * 4;
 1636              		.loc 1 513 17 is_stmt 0 view .LVU450
 1637 0016 A100     		lsls	r1, r4, #2
 1638              	.LVL172:
 515:Core/Src/cell_temp_handler.c ****             result = HAL_ERROR;
 1639              		.loc 1 515 9 is_stmt 1 view .LVU451
 515:Core/Src/cell_temp_handler.c ****             result = HAL_ERROR;
 1640              		.loc 1 515 13 is_stmt 0 view .LVU452
 1641 0018 01F0FC01 		and	r1, r1, #252
 1642              	.LVL173:
 515:Core/Src/cell_temp_handler.c ****             result = HAL_ERROR;
 1643              		.loc 1 515 13 view .LVU453
 1644 001c 2046     		mov	r0, r4
 1645 001e FFF7FEFF 		bl	CellTemp_SendTemperatureMessage
 1646              	.LVL174:
 515:Core/Src/cell_temp_handler.c ****             result = HAL_ERROR;
 1647              		.loc 1 515 12 discriminator 1 view .LVU454
 1648 0022 0028     		cmp	r0, #0
 1649 0024 F0D0     		beq	.L160
 516:Core/Src/cell_temp_handler.c ****         }
 1650              		.loc 1 516 20 view .LVU455
 1651 0026 0125     		movs	r5, #1
 1652              	.LVL175:
 516:Core/Src/cell_temp_handler.c ****         }
 1653              		.loc 1 516 20 view .LVU456
 1654 0028 EEE7     		b	.L160
 1655              	.LVL176:
 1656              	.L164:
 516:Core/Src/cell_temp_handler.c ****         }
 1657              		.loc 1 516 20 view .LVU457
 1658              	.LBE34:
 1659              	.LBE35:
 521:Core/Src/cell_temp_handler.c ****     }
 522:Core/Src/cell_temp_handler.c ****     
 523:Core/Src/cell_temp_handler.c ****     return result;
 1660              		.loc 1 523 5 is_stmt 1 view .LVU458
 524:Core/Src/cell_temp_handler.c **** }
 1661              		.loc 1 524 1 is_stmt 0 view .LVU459
 1662 002a 2846     		mov	r0, r5
 1663 002c 38BD     		pop	{r3, r4, r5, pc}
 1664              		.loc 1 524 1 view .LVU460
 1665              		.cfi_endproc
 1666              	.LFE302:
ARM GAS  C:\Users\Ali\AppData\Local\Temp\ccPZGYZi.s 			page 46


 1668              		.section	.text.CellTemp_GetTemperatures,"ax",%progbits
 1669              		.align	1
 1670              		.global	CellTemp_GetTemperatures
 1671              		.syntax unified
 1672              		.thumb
 1673              		.thumb_func
 1675              	CellTemp_GetTemperatures:
 1676              	.LVL177:
 1677              	.LFB303:
 525:Core/Src/cell_temp_handler.c **** 
 526:Core/Src/cell_temp_handler.c **** /**
 527:Core/Src/cell_temp_handler.c ****   * @brief  Get current temperature readings
 528:Core/Src/cell_temp_handler.c ****   * @param  temperatures: Array to store temperature readings
 529:Core/Src/cell_temp_handler.c ****   * @param  size: Size of array (should be TOTAL_THERMISTORS)
 530:Core/Src/cell_temp_handler.c ****   * @retval Number of valid readings
 531:Core/Src/cell_temp_handler.c ****   */
 532:Core/Src/cell_temp_handler.c **** uint8_t CellTemp_GetTemperatures(float *temperatures, uint8_t size)
 533:Core/Src/cell_temp_handler.c **** {
 1678              		.loc 1 533 1 is_stmt 1 view -0
 1679              		.cfi_startproc
 1680              		@ args = 0, pretend = 0, frame = 0
 1681              		@ frame_needed = 0, uses_anonymous_args = 0
 1682              		.loc 1 533 1 is_stmt 0 view .LVU462
 1683 0000 10B5     		push	{r4, lr}
 1684              		.cfi_def_cfa_offset 8
 1685              		.cfi_offset 4, -8
 1686              		.cfi_offset 14, -4
 1687 0002 8646     		mov	lr, r0
 534:Core/Src/cell_temp_handler.c ****     uint8_t valid_count = 0;
 1688              		.loc 1 534 5 is_stmt 1 view .LVU463
 1689              	.LVL178:
 535:Core/Src/cell_temp_handler.c ****     uint8_t max_count = (size < TOTAL_THERMISTORS) ? size : TOTAL_THERMISTORS;
 1690              		.loc 1 535 5 view .LVU464
 1691              		.loc 1 535 13 is_stmt 0 view .LVU465
 1692 0004 3829     		cmp	r1, #56
 1693 0006 28BF     		it	cs
 1694 0008 3821     		movcs	r1, #56
 1695              	.LVL179:
 536:Core/Src/cell_temp_handler.c ****     
 537:Core/Src/cell_temp_handler.c ****     for (uint8_t i = 0; i < max_count; i++) {
 1696              		.loc 1 537 5 is_stmt 1 view .LVU466
 1697              	.LBB36:
 1698              		.loc 1 537 10 view .LVU467
 1699              		.loc 1 537 18 is_stmt 0 view .LVU468
 1700 000a 0023     		movs	r3, #0
 1701              	.LBE36:
 534:Core/Src/cell_temp_handler.c ****     uint8_t max_count = (size < TOTAL_THERMISTORS) ? size : TOTAL_THERMISTORS;
 1702              		.loc 1 534 13 view .LVU469
 1703 000c 1846     		mov	r0, r3
 1704              	.LVL180:
 1705              	.LBB37:
 1706              		.loc 1 537 5 view .LVU470
 1707 000e 01E0     		b	.L166
 1708              	.LVL181:
 1709              	.L167:
 1710              		.loc 1 537 41 is_stmt 1 discriminator 2 view .LVU471
 1711 0010 0133     		adds	r3, r3, #1
ARM GAS  C:\Users\Ali\AppData\Local\Temp\ccPZGYZi.s 			page 47


 1712              	.LVL182:
 1713              		.loc 1 537 41 is_stmt 0 discriminator 2 view .LVU472
 1714 0012 DBB2     		uxtb	r3, r3
 1715              	.LVL183:
 1716              	.L166:
 1717              		.loc 1 537 27 is_stmt 1 discriminator 1 view .LVU473
 1718 0014 8B42     		cmp	r3, r1
 1719 0016 14D2     		bcs	.L172
 538:Core/Src/cell_temp_handler.c ****         temperatures[i] = temp_state.thermistors[i].temperature;
 1720              		.loc 1 538 9 view .LVU474
 1721              		.loc 1 538 21 is_stmt 0 view .LVU475
 1722 0018 0EEB8302 		add	r2, lr, r3, lsl #2
 1723              		.loc 1 538 52 view .LVU476
 1724 001c 03EB430C 		add	ip, r3, r3, lsl #1
 1725 0020 084C     		ldr	r4, .L173
 1726 0022 04EBCC0C 		add	ip, r4, ip, lsl #3
 1727 0026 DCED017A 		vldr.32	s15, [ip, #4]
 1728              		.loc 1 538 25 view .LVU477
 1729 002a C2ED007A 		vstr.32	s15, [r2]
 539:Core/Src/cell_temp_handler.c ****         if (temperatures[i] > -126.0f) {
 1730              		.loc 1 539 9 is_stmt 1 view .LVU478
 1731              		.loc 1 539 12 is_stmt 0 view .LVU479
 1732 002e 9FED067A 		vldr.32	s14, .L173+4
 1733 0032 F4EEC77A 		vcmpe.f32	s15, s14
 1734 0036 F1EE10FA 		vmrs	APSR_nzcv, FPSCR
 1735 003a E9DD     		ble	.L167
 540:Core/Src/cell_temp_handler.c ****             valid_count++;
 1736              		.loc 1 540 13 is_stmt 1 view .LVU480
 1737              		.loc 1 540 24 is_stmt 0 view .LVU481
 1738 003c 0130     		adds	r0, r0, #1
 1739              	.LVL184:
 1740              		.loc 1 540 24 view .LVU482
 1741 003e C0B2     		uxtb	r0, r0
 1742              	.LVL185:
 1743              		.loc 1 540 24 view .LVU483
 1744 0040 E6E7     		b	.L167
 1745              	.LVL186:
 1746              	.L172:
 1747              		.loc 1 540 24 view .LVU484
 1748              	.LBE37:
 541:Core/Src/cell_temp_handler.c ****         }
 542:Core/Src/cell_temp_handler.c ****     }
 543:Core/Src/cell_temp_handler.c ****     
 544:Core/Src/cell_temp_handler.c ****     return valid_count;
 1749              		.loc 1 544 5 is_stmt 1 view .LVU485
 545:Core/Src/cell_temp_handler.c **** }
 1750              		.loc 1 545 1 is_stmt 0 view .LVU486
 1751 0042 10BD     		pop	{r4, pc}
 1752              	.L174:
 1753              		.align	2
 1754              	.L173:
 1755 0044 00000000 		.word	temp_state
 1756 0048 0000FCC2 		.word	-1023672320
 1757              		.cfi_endproc
 1758              	.LFE303:
 1760              		.section	.text.CellTemp_GetStats,"ax",%progbits
 1761              		.align	1
ARM GAS  C:\Users\Ali\AppData\Local\Temp\ccPZGYZi.s 			page 48


 1762              		.global	CellTemp_GetStats
 1763              		.syntax unified
 1764              		.thumb
 1765              		.thumb_func
 1767              	CellTemp_GetStats:
 1768              	.LVL187:
 1769              	.LFB304:
 546:Core/Src/cell_temp_handler.c **** 
 547:Core/Src/cell_temp_handler.c **** /**
 548:Core/Src/cell_temp_handler.c ****   * @brief  Get monitoring statistics
 549:Core/Src/cell_temp_handler.c ****   * @param  cycle_count: Pointer to store cycle count
 550:Core/Src/cell_temp_handler.c ****   * @param  current_index: Pointer to store current thermistor index
 551:Core/Src/cell_temp_handler.c ****   * @retval None
 552:Core/Src/cell_temp_handler.c ****   */
 553:Core/Src/cell_temp_handler.c **** void CellTemp_GetStats(uint32_t *cycle_count, uint8_t *current_index)
 554:Core/Src/cell_temp_handler.c **** {
 1770              		.loc 1 554 1 is_stmt 1 view -0
 1771              		.cfi_startproc
 1772              		@ args = 0, pretend = 0, frame = 0
 1773              		@ frame_needed = 0, uses_anonymous_args = 0
 1774              		@ link register save eliminated.
 555:Core/Src/cell_temp_handler.c ****     if (cycle_count != NULL) {
 1775              		.loc 1 555 5 view .LVU488
 1776              		.loc 1 555 8 is_stmt 0 view .LVU489
 1777 0000 18B1     		cbz	r0, .L176
 556:Core/Src/cell_temp_handler.c ****         *cycle_count = temp_state.cycle_count;
 1778              		.loc 1 556 9 is_stmt 1 view .LVU490
 1779              		.loc 1 556 34 is_stmt 0 view .LVU491
 1780 0002 054A     		ldr	r2, .L178
 1781 0004 D2F84425 		ldr	r2, [r2, #1348]
 1782              		.loc 1 556 22 view .LVU492
 1783 0008 0260     		str	r2, [r0]
 1784              	.L176:
 557:Core/Src/cell_temp_handler.c ****     }
 558:Core/Src/cell_temp_handler.c ****     
 559:Core/Src/cell_temp_handler.c ****     if (current_index != NULL) {
 1785              		.loc 1 559 5 is_stmt 1 view .LVU493
 1786              		.loc 1 559 8 is_stmt 0 view .LVU494
 1787 000a 19B1     		cbz	r1, .L175
 560:Core/Src/cell_temp_handler.c ****         *current_index = temp_state.current_index;
 1788              		.loc 1 560 9 is_stmt 1 view .LVU495
 1789              		.loc 1 560 36 is_stmt 0 view .LVU496
 1790 000c 024B     		ldr	r3, .L178
 1791 000e 93F84235 		ldrb	r3, [r3, #1346]	@ zero_extendqisi2
 1792              		.loc 1 560 24 view .LVU497
 1793 0012 0B70     		strb	r3, [r1]
 1794              	.L175:
 561:Core/Src/cell_temp_handler.c ****     }
 562:Core/Src/cell_temp_handler.c **** }
 1795              		.loc 1 562 1 view .LVU498
 1796 0014 7047     		bx	lr
 1797              	.L179:
 1798 0016 00BF     		.align	2
 1799              	.L178:
 1800 0018 00000000 		.word	temp_state
 1801              		.cfi_endproc
 1802              	.LFE304:
ARM GAS  C:\Users\Ali\AppData\Local\Temp\ccPZGYZi.s 			page 49


 1804              		.section	.text.CellTemp_SetFaultMask,"ax",%progbits
 1805              		.align	1
 1806              		.global	CellTemp_SetFaultMask
 1807              		.syntax unified
 1808              		.thumb
 1809              		.thumb_func
 1811              	CellTemp_SetFaultMask:
 1812              	.LVL188:
 1813              	.LFB305:
 563:Core/Src/cell_temp_handler.c **** 
 564:Core/Src/cell_temp_handler.c **** /**
 565:Core/Src/cell_temp_handler.c ****   * @brief  Set thermistor fault detection mask
 566:Core/Src/cell_temp_handler.c ****   * @param  mask: 64-bit mask where each bit enables (1) or disables (0) fault detection for that t
 567:Core/Src/cell_temp_handler.c ****   * @note   Bit 0 = thermistor 0, bit 55 = thermistor 55. Bits 56-63 are ignored.
 568:Core/Src/cell_temp_handler.c ****   *         Thermistors with fault detection disabled will still be measured and reported,
 569:Core/Src/cell_temp_handler.c ****   *         but will not trigger temperature fault errors.
 570:Core/Src/cell_temp_handler.c ****   * @retval None
 571:Core/Src/cell_temp_handler.c ****   */
 572:Core/Src/cell_temp_handler.c **** void CellTemp_SetFaultMask(uint64_t mask)
 573:Core/Src/cell_temp_handler.c **** {
 1814              		.loc 1 573 1 is_stmt 1 view -0
 1815              		.cfi_startproc
 1816              		@ args = 0, pretend = 0, frame = 0
 1817              		@ frame_needed = 0, uses_anonymous_args = 0
 1818              		@ link register save eliminated.
 574:Core/Src/cell_temp_handler.c ****     thermistor_fault_mask = mask;
 1819              		.loc 1 574 5 view .LVU500
 1820              		.loc 1 574 27 is_stmt 0 view .LVU501
 1821 0000 014B     		ldr	r3, .L181
 1822 0002 C3E90001 		strd	r0, [r3]
 575:Core/Src/cell_temp_handler.c **** }
 1823              		.loc 1 575 1 view .LVU502
 1824 0006 7047     		bx	lr
 1825              	.L182:
 1826              		.align	2
 1827              	.L181:
 1828 0008 00000000 		.word	thermistor_fault_mask
 1829              		.cfi_endproc
 1830              	.LFE305:
 1832              		.section	.text.CellTemp_GetFaultMask,"ax",%progbits
 1833              		.align	1
 1834              		.global	CellTemp_GetFaultMask
 1835              		.syntax unified
 1836              		.thumb
 1837              		.thumb_func
 1839              	CellTemp_GetFaultMask:
 1840              	.LFB306:
 576:Core/Src/cell_temp_handler.c **** 
 577:Core/Src/cell_temp_handler.c **** /**
 578:Core/Src/cell_temp_handler.c ****   * @brief  Get current thermistor fault detection mask
 579:Core/Src/cell_temp_handler.c ****   * @retval 64-bit mask showing which thermistors have fault detection enabled (1) or disabled (0)
 580:Core/Src/cell_temp_handler.c ****   */
 581:Core/Src/cell_temp_handler.c **** uint64_t CellTemp_GetFaultMask(void)
 582:Core/Src/cell_temp_handler.c **** {
 1841              		.loc 1 582 1 is_stmt 1 view -0
 1842              		.cfi_startproc
 1843              		@ args = 0, pretend = 0, frame = 0
ARM GAS  C:\Users\Ali\AppData\Local\Temp\ccPZGYZi.s 			page 50


 1844              		@ frame_needed = 0, uses_anonymous_args = 0
 1845              		@ link register save eliminated.
 583:Core/Src/cell_temp_handler.c ****     return thermistor_fault_mask;
 1846              		.loc 1 583 5 view .LVU504
 584:Core/Src/cell_temp_handler.c **** }
 1847              		.loc 1 584 1 is_stmt 0 view .LVU505
 1848 0000 014B     		ldr	r3, .L184
 1849 0002 D3E90001 		ldrd	r0, [r3]
 1850 0006 7047     		bx	lr
 1851              	.L185:
 1852              		.align	2
 1853              	.L184:
 1854 0008 00000000 		.word	thermistor_fault_mask
 1855              		.cfi_endproc
 1856              	.LFE306:
 1858              		.section	.text.CellTemp_SetMaxTemp,"ax",%progbits
 1859              		.align	1
 1860              		.global	CellTemp_SetMaxTemp
 1861              		.syntax unified
 1862              		.thumb
 1863              		.thumb_func
 1865              	CellTemp_SetMaxTemp:
 1866              	.LVL189:
 1867              	.LFB307:
 585:Core/Src/cell_temp_handler.c **** 
 586:Core/Src/cell_temp_handler.c **** /**
 587:Core/Src/cell_temp_handler.c ****   * @brief  Set maximum temperature threshold for over-temperature detection
 588:Core/Src/cell_temp_handler.c ****   * @param  max_temp: Maximum temperature in degrees Celsius (0-127)
 589:Core/Src/cell_temp_handler.c ****   * @retval None
 590:Core/Src/cell_temp_handler.c ****   * @note   This is a temporary setting that resets to TEMP_MAX_CELSIUS on device reset.
 591:Core/Src/cell_temp_handler.c ****   *         Values outside 0-127 range will be clamped.
 592:Core/Src/cell_temp_handler.c ****   */
 593:Core/Src/cell_temp_handler.c **** void CellTemp_SetMaxTemp(int8_t max_temp)
 594:Core/Src/cell_temp_handler.c **** {
 1868              		.loc 1 594 1 is_stmt 1 view -0
 1869              		.cfi_startproc
 1870              		@ args = 0, pretend = 0, frame = 0
 1871              		@ frame_needed = 0, uses_anonymous_args = 0
 1872              		@ link register save eliminated.
 595:Core/Src/cell_temp_handler.c ****     // Clamp to reasonable range (0°C to 127°C)
 596:Core/Src/cell_temp_handler.c ****     if (max_temp < 0) {
 1873              		.loc 1 596 5 view .LVU507
 1874              		.loc 1 596 8 is_stmt 0 view .LVU508
 1875 0000 0028     		cmp	r0, #0
 1876              		.loc 1 596 8 view .LVU509
 1877 0002 07DB     		blt	.L189
 1878              	.LVL190:
 1879              	.L187:
 597:Core/Src/cell_temp_handler.c ****         max_temp = 0;
 598:Core/Src/cell_temp_handler.c ****     }
 599:Core/Src/cell_temp_handler.c ****     temp_max_threshold = (float)max_temp;
 1880              		.loc 1 599 5 is_stmt 1 view .LVU510
 1881              		.loc 1 599 26 is_stmt 0 view .LVU511
 1882 0004 07EE900A 		vmov	s15, r0	@ int
 1883 0008 F8EEE77A 		vcvt.f32.s32	s15, s15
 1884              		.loc 1 599 24 view .LVU512
 1885 000c 024B     		ldr	r3, .L190
ARM GAS  C:\Users\Ali\AppData\Local\Temp\ccPZGYZi.s 			page 51


 1886 000e C3ED007A 		vstr.32	s15, [r3]
 600:Core/Src/cell_temp_handler.c **** }
 1887              		.loc 1 600 1 view .LVU513
 1888 0012 7047     		bx	lr
 1889              	.LVL191:
 1890              	.L189:
 597:Core/Src/cell_temp_handler.c ****         max_temp = 0;
 1891              		.loc 1 597 18 view .LVU514
 1892 0014 0020     		movs	r0, #0
 1893 0016 F5E7     		b	.L187
 1894              	.L191:
 1895              		.align	2
 1896              	.L190:
 1897 0018 00000000 		.word	temp_max_threshold
 1898              		.cfi_endproc
 1899              	.LFE307:
 1901              		.section	.text.CellTemp_GetMaxTemp,"ax",%progbits
 1902              		.align	1
 1903              		.global	CellTemp_GetMaxTemp
 1904              		.syntax unified
 1905              		.thumb
 1906              		.thumb_func
 1908              	CellTemp_GetMaxTemp:
 1909              	.LFB308:
 601:Core/Src/cell_temp_handler.c **** 
 602:Core/Src/cell_temp_handler.c **** /**
 603:Core/Src/cell_temp_handler.c ****   * @brief  Get current maximum temperature threshold
 604:Core/Src/cell_temp_handler.c ****   * @retval Maximum temperature threshold in degrees Celsius
 605:Core/Src/cell_temp_handler.c ****   */
 606:Core/Src/cell_temp_handler.c **** int8_t CellTemp_GetMaxTemp(void)
 607:Core/Src/cell_temp_handler.c **** {
 1910              		.loc 1 607 1 is_stmt 1 view -0
 1911              		.cfi_startproc
 1912              		@ args = 0, pretend = 0, frame = 8
 1913              		@ frame_needed = 0, uses_anonymous_args = 0
 1914              		@ link register save eliminated.
 1915 0000 82B0     		sub	sp, sp, #8
 1916              		.cfi_def_cfa_offset 8
 608:Core/Src/cell_temp_handler.c ****     return (int8_t)temp_max_threshold;
 1917              		.loc 1 608 5 view .LVU516
 1918              		.loc 1 608 12 is_stmt 0 view .LVU517
 1919 0002 054B     		ldr	r3, .L194
 1920 0004 D3ED007A 		vldr.32	s15, [r3]
 1921 0008 FDEEE77A 		vcvt.s32.f32	s15, s15
 1922 000c CDED017A 		vstr.32	s15, [sp, #4]	@ int
 609:Core/Src/cell_temp_handler.c **** }
 1923              		.loc 1 609 1 view .LVU518
 1924 0010 9DF90400 		ldrsb	r0, [sp, #4]
 1925 0014 02B0     		add	sp, sp, #8
 1926              		.cfi_def_cfa_offset 0
 1927              		@ sp needed
 1928 0016 7047     		bx	lr
 1929              	.L195:
 1930              		.align	2
 1931              	.L194:
 1932 0018 00000000 		.word	temp_max_threshold
 1933              		.cfi_endproc
ARM GAS  C:\Users\Ali\AppData\Local\Temp\ccPZGYZi.s 			page 52


 1934              	.LFE308:
 1936              		.section	.rodata.adc_channel_enabled,"a"
 1937              		.align	2
 1940              	adc_channel_enabled:
 1941 0000 01010101 		.ascii	"\001\001\001\001\001\001\001"
 1941      010101
 1942              		.section	.rodata.adc_channels,"a"
 1943              		.align	2
 1946              	adc_channels:
 1947 0000 2000F014 		.word	351272992
 1948 0004 40002019 		.word	421527616
 1949 0008 0008302E 		.word	774899712
 1950 000c 00018021 		.word	562036992
 1951 0010 0002B025 		.word	632291840
 1952 0014 0004002A 		.word	704644096
 1953 0018 0080F03E 		.word	1055948800
 1954              		.section	.data.temp_max_threshold,"aw"
 1955              		.align	2
 1958              	temp_max_threshold:
 1959 0000 00007042 		.word	1114636288
 1960              		.section	.data.thermistor_fault_mask,"aw"
 1961              		.align	3
 1964              	thermistor_fault_mask:
 1965 0000 FFFFFFFF 		.word	-1
 1966 0004 FFFFFFFF 		.word	-1
 1967              		.section	.bss.temp_state,"aw",%nobits
 1968              		.align	2
 1971              	temp_state:
 1972 0000 00000000 		.space	1356
 1972      00000000 
 1972      00000000 
 1972      00000000 
 1972      00000000 
 1973              		.text
 1974              	.Letext0:
 1975              		.file 2 "C:/Users/Ali/AppData/Roaming/Code/User/globalStorage/bmd.stm32-for-vscode/@xpack-dev-tool
 1976              		.file 3 "C:/Users/Ali/AppData/Roaming/Code/User/globalStorage/bmd.stm32-for-vscode/@xpack-dev-tool
 1977              		.file 4 "Drivers/CMSIS/Device/ST/STM32L4xx/Include/stm32l432xx.h"
 1978              		.file 5 "Drivers/CMSIS/Device/ST/STM32L4xx/Include/stm32l4xx.h"
 1979              		.file 6 "Drivers/STM32L4xx_HAL_Driver/Inc/stm32l4xx_hal_def.h"
 1980              		.file 7 "Drivers/STM32L4xx_HAL_Driver/Inc/stm32l4xx_hal_gpio.h"
 1981              		.file 8 "Drivers/STM32L4xx_HAL_Driver/Inc/stm32l4xx_hal_dma.h"
 1982              		.file 9 "Drivers/STM32L4xx_HAL_Driver/Inc/stm32l4xx_hal_adc.h"
 1983              		.file 10 "Middlewares/Third_Party/FreeRTOS/Source/CMSIS_RTOS_V2/cmsis_os2.h"
 1984              		.file 11 "Core/Inc/cell_temp_handler.h"
 1985              		.file 12 "Core/Inc/can_ids.h"
 1986              		.file 13 "Core/Inc/error_manager.h"
 1987              		.file 14 "Core/Inc/can_manager.h"
 1988              		.file 15 "C:/Users/Ali/AppData/Roaming/Code/User/globalStorage/bmd.stm32-for-vscode/@xpack-dev-too
 1989              		.file 16 "C:/Users/Ali/AppData/Roaming/Code/User/globalStorage/bmd.stm32-for-vscode/@xpack-dev-too
 1990              		.file 17 "<built-in>"
ARM GAS  C:\Users\Ali\AppData\Local\Temp\ccPZGYZi.s 			page 53


DEFINED SYMBOLS
                            *ABS*:00000000 cell_temp_handler.c
C:\Users\Ali\AppData\Local\Temp\ccPZGYZi.s:21     .text.CellTemp_IsADCEnabled:00000000 $t
C:\Users\Ali\AppData\Local\Temp\ccPZGYZi.s:26     .text.CellTemp_IsADCEnabled:00000000 CellTemp_IsADCEnabled
C:\Users\Ali\AppData\Local\Temp\ccPZGYZi.s:55     .text.CellTemp_IsADCEnabled:00000010 $d
C:\Users\Ali\AppData\Local\Temp\ccPZGYZi.s:1940   .rodata.adc_channel_enabled:00000000 adc_channel_enabled
C:\Users\Ali\AppData\Local\Temp\ccPZGYZi.s:60     .text.CellTemp_IsFaultDetectionEnabled:00000000 $t
C:\Users\Ali\AppData\Local\Temp\ccPZGYZi.s:65     .text.CellTemp_IsFaultDetectionEnabled:00000000 CellTemp_IsFaultDetectionEnabled
C:\Users\Ali\AppData\Local\Temp\ccPZGYZi.s:114    .text.CellTemp_IsFaultDetectionEnabled:00000034 $d
C:\Users\Ali\AppData\Local\Temp\ccPZGYZi.s:1964   .data.thermistor_fault_mask:00000000 thermistor_fault_mask
C:\Users\Ali\AppData\Local\Temp\ccPZGYZi.s:119    .text.CellTemp_ConfigureADCChannel:00000000 $t
C:\Users\Ali\AppData\Local\Temp\ccPZGYZi.s:124    .text.CellTemp_ConfigureADCChannel:00000000 CellTemp_ConfigureADCChannel
C:\Users\Ali\AppData\Local\Temp\ccPZGYZi.s:182    .text.CellTemp_ConfigureADCChannel:00000034 $d
C:\Users\Ali\AppData\Local\Temp\ccPZGYZi.s:187    .text.CellTemp_SendTemperatureMessage:00000000 $t
C:\Users\Ali\AppData\Local\Temp\ccPZGYZi.s:192    .text.CellTemp_SendTemperatureMessage:00000000 CellTemp_SendTemperatureMessage
C:\Users\Ali\AppData\Local\Temp\ccPZGYZi.s:395    .text.CellTemp_SendTemperatureMessage:000000b4 $d
C:\Users\Ali\AppData\Local\Temp\ccPZGYZi.s:1971   .bss.temp_state:00000000 temp_state
C:\Users\Ali\AppData\Local\Temp\ccPZGYZi.s:403    .text.CellTemp_Init:00000000 $t
C:\Users\Ali\AppData\Local\Temp\ccPZGYZi.s:409    .text.CellTemp_Init:00000000 CellTemp_Init
C:\Users\Ali\AppData\Local\Temp\ccPZGYZi.s:504    .text.CellTemp_Init:00000074 $d
C:\Users\Ali\AppData\Local\Temp\ccPZGYZi.s:511    .text.CellTemp_ReadADC:00000000 $t
C:\Users\Ali\AppData\Local\Temp\ccPZGYZi.s:517    .text.CellTemp_ReadADC:00000000 CellTemp_ReadADC
C:\Users\Ali\AppData\Local\Temp\ccPZGYZi.s:589    .text.CellTemp_ReadADC:0000003c $d
C:\Users\Ali\AppData\Local\Temp\ccPZGYZi.s:594    .text.CellTemp_SetMuxChannel:00000000 $t
C:\Users\Ali\AppData\Local\Temp\ccPZGYZi.s:600    .text.CellTemp_SetMuxChannel:00000000 CellTemp_SetMuxChannel
C:\Users\Ali\AppData\Local\Temp\ccPZGYZi.s:695    .text.CellTemp_SetMuxChannel:00000070 $d
C:\Users\Ali\AppData\Local\Temp\ccPZGYZi.s:700    .text.CellTemp_CalculateTemperature:00000000 $t
C:\Users\Ali\AppData\Local\Temp\ccPZGYZi.s:706    .text.CellTemp_CalculateTemperature:00000000 CellTemp_CalculateTemperature
C:\Users\Ali\AppData\Local\Temp\ccPZGYZi.s:829    .text.CellTemp_CalculateTemperature:000000b0 $d
C:\Users\Ali\AppData\Local\Temp\ccPZGYZi.s:844    .text.CellTemp_ReadThermistor:00000000 $t
C:\Users\Ali\AppData\Local\Temp\ccPZGYZi.s:850    .text.CellTemp_ReadThermistor:00000000 CellTemp_ReadThermistor
C:\Users\Ali\AppData\Local\Temp\ccPZGYZi.s:908    .text.CellTemp_ReadThermistor:00000030 $d
C:\Users\Ali\AppData\Local\Temp\ccPZGYZi.s:1946   .rodata.adc_channels:00000000 adc_channels
C:\Users\Ali\AppData\Local\Temp\ccPZGYZi.s:914    .text.CellTemp_MonitorTask:00000000 $t
C:\Users\Ali\AppData\Local\Temp\ccPZGYZi.s:920    .text.CellTemp_MonitorTask:00000000 CellTemp_MonitorTask
C:\Users\Ali\AppData\Local\Temp\ccPZGYZi.s:1574   .text.CellTemp_MonitorTask:000002c8 $d
C:\Users\Ali\AppData\Local\Temp\ccPZGYZi.s:1958   .data.temp_max_threshold:00000000 temp_max_threshold
C:\Users\Ali\AppData\Local\Temp\ccPZGYZi.s:1585   .text.CellTemp_SendCANData:00000000 $t
C:\Users\Ali\AppData\Local\Temp\ccPZGYZi.s:1591   .text.CellTemp_SendCANData:00000000 CellTemp_SendCANData
C:\Users\Ali\AppData\Local\Temp\ccPZGYZi.s:1669   .text.CellTemp_GetTemperatures:00000000 $t
C:\Users\Ali\AppData\Local\Temp\ccPZGYZi.s:1675   .text.CellTemp_GetTemperatures:00000000 CellTemp_GetTemperatures
C:\Users\Ali\AppData\Local\Temp\ccPZGYZi.s:1755   .text.CellTemp_GetTemperatures:00000044 $d
C:\Users\Ali\AppData\Local\Temp\ccPZGYZi.s:1761   .text.CellTemp_GetStats:00000000 $t
C:\Users\Ali\AppData\Local\Temp\ccPZGYZi.s:1767   .text.CellTemp_GetStats:00000000 CellTemp_GetStats
C:\Users\Ali\AppData\Local\Temp\ccPZGYZi.s:1800   .text.CellTemp_GetStats:00000018 $d
C:\Users\Ali\AppData\Local\Temp\ccPZGYZi.s:1805   .text.CellTemp_SetFaultMask:00000000 $t
C:\Users\Ali\AppData\Local\Temp\ccPZGYZi.s:1811   .text.CellTemp_SetFaultMask:00000000 CellTemp_SetFaultMask
C:\Users\Ali\AppData\Local\Temp\ccPZGYZi.s:1828   .text.CellTemp_SetFaultMask:00000008 $d
C:\Users\Ali\AppData\Local\Temp\ccPZGYZi.s:1833   .text.CellTemp_GetFaultMask:00000000 $t
C:\Users\Ali\AppData\Local\Temp\ccPZGYZi.s:1839   .text.CellTemp_GetFaultMask:00000000 CellTemp_GetFaultMask
C:\Users\Ali\AppData\Local\Temp\ccPZGYZi.s:1854   .text.CellTemp_GetFaultMask:00000008 $d
C:\Users\Ali\AppData\Local\Temp\ccPZGYZi.s:1859   .text.CellTemp_SetMaxTemp:00000000 $t
C:\Users\Ali\AppData\Local\Temp\ccPZGYZi.s:1865   .text.CellTemp_SetMaxTemp:00000000 CellTemp_SetMaxTemp
C:\Users\Ali\AppData\Local\Temp\ccPZGYZi.s:1897   .text.CellTemp_SetMaxTemp:00000018 $d
C:\Users\Ali\AppData\Local\Temp\ccPZGYZi.s:1902   .text.CellTemp_GetMaxTemp:00000000 $t
C:\Users\Ali\AppData\Local\Temp\ccPZGYZi.s:1908   .text.CellTemp_GetMaxTemp:00000000 CellTemp_GetMaxTemp
C:\Users\Ali\AppData\Local\Temp\ccPZGYZi.s:1932   .text.CellTemp_GetMaxTemp:00000018 $d
ARM GAS  C:\Users\Ali\AppData\Local\Temp\ccPZGYZi.s 			page 54


C:\Users\Ali\AppData\Local\Temp\ccPZGYZi.s:1937   .rodata.adc_channel_enabled:00000000 $d
C:\Users\Ali\AppData\Local\Temp\ccPZGYZi.s:1943   .rodata.adc_channels:00000000 $d
C:\Users\Ali\AppData\Local\Temp\ccPZGYZi.s:1955   .data.temp_max_threshold:00000000 $d
C:\Users\Ali\AppData\Local\Temp\ccPZGYZi.s:1961   .data.thermistor_fault_mask:00000000 $d
C:\Users\Ali\AppData\Local\Temp\ccPZGYZi.s:1968   .bss.temp_state:00000000 $d

UNDEFINED SYMBOLS
HAL_ADC_ConfigChannel
hadc1
CAN_SendMessage
CAN_TEMP_ID
memset
HAL_GPIO_WritePin
HAL_ADC_Start
HAL_ADC_PollForConversion
HAL_ADC_Stop
HAL_ADC_GetValue
osDelay
logf
osKernelGetTickCount
ErrorMgr_SetError
ErrorMgr_ClearError
