ARM GAS  C:\Users\Ali\AppData\Local\Temp\ccWQI1fJ.s 			page 1


   1              		.cpu cortex-m4
   2              		.arch armv7e-m
   3              		.fpu fpv4-sp-d16
   4              		.eabi_attribute 27, 1
   5              		.eabi_attribute 28, 1
   6              		.eabi_attribute 20, 1
   7              		.eabi_attribute 21, 1
   8              		.eabi_attribute 23, 3
   9              		.eabi_attribute 24, 1
  10              		.eabi_attribute 25, 1
  11              		.eabi_attribute 26, 1
  12              		.eabi_attribute 30, 1
  13              		.eabi_attribute 34, 1
  14              		.eabi_attribute 18, 4
  15              		.file	"config_manager.c"
  16              		.text
  17              	.Ltext0:
  18              		.cfi_sections	.debug_frame
  19              		.file 1 "Core/Src/config_manager.c"
  20              		.section	.text.__NVIC_SystemReset,"ax",%progbits
  21              		.align	1
  22              		.syntax unified
  23              		.thumb
  24              		.thumb_func
  26              	__NVIC_SystemReset:
  27              	.LFB119:
  28              		.file 2 "Drivers/CMSIS/Include/core_cm4.h"
   1:Drivers/CMSIS/Include/core_cm4.h **** /**************************************************************************//**
   2:Drivers/CMSIS/Include/core_cm4.h ****  * @file     core_cm4.h
   3:Drivers/CMSIS/Include/core_cm4.h ****  * @brief    CMSIS Cortex-M4 Core Peripheral Access Layer Header File
   4:Drivers/CMSIS/Include/core_cm4.h ****  * @version  V5.1.0
   5:Drivers/CMSIS/Include/core_cm4.h ****  * @date     13. March 2019
   6:Drivers/CMSIS/Include/core_cm4.h ****  ******************************************************************************/
   7:Drivers/CMSIS/Include/core_cm4.h **** /*
   8:Drivers/CMSIS/Include/core_cm4.h ****  * Copyright (c) 2009-2019 Arm Limited. All rights reserved.
   9:Drivers/CMSIS/Include/core_cm4.h ****  *
  10:Drivers/CMSIS/Include/core_cm4.h ****  * SPDX-License-Identifier: Apache-2.0
  11:Drivers/CMSIS/Include/core_cm4.h ****  *
  12:Drivers/CMSIS/Include/core_cm4.h ****  * Licensed under the Apache License, Version 2.0 (the License); you may
  13:Drivers/CMSIS/Include/core_cm4.h ****  * not use this file except in compliance with the License.
  14:Drivers/CMSIS/Include/core_cm4.h ****  * You may obtain a copy of the License at
  15:Drivers/CMSIS/Include/core_cm4.h ****  *
  16:Drivers/CMSIS/Include/core_cm4.h ****  * www.apache.org/licenses/LICENSE-2.0
  17:Drivers/CMSIS/Include/core_cm4.h ****  *
  18:Drivers/CMSIS/Include/core_cm4.h ****  * Unless required by applicable law or agreed to in writing, software
  19:Drivers/CMSIS/Include/core_cm4.h ****  * distributed under the License is distributed on an AS IS BASIS, WITHOUT
  20:Drivers/CMSIS/Include/core_cm4.h ****  * WARRANTIES OR CONDITIONS OF ANY KIND, either express or implied.
  21:Drivers/CMSIS/Include/core_cm4.h ****  * See the License for the specific language governing permissions and
  22:Drivers/CMSIS/Include/core_cm4.h ****  * limitations under the License.
  23:Drivers/CMSIS/Include/core_cm4.h ****  */
  24:Drivers/CMSIS/Include/core_cm4.h **** 
  25:Drivers/CMSIS/Include/core_cm4.h **** #if   defined ( __ICCARM__ )
  26:Drivers/CMSIS/Include/core_cm4.h ****   #pragma system_include         /* treat file as system include file for MISRA check */
  27:Drivers/CMSIS/Include/core_cm4.h **** #elif defined (__clang__)
  28:Drivers/CMSIS/Include/core_cm4.h ****   #pragma clang system_header   /* treat file as system include file */
  29:Drivers/CMSIS/Include/core_cm4.h **** #endif
  30:Drivers/CMSIS/Include/core_cm4.h **** 
ARM GAS  C:\Users\Ali\AppData\Local\Temp\ccWQI1fJ.s 			page 2


  31:Drivers/CMSIS/Include/core_cm4.h **** #ifndef __CORE_CM4_H_GENERIC
  32:Drivers/CMSIS/Include/core_cm4.h **** #define __CORE_CM4_H_GENERIC
  33:Drivers/CMSIS/Include/core_cm4.h **** 
  34:Drivers/CMSIS/Include/core_cm4.h **** #include <stdint.h>
  35:Drivers/CMSIS/Include/core_cm4.h **** 
  36:Drivers/CMSIS/Include/core_cm4.h **** #ifdef __cplusplus
  37:Drivers/CMSIS/Include/core_cm4.h ****  extern "C" {
  38:Drivers/CMSIS/Include/core_cm4.h **** #endif
  39:Drivers/CMSIS/Include/core_cm4.h **** 
  40:Drivers/CMSIS/Include/core_cm4.h **** /**
  41:Drivers/CMSIS/Include/core_cm4.h ****   \page CMSIS_MISRA_Exceptions  MISRA-C:2004 Compliance Exceptions
  42:Drivers/CMSIS/Include/core_cm4.h ****   CMSIS violates the following MISRA-C:2004 rules:
  43:Drivers/CMSIS/Include/core_cm4.h **** 
  44:Drivers/CMSIS/Include/core_cm4.h ****    \li Required Rule 8.5, object/function definition in header file.<br>
  45:Drivers/CMSIS/Include/core_cm4.h ****      Function definitions in header files are used to allow 'inlining'.
  46:Drivers/CMSIS/Include/core_cm4.h **** 
  47:Drivers/CMSIS/Include/core_cm4.h ****    \li Required Rule 18.4, declaration of union type or object of union type: '{...}'.<br>
  48:Drivers/CMSIS/Include/core_cm4.h ****      Unions are used for effective representation of core registers.
  49:Drivers/CMSIS/Include/core_cm4.h **** 
  50:Drivers/CMSIS/Include/core_cm4.h ****    \li Advisory Rule 19.7, Function-like macro defined.<br>
  51:Drivers/CMSIS/Include/core_cm4.h ****      Function-like macros are used to allow more efficient code.
  52:Drivers/CMSIS/Include/core_cm4.h ****  */
  53:Drivers/CMSIS/Include/core_cm4.h **** 
  54:Drivers/CMSIS/Include/core_cm4.h **** 
  55:Drivers/CMSIS/Include/core_cm4.h **** /*******************************************************************************
  56:Drivers/CMSIS/Include/core_cm4.h ****  *                 CMSIS definitions
  57:Drivers/CMSIS/Include/core_cm4.h ****  ******************************************************************************/
  58:Drivers/CMSIS/Include/core_cm4.h **** /**
  59:Drivers/CMSIS/Include/core_cm4.h ****   \ingroup Cortex_M4
  60:Drivers/CMSIS/Include/core_cm4.h ****   @{
  61:Drivers/CMSIS/Include/core_cm4.h ****  */
  62:Drivers/CMSIS/Include/core_cm4.h **** 
  63:Drivers/CMSIS/Include/core_cm4.h **** #include "cmsis_version.h"
  64:Drivers/CMSIS/Include/core_cm4.h **** 
  65:Drivers/CMSIS/Include/core_cm4.h **** /* CMSIS CM4 definitions */
  66:Drivers/CMSIS/Include/core_cm4.h **** #define __CM4_CMSIS_VERSION_MAIN  (__CM_CMSIS_VERSION_MAIN)              /*!< \deprecated [31:16] C
  67:Drivers/CMSIS/Include/core_cm4.h **** #define __CM4_CMSIS_VERSION_SUB   (__CM_CMSIS_VERSION_SUB)               /*!< \deprecated [15:0]  C
  68:Drivers/CMSIS/Include/core_cm4.h **** #define __CM4_CMSIS_VERSION       ((__CM4_CMSIS_VERSION_MAIN << 16U) | \
  69:Drivers/CMSIS/Include/core_cm4.h ****                                     __CM4_CMSIS_VERSION_SUB           )  /*!< \deprecated CMSIS HAL
  70:Drivers/CMSIS/Include/core_cm4.h **** 
  71:Drivers/CMSIS/Include/core_cm4.h **** #define __CORTEX_M                (4U)                                   /*!< Cortex-M Core */
  72:Drivers/CMSIS/Include/core_cm4.h **** 
  73:Drivers/CMSIS/Include/core_cm4.h **** /** __FPU_USED indicates whether an FPU is used or not.
  74:Drivers/CMSIS/Include/core_cm4.h ****     For this, __FPU_PRESENT has to be checked prior to making use of FPU specific registers and fun
  75:Drivers/CMSIS/Include/core_cm4.h **** */
  76:Drivers/CMSIS/Include/core_cm4.h **** #if defined ( __CC_ARM )
  77:Drivers/CMSIS/Include/core_cm4.h ****   #if defined __TARGET_FPU_VFP
  78:Drivers/CMSIS/Include/core_cm4.h ****     #if defined (__FPU_PRESENT) && (__FPU_PRESENT == 1U)
  79:Drivers/CMSIS/Include/core_cm4.h ****       #define __FPU_USED       1U
  80:Drivers/CMSIS/Include/core_cm4.h ****     #else
  81:Drivers/CMSIS/Include/core_cm4.h ****       #error "Compiler generates FPU instructions for a device without an FPU (check __FPU_PRESENT)
  82:Drivers/CMSIS/Include/core_cm4.h ****       #define __FPU_USED       0U
  83:Drivers/CMSIS/Include/core_cm4.h ****     #endif
  84:Drivers/CMSIS/Include/core_cm4.h ****   #else
  85:Drivers/CMSIS/Include/core_cm4.h ****     #define __FPU_USED         0U
  86:Drivers/CMSIS/Include/core_cm4.h ****   #endif
  87:Drivers/CMSIS/Include/core_cm4.h **** 
ARM GAS  C:\Users\Ali\AppData\Local\Temp\ccWQI1fJ.s 			page 3


  88:Drivers/CMSIS/Include/core_cm4.h **** #elif defined (__ARMCC_VERSION) && (__ARMCC_VERSION >= 6010050)
  89:Drivers/CMSIS/Include/core_cm4.h ****   #if defined __ARM_FP
  90:Drivers/CMSIS/Include/core_cm4.h ****     #if defined (__FPU_PRESENT) && (__FPU_PRESENT == 1U)
  91:Drivers/CMSIS/Include/core_cm4.h ****       #define __FPU_USED       1U
  92:Drivers/CMSIS/Include/core_cm4.h ****     #else
  93:Drivers/CMSIS/Include/core_cm4.h ****       #warning "Compiler generates FPU instructions for a device without an FPU (check __FPU_PRESEN
  94:Drivers/CMSIS/Include/core_cm4.h ****       #define __FPU_USED       0U
  95:Drivers/CMSIS/Include/core_cm4.h ****     #endif
  96:Drivers/CMSIS/Include/core_cm4.h ****   #else
  97:Drivers/CMSIS/Include/core_cm4.h ****     #define __FPU_USED         0U
  98:Drivers/CMSIS/Include/core_cm4.h ****   #endif
  99:Drivers/CMSIS/Include/core_cm4.h **** 
 100:Drivers/CMSIS/Include/core_cm4.h **** #elif defined ( __GNUC__ )
 101:Drivers/CMSIS/Include/core_cm4.h ****   #if defined (__VFP_FP__) && !defined(__SOFTFP__)
 102:Drivers/CMSIS/Include/core_cm4.h ****     #if defined (__FPU_PRESENT) && (__FPU_PRESENT == 1U)
 103:Drivers/CMSIS/Include/core_cm4.h ****       #define __FPU_USED       1U
 104:Drivers/CMSIS/Include/core_cm4.h ****     #else
 105:Drivers/CMSIS/Include/core_cm4.h ****       #error "Compiler generates FPU instructions for a device without an FPU (check __FPU_PRESENT)
 106:Drivers/CMSIS/Include/core_cm4.h ****       #define __FPU_USED       0U
 107:Drivers/CMSIS/Include/core_cm4.h ****     #endif
 108:Drivers/CMSIS/Include/core_cm4.h ****   #else
 109:Drivers/CMSIS/Include/core_cm4.h ****     #define __FPU_USED         0U
 110:Drivers/CMSIS/Include/core_cm4.h ****   #endif
 111:Drivers/CMSIS/Include/core_cm4.h **** 
 112:Drivers/CMSIS/Include/core_cm4.h **** #elif defined ( __ICCARM__ )
 113:Drivers/CMSIS/Include/core_cm4.h ****   #if defined __ARMVFP__
 114:Drivers/CMSIS/Include/core_cm4.h ****     #if defined (__FPU_PRESENT) && (__FPU_PRESENT == 1U)
 115:Drivers/CMSIS/Include/core_cm4.h ****       #define __FPU_USED       1U
 116:Drivers/CMSIS/Include/core_cm4.h ****     #else
 117:Drivers/CMSIS/Include/core_cm4.h ****       #error "Compiler generates FPU instructions for a device without an FPU (check __FPU_PRESENT)
 118:Drivers/CMSIS/Include/core_cm4.h ****       #define __FPU_USED       0U
 119:Drivers/CMSIS/Include/core_cm4.h ****     #endif
 120:Drivers/CMSIS/Include/core_cm4.h ****   #else
 121:Drivers/CMSIS/Include/core_cm4.h ****     #define __FPU_USED         0U
 122:Drivers/CMSIS/Include/core_cm4.h ****   #endif
 123:Drivers/CMSIS/Include/core_cm4.h **** 
 124:Drivers/CMSIS/Include/core_cm4.h **** #elif defined ( __TI_ARM__ )
 125:Drivers/CMSIS/Include/core_cm4.h ****   #if defined __TI_VFP_SUPPORT__
 126:Drivers/CMSIS/Include/core_cm4.h ****     #if defined (__FPU_PRESENT) && (__FPU_PRESENT == 1U)
 127:Drivers/CMSIS/Include/core_cm4.h ****       #define __FPU_USED       1U
 128:Drivers/CMSIS/Include/core_cm4.h ****     #else
 129:Drivers/CMSIS/Include/core_cm4.h ****       #error "Compiler generates FPU instructions for a device without an FPU (check __FPU_PRESENT)
 130:Drivers/CMSIS/Include/core_cm4.h ****       #define __FPU_USED       0U
 131:Drivers/CMSIS/Include/core_cm4.h ****     #endif
 132:Drivers/CMSIS/Include/core_cm4.h ****   #else
 133:Drivers/CMSIS/Include/core_cm4.h ****     #define __FPU_USED         0U
 134:Drivers/CMSIS/Include/core_cm4.h ****   #endif
 135:Drivers/CMSIS/Include/core_cm4.h **** 
 136:Drivers/CMSIS/Include/core_cm4.h **** #elif defined ( __TASKING__ )
 137:Drivers/CMSIS/Include/core_cm4.h ****   #if defined __FPU_VFP__
 138:Drivers/CMSIS/Include/core_cm4.h ****     #if defined (__FPU_PRESENT) && (__FPU_PRESENT == 1U)
 139:Drivers/CMSIS/Include/core_cm4.h ****       #define __FPU_USED       1U
 140:Drivers/CMSIS/Include/core_cm4.h ****     #else
 141:Drivers/CMSIS/Include/core_cm4.h ****       #error "Compiler generates FPU instructions for a device without an FPU (check __FPU_PRESENT)
 142:Drivers/CMSIS/Include/core_cm4.h ****       #define __FPU_USED       0U
 143:Drivers/CMSIS/Include/core_cm4.h ****     #endif
 144:Drivers/CMSIS/Include/core_cm4.h ****   #else
ARM GAS  C:\Users\Ali\AppData\Local\Temp\ccWQI1fJ.s 			page 4


 145:Drivers/CMSIS/Include/core_cm4.h ****     #define __FPU_USED         0U
 146:Drivers/CMSIS/Include/core_cm4.h ****   #endif
 147:Drivers/CMSIS/Include/core_cm4.h **** 
 148:Drivers/CMSIS/Include/core_cm4.h **** #elif defined ( __CSMC__ )
 149:Drivers/CMSIS/Include/core_cm4.h ****   #if ( __CSMC__ & 0x400U)
 150:Drivers/CMSIS/Include/core_cm4.h ****     #if defined (__FPU_PRESENT) && (__FPU_PRESENT == 1U)
 151:Drivers/CMSIS/Include/core_cm4.h ****       #define __FPU_USED       1U
 152:Drivers/CMSIS/Include/core_cm4.h ****     #else
 153:Drivers/CMSIS/Include/core_cm4.h ****       #error "Compiler generates FPU instructions for a device without an FPU (check __FPU_PRESENT)
 154:Drivers/CMSIS/Include/core_cm4.h ****       #define __FPU_USED       0U
 155:Drivers/CMSIS/Include/core_cm4.h ****     #endif
 156:Drivers/CMSIS/Include/core_cm4.h ****   #else
 157:Drivers/CMSIS/Include/core_cm4.h ****     #define __FPU_USED         0U
 158:Drivers/CMSIS/Include/core_cm4.h ****   #endif
 159:Drivers/CMSIS/Include/core_cm4.h **** 
 160:Drivers/CMSIS/Include/core_cm4.h **** #endif
 161:Drivers/CMSIS/Include/core_cm4.h **** 
 162:Drivers/CMSIS/Include/core_cm4.h **** #include "cmsis_compiler.h"               /* CMSIS compiler specific defines */
 163:Drivers/CMSIS/Include/core_cm4.h **** 
 164:Drivers/CMSIS/Include/core_cm4.h **** 
 165:Drivers/CMSIS/Include/core_cm4.h **** #ifdef __cplusplus
 166:Drivers/CMSIS/Include/core_cm4.h **** }
 167:Drivers/CMSIS/Include/core_cm4.h **** #endif
 168:Drivers/CMSIS/Include/core_cm4.h **** 
 169:Drivers/CMSIS/Include/core_cm4.h **** #endif /* __CORE_CM4_H_GENERIC */
 170:Drivers/CMSIS/Include/core_cm4.h **** 
 171:Drivers/CMSIS/Include/core_cm4.h **** #ifndef __CMSIS_GENERIC
 172:Drivers/CMSIS/Include/core_cm4.h **** 
 173:Drivers/CMSIS/Include/core_cm4.h **** #ifndef __CORE_CM4_H_DEPENDANT
 174:Drivers/CMSIS/Include/core_cm4.h **** #define __CORE_CM4_H_DEPENDANT
 175:Drivers/CMSIS/Include/core_cm4.h **** 
 176:Drivers/CMSIS/Include/core_cm4.h **** #ifdef __cplusplus
 177:Drivers/CMSIS/Include/core_cm4.h ****  extern "C" {
 178:Drivers/CMSIS/Include/core_cm4.h **** #endif
 179:Drivers/CMSIS/Include/core_cm4.h **** 
 180:Drivers/CMSIS/Include/core_cm4.h **** /* check device defines and use defaults */
 181:Drivers/CMSIS/Include/core_cm4.h **** #if defined __CHECK_DEVICE_DEFINES
 182:Drivers/CMSIS/Include/core_cm4.h ****   #ifndef __CM4_REV
 183:Drivers/CMSIS/Include/core_cm4.h ****     #define __CM4_REV               0x0000U
 184:Drivers/CMSIS/Include/core_cm4.h ****     #warning "__CM4_REV not defined in device header file; using default!"
 185:Drivers/CMSIS/Include/core_cm4.h ****   #endif
 186:Drivers/CMSIS/Include/core_cm4.h **** 
 187:Drivers/CMSIS/Include/core_cm4.h ****   #ifndef __FPU_PRESENT
 188:Drivers/CMSIS/Include/core_cm4.h ****     #define __FPU_PRESENT             0U
 189:Drivers/CMSIS/Include/core_cm4.h ****     #warning "__FPU_PRESENT not defined in device header file; using default!"
 190:Drivers/CMSIS/Include/core_cm4.h ****   #endif
 191:Drivers/CMSIS/Include/core_cm4.h **** 
 192:Drivers/CMSIS/Include/core_cm4.h ****   #ifndef __MPU_PRESENT
 193:Drivers/CMSIS/Include/core_cm4.h ****     #define __MPU_PRESENT             0U
 194:Drivers/CMSIS/Include/core_cm4.h ****     #warning "__MPU_PRESENT not defined in device header file; using default!"
 195:Drivers/CMSIS/Include/core_cm4.h ****   #endif
 196:Drivers/CMSIS/Include/core_cm4.h **** 
 197:Drivers/CMSIS/Include/core_cm4.h ****   #ifndef __NVIC_PRIO_BITS
 198:Drivers/CMSIS/Include/core_cm4.h ****     #define __NVIC_PRIO_BITS          3U
 199:Drivers/CMSIS/Include/core_cm4.h ****     #warning "__NVIC_PRIO_BITS not defined in device header file; using default!"
 200:Drivers/CMSIS/Include/core_cm4.h ****   #endif
 201:Drivers/CMSIS/Include/core_cm4.h **** 
ARM GAS  C:\Users\Ali\AppData\Local\Temp\ccWQI1fJ.s 			page 5


 202:Drivers/CMSIS/Include/core_cm4.h ****   #ifndef __Vendor_SysTickConfig
 203:Drivers/CMSIS/Include/core_cm4.h ****     #define __Vendor_SysTickConfig    0U
 204:Drivers/CMSIS/Include/core_cm4.h ****     #warning "__Vendor_SysTickConfig not defined in device header file; using default!"
 205:Drivers/CMSIS/Include/core_cm4.h ****   #endif
 206:Drivers/CMSIS/Include/core_cm4.h **** #endif
 207:Drivers/CMSIS/Include/core_cm4.h **** 
 208:Drivers/CMSIS/Include/core_cm4.h **** /* IO definitions (access restrictions to peripheral registers) */
 209:Drivers/CMSIS/Include/core_cm4.h **** /**
 210:Drivers/CMSIS/Include/core_cm4.h ****     \defgroup CMSIS_glob_defs CMSIS Global Defines
 211:Drivers/CMSIS/Include/core_cm4.h **** 
 212:Drivers/CMSIS/Include/core_cm4.h ****     <strong>IO Type Qualifiers</strong> are used
 213:Drivers/CMSIS/Include/core_cm4.h ****     \li to specify the access to peripheral variables.
 214:Drivers/CMSIS/Include/core_cm4.h ****     \li for automatic generation of peripheral register debug information.
 215:Drivers/CMSIS/Include/core_cm4.h **** */
 216:Drivers/CMSIS/Include/core_cm4.h **** #ifdef __cplusplus
 217:Drivers/CMSIS/Include/core_cm4.h ****   #define   __I     volatile             /*!< Defines 'read only' permissions */
 218:Drivers/CMSIS/Include/core_cm4.h **** #else
 219:Drivers/CMSIS/Include/core_cm4.h ****   #define   __I     volatile const       /*!< Defines 'read only' permissions */
 220:Drivers/CMSIS/Include/core_cm4.h **** #endif
 221:Drivers/CMSIS/Include/core_cm4.h **** #define     __O     volatile             /*!< Defines 'write only' permissions */
 222:Drivers/CMSIS/Include/core_cm4.h **** #define     __IO    volatile             /*!< Defines 'read / write' permissions */
 223:Drivers/CMSIS/Include/core_cm4.h **** 
 224:Drivers/CMSIS/Include/core_cm4.h **** /* following defines should be used for structure members */
 225:Drivers/CMSIS/Include/core_cm4.h **** #define     __IM     volatile const      /*! Defines 'read only' structure member permissions */
 226:Drivers/CMSIS/Include/core_cm4.h **** #define     __OM     volatile            /*! Defines 'write only' structure member permissions */
 227:Drivers/CMSIS/Include/core_cm4.h **** #define     __IOM    volatile            /*! Defines 'read / write' structure member permissions */
 228:Drivers/CMSIS/Include/core_cm4.h **** 
 229:Drivers/CMSIS/Include/core_cm4.h **** /*@} end of group Cortex_M4 */
 230:Drivers/CMSIS/Include/core_cm4.h **** 
 231:Drivers/CMSIS/Include/core_cm4.h **** 
 232:Drivers/CMSIS/Include/core_cm4.h **** 
 233:Drivers/CMSIS/Include/core_cm4.h **** /*******************************************************************************
 234:Drivers/CMSIS/Include/core_cm4.h ****  *                 Register Abstraction
 235:Drivers/CMSIS/Include/core_cm4.h ****   Core Register contain:
 236:Drivers/CMSIS/Include/core_cm4.h ****   - Core Register
 237:Drivers/CMSIS/Include/core_cm4.h ****   - Core NVIC Register
 238:Drivers/CMSIS/Include/core_cm4.h ****   - Core SCB Register
 239:Drivers/CMSIS/Include/core_cm4.h ****   - Core SysTick Register
 240:Drivers/CMSIS/Include/core_cm4.h ****   - Core Debug Register
 241:Drivers/CMSIS/Include/core_cm4.h ****   - Core MPU Register
 242:Drivers/CMSIS/Include/core_cm4.h ****   - Core FPU Register
 243:Drivers/CMSIS/Include/core_cm4.h ****  ******************************************************************************/
 244:Drivers/CMSIS/Include/core_cm4.h **** /**
 245:Drivers/CMSIS/Include/core_cm4.h ****   \defgroup CMSIS_core_register Defines and Type Definitions
 246:Drivers/CMSIS/Include/core_cm4.h ****   \brief Type definitions and defines for Cortex-M processor based devices.
 247:Drivers/CMSIS/Include/core_cm4.h **** */
 248:Drivers/CMSIS/Include/core_cm4.h **** 
 249:Drivers/CMSIS/Include/core_cm4.h **** /**
 250:Drivers/CMSIS/Include/core_cm4.h ****   \ingroup    CMSIS_core_register
 251:Drivers/CMSIS/Include/core_cm4.h ****   \defgroup   CMSIS_CORE  Status and Control Registers
 252:Drivers/CMSIS/Include/core_cm4.h ****   \brief      Core Register type definitions.
 253:Drivers/CMSIS/Include/core_cm4.h ****   @{
 254:Drivers/CMSIS/Include/core_cm4.h ****  */
 255:Drivers/CMSIS/Include/core_cm4.h **** 
 256:Drivers/CMSIS/Include/core_cm4.h **** /**
 257:Drivers/CMSIS/Include/core_cm4.h ****   \brief  Union type to access the Application Program Status Register (APSR).
 258:Drivers/CMSIS/Include/core_cm4.h ****  */
ARM GAS  C:\Users\Ali\AppData\Local\Temp\ccWQI1fJ.s 			page 6


 259:Drivers/CMSIS/Include/core_cm4.h **** typedef union
 260:Drivers/CMSIS/Include/core_cm4.h **** {
 261:Drivers/CMSIS/Include/core_cm4.h ****   struct
 262:Drivers/CMSIS/Include/core_cm4.h ****   {
 263:Drivers/CMSIS/Include/core_cm4.h ****     uint32_t _reserved0:16;              /*!< bit:  0..15  Reserved */
 264:Drivers/CMSIS/Include/core_cm4.h ****     uint32_t GE:4;                       /*!< bit: 16..19  Greater than or Equal flags */
 265:Drivers/CMSIS/Include/core_cm4.h ****     uint32_t _reserved1:7;               /*!< bit: 20..26  Reserved */
 266:Drivers/CMSIS/Include/core_cm4.h ****     uint32_t Q:1;                        /*!< bit:     27  Saturation condition flag */
 267:Drivers/CMSIS/Include/core_cm4.h ****     uint32_t V:1;                        /*!< bit:     28  Overflow condition code flag */
 268:Drivers/CMSIS/Include/core_cm4.h ****     uint32_t C:1;                        /*!< bit:     29  Carry condition code flag */
 269:Drivers/CMSIS/Include/core_cm4.h ****     uint32_t Z:1;                        /*!< bit:     30  Zero condition code flag */
 270:Drivers/CMSIS/Include/core_cm4.h ****     uint32_t N:1;                        /*!< bit:     31  Negative condition code flag */
 271:Drivers/CMSIS/Include/core_cm4.h ****   } b;                                   /*!< Structure used for bit  access */
 272:Drivers/CMSIS/Include/core_cm4.h ****   uint32_t w;                            /*!< Type      used for word access */
 273:Drivers/CMSIS/Include/core_cm4.h **** } APSR_Type;
 274:Drivers/CMSIS/Include/core_cm4.h **** 
 275:Drivers/CMSIS/Include/core_cm4.h **** /* APSR Register Definitions */
 276:Drivers/CMSIS/Include/core_cm4.h **** #define APSR_N_Pos                         31U                                            /*!< APSR
 277:Drivers/CMSIS/Include/core_cm4.h **** #define APSR_N_Msk                         (1UL << APSR_N_Pos)                            /*!< APSR
 278:Drivers/CMSIS/Include/core_cm4.h **** 
 279:Drivers/CMSIS/Include/core_cm4.h **** #define APSR_Z_Pos                         30U                                            /*!< APSR
 280:Drivers/CMSIS/Include/core_cm4.h **** #define APSR_Z_Msk                         (1UL << APSR_Z_Pos)                            /*!< APSR
 281:Drivers/CMSIS/Include/core_cm4.h **** 
 282:Drivers/CMSIS/Include/core_cm4.h **** #define APSR_C_Pos                         29U                                            /*!< APSR
 283:Drivers/CMSIS/Include/core_cm4.h **** #define APSR_C_Msk                         (1UL << APSR_C_Pos)                            /*!< APSR
 284:Drivers/CMSIS/Include/core_cm4.h **** 
 285:Drivers/CMSIS/Include/core_cm4.h **** #define APSR_V_Pos                         28U                                            /*!< APSR
 286:Drivers/CMSIS/Include/core_cm4.h **** #define APSR_V_Msk                         (1UL << APSR_V_Pos)                            /*!< APSR
 287:Drivers/CMSIS/Include/core_cm4.h **** 
 288:Drivers/CMSIS/Include/core_cm4.h **** #define APSR_Q_Pos                         27U                                            /*!< APSR
 289:Drivers/CMSIS/Include/core_cm4.h **** #define APSR_Q_Msk                         (1UL << APSR_Q_Pos)                            /*!< APSR
 290:Drivers/CMSIS/Include/core_cm4.h **** 
 291:Drivers/CMSIS/Include/core_cm4.h **** #define APSR_GE_Pos                        16U                                            /*!< APSR
 292:Drivers/CMSIS/Include/core_cm4.h **** #define APSR_GE_Msk                        (0xFUL << APSR_GE_Pos)                         /*!< APSR
 293:Drivers/CMSIS/Include/core_cm4.h **** 
 294:Drivers/CMSIS/Include/core_cm4.h **** 
 295:Drivers/CMSIS/Include/core_cm4.h **** /**
 296:Drivers/CMSIS/Include/core_cm4.h ****   \brief  Union type to access the Interrupt Program Status Register (IPSR).
 297:Drivers/CMSIS/Include/core_cm4.h ****  */
 298:Drivers/CMSIS/Include/core_cm4.h **** typedef union
 299:Drivers/CMSIS/Include/core_cm4.h **** {
 300:Drivers/CMSIS/Include/core_cm4.h ****   struct
 301:Drivers/CMSIS/Include/core_cm4.h ****   {
 302:Drivers/CMSIS/Include/core_cm4.h ****     uint32_t ISR:9;                      /*!< bit:  0.. 8  Exception number */
 303:Drivers/CMSIS/Include/core_cm4.h ****     uint32_t _reserved0:23;              /*!< bit:  9..31  Reserved */
 304:Drivers/CMSIS/Include/core_cm4.h ****   } b;                                   /*!< Structure used for bit  access */
 305:Drivers/CMSIS/Include/core_cm4.h ****   uint32_t w;                            /*!< Type      used for word access */
 306:Drivers/CMSIS/Include/core_cm4.h **** } IPSR_Type;
 307:Drivers/CMSIS/Include/core_cm4.h **** 
 308:Drivers/CMSIS/Include/core_cm4.h **** /* IPSR Register Definitions */
 309:Drivers/CMSIS/Include/core_cm4.h **** #define IPSR_ISR_Pos                        0U                                            /*!< IPSR
 310:Drivers/CMSIS/Include/core_cm4.h **** #define IPSR_ISR_Msk                       (0x1FFUL /*<< IPSR_ISR_Pos*/)                  /*!< IPSR
 311:Drivers/CMSIS/Include/core_cm4.h **** 
 312:Drivers/CMSIS/Include/core_cm4.h **** 
 313:Drivers/CMSIS/Include/core_cm4.h **** /**
 314:Drivers/CMSIS/Include/core_cm4.h ****   \brief  Union type to access the Special-Purpose Program Status Registers (xPSR).
 315:Drivers/CMSIS/Include/core_cm4.h ****  */
ARM GAS  C:\Users\Ali\AppData\Local\Temp\ccWQI1fJ.s 			page 7


 316:Drivers/CMSIS/Include/core_cm4.h **** typedef union
 317:Drivers/CMSIS/Include/core_cm4.h **** {
 318:Drivers/CMSIS/Include/core_cm4.h ****   struct
 319:Drivers/CMSIS/Include/core_cm4.h ****   {
 320:Drivers/CMSIS/Include/core_cm4.h ****     uint32_t ISR:9;                      /*!< bit:  0.. 8  Exception number */
 321:Drivers/CMSIS/Include/core_cm4.h ****     uint32_t _reserved0:1;               /*!< bit:      9  Reserved */
 322:Drivers/CMSIS/Include/core_cm4.h ****     uint32_t ICI_IT_1:6;                 /*!< bit: 10..15  ICI/IT part 1 */
 323:Drivers/CMSIS/Include/core_cm4.h ****     uint32_t GE:4;                       /*!< bit: 16..19  Greater than or Equal flags */
 324:Drivers/CMSIS/Include/core_cm4.h ****     uint32_t _reserved1:4;               /*!< bit: 20..23  Reserved */
 325:Drivers/CMSIS/Include/core_cm4.h ****     uint32_t T:1;                        /*!< bit:     24  Thumb bit */
 326:Drivers/CMSIS/Include/core_cm4.h ****     uint32_t ICI_IT_2:2;                 /*!< bit: 25..26  ICI/IT part 2 */
 327:Drivers/CMSIS/Include/core_cm4.h ****     uint32_t Q:1;                        /*!< bit:     27  Saturation condition flag */
 328:Drivers/CMSIS/Include/core_cm4.h ****     uint32_t V:1;                        /*!< bit:     28  Overflow condition code flag */
 329:Drivers/CMSIS/Include/core_cm4.h ****     uint32_t C:1;                        /*!< bit:     29  Carry condition code flag */
 330:Drivers/CMSIS/Include/core_cm4.h ****     uint32_t Z:1;                        /*!< bit:     30  Zero condition code flag */
 331:Drivers/CMSIS/Include/core_cm4.h ****     uint32_t N:1;                        /*!< bit:     31  Negative condition code flag */
 332:Drivers/CMSIS/Include/core_cm4.h ****   } b;                                   /*!< Structure used for bit  access */
 333:Drivers/CMSIS/Include/core_cm4.h ****   uint32_t w;                            /*!< Type      used for word access */
 334:Drivers/CMSIS/Include/core_cm4.h **** } xPSR_Type;
 335:Drivers/CMSIS/Include/core_cm4.h **** 
 336:Drivers/CMSIS/Include/core_cm4.h **** /* xPSR Register Definitions */
 337:Drivers/CMSIS/Include/core_cm4.h **** #define xPSR_N_Pos                         31U                                            /*!< xPSR
 338:Drivers/CMSIS/Include/core_cm4.h **** #define xPSR_N_Msk                         (1UL << xPSR_N_Pos)                            /*!< xPSR
 339:Drivers/CMSIS/Include/core_cm4.h **** 
 340:Drivers/CMSIS/Include/core_cm4.h **** #define xPSR_Z_Pos                         30U                                            /*!< xPSR
 341:Drivers/CMSIS/Include/core_cm4.h **** #define xPSR_Z_Msk                         (1UL << xPSR_Z_Pos)                            /*!< xPSR
 342:Drivers/CMSIS/Include/core_cm4.h **** 
 343:Drivers/CMSIS/Include/core_cm4.h **** #define xPSR_C_Pos                         29U                                            /*!< xPSR
 344:Drivers/CMSIS/Include/core_cm4.h **** #define xPSR_C_Msk                         (1UL << xPSR_C_Pos)                            /*!< xPSR
 345:Drivers/CMSIS/Include/core_cm4.h **** 
 346:Drivers/CMSIS/Include/core_cm4.h **** #define xPSR_V_Pos                         28U                                            /*!< xPSR
 347:Drivers/CMSIS/Include/core_cm4.h **** #define xPSR_V_Msk                         (1UL << xPSR_V_Pos)                            /*!< xPSR
 348:Drivers/CMSIS/Include/core_cm4.h **** 
 349:Drivers/CMSIS/Include/core_cm4.h **** #define xPSR_Q_Pos                         27U                                            /*!< xPSR
 350:Drivers/CMSIS/Include/core_cm4.h **** #define xPSR_Q_Msk                         (1UL << xPSR_Q_Pos)                            /*!< xPSR
 351:Drivers/CMSIS/Include/core_cm4.h **** 
 352:Drivers/CMSIS/Include/core_cm4.h **** #define xPSR_ICI_IT_2_Pos                  25U                                            /*!< xPSR
 353:Drivers/CMSIS/Include/core_cm4.h **** #define xPSR_ICI_IT_2_Msk                  (3UL << xPSR_ICI_IT_2_Pos)                     /*!< xPSR
 354:Drivers/CMSIS/Include/core_cm4.h **** 
 355:Drivers/CMSIS/Include/core_cm4.h **** #define xPSR_T_Pos                         24U                                            /*!< xPSR
 356:Drivers/CMSIS/Include/core_cm4.h **** #define xPSR_T_Msk                         (1UL << xPSR_T_Pos)                            /*!< xPSR
 357:Drivers/CMSIS/Include/core_cm4.h **** 
 358:Drivers/CMSIS/Include/core_cm4.h **** #define xPSR_GE_Pos                        16U                                            /*!< xPSR
 359:Drivers/CMSIS/Include/core_cm4.h **** #define xPSR_GE_Msk                        (0xFUL << xPSR_GE_Pos)                         /*!< xPSR
 360:Drivers/CMSIS/Include/core_cm4.h **** 
 361:Drivers/CMSIS/Include/core_cm4.h **** #define xPSR_ICI_IT_1_Pos                  10U                                            /*!< xPSR
 362:Drivers/CMSIS/Include/core_cm4.h **** #define xPSR_ICI_IT_1_Msk                  (0x3FUL << xPSR_ICI_IT_1_Pos)                  /*!< xPSR
 363:Drivers/CMSIS/Include/core_cm4.h **** 
 364:Drivers/CMSIS/Include/core_cm4.h **** #define xPSR_ISR_Pos                        0U                                            /*!< xPSR
 365:Drivers/CMSIS/Include/core_cm4.h **** #define xPSR_ISR_Msk                       (0x1FFUL /*<< xPSR_ISR_Pos*/)                  /*!< xPSR
 366:Drivers/CMSIS/Include/core_cm4.h **** 
 367:Drivers/CMSIS/Include/core_cm4.h **** 
 368:Drivers/CMSIS/Include/core_cm4.h **** /**
 369:Drivers/CMSIS/Include/core_cm4.h ****   \brief  Union type to access the Control Registers (CONTROL).
 370:Drivers/CMSIS/Include/core_cm4.h ****  */
 371:Drivers/CMSIS/Include/core_cm4.h **** typedef union
 372:Drivers/CMSIS/Include/core_cm4.h **** {
ARM GAS  C:\Users\Ali\AppData\Local\Temp\ccWQI1fJ.s 			page 8


 373:Drivers/CMSIS/Include/core_cm4.h ****   struct
 374:Drivers/CMSIS/Include/core_cm4.h ****   {
 375:Drivers/CMSIS/Include/core_cm4.h ****     uint32_t nPRIV:1;                    /*!< bit:      0  Execution privilege in Thread mode */
 376:Drivers/CMSIS/Include/core_cm4.h ****     uint32_t SPSEL:1;                    /*!< bit:      1  Stack to be used */
 377:Drivers/CMSIS/Include/core_cm4.h ****     uint32_t FPCA:1;                     /*!< bit:      2  FP extension active flag */
 378:Drivers/CMSIS/Include/core_cm4.h ****     uint32_t _reserved0:29;              /*!< bit:  3..31  Reserved */
 379:Drivers/CMSIS/Include/core_cm4.h ****   } b;                                   /*!< Structure used for bit  access */
 380:Drivers/CMSIS/Include/core_cm4.h ****   uint32_t w;                            /*!< Type      used for word access */
 381:Drivers/CMSIS/Include/core_cm4.h **** } CONTROL_Type;
 382:Drivers/CMSIS/Include/core_cm4.h **** 
 383:Drivers/CMSIS/Include/core_cm4.h **** /* CONTROL Register Definitions */
 384:Drivers/CMSIS/Include/core_cm4.h **** #define CONTROL_FPCA_Pos                    2U                                            /*!< CONT
 385:Drivers/CMSIS/Include/core_cm4.h **** #define CONTROL_FPCA_Msk                   (1UL << CONTROL_FPCA_Pos)                      /*!< CONT
 386:Drivers/CMSIS/Include/core_cm4.h **** 
 387:Drivers/CMSIS/Include/core_cm4.h **** #define CONTROL_SPSEL_Pos                   1U                                            /*!< CONT
 388:Drivers/CMSIS/Include/core_cm4.h **** #define CONTROL_SPSEL_Msk                  (1UL << CONTROL_SPSEL_Pos)                     /*!< CONT
 389:Drivers/CMSIS/Include/core_cm4.h **** 
 390:Drivers/CMSIS/Include/core_cm4.h **** #define CONTROL_nPRIV_Pos                   0U                                            /*!< CONT
 391:Drivers/CMSIS/Include/core_cm4.h **** #define CONTROL_nPRIV_Msk                  (1UL /*<< CONTROL_nPRIV_Pos*/)                 /*!< CONT
 392:Drivers/CMSIS/Include/core_cm4.h **** 
 393:Drivers/CMSIS/Include/core_cm4.h **** /*@} end of group CMSIS_CORE */
 394:Drivers/CMSIS/Include/core_cm4.h **** 
 395:Drivers/CMSIS/Include/core_cm4.h **** 
 396:Drivers/CMSIS/Include/core_cm4.h **** /**
 397:Drivers/CMSIS/Include/core_cm4.h ****   \ingroup    CMSIS_core_register
 398:Drivers/CMSIS/Include/core_cm4.h ****   \defgroup   CMSIS_NVIC  Nested Vectored Interrupt Controller (NVIC)
 399:Drivers/CMSIS/Include/core_cm4.h ****   \brief      Type definitions for the NVIC Registers
 400:Drivers/CMSIS/Include/core_cm4.h ****   @{
 401:Drivers/CMSIS/Include/core_cm4.h ****  */
 402:Drivers/CMSIS/Include/core_cm4.h **** 
 403:Drivers/CMSIS/Include/core_cm4.h **** /**
 404:Drivers/CMSIS/Include/core_cm4.h ****   \brief  Structure type to access the Nested Vectored Interrupt Controller (NVIC).
 405:Drivers/CMSIS/Include/core_cm4.h ****  */
 406:Drivers/CMSIS/Include/core_cm4.h **** typedef struct
 407:Drivers/CMSIS/Include/core_cm4.h **** {
 408:Drivers/CMSIS/Include/core_cm4.h ****   __IOM uint32_t ISER[8U];               /*!< Offset: 0x000 (R/W)  Interrupt Set Enable Register */
 409:Drivers/CMSIS/Include/core_cm4.h ****         uint32_t RESERVED0[24U];
 410:Drivers/CMSIS/Include/core_cm4.h ****   __IOM uint32_t ICER[8U];               /*!< Offset: 0x080 (R/W)  Interrupt Clear Enable Register 
 411:Drivers/CMSIS/Include/core_cm4.h ****         uint32_t RESERVED1[24U];
 412:Drivers/CMSIS/Include/core_cm4.h ****   __IOM uint32_t ISPR[8U];               /*!< Offset: 0x100 (R/W)  Interrupt Set Pending Register *
 413:Drivers/CMSIS/Include/core_cm4.h ****         uint32_t RESERVED2[24U];
 414:Drivers/CMSIS/Include/core_cm4.h ****   __IOM uint32_t ICPR[8U];               /*!< Offset: 0x180 (R/W)  Interrupt Clear Pending Register
 415:Drivers/CMSIS/Include/core_cm4.h ****         uint32_t RESERVED3[24U];
 416:Drivers/CMSIS/Include/core_cm4.h ****   __IOM uint32_t IABR[8U];               /*!< Offset: 0x200 (R/W)  Interrupt Active bit Register */
 417:Drivers/CMSIS/Include/core_cm4.h ****         uint32_t RESERVED4[56U];
 418:Drivers/CMSIS/Include/core_cm4.h ****   __IOM uint8_t  IP[240U];               /*!< Offset: 0x300 (R/W)  Interrupt Priority Register (8Bi
 419:Drivers/CMSIS/Include/core_cm4.h ****         uint32_t RESERVED5[644U];
 420:Drivers/CMSIS/Include/core_cm4.h ****   __OM  uint32_t STIR;                   /*!< Offset: 0xE00 ( /W)  Software Trigger Interrupt Regis
 421:Drivers/CMSIS/Include/core_cm4.h **** }  NVIC_Type;
 422:Drivers/CMSIS/Include/core_cm4.h **** 
 423:Drivers/CMSIS/Include/core_cm4.h **** /* Software Triggered Interrupt Register Definitions */
 424:Drivers/CMSIS/Include/core_cm4.h **** #define NVIC_STIR_INTID_Pos                 0U                                         /*!< STIR: I
 425:Drivers/CMSIS/Include/core_cm4.h **** #define NVIC_STIR_INTID_Msk                (0x1FFUL /*<< NVIC_STIR_INTID_Pos*/)        /*!< STIR: I
 426:Drivers/CMSIS/Include/core_cm4.h **** 
 427:Drivers/CMSIS/Include/core_cm4.h **** /*@} end of group CMSIS_NVIC */
 428:Drivers/CMSIS/Include/core_cm4.h **** 
 429:Drivers/CMSIS/Include/core_cm4.h **** 
ARM GAS  C:\Users\Ali\AppData\Local\Temp\ccWQI1fJ.s 			page 9


 430:Drivers/CMSIS/Include/core_cm4.h **** /**
 431:Drivers/CMSIS/Include/core_cm4.h ****   \ingroup  CMSIS_core_register
 432:Drivers/CMSIS/Include/core_cm4.h ****   \defgroup CMSIS_SCB     System Control Block (SCB)
 433:Drivers/CMSIS/Include/core_cm4.h ****   \brief    Type definitions for the System Control Block Registers
 434:Drivers/CMSIS/Include/core_cm4.h ****   @{
 435:Drivers/CMSIS/Include/core_cm4.h ****  */
 436:Drivers/CMSIS/Include/core_cm4.h **** 
 437:Drivers/CMSIS/Include/core_cm4.h **** /**
 438:Drivers/CMSIS/Include/core_cm4.h ****   \brief  Structure type to access the System Control Block (SCB).
 439:Drivers/CMSIS/Include/core_cm4.h ****  */
 440:Drivers/CMSIS/Include/core_cm4.h **** typedef struct
 441:Drivers/CMSIS/Include/core_cm4.h **** {
 442:Drivers/CMSIS/Include/core_cm4.h ****   __IM  uint32_t CPUID;                  /*!< Offset: 0x000 (R/ )  CPUID Base Register */
 443:Drivers/CMSIS/Include/core_cm4.h ****   __IOM uint32_t ICSR;                   /*!< Offset: 0x004 (R/W)  Interrupt Control and State Regi
 444:Drivers/CMSIS/Include/core_cm4.h ****   __IOM uint32_t VTOR;                   /*!< Offset: 0x008 (R/W)  Vector Table Offset Register */
 445:Drivers/CMSIS/Include/core_cm4.h ****   __IOM uint32_t AIRCR;                  /*!< Offset: 0x00C (R/W)  Application Interrupt and Reset 
 446:Drivers/CMSIS/Include/core_cm4.h ****   __IOM uint32_t SCR;                    /*!< Offset: 0x010 (R/W)  System Control Register */
 447:Drivers/CMSIS/Include/core_cm4.h ****   __IOM uint32_t CCR;                    /*!< Offset: 0x014 (R/W)  Configuration Control Register *
 448:Drivers/CMSIS/Include/core_cm4.h ****   __IOM uint8_t  SHP[12U];               /*!< Offset: 0x018 (R/W)  System Handlers Priority Registe
 449:Drivers/CMSIS/Include/core_cm4.h ****   __IOM uint32_t SHCSR;                  /*!< Offset: 0x024 (R/W)  System Handler Control and State
 450:Drivers/CMSIS/Include/core_cm4.h ****   __IOM uint32_t CFSR;                   /*!< Offset: 0x028 (R/W)  Configurable Fault Status Regist
 451:Drivers/CMSIS/Include/core_cm4.h ****   __IOM uint32_t HFSR;                   /*!< Offset: 0x02C (R/W)  HardFault Status Register */
 452:Drivers/CMSIS/Include/core_cm4.h ****   __IOM uint32_t DFSR;                   /*!< Offset: 0x030 (R/W)  Debug Fault Status Register */
 453:Drivers/CMSIS/Include/core_cm4.h ****   __IOM uint32_t MMFAR;                  /*!< Offset: 0x034 (R/W)  MemManage Fault Address Register
 454:Drivers/CMSIS/Include/core_cm4.h ****   __IOM uint32_t BFAR;                   /*!< Offset: 0x038 (R/W)  BusFault Address Register */
 455:Drivers/CMSIS/Include/core_cm4.h ****   __IOM uint32_t AFSR;                   /*!< Offset: 0x03C (R/W)  Auxiliary Fault Status Register 
 456:Drivers/CMSIS/Include/core_cm4.h ****   __IM  uint32_t PFR[2U];                /*!< Offset: 0x040 (R/ )  Processor Feature Register */
 457:Drivers/CMSIS/Include/core_cm4.h ****   __IM  uint32_t DFR;                    /*!< Offset: 0x048 (R/ )  Debug Feature Register */
 458:Drivers/CMSIS/Include/core_cm4.h ****   __IM  uint32_t ADR;                    /*!< Offset: 0x04C (R/ )  Auxiliary Feature Register */
 459:Drivers/CMSIS/Include/core_cm4.h ****   __IM  uint32_t MMFR[4U];               /*!< Offset: 0x050 (R/ )  Memory Model Feature Register */
 460:Drivers/CMSIS/Include/core_cm4.h ****   __IM  uint32_t ISAR[5U];               /*!< Offset: 0x060 (R/ )  Instruction Set Attributes Regis
 461:Drivers/CMSIS/Include/core_cm4.h ****         uint32_t RESERVED0[5U];
 462:Drivers/CMSIS/Include/core_cm4.h ****   __IOM uint32_t CPACR;                  /*!< Offset: 0x088 (R/W)  Coprocessor Access Control Regis
 463:Drivers/CMSIS/Include/core_cm4.h **** } SCB_Type;
 464:Drivers/CMSIS/Include/core_cm4.h **** 
 465:Drivers/CMSIS/Include/core_cm4.h **** /* SCB CPUID Register Definitions */
 466:Drivers/CMSIS/Include/core_cm4.h **** #define SCB_CPUID_IMPLEMENTER_Pos          24U                                            /*!< SCB 
 467:Drivers/CMSIS/Include/core_cm4.h **** #define SCB_CPUID_IMPLEMENTER_Msk          (0xFFUL << SCB_CPUID_IMPLEMENTER_Pos)          /*!< SCB 
 468:Drivers/CMSIS/Include/core_cm4.h **** 
 469:Drivers/CMSIS/Include/core_cm4.h **** #define SCB_CPUID_VARIANT_Pos              20U                                            /*!< SCB 
 470:Drivers/CMSIS/Include/core_cm4.h **** #define SCB_CPUID_VARIANT_Msk              (0xFUL << SCB_CPUID_VARIANT_Pos)               /*!< SCB 
 471:Drivers/CMSIS/Include/core_cm4.h **** 
 472:Drivers/CMSIS/Include/core_cm4.h **** #define SCB_CPUID_ARCHITECTURE_Pos         16U                                            /*!< SCB 
 473:Drivers/CMSIS/Include/core_cm4.h **** #define SCB_CPUID_ARCHITECTURE_Msk         (0xFUL << SCB_CPUID_ARCHITECTURE_Pos)          /*!< SCB 
 474:Drivers/CMSIS/Include/core_cm4.h **** 
 475:Drivers/CMSIS/Include/core_cm4.h **** #define SCB_CPUID_PARTNO_Pos                4U                                            /*!< SCB 
 476:Drivers/CMSIS/Include/core_cm4.h **** #define SCB_CPUID_PARTNO_Msk               (0xFFFUL << SCB_CPUID_PARTNO_Pos)              /*!< SCB 
 477:Drivers/CMSIS/Include/core_cm4.h **** 
 478:Drivers/CMSIS/Include/core_cm4.h **** #define SCB_CPUID_REVISION_Pos              0U                                            /*!< SCB 
 479:Drivers/CMSIS/Include/core_cm4.h **** #define SCB_CPUID_REVISION_Msk             (0xFUL /*<< SCB_CPUID_REVISION_Pos*/)          /*!< SCB 
 480:Drivers/CMSIS/Include/core_cm4.h **** 
 481:Drivers/CMSIS/Include/core_cm4.h **** /* SCB Interrupt Control State Register Definitions */
 482:Drivers/CMSIS/Include/core_cm4.h **** #define SCB_ICSR_NMIPENDSET_Pos            31U                                            /*!< SCB 
 483:Drivers/CMSIS/Include/core_cm4.h **** #define SCB_ICSR_NMIPENDSET_Msk            (1UL << SCB_ICSR_NMIPENDSET_Pos)               /*!< SCB 
 484:Drivers/CMSIS/Include/core_cm4.h **** 
 485:Drivers/CMSIS/Include/core_cm4.h **** #define SCB_ICSR_PENDSVSET_Pos             28U                                            /*!< SCB 
 486:Drivers/CMSIS/Include/core_cm4.h **** #define SCB_ICSR_PENDSVSET_Msk             (1UL << SCB_ICSR_PENDSVSET_Pos)                /*!< SCB 
ARM GAS  C:\Users\Ali\AppData\Local\Temp\ccWQI1fJ.s 			page 10


 487:Drivers/CMSIS/Include/core_cm4.h **** 
 488:Drivers/CMSIS/Include/core_cm4.h **** #define SCB_ICSR_PENDSVCLR_Pos             27U                                            /*!< SCB 
 489:Drivers/CMSIS/Include/core_cm4.h **** #define SCB_ICSR_PENDSVCLR_Msk             (1UL << SCB_ICSR_PENDSVCLR_Pos)                /*!< SCB 
 490:Drivers/CMSIS/Include/core_cm4.h **** 
 491:Drivers/CMSIS/Include/core_cm4.h **** #define SCB_ICSR_PENDSTSET_Pos             26U                                            /*!< SCB 
 492:Drivers/CMSIS/Include/core_cm4.h **** #define SCB_ICSR_PENDSTSET_Msk             (1UL << SCB_ICSR_PENDSTSET_Pos)                /*!< SCB 
 493:Drivers/CMSIS/Include/core_cm4.h **** 
 494:Drivers/CMSIS/Include/core_cm4.h **** #define SCB_ICSR_PENDSTCLR_Pos             25U                                            /*!< SCB 
 495:Drivers/CMSIS/Include/core_cm4.h **** #define SCB_ICSR_PENDSTCLR_Msk             (1UL << SCB_ICSR_PENDSTCLR_Pos)                /*!< SCB 
 496:Drivers/CMSIS/Include/core_cm4.h **** 
 497:Drivers/CMSIS/Include/core_cm4.h **** #define SCB_ICSR_ISRPREEMPT_Pos            23U                                            /*!< SCB 
 498:Drivers/CMSIS/Include/core_cm4.h **** #define SCB_ICSR_ISRPREEMPT_Msk            (1UL << SCB_ICSR_ISRPREEMPT_Pos)               /*!< SCB 
 499:Drivers/CMSIS/Include/core_cm4.h **** 
 500:Drivers/CMSIS/Include/core_cm4.h **** #define SCB_ICSR_ISRPENDING_Pos            22U                                            /*!< SCB 
 501:Drivers/CMSIS/Include/core_cm4.h **** #define SCB_ICSR_ISRPENDING_Msk            (1UL << SCB_ICSR_ISRPENDING_Pos)               /*!< SCB 
 502:Drivers/CMSIS/Include/core_cm4.h **** 
 503:Drivers/CMSIS/Include/core_cm4.h **** #define SCB_ICSR_VECTPENDING_Pos           12U                                            /*!< SCB 
 504:Drivers/CMSIS/Include/core_cm4.h **** #define SCB_ICSR_VECTPENDING_Msk           (0x1FFUL << SCB_ICSR_VECTPENDING_Pos)          /*!< SCB 
 505:Drivers/CMSIS/Include/core_cm4.h **** 
 506:Drivers/CMSIS/Include/core_cm4.h **** #define SCB_ICSR_RETTOBASE_Pos             11U                                            /*!< SCB 
 507:Drivers/CMSIS/Include/core_cm4.h **** #define SCB_ICSR_RETTOBASE_Msk             (1UL << SCB_ICSR_RETTOBASE_Pos)                /*!< SCB 
 508:Drivers/CMSIS/Include/core_cm4.h **** 
 509:Drivers/CMSIS/Include/core_cm4.h **** #define SCB_ICSR_VECTACTIVE_Pos             0U                                            /*!< SCB 
 510:Drivers/CMSIS/Include/core_cm4.h **** #define SCB_ICSR_VECTACTIVE_Msk            (0x1FFUL /*<< SCB_ICSR_VECTACTIVE_Pos*/)       /*!< SCB 
 511:Drivers/CMSIS/Include/core_cm4.h **** 
 512:Drivers/CMSIS/Include/core_cm4.h **** /* SCB Vector Table Offset Register Definitions */
 513:Drivers/CMSIS/Include/core_cm4.h **** #define SCB_VTOR_TBLOFF_Pos                 7U                                            /*!< SCB 
 514:Drivers/CMSIS/Include/core_cm4.h **** #define SCB_VTOR_TBLOFF_Msk                (0x1FFFFFFUL << SCB_VTOR_TBLOFF_Pos)           /*!< SCB 
 515:Drivers/CMSIS/Include/core_cm4.h **** 
 516:Drivers/CMSIS/Include/core_cm4.h **** /* SCB Application Interrupt and Reset Control Register Definitions */
 517:Drivers/CMSIS/Include/core_cm4.h **** #define SCB_AIRCR_VECTKEY_Pos              16U                                            /*!< SCB 
 518:Drivers/CMSIS/Include/core_cm4.h **** #define SCB_AIRCR_VECTKEY_Msk              (0xFFFFUL << SCB_AIRCR_VECTKEY_Pos)            /*!< SCB 
 519:Drivers/CMSIS/Include/core_cm4.h **** 
 520:Drivers/CMSIS/Include/core_cm4.h **** #define SCB_AIRCR_VECTKEYSTAT_Pos          16U                                            /*!< SCB 
 521:Drivers/CMSIS/Include/core_cm4.h **** #define SCB_AIRCR_VECTKEYSTAT_Msk          (0xFFFFUL << SCB_AIRCR_VECTKEYSTAT_Pos)        /*!< SCB 
 522:Drivers/CMSIS/Include/core_cm4.h **** 
 523:Drivers/CMSIS/Include/core_cm4.h **** #define SCB_AIRCR_ENDIANESS_Pos            15U                                            /*!< SCB 
 524:Drivers/CMSIS/Include/core_cm4.h **** #define SCB_AIRCR_ENDIANESS_Msk            (1UL << SCB_AIRCR_ENDIANESS_Pos)               /*!< SCB 
 525:Drivers/CMSIS/Include/core_cm4.h **** 
 526:Drivers/CMSIS/Include/core_cm4.h **** #define SCB_AIRCR_PRIGROUP_Pos              8U                                            /*!< SCB 
 527:Drivers/CMSIS/Include/core_cm4.h **** #define SCB_AIRCR_PRIGROUP_Msk             (7UL << SCB_AIRCR_PRIGROUP_Pos)                /*!< SCB 
 528:Drivers/CMSIS/Include/core_cm4.h **** 
 529:Drivers/CMSIS/Include/core_cm4.h **** #define SCB_AIRCR_SYSRESETREQ_Pos           2U                                            /*!< SCB 
 530:Drivers/CMSIS/Include/core_cm4.h **** #define SCB_AIRCR_SYSRESETREQ_Msk          (1UL << SCB_AIRCR_SYSRESETREQ_Pos)             /*!< SCB 
 531:Drivers/CMSIS/Include/core_cm4.h **** 
 532:Drivers/CMSIS/Include/core_cm4.h **** #define SCB_AIRCR_VECTCLRACTIVE_Pos         1U                                            /*!< SCB 
 533:Drivers/CMSIS/Include/core_cm4.h **** #define SCB_AIRCR_VECTCLRACTIVE_Msk        (1UL << SCB_AIRCR_VECTCLRACTIVE_Pos)           /*!< SCB 
 534:Drivers/CMSIS/Include/core_cm4.h **** 
 535:Drivers/CMSIS/Include/core_cm4.h **** #define SCB_AIRCR_VECTRESET_Pos             0U                                            /*!< SCB 
 536:Drivers/CMSIS/Include/core_cm4.h **** #define SCB_AIRCR_VECTRESET_Msk            (1UL /*<< SCB_AIRCR_VECTRESET_Pos*/)           /*!< SCB 
 537:Drivers/CMSIS/Include/core_cm4.h **** 
 538:Drivers/CMSIS/Include/core_cm4.h **** /* SCB System Control Register Definitions */
 539:Drivers/CMSIS/Include/core_cm4.h **** #define SCB_SCR_SEVONPEND_Pos               4U                                            /*!< SCB 
 540:Drivers/CMSIS/Include/core_cm4.h **** #define SCB_SCR_SEVONPEND_Msk              (1UL << SCB_SCR_SEVONPEND_Pos)                 /*!< SCB 
 541:Drivers/CMSIS/Include/core_cm4.h **** 
 542:Drivers/CMSIS/Include/core_cm4.h **** #define SCB_SCR_SLEEPDEEP_Pos               2U                                            /*!< SCB 
 543:Drivers/CMSIS/Include/core_cm4.h **** #define SCB_SCR_SLEEPDEEP_Msk              (1UL << SCB_SCR_SLEEPDEEP_Pos)                 /*!< SCB 
ARM GAS  C:\Users\Ali\AppData\Local\Temp\ccWQI1fJ.s 			page 11


 544:Drivers/CMSIS/Include/core_cm4.h **** 
 545:Drivers/CMSIS/Include/core_cm4.h **** #define SCB_SCR_SLEEPONEXIT_Pos             1U                                            /*!< SCB 
 546:Drivers/CMSIS/Include/core_cm4.h **** #define SCB_SCR_SLEEPONEXIT_Msk            (1UL << SCB_SCR_SLEEPONEXIT_Pos)               /*!< SCB 
 547:Drivers/CMSIS/Include/core_cm4.h **** 
 548:Drivers/CMSIS/Include/core_cm4.h **** /* SCB Configuration Control Register Definitions */
 549:Drivers/CMSIS/Include/core_cm4.h **** #define SCB_CCR_STKALIGN_Pos                9U                                            /*!< SCB 
 550:Drivers/CMSIS/Include/core_cm4.h **** #define SCB_CCR_STKALIGN_Msk               (1UL << SCB_CCR_STKALIGN_Pos)                  /*!< SCB 
 551:Drivers/CMSIS/Include/core_cm4.h **** 
 552:Drivers/CMSIS/Include/core_cm4.h **** #define SCB_CCR_BFHFNMIGN_Pos               8U                                            /*!< SCB 
 553:Drivers/CMSIS/Include/core_cm4.h **** #define SCB_CCR_BFHFNMIGN_Msk              (1UL << SCB_CCR_BFHFNMIGN_Pos)                 /*!< SCB 
 554:Drivers/CMSIS/Include/core_cm4.h **** 
 555:Drivers/CMSIS/Include/core_cm4.h **** #define SCB_CCR_DIV_0_TRP_Pos               4U                                            /*!< SCB 
 556:Drivers/CMSIS/Include/core_cm4.h **** #define SCB_CCR_DIV_0_TRP_Msk              (1UL << SCB_CCR_DIV_0_TRP_Pos)                 /*!< SCB 
 557:Drivers/CMSIS/Include/core_cm4.h **** 
 558:Drivers/CMSIS/Include/core_cm4.h **** #define SCB_CCR_UNALIGN_TRP_Pos             3U                                            /*!< SCB 
 559:Drivers/CMSIS/Include/core_cm4.h **** #define SCB_CCR_UNALIGN_TRP_Msk            (1UL << SCB_CCR_UNALIGN_TRP_Pos)               /*!< SCB 
 560:Drivers/CMSIS/Include/core_cm4.h **** 
 561:Drivers/CMSIS/Include/core_cm4.h **** #define SCB_CCR_USERSETMPEND_Pos            1U                                            /*!< SCB 
 562:Drivers/CMSIS/Include/core_cm4.h **** #define SCB_CCR_USERSETMPEND_Msk           (1UL << SCB_CCR_USERSETMPEND_Pos)              /*!< SCB 
 563:Drivers/CMSIS/Include/core_cm4.h **** 
 564:Drivers/CMSIS/Include/core_cm4.h **** #define SCB_CCR_NONBASETHRDENA_Pos          0U                                            /*!< SCB 
 565:Drivers/CMSIS/Include/core_cm4.h **** #define SCB_CCR_NONBASETHRDENA_Msk         (1UL /*<< SCB_CCR_NONBASETHRDENA_Pos*/)        /*!< SCB 
 566:Drivers/CMSIS/Include/core_cm4.h **** 
 567:Drivers/CMSIS/Include/core_cm4.h **** /* SCB System Handler Control and State Register Definitions */
 568:Drivers/CMSIS/Include/core_cm4.h **** #define SCB_SHCSR_USGFAULTENA_Pos          18U                                            /*!< SCB 
 569:Drivers/CMSIS/Include/core_cm4.h **** #define SCB_SHCSR_USGFAULTENA_Msk          (1UL << SCB_SHCSR_USGFAULTENA_Pos)             /*!< SCB 
 570:Drivers/CMSIS/Include/core_cm4.h **** 
 571:Drivers/CMSIS/Include/core_cm4.h **** #define SCB_SHCSR_BUSFAULTENA_Pos          17U                                            /*!< SCB 
 572:Drivers/CMSIS/Include/core_cm4.h **** #define SCB_SHCSR_BUSFAULTENA_Msk          (1UL << SCB_SHCSR_BUSFAULTENA_Pos)             /*!< SCB 
 573:Drivers/CMSIS/Include/core_cm4.h **** 
 574:Drivers/CMSIS/Include/core_cm4.h **** #define SCB_SHCSR_MEMFAULTENA_Pos          16U                                            /*!< SCB 
 575:Drivers/CMSIS/Include/core_cm4.h **** #define SCB_SHCSR_MEMFAULTENA_Msk          (1UL << SCB_SHCSR_MEMFAULTENA_Pos)             /*!< SCB 
 576:Drivers/CMSIS/Include/core_cm4.h **** 
 577:Drivers/CMSIS/Include/core_cm4.h **** #define SCB_SHCSR_SVCALLPENDED_Pos         15U                                            /*!< SCB 
 578:Drivers/CMSIS/Include/core_cm4.h **** #define SCB_SHCSR_SVCALLPENDED_Msk         (1UL << SCB_SHCSR_SVCALLPENDED_Pos)            /*!< SCB 
 579:Drivers/CMSIS/Include/core_cm4.h **** 
 580:Drivers/CMSIS/Include/core_cm4.h **** #define SCB_SHCSR_BUSFAULTPENDED_Pos       14U                                            /*!< SCB 
 581:Drivers/CMSIS/Include/core_cm4.h **** #define SCB_SHCSR_BUSFAULTPENDED_Msk       (1UL << SCB_SHCSR_BUSFAULTPENDED_Pos)          /*!< SCB 
 582:Drivers/CMSIS/Include/core_cm4.h **** 
 583:Drivers/CMSIS/Include/core_cm4.h **** #define SCB_SHCSR_MEMFAULTPENDED_Pos       13U                                            /*!< SCB 
 584:Drivers/CMSIS/Include/core_cm4.h **** #define SCB_SHCSR_MEMFAULTPENDED_Msk       (1UL << SCB_SHCSR_MEMFAULTPENDED_Pos)          /*!< SCB 
 585:Drivers/CMSIS/Include/core_cm4.h **** 
 586:Drivers/CMSIS/Include/core_cm4.h **** #define SCB_SHCSR_USGFAULTPENDED_Pos       12U                                            /*!< SCB 
 587:Drivers/CMSIS/Include/core_cm4.h **** #define SCB_SHCSR_USGFAULTPENDED_Msk       (1UL << SCB_SHCSR_USGFAULTPENDED_Pos)          /*!< SCB 
 588:Drivers/CMSIS/Include/core_cm4.h **** 
 589:Drivers/CMSIS/Include/core_cm4.h **** #define SCB_SHCSR_SYSTICKACT_Pos           11U                                            /*!< SCB 
 590:Drivers/CMSIS/Include/core_cm4.h **** #define SCB_SHCSR_SYSTICKACT_Msk           (1UL << SCB_SHCSR_SYSTICKACT_Pos)              /*!< SCB 
 591:Drivers/CMSIS/Include/core_cm4.h **** 
 592:Drivers/CMSIS/Include/core_cm4.h **** #define SCB_SHCSR_PENDSVACT_Pos            10U                                            /*!< SCB 
 593:Drivers/CMSIS/Include/core_cm4.h **** #define SCB_SHCSR_PENDSVACT_Msk            (1UL << SCB_SHCSR_PENDSVACT_Pos)               /*!< SCB 
 594:Drivers/CMSIS/Include/core_cm4.h **** 
 595:Drivers/CMSIS/Include/core_cm4.h **** #define SCB_SHCSR_MONITORACT_Pos            8U                                            /*!< SCB 
 596:Drivers/CMSIS/Include/core_cm4.h **** #define SCB_SHCSR_MONITORACT_Msk           (1UL << SCB_SHCSR_MONITORACT_Pos)              /*!< SCB 
 597:Drivers/CMSIS/Include/core_cm4.h **** 
 598:Drivers/CMSIS/Include/core_cm4.h **** #define SCB_SHCSR_SVCALLACT_Pos             7U                                            /*!< SCB 
 599:Drivers/CMSIS/Include/core_cm4.h **** #define SCB_SHCSR_SVCALLACT_Msk            (1UL << SCB_SHCSR_SVCALLACT_Pos)               /*!< SCB 
 600:Drivers/CMSIS/Include/core_cm4.h **** 
ARM GAS  C:\Users\Ali\AppData\Local\Temp\ccWQI1fJ.s 			page 12


 601:Drivers/CMSIS/Include/core_cm4.h **** #define SCB_SHCSR_USGFAULTACT_Pos           3U                                            /*!< SCB 
 602:Drivers/CMSIS/Include/core_cm4.h **** #define SCB_SHCSR_USGFAULTACT_Msk          (1UL << SCB_SHCSR_USGFAULTACT_Pos)             /*!< SCB 
 603:Drivers/CMSIS/Include/core_cm4.h **** 
 604:Drivers/CMSIS/Include/core_cm4.h **** #define SCB_SHCSR_BUSFAULTACT_Pos           1U                                            /*!< SCB 
 605:Drivers/CMSIS/Include/core_cm4.h **** #define SCB_SHCSR_BUSFAULTACT_Msk          (1UL << SCB_SHCSR_BUSFAULTACT_Pos)             /*!< SCB 
 606:Drivers/CMSIS/Include/core_cm4.h **** 
 607:Drivers/CMSIS/Include/core_cm4.h **** #define SCB_SHCSR_MEMFAULTACT_Pos           0U                                            /*!< SCB 
 608:Drivers/CMSIS/Include/core_cm4.h **** #define SCB_SHCSR_MEMFAULTACT_Msk          (1UL /*<< SCB_SHCSR_MEMFAULTACT_Pos*/)         /*!< SCB 
 609:Drivers/CMSIS/Include/core_cm4.h **** 
 610:Drivers/CMSIS/Include/core_cm4.h **** /* SCB Configurable Fault Status Register Definitions */
 611:Drivers/CMSIS/Include/core_cm4.h **** #define SCB_CFSR_USGFAULTSR_Pos            16U                                            /*!< SCB 
 612:Drivers/CMSIS/Include/core_cm4.h **** #define SCB_CFSR_USGFAULTSR_Msk            (0xFFFFUL << SCB_CFSR_USGFAULTSR_Pos)          /*!< SCB 
 613:Drivers/CMSIS/Include/core_cm4.h **** 
 614:Drivers/CMSIS/Include/core_cm4.h **** #define SCB_CFSR_BUSFAULTSR_Pos             8U                                            /*!< SCB 
 615:Drivers/CMSIS/Include/core_cm4.h **** #define SCB_CFSR_BUSFAULTSR_Msk            (0xFFUL << SCB_CFSR_BUSFAULTSR_Pos)            /*!< SCB 
 616:Drivers/CMSIS/Include/core_cm4.h **** 
 617:Drivers/CMSIS/Include/core_cm4.h **** #define SCB_CFSR_MEMFAULTSR_Pos             0U                                            /*!< SCB 
 618:Drivers/CMSIS/Include/core_cm4.h **** #define SCB_CFSR_MEMFAULTSR_Msk            (0xFFUL /*<< SCB_CFSR_MEMFAULTSR_Pos*/)        /*!< SCB 
 619:Drivers/CMSIS/Include/core_cm4.h **** 
 620:Drivers/CMSIS/Include/core_cm4.h **** /* MemManage Fault Status Register (part of SCB Configurable Fault Status Register) */
 621:Drivers/CMSIS/Include/core_cm4.h **** #define SCB_CFSR_MMARVALID_Pos             (SCB_SHCSR_MEMFAULTACT_Pos + 7U)               /*!< SCB 
 622:Drivers/CMSIS/Include/core_cm4.h **** #define SCB_CFSR_MMARVALID_Msk             (1UL << SCB_CFSR_MMARVALID_Pos)                /*!< SCB 
 623:Drivers/CMSIS/Include/core_cm4.h **** 
 624:Drivers/CMSIS/Include/core_cm4.h **** #define SCB_CFSR_MLSPERR_Pos               (SCB_SHCSR_MEMFAULTACT_Pos + 5U)               /*!< SCB 
 625:Drivers/CMSIS/Include/core_cm4.h **** #define SCB_CFSR_MLSPERR_Msk               (1UL << SCB_CFSR_MLSPERR_Pos)                  /*!< SCB 
 626:Drivers/CMSIS/Include/core_cm4.h **** 
 627:Drivers/CMSIS/Include/core_cm4.h **** #define SCB_CFSR_MSTKERR_Pos               (SCB_SHCSR_MEMFAULTACT_Pos + 4U)               /*!< SCB 
 628:Drivers/CMSIS/Include/core_cm4.h **** #define SCB_CFSR_MSTKERR_Msk               (1UL << SCB_CFSR_MSTKERR_Pos)                  /*!< SCB 
 629:Drivers/CMSIS/Include/core_cm4.h **** 
 630:Drivers/CMSIS/Include/core_cm4.h **** #define SCB_CFSR_MUNSTKERR_Pos             (SCB_SHCSR_MEMFAULTACT_Pos + 3U)               /*!< SCB 
 631:Drivers/CMSIS/Include/core_cm4.h **** #define SCB_CFSR_MUNSTKERR_Msk             (1UL << SCB_CFSR_MUNSTKERR_Pos)                /*!< SCB 
 632:Drivers/CMSIS/Include/core_cm4.h **** 
 633:Drivers/CMSIS/Include/core_cm4.h **** #define SCB_CFSR_DACCVIOL_Pos              (SCB_SHCSR_MEMFAULTACT_Pos + 1U)               /*!< SCB 
 634:Drivers/CMSIS/Include/core_cm4.h **** #define SCB_CFSR_DACCVIOL_Msk              (1UL << SCB_CFSR_DACCVIOL_Pos)                 /*!< SCB 
 635:Drivers/CMSIS/Include/core_cm4.h **** 
 636:Drivers/CMSIS/Include/core_cm4.h **** #define SCB_CFSR_IACCVIOL_Pos              (SCB_SHCSR_MEMFAULTACT_Pos + 0U)               /*!< SCB 
 637:Drivers/CMSIS/Include/core_cm4.h **** #define SCB_CFSR_IACCVIOL_Msk              (1UL /*<< SCB_CFSR_IACCVIOL_Pos*/)             /*!< SCB 
 638:Drivers/CMSIS/Include/core_cm4.h **** 
 639:Drivers/CMSIS/Include/core_cm4.h **** /* BusFault Status Register (part of SCB Configurable Fault Status Register) */
 640:Drivers/CMSIS/Include/core_cm4.h **** #define SCB_CFSR_BFARVALID_Pos            (SCB_CFSR_BUSFAULTSR_Pos + 7U)                  /*!< SCB 
 641:Drivers/CMSIS/Include/core_cm4.h **** #define SCB_CFSR_BFARVALID_Msk            (1UL << SCB_CFSR_BFARVALID_Pos)                 /*!< SCB 
 642:Drivers/CMSIS/Include/core_cm4.h **** 
 643:Drivers/CMSIS/Include/core_cm4.h **** #define SCB_CFSR_LSPERR_Pos               (SCB_CFSR_BUSFAULTSR_Pos + 5U)                  /*!< SCB 
 644:Drivers/CMSIS/Include/core_cm4.h **** #define SCB_CFSR_LSPERR_Msk               (1UL << SCB_CFSR_LSPERR_Pos)                    /*!< SCB 
 645:Drivers/CMSIS/Include/core_cm4.h **** 
 646:Drivers/CMSIS/Include/core_cm4.h **** #define SCB_CFSR_STKERR_Pos               (SCB_CFSR_BUSFAULTSR_Pos + 4U)                  /*!< SCB 
 647:Drivers/CMSIS/Include/core_cm4.h **** #define SCB_CFSR_STKERR_Msk               (1UL << SCB_CFSR_STKERR_Pos)                    /*!< SCB 
 648:Drivers/CMSIS/Include/core_cm4.h **** 
 649:Drivers/CMSIS/Include/core_cm4.h **** #define SCB_CFSR_UNSTKERR_Pos             (SCB_CFSR_BUSFAULTSR_Pos + 3U)                  /*!< SCB 
 650:Drivers/CMSIS/Include/core_cm4.h **** #define SCB_CFSR_UNSTKERR_Msk             (1UL << SCB_CFSR_UNSTKERR_Pos)                  /*!< SCB 
 651:Drivers/CMSIS/Include/core_cm4.h **** 
 652:Drivers/CMSIS/Include/core_cm4.h **** #define SCB_CFSR_IMPRECISERR_Pos          (SCB_CFSR_BUSFAULTSR_Pos + 2U)                  /*!< SCB 
 653:Drivers/CMSIS/Include/core_cm4.h **** #define SCB_CFSR_IMPRECISERR_Msk          (1UL << SCB_CFSR_IMPRECISERR_Pos)               /*!< SCB 
 654:Drivers/CMSIS/Include/core_cm4.h **** 
 655:Drivers/CMSIS/Include/core_cm4.h **** #define SCB_CFSR_PRECISERR_Pos            (SCB_CFSR_BUSFAULTSR_Pos + 1U)                  /*!< SCB 
 656:Drivers/CMSIS/Include/core_cm4.h **** #define SCB_CFSR_PRECISERR_Msk            (1UL << SCB_CFSR_PRECISERR_Pos)                 /*!< SCB 
 657:Drivers/CMSIS/Include/core_cm4.h **** 
ARM GAS  C:\Users\Ali\AppData\Local\Temp\ccWQI1fJ.s 			page 13


 658:Drivers/CMSIS/Include/core_cm4.h **** #define SCB_CFSR_IBUSERR_Pos              (SCB_CFSR_BUSFAULTSR_Pos + 0U)                  /*!< SCB 
 659:Drivers/CMSIS/Include/core_cm4.h **** #define SCB_CFSR_IBUSERR_Msk              (1UL << SCB_CFSR_IBUSERR_Pos)                   /*!< SCB 
 660:Drivers/CMSIS/Include/core_cm4.h **** 
 661:Drivers/CMSIS/Include/core_cm4.h **** /* UsageFault Status Register (part of SCB Configurable Fault Status Register) */
 662:Drivers/CMSIS/Include/core_cm4.h **** #define SCB_CFSR_DIVBYZERO_Pos            (SCB_CFSR_USGFAULTSR_Pos + 9U)                  /*!< SCB 
 663:Drivers/CMSIS/Include/core_cm4.h **** #define SCB_CFSR_DIVBYZERO_Msk            (1UL << SCB_CFSR_DIVBYZERO_Pos)                 /*!< SCB 
 664:Drivers/CMSIS/Include/core_cm4.h **** 
 665:Drivers/CMSIS/Include/core_cm4.h **** #define SCB_CFSR_UNALIGNED_Pos            (SCB_CFSR_USGFAULTSR_Pos + 8U)                  /*!< SCB 
 666:Drivers/CMSIS/Include/core_cm4.h **** #define SCB_CFSR_UNALIGNED_Msk            (1UL << SCB_CFSR_UNALIGNED_Pos)                 /*!< SCB 
 667:Drivers/CMSIS/Include/core_cm4.h **** 
 668:Drivers/CMSIS/Include/core_cm4.h **** #define SCB_CFSR_NOCP_Pos                 (SCB_CFSR_USGFAULTSR_Pos + 3U)                  /*!< SCB 
 669:Drivers/CMSIS/Include/core_cm4.h **** #define SCB_CFSR_NOCP_Msk                 (1UL << SCB_CFSR_NOCP_Pos)                      /*!< SCB 
 670:Drivers/CMSIS/Include/core_cm4.h **** 
 671:Drivers/CMSIS/Include/core_cm4.h **** #define SCB_CFSR_INVPC_Pos                (SCB_CFSR_USGFAULTSR_Pos + 2U)                  /*!< SCB 
 672:Drivers/CMSIS/Include/core_cm4.h **** #define SCB_CFSR_INVPC_Msk                (1UL << SCB_CFSR_INVPC_Pos)                     /*!< SCB 
 673:Drivers/CMSIS/Include/core_cm4.h **** 
 674:Drivers/CMSIS/Include/core_cm4.h **** #define SCB_CFSR_INVSTATE_Pos             (SCB_CFSR_USGFAULTSR_Pos + 1U)                  /*!< SCB 
 675:Drivers/CMSIS/Include/core_cm4.h **** #define SCB_CFSR_INVSTATE_Msk             (1UL << SCB_CFSR_INVSTATE_Pos)                  /*!< SCB 
 676:Drivers/CMSIS/Include/core_cm4.h **** 
 677:Drivers/CMSIS/Include/core_cm4.h **** #define SCB_CFSR_UNDEFINSTR_Pos           (SCB_CFSR_USGFAULTSR_Pos + 0U)                  /*!< SCB 
 678:Drivers/CMSIS/Include/core_cm4.h **** #define SCB_CFSR_UNDEFINSTR_Msk           (1UL << SCB_CFSR_UNDEFINSTR_Pos)                /*!< SCB 
 679:Drivers/CMSIS/Include/core_cm4.h **** 
 680:Drivers/CMSIS/Include/core_cm4.h **** /* SCB Hard Fault Status Register Definitions */
 681:Drivers/CMSIS/Include/core_cm4.h **** #define SCB_HFSR_DEBUGEVT_Pos              31U                                            /*!< SCB 
 682:Drivers/CMSIS/Include/core_cm4.h **** #define SCB_HFSR_DEBUGEVT_Msk              (1UL << SCB_HFSR_DEBUGEVT_Pos)                 /*!< SCB 
 683:Drivers/CMSIS/Include/core_cm4.h **** 
 684:Drivers/CMSIS/Include/core_cm4.h **** #define SCB_HFSR_FORCED_Pos                30U                                            /*!< SCB 
 685:Drivers/CMSIS/Include/core_cm4.h **** #define SCB_HFSR_FORCED_Msk                (1UL << SCB_HFSR_FORCED_Pos)                   /*!< SCB 
 686:Drivers/CMSIS/Include/core_cm4.h **** 
 687:Drivers/CMSIS/Include/core_cm4.h **** #define SCB_HFSR_VECTTBL_Pos                1U                                            /*!< SCB 
 688:Drivers/CMSIS/Include/core_cm4.h **** #define SCB_HFSR_VECTTBL_Msk               (1UL << SCB_HFSR_VECTTBL_Pos)                  /*!< SCB 
 689:Drivers/CMSIS/Include/core_cm4.h **** 
 690:Drivers/CMSIS/Include/core_cm4.h **** /* SCB Debug Fault Status Register Definitions */
 691:Drivers/CMSIS/Include/core_cm4.h **** #define SCB_DFSR_EXTERNAL_Pos               4U                                            /*!< SCB 
 692:Drivers/CMSIS/Include/core_cm4.h **** #define SCB_DFSR_EXTERNAL_Msk              (1UL << SCB_DFSR_EXTERNAL_Pos)                 /*!< SCB 
 693:Drivers/CMSIS/Include/core_cm4.h **** 
 694:Drivers/CMSIS/Include/core_cm4.h **** #define SCB_DFSR_VCATCH_Pos                 3U                                            /*!< SCB 
 695:Drivers/CMSIS/Include/core_cm4.h **** #define SCB_DFSR_VCATCH_Msk                (1UL << SCB_DFSR_VCATCH_Pos)                   /*!< SCB 
 696:Drivers/CMSIS/Include/core_cm4.h **** 
 697:Drivers/CMSIS/Include/core_cm4.h **** #define SCB_DFSR_DWTTRAP_Pos                2U                                            /*!< SCB 
 698:Drivers/CMSIS/Include/core_cm4.h **** #define SCB_DFSR_DWTTRAP_Msk               (1UL << SCB_DFSR_DWTTRAP_Pos)                  /*!< SCB 
 699:Drivers/CMSIS/Include/core_cm4.h **** 
 700:Drivers/CMSIS/Include/core_cm4.h **** #define SCB_DFSR_BKPT_Pos                   1U                                            /*!< SCB 
 701:Drivers/CMSIS/Include/core_cm4.h **** #define SCB_DFSR_BKPT_Msk                  (1UL << SCB_DFSR_BKPT_Pos)                     /*!< SCB 
 702:Drivers/CMSIS/Include/core_cm4.h **** 
 703:Drivers/CMSIS/Include/core_cm4.h **** #define SCB_DFSR_HALTED_Pos                 0U                                            /*!< SCB 
 704:Drivers/CMSIS/Include/core_cm4.h **** #define SCB_DFSR_HALTED_Msk                (1UL /*<< SCB_DFSR_HALTED_Pos*/)               /*!< SCB 
 705:Drivers/CMSIS/Include/core_cm4.h **** 
 706:Drivers/CMSIS/Include/core_cm4.h **** /*@} end of group CMSIS_SCB */
 707:Drivers/CMSIS/Include/core_cm4.h **** 
 708:Drivers/CMSIS/Include/core_cm4.h **** 
 709:Drivers/CMSIS/Include/core_cm4.h **** /**
 710:Drivers/CMSIS/Include/core_cm4.h ****   \ingroup  CMSIS_core_register
 711:Drivers/CMSIS/Include/core_cm4.h ****   \defgroup CMSIS_SCnSCB System Controls not in SCB (SCnSCB)
 712:Drivers/CMSIS/Include/core_cm4.h ****   \brief    Type definitions for the System Control and ID Register not in the SCB
 713:Drivers/CMSIS/Include/core_cm4.h ****   @{
 714:Drivers/CMSIS/Include/core_cm4.h ****  */
ARM GAS  C:\Users\Ali\AppData\Local\Temp\ccWQI1fJ.s 			page 14


 715:Drivers/CMSIS/Include/core_cm4.h **** 
 716:Drivers/CMSIS/Include/core_cm4.h **** /**
 717:Drivers/CMSIS/Include/core_cm4.h ****   \brief  Structure type to access the System Control and ID Register not in the SCB.
 718:Drivers/CMSIS/Include/core_cm4.h ****  */
 719:Drivers/CMSIS/Include/core_cm4.h **** typedef struct
 720:Drivers/CMSIS/Include/core_cm4.h **** {
 721:Drivers/CMSIS/Include/core_cm4.h ****         uint32_t RESERVED0[1U];
 722:Drivers/CMSIS/Include/core_cm4.h ****   __IM  uint32_t ICTR;                   /*!< Offset: 0x004 (R/ )  Interrupt Controller Type Regist
 723:Drivers/CMSIS/Include/core_cm4.h ****   __IOM uint32_t ACTLR;                  /*!< Offset: 0x008 (R/W)  Auxiliary Control Register */
 724:Drivers/CMSIS/Include/core_cm4.h **** } SCnSCB_Type;
 725:Drivers/CMSIS/Include/core_cm4.h **** 
 726:Drivers/CMSIS/Include/core_cm4.h **** /* Interrupt Controller Type Register Definitions */
 727:Drivers/CMSIS/Include/core_cm4.h **** #define SCnSCB_ICTR_INTLINESNUM_Pos         0U                                         /*!< ICTR: I
 728:Drivers/CMSIS/Include/core_cm4.h **** #define SCnSCB_ICTR_INTLINESNUM_Msk        (0xFUL /*<< SCnSCB_ICTR_INTLINESNUM_Pos*/)  /*!< ICTR: I
 729:Drivers/CMSIS/Include/core_cm4.h **** 
 730:Drivers/CMSIS/Include/core_cm4.h **** /* Auxiliary Control Register Definitions */
 731:Drivers/CMSIS/Include/core_cm4.h **** #define SCnSCB_ACTLR_DISOOFP_Pos            9U                                         /*!< ACTLR: 
 732:Drivers/CMSIS/Include/core_cm4.h **** #define SCnSCB_ACTLR_DISOOFP_Msk           (1UL << SCnSCB_ACTLR_DISOOFP_Pos)           /*!< ACTLR: 
 733:Drivers/CMSIS/Include/core_cm4.h **** 
 734:Drivers/CMSIS/Include/core_cm4.h **** #define SCnSCB_ACTLR_DISFPCA_Pos            8U                                         /*!< ACTLR: 
 735:Drivers/CMSIS/Include/core_cm4.h **** #define SCnSCB_ACTLR_DISFPCA_Msk           (1UL << SCnSCB_ACTLR_DISFPCA_Pos)           /*!< ACTLR: 
 736:Drivers/CMSIS/Include/core_cm4.h **** 
 737:Drivers/CMSIS/Include/core_cm4.h **** #define SCnSCB_ACTLR_DISFOLD_Pos            2U                                         /*!< ACTLR: 
 738:Drivers/CMSIS/Include/core_cm4.h **** #define SCnSCB_ACTLR_DISFOLD_Msk           (1UL << SCnSCB_ACTLR_DISFOLD_Pos)           /*!< ACTLR: 
 739:Drivers/CMSIS/Include/core_cm4.h **** 
 740:Drivers/CMSIS/Include/core_cm4.h **** #define SCnSCB_ACTLR_DISDEFWBUF_Pos         1U                                         /*!< ACTLR: 
 741:Drivers/CMSIS/Include/core_cm4.h **** #define SCnSCB_ACTLR_DISDEFWBUF_Msk        (1UL << SCnSCB_ACTLR_DISDEFWBUF_Pos)        /*!< ACTLR: 
 742:Drivers/CMSIS/Include/core_cm4.h **** 
 743:Drivers/CMSIS/Include/core_cm4.h **** #define SCnSCB_ACTLR_DISMCYCINT_Pos         0U                                         /*!< ACTLR: 
 744:Drivers/CMSIS/Include/core_cm4.h **** #define SCnSCB_ACTLR_DISMCYCINT_Msk        (1UL /*<< SCnSCB_ACTLR_DISMCYCINT_Pos*/)    /*!< ACTLR: 
 745:Drivers/CMSIS/Include/core_cm4.h **** 
 746:Drivers/CMSIS/Include/core_cm4.h **** /*@} end of group CMSIS_SCnotSCB */
 747:Drivers/CMSIS/Include/core_cm4.h **** 
 748:Drivers/CMSIS/Include/core_cm4.h **** 
 749:Drivers/CMSIS/Include/core_cm4.h **** /**
 750:Drivers/CMSIS/Include/core_cm4.h ****   \ingroup  CMSIS_core_register
 751:Drivers/CMSIS/Include/core_cm4.h ****   \defgroup CMSIS_SysTick     System Tick Timer (SysTick)
 752:Drivers/CMSIS/Include/core_cm4.h ****   \brief    Type definitions for the System Timer Registers.
 753:Drivers/CMSIS/Include/core_cm4.h ****   @{
 754:Drivers/CMSIS/Include/core_cm4.h ****  */
 755:Drivers/CMSIS/Include/core_cm4.h **** 
 756:Drivers/CMSIS/Include/core_cm4.h **** /**
 757:Drivers/CMSIS/Include/core_cm4.h ****   \brief  Structure type to access the System Timer (SysTick).
 758:Drivers/CMSIS/Include/core_cm4.h ****  */
 759:Drivers/CMSIS/Include/core_cm4.h **** typedef struct
 760:Drivers/CMSIS/Include/core_cm4.h **** {
 761:Drivers/CMSIS/Include/core_cm4.h ****   __IOM uint32_t CTRL;                   /*!< Offset: 0x000 (R/W)  SysTick Control and Status Regis
 762:Drivers/CMSIS/Include/core_cm4.h ****   __IOM uint32_t LOAD;                   /*!< Offset: 0x004 (R/W)  SysTick Reload Value Register */
 763:Drivers/CMSIS/Include/core_cm4.h ****   __IOM uint32_t VAL;                    /*!< Offset: 0x008 (R/W)  SysTick Current Value Register *
 764:Drivers/CMSIS/Include/core_cm4.h ****   __IM  uint32_t CALIB;                  /*!< Offset: 0x00C (R/ )  SysTick Calibration Register */
 765:Drivers/CMSIS/Include/core_cm4.h **** } SysTick_Type;
 766:Drivers/CMSIS/Include/core_cm4.h **** 
 767:Drivers/CMSIS/Include/core_cm4.h **** /* SysTick Control / Status Register Definitions */
 768:Drivers/CMSIS/Include/core_cm4.h **** #define SysTick_CTRL_COUNTFLAG_Pos         16U                                            /*!< SysT
 769:Drivers/CMSIS/Include/core_cm4.h **** #define SysTick_CTRL_COUNTFLAG_Msk         (1UL << SysTick_CTRL_COUNTFLAG_Pos)            /*!< SysT
 770:Drivers/CMSIS/Include/core_cm4.h **** 
 771:Drivers/CMSIS/Include/core_cm4.h **** #define SysTick_CTRL_CLKSOURCE_Pos          2U                                            /*!< SysT
ARM GAS  C:\Users\Ali\AppData\Local\Temp\ccWQI1fJ.s 			page 15


 772:Drivers/CMSIS/Include/core_cm4.h **** #define SysTick_CTRL_CLKSOURCE_Msk         (1UL << SysTick_CTRL_CLKSOURCE_Pos)            /*!< SysT
 773:Drivers/CMSIS/Include/core_cm4.h **** 
 774:Drivers/CMSIS/Include/core_cm4.h **** #define SysTick_CTRL_TICKINT_Pos            1U                                            /*!< SysT
 775:Drivers/CMSIS/Include/core_cm4.h **** #define SysTick_CTRL_TICKINT_Msk           (1UL << SysTick_CTRL_TICKINT_Pos)              /*!< SysT
 776:Drivers/CMSIS/Include/core_cm4.h **** 
 777:Drivers/CMSIS/Include/core_cm4.h **** #define SysTick_CTRL_ENABLE_Pos             0U                                            /*!< SysT
 778:Drivers/CMSIS/Include/core_cm4.h **** #define SysTick_CTRL_ENABLE_Msk            (1UL /*<< SysTick_CTRL_ENABLE_Pos*/)           /*!< SysT
 779:Drivers/CMSIS/Include/core_cm4.h **** 
 780:Drivers/CMSIS/Include/core_cm4.h **** /* SysTick Reload Register Definitions */
 781:Drivers/CMSIS/Include/core_cm4.h **** #define SysTick_LOAD_RELOAD_Pos             0U                                            /*!< SysT
 782:Drivers/CMSIS/Include/core_cm4.h **** #define SysTick_LOAD_RELOAD_Msk            (0xFFFFFFUL /*<< SysTick_LOAD_RELOAD_Pos*/)    /*!< SysT
 783:Drivers/CMSIS/Include/core_cm4.h **** 
 784:Drivers/CMSIS/Include/core_cm4.h **** /* SysTick Current Register Definitions */
 785:Drivers/CMSIS/Include/core_cm4.h **** #define SysTick_VAL_CURRENT_Pos             0U                                            /*!< SysT
 786:Drivers/CMSIS/Include/core_cm4.h **** #define SysTick_VAL_CURRENT_Msk            (0xFFFFFFUL /*<< SysTick_VAL_CURRENT_Pos*/)    /*!< SysT
 787:Drivers/CMSIS/Include/core_cm4.h **** 
 788:Drivers/CMSIS/Include/core_cm4.h **** /* SysTick Calibration Register Definitions */
 789:Drivers/CMSIS/Include/core_cm4.h **** #define SysTick_CALIB_NOREF_Pos            31U                                            /*!< SysT
 790:Drivers/CMSIS/Include/core_cm4.h **** #define SysTick_CALIB_NOREF_Msk            (1UL << SysTick_CALIB_NOREF_Pos)               /*!< SysT
 791:Drivers/CMSIS/Include/core_cm4.h **** 
 792:Drivers/CMSIS/Include/core_cm4.h **** #define SysTick_CALIB_SKEW_Pos             30U                                            /*!< SysT
 793:Drivers/CMSIS/Include/core_cm4.h **** #define SysTick_CALIB_SKEW_Msk             (1UL << SysTick_CALIB_SKEW_Pos)                /*!< SysT
 794:Drivers/CMSIS/Include/core_cm4.h **** 
 795:Drivers/CMSIS/Include/core_cm4.h **** #define SysTick_CALIB_TENMS_Pos             0U                                            /*!< SysT
 796:Drivers/CMSIS/Include/core_cm4.h **** #define SysTick_CALIB_TENMS_Msk            (0xFFFFFFUL /*<< SysTick_CALIB_TENMS_Pos*/)    /*!< SysT
 797:Drivers/CMSIS/Include/core_cm4.h **** 
 798:Drivers/CMSIS/Include/core_cm4.h **** /*@} end of group CMSIS_SysTick */
 799:Drivers/CMSIS/Include/core_cm4.h **** 
 800:Drivers/CMSIS/Include/core_cm4.h **** 
 801:Drivers/CMSIS/Include/core_cm4.h **** /**
 802:Drivers/CMSIS/Include/core_cm4.h ****   \ingroup  CMSIS_core_register
 803:Drivers/CMSIS/Include/core_cm4.h ****   \defgroup CMSIS_ITM     Instrumentation Trace Macrocell (ITM)
 804:Drivers/CMSIS/Include/core_cm4.h ****   \brief    Type definitions for the Instrumentation Trace Macrocell (ITM)
 805:Drivers/CMSIS/Include/core_cm4.h ****   @{
 806:Drivers/CMSIS/Include/core_cm4.h ****  */
 807:Drivers/CMSIS/Include/core_cm4.h **** 
 808:Drivers/CMSIS/Include/core_cm4.h **** /**
 809:Drivers/CMSIS/Include/core_cm4.h ****   \brief  Structure type to access the Instrumentation Trace Macrocell Register (ITM).
 810:Drivers/CMSIS/Include/core_cm4.h ****  */
 811:Drivers/CMSIS/Include/core_cm4.h **** typedef struct
 812:Drivers/CMSIS/Include/core_cm4.h **** {
 813:Drivers/CMSIS/Include/core_cm4.h ****   __OM  union
 814:Drivers/CMSIS/Include/core_cm4.h ****   {
 815:Drivers/CMSIS/Include/core_cm4.h ****     __OM  uint8_t    u8;                 /*!< Offset: 0x000 ( /W)  ITM Stimulus Port 8-bit */
 816:Drivers/CMSIS/Include/core_cm4.h ****     __OM  uint16_t   u16;                /*!< Offset: 0x000 ( /W)  ITM Stimulus Port 16-bit */
 817:Drivers/CMSIS/Include/core_cm4.h ****     __OM  uint32_t   u32;                /*!< Offset: 0x000 ( /W)  ITM Stimulus Port 32-bit */
 818:Drivers/CMSIS/Include/core_cm4.h ****   }  PORT [32U];                         /*!< Offset: 0x000 ( /W)  ITM Stimulus Port Registers */
 819:Drivers/CMSIS/Include/core_cm4.h ****         uint32_t RESERVED0[864U];
 820:Drivers/CMSIS/Include/core_cm4.h ****   __IOM uint32_t TER;                    /*!< Offset: 0xE00 (R/W)  ITM Trace Enable Register */
 821:Drivers/CMSIS/Include/core_cm4.h ****         uint32_t RESERVED1[15U];
 822:Drivers/CMSIS/Include/core_cm4.h ****   __IOM uint32_t TPR;                    /*!< Offset: 0xE40 (R/W)  ITM Trace Privilege Register */
 823:Drivers/CMSIS/Include/core_cm4.h ****         uint32_t RESERVED2[15U];
 824:Drivers/CMSIS/Include/core_cm4.h ****   __IOM uint32_t TCR;                    /*!< Offset: 0xE80 (R/W)  ITM Trace Control Register */
 825:Drivers/CMSIS/Include/core_cm4.h ****         uint32_t RESERVED3[32U];
 826:Drivers/CMSIS/Include/core_cm4.h ****         uint32_t RESERVED4[43U];
 827:Drivers/CMSIS/Include/core_cm4.h ****   __OM  uint32_t LAR;                    /*!< Offset: 0xFB0 ( /W)  ITM Lock Access Register */
 828:Drivers/CMSIS/Include/core_cm4.h ****   __IM  uint32_t LSR;                    /*!< Offset: 0xFB4 (R/ )  ITM Lock Status Register */
ARM GAS  C:\Users\Ali\AppData\Local\Temp\ccWQI1fJ.s 			page 16


 829:Drivers/CMSIS/Include/core_cm4.h ****         uint32_t RESERVED5[6U];
 830:Drivers/CMSIS/Include/core_cm4.h ****   __IM  uint32_t PID4;                   /*!< Offset: 0xFD0 (R/ )  ITM Peripheral Identification Re
 831:Drivers/CMSIS/Include/core_cm4.h ****   __IM  uint32_t PID5;                   /*!< Offset: 0xFD4 (R/ )  ITM Peripheral Identification Re
 832:Drivers/CMSIS/Include/core_cm4.h ****   __IM  uint32_t PID6;                   /*!< Offset: 0xFD8 (R/ )  ITM Peripheral Identification Re
 833:Drivers/CMSIS/Include/core_cm4.h ****   __IM  uint32_t PID7;                   /*!< Offset: 0xFDC (R/ )  ITM Peripheral Identification Re
 834:Drivers/CMSIS/Include/core_cm4.h ****   __IM  uint32_t PID0;                   /*!< Offset: 0xFE0 (R/ )  ITM Peripheral Identification Re
 835:Drivers/CMSIS/Include/core_cm4.h ****   __IM  uint32_t PID1;                   /*!< Offset: 0xFE4 (R/ )  ITM Peripheral Identification Re
 836:Drivers/CMSIS/Include/core_cm4.h ****   __IM  uint32_t PID2;                   /*!< Offset: 0xFE8 (R/ )  ITM Peripheral Identification Re
 837:Drivers/CMSIS/Include/core_cm4.h ****   __IM  uint32_t PID3;                   /*!< Offset: 0xFEC (R/ )  ITM Peripheral Identification Re
 838:Drivers/CMSIS/Include/core_cm4.h ****   __IM  uint32_t CID0;                   /*!< Offset: 0xFF0 (R/ )  ITM Component  Identification Re
 839:Drivers/CMSIS/Include/core_cm4.h ****   __IM  uint32_t CID1;                   /*!< Offset: 0xFF4 (R/ )  ITM Component  Identification Re
 840:Drivers/CMSIS/Include/core_cm4.h ****   __IM  uint32_t CID2;                   /*!< Offset: 0xFF8 (R/ )  ITM Component  Identification Re
 841:Drivers/CMSIS/Include/core_cm4.h ****   __IM  uint32_t CID3;                   /*!< Offset: 0xFFC (R/ )  ITM Component  Identification Re
 842:Drivers/CMSIS/Include/core_cm4.h **** } ITM_Type;
 843:Drivers/CMSIS/Include/core_cm4.h **** 
 844:Drivers/CMSIS/Include/core_cm4.h **** /* ITM Trace Privilege Register Definitions */
 845:Drivers/CMSIS/Include/core_cm4.h **** #define ITM_TPR_PRIVMASK_Pos                0U                                            /*!< ITM 
 846:Drivers/CMSIS/Include/core_cm4.h **** #define ITM_TPR_PRIVMASK_Msk               (0xFFFFFFFFUL /*<< ITM_TPR_PRIVMASK_Pos*/)     /*!< ITM 
 847:Drivers/CMSIS/Include/core_cm4.h **** 
 848:Drivers/CMSIS/Include/core_cm4.h **** /* ITM Trace Control Register Definitions */
 849:Drivers/CMSIS/Include/core_cm4.h **** #define ITM_TCR_BUSY_Pos                   23U                                            /*!< ITM 
 850:Drivers/CMSIS/Include/core_cm4.h **** #define ITM_TCR_BUSY_Msk                   (1UL << ITM_TCR_BUSY_Pos)                      /*!< ITM 
 851:Drivers/CMSIS/Include/core_cm4.h **** 
 852:Drivers/CMSIS/Include/core_cm4.h **** #define ITM_TCR_TraceBusID_Pos             16U                                            /*!< ITM 
 853:Drivers/CMSIS/Include/core_cm4.h **** #define ITM_TCR_TraceBusID_Msk             (0x7FUL << ITM_TCR_TraceBusID_Pos)             /*!< ITM 
 854:Drivers/CMSIS/Include/core_cm4.h **** 
 855:Drivers/CMSIS/Include/core_cm4.h **** #define ITM_TCR_GTSFREQ_Pos                10U                                            /*!< ITM 
 856:Drivers/CMSIS/Include/core_cm4.h **** #define ITM_TCR_GTSFREQ_Msk                (3UL << ITM_TCR_GTSFREQ_Pos)                   /*!< ITM 
 857:Drivers/CMSIS/Include/core_cm4.h **** 
 858:Drivers/CMSIS/Include/core_cm4.h **** #define ITM_TCR_TSPrescale_Pos              8U                                            /*!< ITM 
 859:Drivers/CMSIS/Include/core_cm4.h **** #define ITM_TCR_TSPrescale_Msk             (3UL << ITM_TCR_TSPrescale_Pos)                /*!< ITM 
 860:Drivers/CMSIS/Include/core_cm4.h **** 
 861:Drivers/CMSIS/Include/core_cm4.h **** #define ITM_TCR_SWOENA_Pos                  4U                                            /*!< ITM 
 862:Drivers/CMSIS/Include/core_cm4.h **** #define ITM_TCR_SWOENA_Msk                 (1UL << ITM_TCR_SWOENA_Pos)                    /*!< ITM 
 863:Drivers/CMSIS/Include/core_cm4.h **** 
 864:Drivers/CMSIS/Include/core_cm4.h **** #define ITM_TCR_DWTENA_Pos                  3U                                            /*!< ITM 
 865:Drivers/CMSIS/Include/core_cm4.h **** #define ITM_TCR_DWTENA_Msk                 (1UL << ITM_TCR_DWTENA_Pos)                    /*!< ITM 
 866:Drivers/CMSIS/Include/core_cm4.h **** 
 867:Drivers/CMSIS/Include/core_cm4.h **** #define ITM_TCR_SYNCENA_Pos                 2U                                            /*!< ITM 
 868:Drivers/CMSIS/Include/core_cm4.h **** #define ITM_TCR_SYNCENA_Msk                (1UL << ITM_TCR_SYNCENA_Pos)                   /*!< ITM 
 869:Drivers/CMSIS/Include/core_cm4.h **** 
 870:Drivers/CMSIS/Include/core_cm4.h **** #define ITM_TCR_TSENA_Pos                   1U                                            /*!< ITM 
 871:Drivers/CMSIS/Include/core_cm4.h **** #define ITM_TCR_TSENA_Msk                  (1UL << ITM_TCR_TSENA_Pos)                     /*!< ITM 
 872:Drivers/CMSIS/Include/core_cm4.h **** 
 873:Drivers/CMSIS/Include/core_cm4.h **** #define ITM_TCR_ITMENA_Pos                  0U                                            /*!< ITM 
 874:Drivers/CMSIS/Include/core_cm4.h **** #define ITM_TCR_ITMENA_Msk                 (1UL /*<< ITM_TCR_ITMENA_Pos*/)                /*!< ITM 
 875:Drivers/CMSIS/Include/core_cm4.h **** 
 876:Drivers/CMSIS/Include/core_cm4.h **** /* ITM Lock Status Register Definitions */
 877:Drivers/CMSIS/Include/core_cm4.h **** #define ITM_LSR_ByteAcc_Pos                 2U                                            /*!< ITM 
 878:Drivers/CMSIS/Include/core_cm4.h **** #define ITM_LSR_ByteAcc_Msk                (1UL << ITM_LSR_ByteAcc_Pos)                   /*!< ITM 
 879:Drivers/CMSIS/Include/core_cm4.h **** 
 880:Drivers/CMSIS/Include/core_cm4.h **** #define ITM_LSR_Access_Pos                  1U                                            /*!< ITM 
 881:Drivers/CMSIS/Include/core_cm4.h **** #define ITM_LSR_Access_Msk                 (1UL << ITM_LSR_Access_Pos)                    /*!< ITM 
 882:Drivers/CMSIS/Include/core_cm4.h **** 
 883:Drivers/CMSIS/Include/core_cm4.h **** #define ITM_LSR_Present_Pos                 0U                                            /*!< ITM 
 884:Drivers/CMSIS/Include/core_cm4.h **** #define ITM_LSR_Present_Msk                (1UL /*<< ITM_LSR_Present_Pos*/)               /*!< ITM 
 885:Drivers/CMSIS/Include/core_cm4.h **** 
ARM GAS  C:\Users\Ali\AppData\Local\Temp\ccWQI1fJ.s 			page 17


 886:Drivers/CMSIS/Include/core_cm4.h **** /*@}*/ /* end of group CMSIS_ITM */
 887:Drivers/CMSIS/Include/core_cm4.h **** 
 888:Drivers/CMSIS/Include/core_cm4.h **** 
 889:Drivers/CMSIS/Include/core_cm4.h **** /**
 890:Drivers/CMSIS/Include/core_cm4.h ****   \ingroup  CMSIS_core_register
 891:Drivers/CMSIS/Include/core_cm4.h ****   \defgroup CMSIS_DWT     Data Watchpoint and Trace (DWT)
 892:Drivers/CMSIS/Include/core_cm4.h ****   \brief    Type definitions for the Data Watchpoint and Trace (DWT)
 893:Drivers/CMSIS/Include/core_cm4.h ****   @{
 894:Drivers/CMSIS/Include/core_cm4.h ****  */
 895:Drivers/CMSIS/Include/core_cm4.h **** 
 896:Drivers/CMSIS/Include/core_cm4.h **** /**
 897:Drivers/CMSIS/Include/core_cm4.h ****   \brief  Structure type to access the Data Watchpoint and Trace Register (DWT).
 898:Drivers/CMSIS/Include/core_cm4.h ****  */
 899:Drivers/CMSIS/Include/core_cm4.h **** typedef struct
 900:Drivers/CMSIS/Include/core_cm4.h **** {
 901:Drivers/CMSIS/Include/core_cm4.h ****   __IOM uint32_t CTRL;                   /*!< Offset: 0x000 (R/W)  Control Register */
 902:Drivers/CMSIS/Include/core_cm4.h ****   __IOM uint32_t CYCCNT;                 /*!< Offset: 0x004 (R/W)  Cycle Count Register */
 903:Drivers/CMSIS/Include/core_cm4.h ****   __IOM uint32_t CPICNT;                 /*!< Offset: 0x008 (R/W)  CPI Count Register */
 904:Drivers/CMSIS/Include/core_cm4.h ****   __IOM uint32_t EXCCNT;                 /*!< Offset: 0x00C (R/W)  Exception Overhead Count Registe
 905:Drivers/CMSIS/Include/core_cm4.h ****   __IOM uint32_t SLEEPCNT;               /*!< Offset: 0x010 (R/W)  Sleep Count Register */
 906:Drivers/CMSIS/Include/core_cm4.h ****   __IOM uint32_t LSUCNT;                 /*!< Offset: 0x014 (R/W)  LSU Count Register */
 907:Drivers/CMSIS/Include/core_cm4.h ****   __IOM uint32_t FOLDCNT;                /*!< Offset: 0x018 (R/W)  Folded-instruction Count Registe
 908:Drivers/CMSIS/Include/core_cm4.h ****   __IM  uint32_t PCSR;                   /*!< Offset: 0x01C (R/ )  Program Counter Sample Register 
 909:Drivers/CMSIS/Include/core_cm4.h ****   __IOM uint32_t COMP0;                  /*!< Offset: 0x020 (R/W)  Comparator Register 0 */
 910:Drivers/CMSIS/Include/core_cm4.h ****   __IOM uint32_t MASK0;                  /*!< Offset: 0x024 (R/W)  Mask Register 0 */
 911:Drivers/CMSIS/Include/core_cm4.h ****   __IOM uint32_t FUNCTION0;              /*!< Offset: 0x028 (R/W)  Function Register 0 */
 912:Drivers/CMSIS/Include/core_cm4.h ****         uint32_t RESERVED0[1U];
 913:Drivers/CMSIS/Include/core_cm4.h ****   __IOM uint32_t COMP1;                  /*!< Offset: 0x030 (R/W)  Comparator Register 1 */
 914:Drivers/CMSIS/Include/core_cm4.h ****   __IOM uint32_t MASK1;                  /*!< Offset: 0x034 (R/W)  Mask Register 1 */
 915:Drivers/CMSIS/Include/core_cm4.h ****   __IOM uint32_t FUNCTION1;              /*!< Offset: 0x038 (R/W)  Function Register 1 */
 916:Drivers/CMSIS/Include/core_cm4.h ****         uint32_t RESERVED1[1U];
 917:Drivers/CMSIS/Include/core_cm4.h ****   __IOM uint32_t COMP2;                  /*!< Offset: 0x040 (R/W)  Comparator Register 2 */
 918:Drivers/CMSIS/Include/core_cm4.h ****   __IOM uint32_t MASK2;                  /*!< Offset: 0x044 (R/W)  Mask Register 2 */
 919:Drivers/CMSIS/Include/core_cm4.h ****   __IOM uint32_t FUNCTION2;              /*!< Offset: 0x048 (R/W)  Function Register 2 */
 920:Drivers/CMSIS/Include/core_cm4.h ****         uint32_t RESERVED2[1U];
 921:Drivers/CMSIS/Include/core_cm4.h ****   __IOM uint32_t COMP3;                  /*!< Offset: 0x050 (R/W)  Comparator Register 3 */
 922:Drivers/CMSIS/Include/core_cm4.h ****   __IOM uint32_t MASK3;                  /*!< Offset: 0x054 (R/W)  Mask Register 3 */
 923:Drivers/CMSIS/Include/core_cm4.h ****   __IOM uint32_t FUNCTION3;              /*!< Offset: 0x058 (R/W)  Function Register 3 */
 924:Drivers/CMSIS/Include/core_cm4.h **** } DWT_Type;
 925:Drivers/CMSIS/Include/core_cm4.h **** 
 926:Drivers/CMSIS/Include/core_cm4.h **** /* DWT Control Register Definitions */
 927:Drivers/CMSIS/Include/core_cm4.h **** #define DWT_CTRL_NUMCOMP_Pos               28U                                         /*!< DWT CTR
 928:Drivers/CMSIS/Include/core_cm4.h **** #define DWT_CTRL_NUMCOMP_Msk               (0xFUL << DWT_CTRL_NUMCOMP_Pos)             /*!< DWT CTR
 929:Drivers/CMSIS/Include/core_cm4.h **** 
 930:Drivers/CMSIS/Include/core_cm4.h **** #define DWT_CTRL_NOTRCPKT_Pos              27U                                         /*!< DWT CTR
 931:Drivers/CMSIS/Include/core_cm4.h **** #define DWT_CTRL_NOTRCPKT_Msk              (0x1UL << DWT_CTRL_NOTRCPKT_Pos)            /*!< DWT CTR
 932:Drivers/CMSIS/Include/core_cm4.h **** 
 933:Drivers/CMSIS/Include/core_cm4.h **** #define DWT_CTRL_NOEXTTRIG_Pos             26U                                         /*!< DWT CTR
 934:Drivers/CMSIS/Include/core_cm4.h **** #define DWT_CTRL_NOEXTTRIG_Msk             (0x1UL << DWT_CTRL_NOEXTTRIG_Pos)           /*!< DWT CTR
 935:Drivers/CMSIS/Include/core_cm4.h **** 
 936:Drivers/CMSIS/Include/core_cm4.h **** #define DWT_CTRL_NOCYCCNT_Pos              25U                                         /*!< DWT CTR
 937:Drivers/CMSIS/Include/core_cm4.h **** #define DWT_CTRL_NOCYCCNT_Msk              (0x1UL << DWT_CTRL_NOCYCCNT_Pos)            /*!< DWT CTR
 938:Drivers/CMSIS/Include/core_cm4.h **** 
 939:Drivers/CMSIS/Include/core_cm4.h **** #define DWT_CTRL_NOPRFCNT_Pos              24U                                         /*!< DWT CTR
 940:Drivers/CMSIS/Include/core_cm4.h **** #define DWT_CTRL_NOPRFCNT_Msk              (0x1UL << DWT_CTRL_NOPRFCNT_Pos)            /*!< DWT CTR
 941:Drivers/CMSIS/Include/core_cm4.h **** 
 942:Drivers/CMSIS/Include/core_cm4.h **** #define DWT_CTRL_CYCEVTENA_Pos             22U                                         /*!< DWT CTR
ARM GAS  C:\Users\Ali\AppData\Local\Temp\ccWQI1fJ.s 			page 18


 943:Drivers/CMSIS/Include/core_cm4.h **** #define DWT_CTRL_CYCEVTENA_Msk             (0x1UL << DWT_CTRL_CYCEVTENA_Pos)           /*!< DWT CTR
 944:Drivers/CMSIS/Include/core_cm4.h **** 
 945:Drivers/CMSIS/Include/core_cm4.h **** #define DWT_CTRL_FOLDEVTENA_Pos            21U                                         /*!< DWT CTR
 946:Drivers/CMSIS/Include/core_cm4.h **** #define DWT_CTRL_FOLDEVTENA_Msk            (0x1UL << DWT_CTRL_FOLDEVTENA_Pos)          /*!< DWT CTR
 947:Drivers/CMSIS/Include/core_cm4.h **** 
 948:Drivers/CMSIS/Include/core_cm4.h **** #define DWT_CTRL_LSUEVTENA_Pos             20U                                         /*!< DWT CTR
 949:Drivers/CMSIS/Include/core_cm4.h **** #define DWT_CTRL_LSUEVTENA_Msk             (0x1UL << DWT_CTRL_LSUEVTENA_Pos)           /*!< DWT CTR
 950:Drivers/CMSIS/Include/core_cm4.h **** 
 951:Drivers/CMSIS/Include/core_cm4.h **** #define DWT_CTRL_SLEEPEVTENA_Pos           19U                                         /*!< DWT CTR
 952:Drivers/CMSIS/Include/core_cm4.h **** #define DWT_CTRL_SLEEPEVTENA_Msk           (0x1UL << DWT_CTRL_SLEEPEVTENA_Pos)         /*!< DWT CTR
 953:Drivers/CMSIS/Include/core_cm4.h **** 
 954:Drivers/CMSIS/Include/core_cm4.h **** #define DWT_CTRL_EXCEVTENA_Pos             18U                                         /*!< DWT CTR
 955:Drivers/CMSIS/Include/core_cm4.h **** #define DWT_CTRL_EXCEVTENA_Msk             (0x1UL << DWT_CTRL_EXCEVTENA_Pos)           /*!< DWT CTR
 956:Drivers/CMSIS/Include/core_cm4.h **** 
 957:Drivers/CMSIS/Include/core_cm4.h **** #define DWT_CTRL_CPIEVTENA_Pos             17U                                         /*!< DWT CTR
 958:Drivers/CMSIS/Include/core_cm4.h **** #define DWT_CTRL_CPIEVTENA_Msk             (0x1UL << DWT_CTRL_CPIEVTENA_Pos)           /*!< DWT CTR
 959:Drivers/CMSIS/Include/core_cm4.h **** 
 960:Drivers/CMSIS/Include/core_cm4.h **** #define DWT_CTRL_EXCTRCENA_Pos             16U                                         /*!< DWT CTR
 961:Drivers/CMSIS/Include/core_cm4.h **** #define DWT_CTRL_EXCTRCENA_Msk             (0x1UL << DWT_CTRL_EXCTRCENA_Pos)           /*!< DWT CTR
 962:Drivers/CMSIS/Include/core_cm4.h **** 
 963:Drivers/CMSIS/Include/core_cm4.h **** #define DWT_CTRL_PCSAMPLENA_Pos            12U                                         /*!< DWT CTR
 964:Drivers/CMSIS/Include/core_cm4.h **** #define DWT_CTRL_PCSAMPLENA_Msk            (0x1UL << DWT_CTRL_PCSAMPLENA_Pos)          /*!< DWT CTR
 965:Drivers/CMSIS/Include/core_cm4.h **** 
 966:Drivers/CMSIS/Include/core_cm4.h **** #define DWT_CTRL_SYNCTAP_Pos               10U                                         /*!< DWT CTR
 967:Drivers/CMSIS/Include/core_cm4.h **** #define DWT_CTRL_SYNCTAP_Msk               (0x3UL << DWT_CTRL_SYNCTAP_Pos)             /*!< DWT CTR
 968:Drivers/CMSIS/Include/core_cm4.h **** 
 969:Drivers/CMSIS/Include/core_cm4.h **** #define DWT_CTRL_CYCTAP_Pos                 9U                                         /*!< DWT CTR
 970:Drivers/CMSIS/Include/core_cm4.h **** #define DWT_CTRL_CYCTAP_Msk                (0x1UL << DWT_CTRL_CYCTAP_Pos)              /*!< DWT CTR
 971:Drivers/CMSIS/Include/core_cm4.h **** 
 972:Drivers/CMSIS/Include/core_cm4.h **** #define DWT_CTRL_POSTINIT_Pos               5U                                         /*!< DWT CTR
 973:Drivers/CMSIS/Include/core_cm4.h **** #define DWT_CTRL_POSTINIT_Msk              (0xFUL << DWT_CTRL_POSTINIT_Pos)            /*!< DWT CTR
 974:Drivers/CMSIS/Include/core_cm4.h **** 
 975:Drivers/CMSIS/Include/core_cm4.h **** #define DWT_CTRL_POSTPRESET_Pos             1U                                         /*!< DWT CTR
 976:Drivers/CMSIS/Include/core_cm4.h **** #define DWT_CTRL_POSTPRESET_Msk            (0xFUL << DWT_CTRL_POSTPRESET_Pos)          /*!< DWT CTR
 977:Drivers/CMSIS/Include/core_cm4.h **** 
 978:Drivers/CMSIS/Include/core_cm4.h **** #define DWT_CTRL_CYCCNTENA_Pos              0U                                         /*!< DWT CTR
 979:Drivers/CMSIS/Include/core_cm4.h **** #define DWT_CTRL_CYCCNTENA_Msk             (0x1UL /*<< DWT_CTRL_CYCCNTENA_Pos*/)       /*!< DWT CTR
 980:Drivers/CMSIS/Include/core_cm4.h **** 
 981:Drivers/CMSIS/Include/core_cm4.h **** /* DWT CPI Count Register Definitions */
 982:Drivers/CMSIS/Include/core_cm4.h **** #define DWT_CPICNT_CPICNT_Pos               0U                                         /*!< DWT CPI
 983:Drivers/CMSIS/Include/core_cm4.h **** #define DWT_CPICNT_CPICNT_Msk              (0xFFUL /*<< DWT_CPICNT_CPICNT_Pos*/)       /*!< DWT CPI
 984:Drivers/CMSIS/Include/core_cm4.h **** 
 985:Drivers/CMSIS/Include/core_cm4.h **** /* DWT Exception Overhead Count Register Definitions */
 986:Drivers/CMSIS/Include/core_cm4.h **** #define DWT_EXCCNT_EXCCNT_Pos               0U                                         /*!< DWT EXC
 987:Drivers/CMSIS/Include/core_cm4.h **** #define DWT_EXCCNT_EXCCNT_Msk              (0xFFUL /*<< DWT_EXCCNT_EXCCNT_Pos*/)       /*!< DWT EXC
 988:Drivers/CMSIS/Include/core_cm4.h **** 
 989:Drivers/CMSIS/Include/core_cm4.h **** /* DWT Sleep Count Register Definitions */
 990:Drivers/CMSIS/Include/core_cm4.h **** #define DWT_SLEEPCNT_SLEEPCNT_Pos           0U                                         /*!< DWT SLE
 991:Drivers/CMSIS/Include/core_cm4.h **** #define DWT_SLEEPCNT_SLEEPCNT_Msk          (0xFFUL /*<< DWT_SLEEPCNT_SLEEPCNT_Pos*/)   /*!< DWT SLE
 992:Drivers/CMSIS/Include/core_cm4.h **** 
 993:Drivers/CMSIS/Include/core_cm4.h **** /* DWT LSU Count Register Definitions */
 994:Drivers/CMSIS/Include/core_cm4.h **** #define DWT_LSUCNT_LSUCNT_Pos               0U                                         /*!< DWT LSU
 995:Drivers/CMSIS/Include/core_cm4.h **** #define DWT_LSUCNT_LSUCNT_Msk              (0xFFUL /*<< DWT_LSUCNT_LSUCNT_Pos*/)       /*!< DWT LSU
 996:Drivers/CMSIS/Include/core_cm4.h **** 
 997:Drivers/CMSIS/Include/core_cm4.h **** /* DWT Folded-instruction Count Register Definitions */
 998:Drivers/CMSIS/Include/core_cm4.h **** #define DWT_FOLDCNT_FOLDCNT_Pos             0U                                         /*!< DWT FOL
 999:Drivers/CMSIS/Include/core_cm4.h **** #define DWT_FOLDCNT_FOLDCNT_Msk            (0xFFUL /*<< DWT_FOLDCNT_FOLDCNT_Pos*/)     /*!< DWT FOL
ARM GAS  C:\Users\Ali\AppData\Local\Temp\ccWQI1fJ.s 			page 19


1000:Drivers/CMSIS/Include/core_cm4.h **** 
1001:Drivers/CMSIS/Include/core_cm4.h **** /* DWT Comparator Mask Register Definitions */
1002:Drivers/CMSIS/Include/core_cm4.h **** #define DWT_MASK_MASK_Pos                   0U                                         /*!< DWT MAS
1003:Drivers/CMSIS/Include/core_cm4.h **** #define DWT_MASK_MASK_Msk                  (0x1FUL /*<< DWT_MASK_MASK_Pos*/)           /*!< DWT MAS
1004:Drivers/CMSIS/Include/core_cm4.h **** 
1005:Drivers/CMSIS/Include/core_cm4.h **** /* DWT Comparator Function Register Definitions */
1006:Drivers/CMSIS/Include/core_cm4.h **** #define DWT_FUNCTION_MATCHED_Pos           24U                                         /*!< DWT FUN
1007:Drivers/CMSIS/Include/core_cm4.h **** #define DWT_FUNCTION_MATCHED_Msk           (0x1UL << DWT_FUNCTION_MATCHED_Pos)         /*!< DWT FUN
1008:Drivers/CMSIS/Include/core_cm4.h **** 
1009:Drivers/CMSIS/Include/core_cm4.h **** #define DWT_FUNCTION_DATAVADDR1_Pos        16U                                         /*!< DWT FUN
1010:Drivers/CMSIS/Include/core_cm4.h **** #define DWT_FUNCTION_DATAVADDR1_Msk        (0xFUL << DWT_FUNCTION_DATAVADDR1_Pos)      /*!< DWT FUN
1011:Drivers/CMSIS/Include/core_cm4.h **** 
1012:Drivers/CMSIS/Include/core_cm4.h **** #define DWT_FUNCTION_DATAVADDR0_Pos        12U                                         /*!< DWT FUN
1013:Drivers/CMSIS/Include/core_cm4.h **** #define DWT_FUNCTION_DATAVADDR0_Msk        (0xFUL << DWT_FUNCTION_DATAVADDR0_Pos)      /*!< DWT FUN
1014:Drivers/CMSIS/Include/core_cm4.h **** 
1015:Drivers/CMSIS/Include/core_cm4.h **** #define DWT_FUNCTION_DATAVSIZE_Pos         10U                                         /*!< DWT FUN
1016:Drivers/CMSIS/Include/core_cm4.h **** #define DWT_FUNCTION_DATAVSIZE_Msk         (0x3UL << DWT_FUNCTION_DATAVSIZE_Pos)       /*!< DWT FUN
1017:Drivers/CMSIS/Include/core_cm4.h **** 
1018:Drivers/CMSIS/Include/core_cm4.h **** #define DWT_FUNCTION_LNK1ENA_Pos            9U                                         /*!< DWT FUN
1019:Drivers/CMSIS/Include/core_cm4.h **** #define DWT_FUNCTION_LNK1ENA_Msk           (0x1UL << DWT_FUNCTION_LNK1ENA_Pos)         /*!< DWT FUN
1020:Drivers/CMSIS/Include/core_cm4.h **** 
1021:Drivers/CMSIS/Include/core_cm4.h **** #define DWT_FUNCTION_DATAVMATCH_Pos         8U                                         /*!< DWT FUN
1022:Drivers/CMSIS/Include/core_cm4.h **** #define DWT_FUNCTION_DATAVMATCH_Msk        (0x1UL << DWT_FUNCTION_DATAVMATCH_Pos)      /*!< DWT FUN
1023:Drivers/CMSIS/Include/core_cm4.h **** 
1024:Drivers/CMSIS/Include/core_cm4.h **** #define DWT_FUNCTION_CYCMATCH_Pos           7U                                         /*!< DWT FUN
1025:Drivers/CMSIS/Include/core_cm4.h **** #define DWT_FUNCTION_CYCMATCH_Msk          (0x1UL << DWT_FUNCTION_CYCMATCH_Pos)        /*!< DWT FUN
1026:Drivers/CMSIS/Include/core_cm4.h **** 
1027:Drivers/CMSIS/Include/core_cm4.h **** #define DWT_FUNCTION_EMITRANGE_Pos          5U                                         /*!< DWT FUN
1028:Drivers/CMSIS/Include/core_cm4.h **** #define DWT_FUNCTION_EMITRANGE_Msk         (0x1UL << DWT_FUNCTION_EMITRANGE_Pos)       /*!< DWT FUN
1029:Drivers/CMSIS/Include/core_cm4.h **** 
1030:Drivers/CMSIS/Include/core_cm4.h **** #define DWT_FUNCTION_FUNCTION_Pos           0U                                         /*!< DWT FUN
1031:Drivers/CMSIS/Include/core_cm4.h **** #define DWT_FUNCTION_FUNCTION_Msk          (0xFUL /*<< DWT_FUNCTION_FUNCTION_Pos*/)    /*!< DWT FUN
1032:Drivers/CMSIS/Include/core_cm4.h **** 
1033:Drivers/CMSIS/Include/core_cm4.h **** /*@}*/ /* end of group CMSIS_DWT */
1034:Drivers/CMSIS/Include/core_cm4.h **** 
1035:Drivers/CMSIS/Include/core_cm4.h **** 
1036:Drivers/CMSIS/Include/core_cm4.h **** /**
1037:Drivers/CMSIS/Include/core_cm4.h ****   \ingroup  CMSIS_core_register
1038:Drivers/CMSIS/Include/core_cm4.h ****   \defgroup CMSIS_TPI     Trace Port Interface (TPI)
1039:Drivers/CMSIS/Include/core_cm4.h ****   \brief    Type definitions for the Trace Port Interface (TPI)
1040:Drivers/CMSIS/Include/core_cm4.h ****   @{
1041:Drivers/CMSIS/Include/core_cm4.h ****  */
1042:Drivers/CMSIS/Include/core_cm4.h **** 
1043:Drivers/CMSIS/Include/core_cm4.h **** /**
1044:Drivers/CMSIS/Include/core_cm4.h ****   \brief  Structure type to access the Trace Port Interface Register (TPI).
1045:Drivers/CMSIS/Include/core_cm4.h ****  */
1046:Drivers/CMSIS/Include/core_cm4.h **** typedef struct
1047:Drivers/CMSIS/Include/core_cm4.h **** {
1048:Drivers/CMSIS/Include/core_cm4.h ****   __IM  uint32_t SSPSR;                  /*!< Offset: 0x000 (R/ )  Supported Parallel Port Size Reg
1049:Drivers/CMSIS/Include/core_cm4.h ****   __IOM uint32_t CSPSR;                  /*!< Offset: 0x004 (R/W)  Current Parallel Port Size Regis
1050:Drivers/CMSIS/Include/core_cm4.h ****         uint32_t RESERVED0[2U];
1051:Drivers/CMSIS/Include/core_cm4.h ****   __IOM uint32_t ACPR;                   /*!< Offset: 0x010 (R/W)  Asynchronous Clock Prescaler Reg
1052:Drivers/CMSIS/Include/core_cm4.h ****         uint32_t RESERVED1[55U];
1053:Drivers/CMSIS/Include/core_cm4.h ****   __IOM uint32_t SPPR;                   /*!< Offset: 0x0F0 (R/W)  Selected Pin Protocol Register *
1054:Drivers/CMSIS/Include/core_cm4.h ****         uint32_t RESERVED2[131U];
1055:Drivers/CMSIS/Include/core_cm4.h ****   __IM  uint32_t FFSR;                   /*!< Offset: 0x300 (R/ )  Formatter and Flush Status Regis
1056:Drivers/CMSIS/Include/core_cm4.h ****   __IOM uint32_t FFCR;                   /*!< Offset: 0x304 (R/W)  Formatter and Flush Control Regi
ARM GAS  C:\Users\Ali\AppData\Local\Temp\ccWQI1fJ.s 			page 20


1057:Drivers/CMSIS/Include/core_cm4.h ****   __IM  uint32_t FSCR;                   /*!< Offset: 0x308 (R/ )  Formatter Synchronization Counte
1058:Drivers/CMSIS/Include/core_cm4.h ****         uint32_t RESERVED3[759U];
1059:Drivers/CMSIS/Include/core_cm4.h ****   __IM  uint32_t TRIGGER;                /*!< Offset: 0xEE8 (R/ )  TRIGGER Register */
1060:Drivers/CMSIS/Include/core_cm4.h ****   __IM  uint32_t FIFO0;                  /*!< Offset: 0xEEC (R/ )  Integration ETM Data */
1061:Drivers/CMSIS/Include/core_cm4.h ****   __IM  uint32_t ITATBCTR2;              /*!< Offset: 0xEF0 (R/ )  ITATBCTR2 */
1062:Drivers/CMSIS/Include/core_cm4.h ****         uint32_t RESERVED4[1U];
1063:Drivers/CMSIS/Include/core_cm4.h ****   __IM  uint32_t ITATBCTR0;              /*!< Offset: 0xEF8 (R/ )  ITATBCTR0 */
1064:Drivers/CMSIS/Include/core_cm4.h ****   __IM  uint32_t FIFO1;                  /*!< Offset: 0xEFC (R/ )  Integration ITM Data */
1065:Drivers/CMSIS/Include/core_cm4.h ****   __IOM uint32_t ITCTRL;                 /*!< Offset: 0xF00 (R/W)  Integration Mode Control */
1066:Drivers/CMSIS/Include/core_cm4.h ****         uint32_t RESERVED5[39U];
1067:Drivers/CMSIS/Include/core_cm4.h ****   __IOM uint32_t CLAIMSET;               /*!< Offset: 0xFA0 (R/W)  Claim tag set */
1068:Drivers/CMSIS/Include/core_cm4.h ****   __IOM uint32_t CLAIMCLR;               /*!< Offset: 0xFA4 (R/W)  Claim tag clear */
1069:Drivers/CMSIS/Include/core_cm4.h ****         uint32_t RESERVED7[8U];
1070:Drivers/CMSIS/Include/core_cm4.h ****   __IM  uint32_t DEVID;                  /*!< Offset: 0xFC8 (R/ )  TPIU_DEVID */
1071:Drivers/CMSIS/Include/core_cm4.h ****   __IM  uint32_t DEVTYPE;                /*!< Offset: 0xFCC (R/ )  TPIU_DEVTYPE */
1072:Drivers/CMSIS/Include/core_cm4.h **** } TPI_Type;
1073:Drivers/CMSIS/Include/core_cm4.h **** 
1074:Drivers/CMSIS/Include/core_cm4.h **** /* TPI Asynchronous Clock Prescaler Register Definitions */
1075:Drivers/CMSIS/Include/core_cm4.h **** #define TPI_ACPR_PRESCALER_Pos              0U                                         /*!< TPI ACP
1076:Drivers/CMSIS/Include/core_cm4.h **** #define TPI_ACPR_PRESCALER_Msk             (0x1FFFUL /*<< TPI_ACPR_PRESCALER_Pos*/)    /*!< TPI ACP
1077:Drivers/CMSIS/Include/core_cm4.h **** 
1078:Drivers/CMSIS/Include/core_cm4.h **** /* TPI Selected Pin Protocol Register Definitions */
1079:Drivers/CMSIS/Include/core_cm4.h **** #define TPI_SPPR_TXMODE_Pos                 0U                                         /*!< TPI SPP
1080:Drivers/CMSIS/Include/core_cm4.h **** #define TPI_SPPR_TXMODE_Msk                (0x3UL /*<< TPI_SPPR_TXMODE_Pos*/)          /*!< TPI SPP
1081:Drivers/CMSIS/Include/core_cm4.h **** 
1082:Drivers/CMSIS/Include/core_cm4.h **** /* TPI Formatter and Flush Status Register Definitions */
1083:Drivers/CMSIS/Include/core_cm4.h **** #define TPI_FFSR_FtNonStop_Pos              3U                                         /*!< TPI FFS
1084:Drivers/CMSIS/Include/core_cm4.h **** #define TPI_FFSR_FtNonStop_Msk             (0x1UL << TPI_FFSR_FtNonStop_Pos)           /*!< TPI FFS
1085:Drivers/CMSIS/Include/core_cm4.h **** 
1086:Drivers/CMSIS/Include/core_cm4.h **** #define TPI_FFSR_TCPresent_Pos              2U                                         /*!< TPI FFS
1087:Drivers/CMSIS/Include/core_cm4.h **** #define TPI_FFSR_TCPresent_Msk             (0x1UL << TPI_FFSR_TCPresent_Pos)           /*!< TPI FFS
1088:Drivers/CMSIS/Include/core_cm4.h **** 
1089:Drivers/CMSIS/Include/core_cm4.h **** #define TPI_FFSR_FtStopped_Pos              1U                                         /*!< TPI FFS
1090:Drivers/CMSIS/Include/core_cm4.h **** #define TPI_FFSR_FtStopped_Msk             (0x1UL << TPI_FFSR_FtStopped_Pos)           /*!< TPI FFS
1091:Drivers/CMSIS/Include/core_cm4.h **** 
1092:Drivers/CMSIS/Include/core_cm4.h **** #define TPI_FFSR_FlInProg_Pos               0U                                         /*!< TPI FFS
1093:Drivers/CMSIS/Include/core_cm4.h **** #define TPI_FFSR_FlInProg_Msk              (0x1UL /*<< TPI_FFSR_FlInProg_Pos*/)        /*!< TPI FFS
1094:Drivers/CMSIS/Include/core_cm4.h **** 
1095:Drivers/CMSIS/Include/core_cm4.h **** /* TPI Formatter and Flush Control Register Definitions */
1096:Drivers/CMSIS/Include/core_cm4.h **** #define TPI_FFCR_TrigIn_Pos                 8U                                         /*!< TPI FFC
1097:Drivers/CMSIS/Include/core_cm4.h **** #define TPI_FFCR_TrigIn_Msk                (0x1UL << TPI_FFCR_TrigIn_Pos)              /*!< TPI FFC
1098:Drivers/CMSIS/Include/core_cm4.h **** 
1099:Drivers/CMSIS/Include/core_cm4.h **** #define TPI_FFCR_EnFCont_Pos                1U                                         /*!< TPI FFC
1100:Drivers/CMSIS/Include/core_cm4.h **** #define TPI_FFCR_EnFCont_Msk               (0x1UL << TPI_FFCR_EnFCont_Pos)             /*!< TPI FFC
1101:Drivers/CMSIS/Include/core_cm4.h **** 
1102:Drivers/CMSIS/Include/core_cm4.h **** /* TPI TRIGGER Register Definitions */
1103:Drivers/CMSIS/Include/core_cm4.h **** #define TPI_TRIGGER_TRIGGER_Pos             0U                                         /*!< TPI TRI
1104:Drivers/CMSIS/Include/core_cm4.h **** #define TPI_TRIGGER_TRIGGER_Msk            (0x1UL /*<< TPI_TRIGGER_TRIGGER_Pos*/)      /*!< TPI TRI
1105:Drivers/CMSIS/Include/core_cm4.h **** 
1106:Drivers/CMSIS/Include/core_cm4.h **** /* TPI Integration ETM Data Register Definitions (FIFO0) */
1107:Drivers/CMSIS/Include/core_cm4.h **** #define TPI_FIFO0_ITM_ATVALID_Pos          29U                                         /*!< TPI FIF
1108:Drivers/CMSIS/Include/core_cm4.h **** #define TPI_FIFO0_ITM_ATVALID_Msk          (0x1UL << TPI_FIFO0_ITM_ATVALID_Pos)        /*!< TPI FIF
1109:Drivers/CMSIS/Include/core_cm4.h **** 
1110:Drivers/CMSIS/Include/core_cm4.h **** #define TPI_FIFO0_ITM_bytecount_Pos        27U                                         /*!< TPI FIF
1111:Drivers/CMSIS/Include/core_cm4.h **** #define TPI_FIFO0_ITM_bytecount_Msk        (0x3UL << TPI_FIFO0_ITM_bytecount_Pos)      /*!< TPI FIF
1112:Drivers/CMSIS/Include/core_cm4.h **** 
1113:Drivers/CMSIS/Include/core_cm4.h **** #define TPI_FIFO0_ETM_ATVALID_Pos          26U                                         /*!< TPI FIF
ARM GAS  C:\Users\Ali\AppData\Local\Temp\ccWQI1fJ.s 			page 21


1114:Drivers/CMSIS/Include/core_cm4.h **** #define TPI_FIFO0_ETM_ATVALID_Msk          (0x1UL << TPI_FIFO0_ETM_ATVALID_Pos)        /*!< TPI FIF
1115:Drivers/CMSIS/Include/core_cm4.h **** 
1116:Drivers/CMSIS/Include/core_cm4.h **** #define TPI_FIFO0_ETM_bytecount_Pos        24U                                         /*!< TPI FIF
1117:Drivers/CMSIS/Include/core_cm4.h **** #define TPI_FIFO0_ETM_bytecount_Msk        (0x3UL << TPI_FIFO0_ETM_bytecount_Pos)      /*!< TPI FIF
1118:Drivers/CMSIS/Include/core_cm4.h **** 
1119:Drivers/CMSIS/Include/core_cm4.h **** #define TPI_FIFO0_ETM2_Pos                 16U                                         /*!< TPI FIF
1120:Drivers/CMSIS/Include/core_cm4.h **** #define TPI_FIFO0_ETM2_Msk                 (0xFFUL << TPI_FIFO0_ETM2_Pos)              /*!< TPI FIF
1121:Drivers/CMSIS/Include/core_cm4.h **** 
1122:Drivers/CMSIS/Include/core_cm4.h **** #define TPI_FIFO0_ETM1_Pos                  8U                                         /*!< TPI FIF
1123:Drivers/CMSIS/Include/core_cm4.h **** #define TPI_FIFO0_ETM1_Msk                 (0xFFUL << TPI_FIFO0_ETM1_Pos)              /*!< TPI FIF
1124:Drivers/CMSIS/Include/core_cm4.h **** 
1125:Drivers/CMSIS/Include/core_cm4.h **** #define TPI_FIFO0_ETM0_Pos                  0U                                         /*!< TPI FIF
1126:Drivers/CMSIS/Include/core_cm4.h **** #define TPI_FIFO0_ETM0_Msk                 (0xFFUL /*<< TPI_FIFO0_ETM0_Pos*/)          /*!< TPI FIF
1127:Drivers/CMSIS/Include/core_cm4.h **** 
1128:Drivers/CMSIS/Include/core_cm4.h **** /* TPI ITATBCTR2 Register Definitions */
1129:Drivers/CMSIS/Include/core_cm4.h **** #define TPI_ITATBCTR2_ATREADY2_Pos          0U                                         /*!< TPI ITA
1130:Drivers/CMSIS/Include/core_cm4.h **** #define TPI_ITATBCTR2_ATREADY2_Msk         (0x1UL /*<< TPI_ITATBCTR2_ATREADY2_Pos*/)   /*!< TPI ITA
1131:Drivers/CMSIS/Include/core_cm4.h **** 
1132:Drivers/CMSIS/Include/core_cm4.h **** #define TPI_ITATBCTR2_ATREADY1_Pos          0U                                         /*!< TPI ITA
1133:Drivers/CMSIS/Include/core_cm4.h **** #define TPI_ITATBCTR2_ATREADY1_Msk         (0x1UL /*<< TPI_ITATBCTR2_ATREADY1_Pos*/)   /*!< TPI ITA
1134:Drivers/CMSIS/Include/core_cm4.h **** 
1135:Drivers/CMSIS/Include/core_cm4.h **** /* TPI Integration ITM Data Register Definitions (FIFO1) */
1136:Drivers/CMSIS/Include/core_cm4.h **** #define TPI_FIFO1_ITM_ATVALID_Pos          29U                                         /*!< TPI FIF
1137:Drivers/CMSIS/Include/core_cm4.h **** #define TPI_FIFO1_ITM_ATVALID_Msk          (0x1UL << TPI_FIFO1_ITM_ATVALID_Pos)        /*!< TPI FIF
1138:Drivers/CMSIS/Include/core_cm4.h **** 
1139:Drivers/CMSIS/Include/core_cm4.h **** #define TPI_FIFO1_ITM_bytecount_Pos        27U                                         /*!< TPI FIF
1140:Drivers/CMSIS/Include/core_cm4.h **** #define TPI_FIFO1_ITM_bytecount_Msk        (0x3UL << TPI_FIFO1_ITM_bytecount_Pos)      /*!< TPI FIF
1141:Drivers/CMSIS/Include/core_cm4.h **** 
1142:Drivers/CMSIS/Include/core_cm4.h **** #define TPI_FIFO1_ETM_ATVALID_Pos          26U                                         /*!< TPI FIF
1143:Drivers/CMSIS/Include/core_cm4.h **** #define TPI_FIFO1_ETM_ATVALID_Msk          (0x1UL << TPI_FIFO1_ETM_ATVALID_Pos)        /*!< TPI FIF
1144:Drivers/CMSIS/Include/core_cm4.h **** 
1145:Drivers/CMSIS/Include/core_cm4.h **** #define TPI_FIFO1_ETM_bytecount_Pos        24U                                         /*!< TPI FIF
1146:Drivers/CMSIS/Include/core_cm4.h **** #define TPI_FIFO1_ETM_bytecount_Msk        (0x3UL << TPI_FIFO1_ETM_bytecount_Pos)      /*!< TPI FIF
1147:Drivers/CMSIS/Include/core_cm4.h **** 
1148:Drivers/CMSIS/Include/core_cm4.h **** #define TPI_FIFO1_ITM2_Pos                 16U                                         /*!< TPI FIF
1149:Drivers/CMSIS/Include/core_cm4.h **** #define TPI_FIFO1_ITM2_Msk                 (0xFFUL << TPI_FIFO1_ITM2_Pos)              /*!< TPI FIF
1150:Drivers/CMSIS/Include/core_cm4.h **** 
1151:Drivers/CMSIS/Include/core_cm4.h **** #define TPI_FIFO1_ITM1_Pos                  8U                                         /*!< TPI FIF
1152:Drivers/CMSIS/Include/core_cm4.h **** #define TPI_FIFO1_ITM1_Msk                 (0xFFUL << TPI_FIFO1_ITM1_Pos)              /*!< TPI FIF
1153:Drivers/CMSIS/Include/core_cm4.h **** 
1154:Drivers/CMSIS/Include/core_cm4.h **** #define TPI_FIFO1_ITM0_Pos                  0U                                         /*!< TPI FIF
1155:Drivers/CMSIS/Include/core_cm4.h **** #define TPI_FIFO1_ITM0_Msk                 (0xFFUL /*<< TPI_FIFO1_ITM0_Pos*/)          /*!< TPI FIF
1156:Drivers/CMSIS/Include/core_cm4.h **** 
1157:Drivers/CMSIS/Include/core_cm4.h **** /* TPI ITATBCTR0 Register Definitions */
1158:Drivers/CMSIS/Include/core_cm4.h **** #define TPI_ITATBCTR0_ATREADY2_Pos          0U                                         /*!< TPI ITA
1159:Drivers/CMSIS/Include/core_cm4.h **** #define TPI_ITATBCTR0_ATREADY2_Msk         (0x1UL /*<< TPI_ITATBCTR0_ATREADY2_Pos*/)   /*!< TPI ITA
1160:Drivers/CMSIS/Include/core_cm4.h **** 
1161:Drivers/CMSIS/Include/core_cm4.h **** #define TPI_ITATBCTR0_ATREADY1_Pos          0U                                         /*!< TPI ITA
1162:Drivers/CMSIS/Include/core_cm4.h **** #define TPI_ITATBCTR0_ATREADY1_Msk         (0x1UL /*<< TPI_ITATBCTR0_ATREADY1_Pos*/)   /*!< TPI ITA
1163:Drivers/CMSIS/Include/core_cm4.h **** 
1164:Drivers/CMSIS/Include/core_cm4.h **** /* TPI Integration Mode Control Register Definitions */
1165:Drivers/CMSIS/Include/core_cm4.h **** #define TPI_ITCTRL_Mode_Pos                 0U                                         /*!< TPI ITC
1166:Drivers/CMSIS/Include/core_cm4.h **** #define TPI_ITCTRL_Mode_Msk                (0x3UL /*<< TPI_ITCTRL_Mode_Pos*/)          /*!< TPI ITC
1167:Drivers/CMSIS/Include/core_cm4.h **** 
1168:Drivers/CMSIS/Include/core_cm4.h **** /* TPI DEVID Register Definitions */
1169:Drivers/CMSIS/Include/core_cm4.h **** #define TPI_DEVID_NRZVALID_Pos             11U                                         /*!< TPI DEV
1170:Drivers/CMSIS/Include/core_cm4.h **** #define TPI_DEVID_NRZVALID_Msk             (0x1UL << TPI_DEVID_NRZVALID_Pos)           /*!< TPI DEV
ARM GAS  C:\Users\Ali\AppData\Local\Temp\ccWQI1fJ.s 			page 22


1171:Drivers/CMSIS/Include/core_cm4.h **** 
1172:Drivers/CMSIS/Include/core_cm4.h **** #define TPI_DEVID_MANCVALID_Pos            10U                                         /*!< TPI DEV
1173:Drivers/CMSIS/Include/core_cm4.h **** #define TPI_DEVID_MANCVALID_Msk            (0x1UL << TPI_DEVID_MANCVALID_Pos)          /*!< TPI DEV
1174:Drivers/CMSIS/Include/core_cm4.h **** 
1175:Drivers/CMSIS/Include/core_cm4.h **** #define TPI_DEVID_PTINVALID_Pos             9U                                         /*!< TPI DEV
1176:Drivers/CMSIS/Include/core_cm4.h **** #define TPI_DEVID_PTINVALID_Msk            (0x1UL << TPI_DEVID_PTINVALID_Pos)          /*!< TPI DEV
1177:Drivers/CMSIS/Include/core_cm4.h **** 
1178:Drivers/CMSIS/Include/core_cm4.h **** #define TPI_DEVID_MinBufSz_Pos              6U                                         /*!< TPI DEV
1179:Drivers/CMSIS/Include/core_cm4.h **** #define TPI_DEVID_MinBufSz_Msk             (0x7UL << TPI_DEVID_MinBufSz_Pos)           /*!< TPI DEV
1180:Drivers/CMSIS/Include/core_cm4.h **** 
1181:Drivers/CMSIS/Include/core_cm4.h **** #define TPI_DEVID_AsynClkIn_Pos             5U                                         /*!< TPI DEV
1182:Drivers/CMSIS/Include/core_cm4.h **** #define TPI_DEVID_AsynClkIn_Msk            (0x1UL << TPI_DEVID_AsynClkIn_Pos)          /*!< TPI DEV
1183:Drivers/CMSIS/Include/core_cm4.h **** 
1184:Drivers/CMSIS/Include/core_cm4.h **** #define TPI_DEVID_NrTraceInput_Pos          0U                                         /*!< TPI DEV
1185:Drivers/CMSIS/Include/core_cm4.h **** #define TPI_DEVID_NrTraceInput_Msk         (0x1FUL /*<< TPI_DEVID_NrTraceInput_Pos*/)  /*!< TPI DEV
1186:Drivers/CMSIS/Include/core_cm4.h **** 
1187:Drivers/CMSIS/Include/core_cm4.h **** /* TPI DEVTYPE Register Definitions */
1188:Drivers/CMSIS/Include/core_cm4.h **** #define TPI_DEVTYPE_SubType_Pos             4U                                         /*!< TPI DEV
1189:Drivers/CMSIS/Include/core_cm4.h **** #define TPI_DEVTYPE_SubType_Msk            (0xFUL /*<< TPI_DEVTYPE_SubType_Pos*/)      /*!< TPI DEV
1190:Drivers/CMSIS/Include/core_cm4.h **** 
1191:Drivers/CMSIS/Include/core_cm4.h **** #define TPI_DEVTYPE_MajorType_Pos           0U                                         /*!< TPI DEV
1192:Drivers/CMSIS/Include/core_cm4.h **** #define TPI_DEVTYPE_MajorType_Msk          (0xFUL << TPI_DEVTYPE_MajorType_Pos)        /*!< TPI DEV
1193:Drivers/CMSIS/Include/core_cm4.h **** 
1194:Drivers/CMSIS/Include/core_cm4.h **** /*@}*/ /* end of group CMSIS_TPI */
1195:Drivers/CMSIS/Include/core_cm4.h **** 
1196:Drivers/CMSIS/Include/core_cm4.h **** 
1197:Drivers/CMSIS/Include/core_cm4.h **** #if defined (__MPU_PRESENT) && (__MPU_PRESENT == 1U)
1198:Drivers/CMSIS/Include/core_cm4.h **** /**
1199:Drivers/CMSIS/Include/core_cm4.h ****   \ingroup  CMSIS_core_register
1200:Drivers/CMSIS/Include/core_cm4.h ****   \defgroup CMSIS_MPU     Memory Protection Unit (MPU)
1201:Drivers/CMSIS/Include/core_cm4.h ****   \brief    Type definitions for the Memory Protection Unit (MPU)
1202:Drivers/CMSIS/Include/core_cm4.h ****   @{
1203:Drivers/CMSIS/Include/core_cm4.h ****  */
1204:Drivers/CMSIS/Include/core_cm4.h **** 
1205:Drivers/CMSIS/Include/core_cm4.h **** /**
1206:Drivers/CMSIS/Include/core_cm4.h ****   \brief  Structure type to access the Memory Protection Unit (MPU).
1207:Drivers/CMSIS/Include/core_cm4.h ****  */
1208:Drivers/CMSIS/Include/core_cm4.h **** typedef struct
1209:Drivers/CMSIS/Include/core_cm4.h **** {
1210:Drivers/CMSIS/Include/core_cm4.h ****   __IM  uint32_t TYPE;                   /*!< Offset: 0x000 (R/ )  MPU Type Register */
1211:Drivers/CMSIS/Include/core_cm4.h ****   __IOM uint32_t CTRL;                   /*!< Offset: 0x004 (R/W)  MPU Control Register */
1212:Drivers/CMSIS/Include/core_cm4.h ****   __IOM uint32_t RNR;                    /*!< Offset: 0x008 (R/W)  MPU Region RNRber Register */
1213:Drivers/CMSIS/Include/core_cm4.h ****   __IOM uint32_t RBAR;                   /*!< Offset: 0x00C (R/W)  MPU Region Base Address Register
1214:Drivers/CMSIS/Include/core_cm4.h ****   __IOM uint32_t RASR;                   /*!< Offset: 0x010 (R/W)  MPU Region Attribute and Size Re
1215:Drivers/CMSIS/Include/core_cm4.h ****   __IOM uint32_t RBAR_A1;                /*!< Offset: 0x014 (R/W)  MPU Alias 1 Region Base Address 
1216:Drivers/CMSIS/Include/core_cm4.h ****   __IOM uint32_t RASR_A1;                /*!< Offset: 0x018 (R/W)  MPU Alias 1 Region Attribute and
1217:Drivers/CMSIS/Include/core_cm4.h ****   __IOM uint32_t RBAR_A2;                /*!< Offset: 0x01C (R/W)  MPU Alias 2 Region Base Address 
1218:Drivers/CMSIS/Include/core_cm4.h ****   __IOM uint32_t RASR_A2;                /*!< Offset: 0x020 (R/W)  MPU Alias 2 Region Attribute and
1219:Drivers/CMSIS/Include/core_cm4.h ****   __IOM uint32_t RBAR_A3;                /*!< Offset: 0x024 (R/W)  MPU Alias 3 Region Base Address 
1220:Drivers/CMSIS/Include/core_cm4.h ****   __IOM uint32_t RASR_A3;                /*!< Offset: 0x028 (R/W)  MPU Alias 3 Region Attribute and
1221:Drivers/CMSIS/Include/core_cm4.h **** } MPU_Type;
1222:Drivers/CMSIS/Include/core_cm4.h **** 
1223:Drivers/CMSIS/Include/core_cm4.h **** #define MPU_TYPE_RALIASES                  4U
1224:Drivers/CMSIS/Include/core_cm4.h **** 
1225:Drivers/CMSIS/Include/core_cm4.h **** /* MPU Type Register Definitions */
1226:Drivers/CMSIS/Include/core_cm4.h **** #define MPU_TYPE_IREGION_Pos               16U                                            /*!< MPU 
1227:Drivers/CMSIS/Include/core_cm4.h **** #define MPU_TYPE_IREGION_Msk               (0xFFUL << MPU_TYPE_IREGION_Pos)               /*!< MPU 
ARM GAS  C:\Users\Ali\AppData\Local\Temp\ccWQI1fJ.s 			page 23


1228:Drivers/CMSIS/Include/core_cm4.h **** 
1229:Drivers/CMSIS/Include/core_cm4.h **** #define MPU_TYPE_DREGION_Pos                8U                                            /*!< MPU 
1230:Drivers/CMSIS/Include/core_cm4.h **** #define MPU_TYPE_DREGION_Msk               (0xFFUL << MPU_TYPE_DREGION_Pos)               /*!< MPU 
1231:Drivers/CMSIS/Include/core_cm4.h **** 
1232:Drivers/CMSIS/Include/core_cm4.h **** #define MPU_TYPE_SEPARATE_Pos               0U                                            /*!< MPU 
1233:Drivers/CMSIS/Include/core_cm4.h **** #define MPU_TYPE_SEPARATE_Msk              (1UL /*<< MPU_TYPE_SEPARATE_Pos*/)             /*!< MPU 
1234:Drivers/CMSIS/Include/core_cm4.h **** 
1235:Drivers/CMSIS/Include/core_cm4.h **** /* MPU Control Register Definitions */
1236:Drivers/CMSIS/Include/core_cm4.h **** #define MPU_CTRL_PRIVDEFENA_Pos             2U                                            /*!< MPU 
1237:Drivers/CMSIS/Include/core_cm4.h **** #define MPU_CTRL_PRIVDEFENA_Msk            (1UL << MPU_CTRL_PRIVDEFENA_Pos)               /*!< MPU 
1238:Drivers/CMSIS/Include/core_cm4.h **** 
1239:Drivers/CMSIS/Include/core_cm4.h **** #define MPU_CTRL_HFNMIENA_Pos               1U                                            /*!< MPU 
1240:Drivers/CMSIS/Include/core_cm4.h **** #define MPU_CTRL_HFNMIENA_Msk              (1UL << MPU_CTRL_HFNMIENA_Pos)                 /*!< MPU 
1241:Drivers/CMSIS/Include/core_cm4.h **** 
1242:Drivers/CMSIS/Include/core_cm4.h **** #define MPU_CTRL_ENABLE_Pos                 0U                                            /*!< MPU 
1243:Drivers/CMSIS/Include/core_cm4.h **** #define MPU_CTRL_ENABLE_Msk                (1UL /*<< MPU_CTRL_ENABLE_Pos*/)               /*!< MPU 
1244:Drivers/CMSIS/Include/core_cm4.h **** 
1245:Drivers/CMSIS/Include/core_cm4.h **** /* MPU Region Number Register Definitions */
1246:Drivers/CMSIS/Include/core_cm4.h **** #define MPU_RNR_REGION_Pos                  0U                                            /*!< MPU 
1247:Drivers/CMSIS/Include/core_cm4.h **** #define MPU_RNR_REGION_Msk                 (0xFFUL /*<< MPU_RNR_REGION_Pos*/)             /*!< MPU 
1248:Drivers/CMSIS/Include/core_cm4.h **** 
1249:Drivers/CMSIS/Include/core_cm4.h **** /* MPU Region Base Address Register Definitions */
1250:Drivers/CMSIS/Include/core_cm4.h **** #define MPU_RBAR_ADDR_Pos                   5U                                            /*!< MPU 
1251:Drivers/CMSIS/Include/core_cm4.h **** #define MPU_RBAR_ADDR_Msk                  (0x7FFFFFFUL << MPU_RBAR_ADDR_Pos)             /*!< MPU 
1252:Drivers/CMSIS/Include/core_cm4.h **** 
1253:Drivers/CMSIS/Include/core_cm4.h **** #define MPU_RBAR_VALID_Pos                  4U                                            /*!< MPU 
1254:Drivers/CMSIS/Include/core_cm4.h **** #define MPU_RBAR_VALID_Msk                 (1UL << MPU_RBAR_VALID_Pos)                    /*!< MPU 
1255:Drivers/CMSIS/Include/core_cm4.h **** 
1256:Drivers/CMSIS/Include/core_cm4.h **** #define MPU_RBAR_REGION_Pos                 0U                                            /*!< MPU 
1257:Drivers/CMSIS/Include/core_cm4.h **** #define MPU_RBAR_REGION_Msk                (0xFUL /*<< MPU_RBAR_REGION_Pos*/)             /*!< MPU 
1258:Drivers/CMSIS/Include/core_cm4.h **** 
1259:Drivers/CMSIS/Include/core_cm4.h **** /* MPU Region Attribute and Size Register Definitions */
1260:Drivers/CMSIS/Include/core_cm4.h **** #define MPU_RASR_ATTRS_Pos                 16U                                            /*!< MPU 
1261:Drivers/CMSIS/Include/core_cm4.h **** #define MPU_RASR_ATTRS_Msk                 (0xFFFFUL << MPU_RASR_ATTRS_Pos)               /*!< MPU 
1262:Drivers/CMSIS/Include/core_cm4.h **** 
1263:Drivers/CMSIS/Include/core_cm4.h **** #define MPU_RASR_XN_Pos                    28U                                            /*!< MPU 
1264:Drivers/CMSIS/Include/core_cm4.h **** #define MPU_RASR_XN_Msk                    (1UL << MPU_RASR_XN_Pos)                       /*!< MPU 
1265:Drivers/CMSIS/Include/core_cm4.h **** 
1266:Drivers/CMSIS/Include/core_cm4.h **** #define MPU_RASR_AP_Pos                    24U                                            /*!< MPU 
1267:Drivers/CMSIS/Include/core_cm4.h **** #define MPU_RASR_AP_Msk                    (0x7UL << MPU_RASR_AP_Pos)                     /*!< MPU 
1268:Drivers/CMSIS/Include/core_cm4.h **** 
1269:Drivers/CMSIS/Include/core_cm4.h **** #define MPU_RASR_TEX_Pos                   19U                                            /*!< MPU 
1270:Drivers/CMSIS/Include/core_cm4.h **** #define MPU_RASR_TEX_Msk                   (0x7UL << MPU_RASR_TEX_Pos)                    /*!< MPU 
1271:Drivers/CMSIS/Include/core_cm4.h **** 
1272:Drivers/CMSIS/Include/core_cm4.h **** #define MPU_RASR_S_Pos                     18U                                            /*!< MPU 
1273:Drivers/CMSIS/Include/core_cm4.h **** #define MPU_RASR_S_Msk                     (1UL << MPU_RASR_S_Pos)                        /*!< MPU 
1274:Drivers/CMSIS/Include/core_cm4.h **** 
1275:Drivers/CMSIS/Include/core_cm4.h **** #define MPU_RASR_C_Pos                     17U                                            /*!< MPU 
1276:Drivers/CMSIS/Include/core_cm4.h **** #define MPU_RASR_C_Msk                     (1UL << MPU_RASR_C_Pos)                        /*!< MPU 
1277:Drivers/CMSIS/Include/core_cm4.h **** 
1278:Drivers/CMSIS/Include/core_cm4.h **** #define MPU_RASR_B_Pos                     16U                                            /*!< MPU 
1279:Drivers/CMSIS/Include/core_cm4.h **** #define MPU_RASR_B_Msk                     (1UL << MPU_RASR_B_Pos)                        /*!< MPU 
1280:Drivers/CMSIS/Include/core_cm4.h **** 
1281:Drivers/CMSIS/Include/core_cm4.h **** #define MPU_RASR_SRD_Pos                    8U                                            /*!< MPU 
1282:Drivers/CMSIS/Include/core_cm4.h **** #define MPU_RASR_SRD_Msk                   (0xFFUL << MPU_RASR_SRD_Pos)                   /*!< MPU 
1283:Drivers/CMSIS/Include/core_cm4.h **** 
1284:Drivers/CMSIS/Include/core_cm4.h **** #define MPU_RASR_SIZE_Pos                   1U                                            /*!< MPU 
ARM GAS  C:\Users\Ali\AppData\Local\Temp\ccWQI1fJ.s 			page 24


1285:Drivers/CMSIS/Include/core_cm4.h **** #define MPU_RASR_SIZE_Msk                  (0x1FUL << MPU_RASR_SIZE_Pos)                  /*!< MPU 
1286:Drivers/CMSIS/Include/core_cm4.h **** 
1287:Drivers/CMSIS/Include/core_cm4.h **** #define MPU_RASR_ENABLE_Pos                 0U                                            /*!< MPU 
1288:Drivers/CMSIS/Include/core_cm4.h **** #define MPU_RASR_ENABLE_Msk                (1UL /*<< MPU_RASR_ENABLE_Pos*/)               /*!< MPU 
1289:Drivers/CMSIS/Include/core_cm4.h **** 
1290:Drivers/CMSIS/Include/core_cm4.h **** /*@} end of group CMSIS_MPU */
1291:Drivers/CMSIS/Include/core_cm4.h **** #endif /* defined (__MPU_PRESENT) && (__MPU_PRESENT == 1U) */
1292:Drivers/CMSIS/Include/core_cm4.h **** 
1293:Drivers/CMSIS/Include/core_cm4.h **** 
1294:Drivers/CMSIS/Include/core_cm4.h **** /**
1295:Drivers/CMSIS/Include/core_cm4.h ****   \ingroup  CMSIS_core_register
1296:Drivers/CMSIS/Include/core_cm4.h ****   \defgroup CMSIS_FPU     Floating Point Unit (FPU)
1297:Drivers/CMSIS/Include/core_cm4.h ****   \brief    Type definitions for the Floating Point Unit (FPU)
1298:Drivers/CMSIS/Include/core_cm4.h ****   @{
1299:Drivers/CMSIS/Include/core_cm4.h ****  */
1300:Drivers/CMSIS/Include/core_cm4.h **** 
1301:Drivers/CMSIS/Include/core_cm4.h **** /**
1302:Drivers/CMSIS/Include/core_cm4.h ****   \brief  Structure type to access the Floating Point Unit (FPU).
1303:Drivers/CMSIS/Include/core_cm4.h ****  */
1304:Drivers/CMSIS/Include/core_cm4.h **** typedef struct
1305:Drivers/CMSIS/Include/core_cm4.h **** {
1306:Drivers/CMSIS/Include/core_cm4.h ****         uint32_t RESERVED0[1U];
1307:Drivers/CMSIS/Include/core_cm4.h ****   __IOM uint32_t FPCCR;                  /*!< Offset: 0x004 (R/W)  Floating-Point Context Control R
1308:Drivers/CMSIS/Include/core_cm4.h ****   __IOM uint32_t FPCAR;                  /*!< Offset: 0x008 (R/W)  Floating-Point Context Address R
1309:Drivers/CMSIS/Include/core_cm4.h ****   __IOM uint32_t FPDSCR;                 /*!< Offset: 0x00C (R/W)  Floating-Point Default Status Co
1310:Drivers/CMSIS/Include/core_cm4.h ****   __IM  uint32_t MVFR0;                  /*!< Offset: 0x010 (R/ )  Media and FP Feature Register 0 
1311:Drivers/CMSIS/Include/core_cm4.h ****   __IM  uint32_t MVFR1;                  /*!< Offset: 0x014 (R/ )  Media and FP Feature Register 1 
1312:Drivers/CMSIS/Include/core_cm4.h ****   __IM  uint32_t MVFR2;                  /*!< Offset: 0x018 (R/ )  Media and FP Feature Register 2 
1313:Drivers/CMSIS/Include/core_cm4.h **** } FPU_Type;
1314:Drivers/CMSIS/Include/core_cm4.h **** 
1315:Drivers/CMSIS/Include/core_cm4.h **** /* Floating-Point Context Control Register Definitions */
1316:Drivers/CMSIS/Include/core_cm4.h **** #define FPU_FPCCR_ASPEN_Pos                31U                                            /*!< FPCC
1317:Drivers/CMSIS/Include/core_cm4.h **** #define FPU_FPCCR_ASPEN_Msk                (1UL << FPU_FPCCR_ASPEN_Pos)                   /*!< FPCC
1318:Drivers/CMSIS/Include/core_cm4.h **** 
1319:Drivers/CMSIS/Include/core_cm4.h **** #define FPU_FPCCR_LSPEN_Pos                30U                                            /*!< FPCC
1320:Drivers/CMSIS/Include/core_cm4.h **** #define FPU_FPCCR_LSPEN_Msk                (1UL << FPU_FPCCR_LSPEN_Pos)                   /*!< FPCC
1321:Drivers/CMSIS/Include/core_cm4.h **** 
1322:Drivers/CMSIS/Include/core_cm4.h **** #define FPU_FPCCR_MONRDY_Pos                8U                                            /*!< FPCC
1323:Drivers/CMSIS/Include/core_cm4.h **** #define FPU_FPCCR_MONRDY_Msk               (1UL << FPU_FPCCR_MONRDY_Pos)                  /*!< FPCC
1324:Drivers/CMSIS/Include/core_cm4.h **** 
1325:Drivers/CMSIS/Include/core_cm4.h **** #define FPU_FPCCR_BFRDY_Pos                 6U                                            /*!< FPCC
1326:Drivers/CMSIS/Include/core_cm4.h **** #define FPU_FPCCR_BFRDY_Msk                (1UL << FPU_FPCCR_BFRDY_Pos)                   /*!< FPCC
1327:Drivers/CMSIS/Include/core_cm4.h **** 
1328:Drivers/CMSIS/Include/core_cm4.h **** #define FPU_FPCCR_MMRDY_Pos                 5U                                            /*!< FPCC
1329:Drivers/CMSIS/Include/core_cm4.h **** #define FPU_FPCCR_MMRDY_Msk                (1UL << FPU_FPCCR_MMRDY_Pos)                   /*!< FPCC
1330:Drivers/CMSIS/Include/core_cm4.h **** 
1331:Drivers/CMSIS/Include/core_cm4.h **** #define FPU_FPCCR_HFRDY_Pos                 4U                                            /*!< FPCC
1332:Drivers/CMSIS/Include/core_cm4.h **** #define FPU_FPCCR_HFRDY_Msk                (1UL << FPU_FPCCR_HFRDY_Pos)                   /*!< FPCC
1333:Drivers/CMSIS/Include/core_cm4.h **** 
1334:Drivers/CMSIS/Include/core_cm4.h **** #define FPU_FPCCR_THREAD_Pos                3U                                            /*!< FPCC
1335:Drivers/CMSIS/Include/core_cm4.h **** #define FPU_FPCCR_THREAD_Msk               (1UL << FPU_FPCCR_THREAD_Pos)                  /*!< FPCC
1336:Drivers/CMSIS/Include/core_cm4.h **** 
1337:Drivers/CMSIS/Include/core_cm4.h **** #define FPU_FPCCR_USER_Pos                  1U                                            /*!< FPCC
1338:Drivers/CMSIS/Include/core_cm4.h **** #define FPU_FPCCR_USER_Msk                 (1UL << FPU_FPCCR_USER_Pos)                    /*!< FPCC
1339:Drivers/CMSIS/Include/core_cm4.h **** 
1340:Drivers/CMSIS/Include/core_cm4.h **** #define FPU_FPCCR_LSPACT_Pos                0U                                            /*!< FPCC
1341:Drivers/CMSIS/Include/core_cm4.h **** #define FPU_FPCCR_LSPACT_Msk               (1UL /*<< FPU_FPCCR_LSPACT_Pos*/)              /*!< FPCC
ARM GAS  C:\Users\Ali\AppData\Local\Temp\ccWQI1fJ.s 			page 25


1342:Drivers/CMSIS/Include/core_cm4.h **** 
1343:Drivers/CMSIS/Include/core_cm4.h **** /* Floating-Point Context Address Register Definitions */
1344:Drivers/CMSIS/Include/core_cm4.h **** #define FPU_FPCAR_ADDRESS_Pos               3U                                            /*!< FPCA
1345:Drivers/CMSIS/Include/core_cm4.h **** #define FPU_FPCAR_ADDRESS_Msk              (0x1FFFFFFFUL << FPU_FPCAR_ADDRESS_Pos)        /*!< FPCA
1346:Drivers/CMSIS/Include/core_cm4.h **** 
1347:Drivers/CMSIS/Include/core_cm4.h **** /* Floating-Point Default Status Control Register Definitions */
1348:Drivers/CMSIS/Include/core_cm4.h **** #define FPU_FPDSCR_AHP_Pos                 26U                                            /*!< FPDS
1349:Drivers/CMSIS/Include/core_cm4.h **** #define FPU_FPDSCR_AHP_Msk                 (1UL << FPU_FPDSCR_AHP_Pos)                    /*!< FPDS
1350:Drivers/CMSIS/Include/core_cm4.h **** 
1351:Drivers/CMSIS/Include/core_cm4.h **** #define FPU_FPDSCR_DN_Pos                  25U                                            /*!< FPDS
1352:Drivers/CMSIS/Include/core_cm4.h **** #define FPU_FPDSCR_DN_Msk                  (1UL << FPU_FPDSCR_DN_Pos)                     /*!< FPDS
1353:Drivers/CMSIS/Include/core_cm4.h **** 
1354:Drivers/CMSIS/Include/core_cm4.h **** #define FPU_FPDSCR_FZ_Pos                  24U                                            /*!< FPDS
1355:Drivers/CMSIS/Include/core_cm4.h **** #define FPU_FPDSCR_FZ_Msk                  (1UL << FPU_FPDSCR_FZ_Pos)                     /*!< FPDS
1356:Drivers/CMSIS/Include/core_cm4.h **** 
1357:Drivers/CMSIS/Include/core_cm4.h **** #define FPU_FPDSCR_RMode_Pos               22U                                            /*!< FPDS
1358:Drivers/CMSIS/Include/core_cm4.h **** #define FPU_FPDSCR_RMode_Msk               (3UL << FPU_FPDSCR_RMode_Pos)                  /*!< FPDS
1359:Drivers/CMSIS/Include/core_cm4.h **** 
1360:Drivers/CMSIS/Include/core_cm4.h **** /* Media and FP Feature Register 0 Definitions */
1361:Drivers/CMSIS/Include/core_cm4.h **** #define FPU_MVFR0_FP_rounding_modes_Pos    28U                                            /*!< MVFR
1362:Drivers/CMSIS/Include/core_cm4.h **** #define FPU_MVFR0_FP_rounding_modes_Msk    (0xFUL << FPU_MVFR0_FP_rounding_modes_Pos)     /*!< MVFR
1363:Drivers/CMSIS/Include/core_cm4.h **** 
1364:Drivers/CMSIS/Include/core_cm4.h **** #define FPU_MVFR0_Short_vectors_Pos        24U                                            /*!< MVFR
1365:Drivers/CMSIS/Include/core_cm4.h **** #define FPU_MVFR0_Short_vectors_Msk        (0xFUL << FPU_MVFR0_Short_vectors_Pos)         /*!< MVFR
1366:Drivers/CMSIS/Include/core_cm4.h **** 
1367:Drivers/CMSIS/Include/core_cm4.h **** #define FPU_MVFR0_Square_root_Pos          20U                                            /*!< MVFR
1368:Drivers/CMSIS/Include/core_cm4.h **** #define FPU_MVFR0_Square_root_Msk          (0xFUL << FPU_MVFR0_Square_root_Pos)           /*!< MVFR
1369:Drivers/CMSIS/Include/core_cm4.h **** 
1370:Drivers/CMSIS/Include/core_cm4.h **** #define FPU_MVFR0_Divide_Pos               16U                                            /*!< MVFR
1371:Drivers/CMSIS/Include/core_cm4.h **** #define FPU_MVFR0_Divide_Msk               (0xFUL << FPU_MVFR0_Divide_Pos)                /*!< MVFR
1372:Drivers/CMSIS/Include/core_cm4.h **** 
1373:Drivers/CMSIS/Include/core_cm4.h **** #define FPU_MVFR0_FP_excep_trapping_Pos    12U                                            /*!< MVFR
1374:Drivers/CMSIS/Include/core_cm4.h **** #define FPU_MVFR0_FP_excep_trapping_Msk    (0xFUL << FPU_MVFR0_FP_excep_trapping_Pos)     /*!< MVFR
1375:Drivers/CMSIS/Include/core_cm4.h **** 
1376:Drivers/CMSIS/Include/core_cm4.h **** #define FPU_MVFR0_Double_precision_Pos      8U                                            /*!< MVFR
1377:Drivers/CMSIS/Include/core_cm4.h **** #define FPU_MVFR0_Double_precision_Msk     (0xFUL << FPU_MVFR0_Double_precision_Pos)      /*!< MVFR
1378:Drivers/CMSIS/Include/core_cm4.h **** 
1379:Drivers/CMSIS/Include/core_cm4.h **** #define FPU_MVFR0_Single_precision_Pos      4U                                            /*!< MVFR
1380:Drivers/CMSIS/Include/core_cm4.h **** #define FPU_MVFR0_Single_precision_Msk     (0xFUL << FPU_MVFR0_Single_precision_Pos)      /*!< MVFR
1381:Drivers/CMSIS/Include/core_cm4.h **** 
1382:Drivers/CMSIS/Include/core_cm4.h **** #define FPU_MVFR0_A_SIMD_registers_Pos      0U                                            /*!< MVFR
1383:Drivers/CMSIS/Include/core_cm4.h **** #define FPU_MVFR0_A_SIMD_registers_Msk     (0xFUL /*<< FPU_MVFR0_A_SIMD_registers_Pos*/)  /*!< MVFR
1384:Drivers/CMSIS/Include/core_cm4.h **** 
1385:Drivers/CMSIS/Include/core_cm4.h **** /* Media and FP Feature Register 1 Definitions */
1386:Drivers/CMSIS/Include/core_cm4.h **** #define FPU_MVFR1_FP_fused_MAC_Pos         28U                                            /*!< MVFR
1387:Drivers/CMSIS/Include/core_cm4.h **** #define FPU_MVFR1_FP_fused_MAC_Msk         (0xFUL << FPU_MVFR1_FP_fused_MAC_Pos)          /*!< MVFR
1388:Drivers/CMSIS/Include/core_cm4.h **** 
1389:Drivers/CMSIS/Include/core_cm4.h **** #define FPU_MVFR1_FP_HPFP_Pos              24U                                            /*!< MVFR
1390:Drivers/CMSIS/Include/core_cm4.h **** #define FPU_MVFR1_FP_HPFP_Msk              (0xFUL << FPU_MVFR1_FP_HPFP_Pos)               /*!< MVFR
1391:Drivers/CMSIS/Include/core_cm4.h **** 
1392:Drivers/CMSIS/Include/core_cm4.h **** #define FPU_MVFR1_D_NaN_mode_Pos            4U                                            /*!< MVFR
1393:Drivers/CMSIS/Include/core_cm4.h **** #define FPU_MVFR1_D_NaN_mode_Msk           (0xFUL << FPU_MVFR1_D_NaN_mode_Pos)            /*!< MVFR
1394:Drivers/CMSIS/Include/core_cm4.h **** 
1395:Drivers/CMSIS/Include/core_cm4.h **** #define FPU_MVFR1_FtZ_mode_Pos              0U                                            /*!< MVFR
1396:Drivers/CMSIS/Include/core_cm4.h **** #define FPU_MVFR1_FtZ_mode_Msk             (0xFUL /*<< FPU_MVFR1_FtZ_mode_Pos*/)          /*!< MVFR
1397:Drivers/CMSIS/Include/core_cm4.h **** 
1398:Drivers/CMSIS/Include/core_cm4.h **** /* Media and FP Feature Register 2 Definitions */
ARM GAS  C:\Users\Ali\AppData\Local\Temp\ccWQI1fJ.s 			page 26


1399:Drivers/CMSIS/Include/core_cm4.h **** 
1400:Drivers/CMSIS/Include/core_cm4.h **** #define FPU_MVFR2_VFP_Misc_Pos              4U                                            /*!< MVFR
1401:Drivers/CMSIS/Include/core_cm4.h **** #define FPU_MVFR2_VFP_Misc_Msk             (0xFUL << FPU_MVFR2_VFP_Misc_Pos)              /*!< MVFR
1402:Drivers/CMSIS/Include/core_cm4.h **** 
1403:Drivers/CMSIS/Include/core_cm4.h **** /*@} end of group CMSIS_FPU */
1404:Drivers/CMSIS/Include/core_cm4.h **** 
1405:Drivers/CMSIS/Include/core_cm4.h **** 
1406:Drivers/CMSIS/Include/core_cm4.h **** /**
1407:Drivers/CMSIS/Include/core_cm4.h ****   \ingroup  CMSIS_core_register
1408:Drivers/CMSIS/Include/core_cm4.h ****   \defgroup CMSIS_CoreDebug       Core Debug Registers (CoreDebug)
1409:Drivers/CMSIS/Include/core_cm4.h ****   \brief    Type definitions for the Core Debug Registers
1410:Drivers/CMSIS/Include/core_cm4.h ****   @{
1411:Drivers/CMSIS/Include/core_cm4.h ****  */
1412:Drivers/CMSIS/Include/core_cm4.h **** 
1413:Drivers/CMSIS/Include/core_cm4.h **** /**
1414:Drivers/CMSIS/Include/core_cm4.h ****   \brief  Structure type to access the Core Debug Register (CoreDebug).
1415:Drivers/CMSIS/Include/core_cm4.h ****  */
1416:Drivers/CMSIS/Include/core_cm4.h **** typedef struct
1417:Drivers/CMSIS/Include/core_cm4.h **** {
1418:Drivers/CMSIS/Include/core_cm4.h ****   __IOM uint32_t DHCSR;                  /*!< Offset: 0x000 (R/W)  Debug Halting Control and Status
1419:Drivers/CMSIS/Include/core_cm4.h ****   __OM  uint32_t DCRSR;                  /*!< Offset: 0x004 ( /W)  Debug Core Register Selector Reg
1420:Drivers/CMSIS/Include/core_cm4.h ****   __IOM uint32_t DCRDR;                  /*!< Offset: 0x008 (R/W)  Debug Core Register Data Registe
1421:Drivers/CMSIS/Include/core_cm4.h ****   __IOM uint32_t DEMCR;                  /*!< Offset: 0x00C (R/W)  Debug Exception and Monitor Cont
1422:Drivers/CMSIS/Include/core_cm4.h **** } CoreDebug_Type;
1423:Drivers/CMSIS/Include/core_cm4.h **** 
1424:Drivers/CMSIS/Include/core_cm4.h **** /* Debug Halting Control and Status Register Definitions */
1425:Drivers/CMSIS/Include/core_cm4.h **** #define CoreDebug_DHCSR_DBGKEY_Pos         16U                                            /*!< Core
1426:Drivers/CMSIS/Include/core_cm4.h **** #define CoreDebug_DHCSR_DBGKEY_Msk         (0xFFFFUL << CoreDebug_DHCSR_DBGKEY_Pos)       /*!< Core
1427:Drivers/CMSIS/Include/core_cm4.h **** 
1428:Drivers/CMSIS/Include/core_cm4.h **** #define CoreDebug_DHCSR_S_RESET_ST_Pos     25U                                            /*!< Core
1429:Drivers/CMSIS/Include/core_cm4.h **** #define CoreDebug_DHCSR_S_RESET_ST_Msk     (1UL << CoreDebug_DHCSR_S_RESET_ST_Pos)        /*!< Core
1430:Drivers/CMSIS/Include/core_cm4.h **** 
1431:Drivers/CMSIS/Include/core_cm4.h **** #define CoreDebug_DHCSR_S_RETIRE_ST_Pos    24U                                            /*!< Core
1432:Drivers/CMSIS/Include/core_cm4.h **** #define CoreDebug_DHCSR_S_RETIRE_ST_Msk    (1UL << CoreDebug_DHCSR_S_RETIRE_ST_Pos)       /*!< Core
1433:Drivers/CMSIS/Include/core_cm4.h **** 
1434:Drivers/CMSIS/Include/core_cm4.h **** #define CoreDebug_DHCSR_S_LOCKUP_Pos       19U                                            /*!< Core
1435:Drivers/CMSIS/Include/core_cm4.h **** #define CoreDebug_DHCSR_S_LOCKUP_Msk       (1UL << CoreDebug_DHCSR_S_LOCKUP_Pos)          /*!< Core
1436:Drivers/CMSIS/Include/core_cm4.h **** 
1437:Drivers/CMSIS/Include/core_cm4.h **** #define CoreDebug_DHCSR_S_SLEEP_Pos        18U                                            /*!< Core
1438:Drivers/CMSIS/Include/core_cm4.h **** #define CoreDebug_DHCSR_S_SLEEP_Msk        (1UL << CoreDebug_DHCSR_S_SLEEP_Pos)           /*!< Core
1439:Drivers/CMSIS/Include/core_cm4.h **** 
1440:Drivers/CMSIS/Include/core_cm4.h **** #define CoreDebug_DHCSR_S_HALT_Pos         17U                                            /*!< Core
1441:Drivers/CMSIS/Include/core_cm4.h **** #define CoreDebug_DHCSR_S_HALT_Msk         (1UL << CoreDebug_DHCSR_S_HALT_Pos)            /*!< Core
1442:Drivers/CMSIS/Include/core_cm4.h **** 
1443:Drivers/CMSIS/Include/core_cm4.h **** #define CoreDebug_DHCSR_S_REGRDY_Pos       16U                                            /*!< Core
1444:Drivers/CMSIS/Include/core_cm4.h **** #define CoreDebug_DHCSR_S_REGRDY_Msk       (1UL << CoreDebug_DHCSR_S_REGRDY_Pos)          /*!< Core
1445:Drivers/CMSIS/Include/core_cm4.h **** 
1446:Drivers/CMSIS/Include/core_cm4.h **** #define CoreDebug_DHCSR_C_SNAPSTALL_Pos     5U                                            /*!< Core
1447:Drivers/CMSIS/Include/core_cm4.h **** #define CoreDebug_DHCSR_C_SNAPSTALL_Msk    (1UL << CoreDebug_DHCSR_C_SNAPSTALL_Pos)       /*!< Core
1448:Drivers/CMSIS/Include/core_cm4.h **** 
1449:Drivers/CMSIS/Include/core_cm4.h **** #define CoreDebug_DHCSR_C_MASKINTS_Pos      3U                                            /*!< Core
1450:Drivers/CMSIS/Include/core_cm4.h **** #define CoreDebug_DHCSR_C_MASKINTS_Msk     (1UL << CoreDebug_DHCSR_C_MASKINTS_Pos)        /*!< Core
1451:Drivers/CMSIS/Include/core_cm4.h **** 
1452:Drivers/CMSIS/Include/core_cm4.h **** #define CoreDebug_DHCSR_C_STEP_Pos          2U                                            /*!< Core
1453:Drivers/CMSIS/Include/core_cm4.h **** #define CoreDebug_DHCSR_C_STEP_Msk         (1UL << CoreDebug_DHCSR_C_STEP_Pos)            /*!< Core
1454:Drivers/CMSIS/Include/core_cm4.h **** 
1455:Drivers/CMSIS/Include/core_cm4.h **** #define CoreDebug_DHCSR_C_HALT_Pos          1U                                            /*!< Core
ARM GAS  C:\Users\Ali\AppData\Local\Temp\ccWQI1fJ.s 			page 27


1456:Drivers/CMSIS/Include/core_cm4.h **** #define CoreDebug_DHCSR_C_HALT_Msk         (1UL << CoreDebug_DHCSR_C_HALT_Pos)            /*!< Core
1457:Drivers/CMSIS/Include/core_cm4.h **** 
1458:Drivers/CMSIS/Include/core_cm4.h **** #define CoreDebug_DHCSR_C_DEBUGEN_Pos       0U                                            /*!< Core
1459:Drivers/CMSIS/Include/core_cm4.h **** #define CoreDebug_DHCSR_C_DEBUGEN_Msk      (1UL /*<< CoreDebug_DHCSR_C_DEBUGEN_Pos*/)     /*!< Core
1460:Drivers/CMSIS/Include/core_cm4.h **** 
1461:Drivers/CMSIS/Include/core_cm4.h **** /* Debug Core Register Selector Register Definitions */
1462:Drivers/CMSIS/Include/core_cm4.h **** #define CoreDebug_DCRSR_REGWnR_Pos         16U                                            /*!< Core
1463:Drivers/CMSIS/Include/core_cm4.h **** #define CoreDebug_DCRSR_REGWnR_Msk         (1UL << CoreDebug_DCRSR_REGWnR_Pos)            /*!< Core
1464:Drivers/CMSIS/Include/core_cm4.h **** 
1465:Drivers/CMSIS/Include/core_cm4.h **** #define CoreDebug_DCRSR_REGSEL_Pos          0U                                            /*!< Core
1466:Drivers/CMSIS/Include/core_cm4.h **** #define CoreDebug_DCRSR_REGSEL_Msk         (0x1FUL /*<< CoreDebug_DCRSR_REGSEL_Pos*/)     /*!< Core
1467:Drivers/CMSIS/Include/core_cm4.h **** 
1468:Drivers/CMSIS/Include/core_cm4.h **** /* Debug Exception and Monitor Control Register Definitions */
1469:Drivers/CMSIS/Include/core_cm4.h **** #define CoreDebug_DEMCR_TRCENA_Pos         24U                                            /*!< Core
1470:Drivers/CMSIS/Include/core_cm4.h **** #define CoreDebug_DEMCR_TRCENA_Msk         (1UL << CoreDebug_DEMCR_TRCENA_Pos)            /*!< Core
1471:Drivers/CMSIS/Include/core_cm4.h **** 
1472:Drivers/CMSIS/Include/core_cm4.h **** #define CoreDebug_DEMCR_MON_REQ_Pos        19U                                            /*!< Core
1473:Drivers/CMSIS/Include/core_cm4.h **** #define CoreDebug_DEMCR_MON_REQ_Msk        (1UL << CoreDebug_DEMCR_MON_REQ_Pos)           /*!< Core
1474:Drivers/CMSIS/Include/core_cm4.h **** 
1475:Drivers/CMSIS/Include/core_cm4.h **** #define CoreDebug_DEMCR_MON_STEP_Pos       18U                                            /*!< Core
1476:Drivers/CMSIS/Include/core_cm4.h **** #define CoreDebug_DEMCR_MON_STEP_Msk       (1UL << CoreDebug_DEMCR_MON_STEP_Pos)          /*!< Core
1477:Drivers/CMSIS/Include/core_cm4.h **** 
1478:Drivers/CMSIS/Include/core_cm4.h **** #define CoreDebug_DEMCR_MON_PEND_Pos       17U                                            /*!< Core
1479:Drivers/CMSIS/Include/core_cm4.h **** #define CoreDebug_DEMCR_MON_PEND_Msk       (1UL << CoreDebug_DEMCR_MON_PEND_Pos)          /*!< Core
1480:Drivers/CMSIS/Include/core_cm4.h **** 
1481:Drivers/CMSIS/Include/core_cm4.h **** #define CoreDebug_DEMCR_MON_EN_Pos         16U                                            /*!< Core
1482:Drivers/CMSIS/Include/core_cm4.h **** #define CoreDebug_DEMCR_MON_EN_Msk         (1UL << CoreDebug_DEMCR_MON_EN_Pos)            /*!< Core
1483:Drivers/CMSIS/Include/core_cm4.h **** 
1484:Drivers/CMSIS/Include/core_cm4.h **** #define CoreDebug_DEMCR_VC_HARDERR_Pos     10U                                            /*!< Core
1485:Drivers/CMSIS/Include/core_cm4.h **** #define CoreDebug_DEMCR_VC_HARDERR_Msk     (1UL << CoreDebug_DEMCR_VC_HARDERR_Pos)        /*!< Core
1486:Drivers/CMSIS/Include/core_cm4.h **** 
1487:Drivers/CMSIS/Include/core_cm4.h **** #define CoreDebug_DEMCR_VC_INTERR_Pos       9U                                            /*!< Core
1488:Drivers/CMSIS/Include/core_cm4.h **** #define CoreDebug_DEMCR_VC_INTERR_Msk      (1UL << CoreDebug_DEMCR_VC_INTERR_Pos)         /*!< Core
1489:Drivers/CMSIS/Include/core_cm4.h **** 
1490:Drivers/CMSIS/Include/core_cm4.h **** #define CoreDebug_DEMCR_VC_BUSERR_Pos       8U                                            /*!< Core
1491:Drivers/CMSIS/Include/core_cm4.h **** #define CoreDebug_DEMCR_VC_BUSERR_Msk      (1UL << CoreDebug_DEMCR_VC_BUSERR_Pos)         /*!< Core
1492:Drivers/CMSIS/Include/core_cm4.h **** 
1493:Drivers/CMSIS/Include/core_cm4.h **** #define CoreDebug_DEMCR_VC_STATERR_Pos      7U                                            /*!< Core
1494:Drivers/CMSIS/Include/core_cm4.h **** #define CoreDebug_DEMCR_VC_STATERR_Msk     (1UL << CoreDebug_DEMCR_VC_STATERR_Pos)        /*!< Core
1495:Drivers/CMSIS/Include/core_cm4.h **** 
1496:Drivers/CMSIS/Include/core_cm4.h **** #define CoreDebug_DEMCR_VC_CHKERR_Pos       6U                                            /*!< Core
1497:Drivers/CMSIS/Include/core_cm4.h **** #define CoreDebug_DEMCR_VC_CHKERR_Msk      (1UL << CoreDebug_DEMCR_VC_CHKERR_Pos)         /*!< Core
1498:Drivers/CMSIS/Include/core_cm4.h **** 
1499:Drivers/CMSIS/Include/core_cm4.h **** #define CoreDebug_DEMCR_VC_NOCPERR_Pos      5U                                            /*!< Core
1500:Drivers/CMSIS/Include/core_cm4.h **** #define CoreDebug_DEMCR_VC_NOCPERR_Msk     (1UL << CoreDebug_DEMCR_VC_NOCPERR_Pos)        /*!< Core
1501:Drivers/CMSIS/Include/core_cm4.h **** 
1502:Drivers/CMSIS/Include/core_cm4.h **** #define CoreDebug_DEMCR_VC_MMERR_Pos        4U                                            /*!< Core
1503:Drivers/CMSIS/Include/core_cm4.h **** #define CoreDebug_DEMCR_VC_MMERR_Msk       (1UL << CoreDebug_DEMCR_VC_MMERR_Pos)          /*!< Core
1504:Drivers/CMSIS/Include/core_cm4.h **** 
1505:Drivers/CMSIS/Include/core_cm4.h **** #define CoreDebug_DEMCR_VC_CORERESET_Pos    0U                                            /*!< Core
1506:Drivers/CMSIS/Include/core_cm4.h **** #define CoreDebug_DEMCR_VC_CORERESET_Msk   (1UL /*<< CoreDebug_DEMCR_VC_CORERESET_Pos*/)  /*!< Core
1507:Drivers/CMSIS/Include/core_cm4.h **** 
1508:Drivers/CMSIS/Include/core_cm4.h **** /*@} end of group CMSIS_CoreDebug */
1509:Drivers/CMSIS/Include/core_cm4.h **** 
1510:Drivers/CMSIS/Include/core_cm4.h **** 
1511:Drivers/CMSIS/Include/core_cm4.h **** /**
1512:Drivers/CMSIS/Include/core_cm4.h ****   \ingroup    CMSIS_core_register
ARM GAS  C:\Users\Ali\AppData\Local\Temp\ccWQI1fJ.s 			page 28


1513:Drivers/CMSIS/Include/core_cm4.h ****   \defgroup   CMSIS_core_bitfield     Core register bit field macros
1514:Drivers/CMSIS/Include/core_cm4.h ****   \brief      Macros for use with bit field definitions (xxx_Pos, xxx_Msk).
1515:Drivers/CMSIS/Include/core_cm4.h ****   @{
1516:Drivers/CMSIS/Include/core_cm4.h ****  */
1517:Drivers/CMSIS/Include/core_cm4.h **** 
1518:Drivers/CMSIS/Include/core_cm4.h **** /**
1519:Drivers/CMSIS/Include/core_cm4.h ****   \brief   Mask and shift a bit field value for use in a register bit range.
1520:Drivers/CMSIS/Include/core_cm4.h ****   \param[in] field  Name of the register bit field.
1521:Drivers/CMSIS/Include/core_cm4.h ****   \param[in] value  Value of the bit field. This parameter is interpreted as an uint32_t type.
1522:Drivers/CMSIS/Include/core_cm4.h ****   \return           Masked and shifted value.
1523:Drivers/CMSIS/Include/core_cm4.h **** */
1524:Drivers/CMSIS/Include/core_cm4.h **** #define _VAL2FLD(field, value)    (((uint32_t)(value) << field ## _Pos) & field ## _Msk)
1525:Drivers/CMSIS/Include/core_cm4.h **** 
1526:Drivers/CMSIS/Include/core_cm4.h **** /**
1527:Drivers/CMSIS/Include/core_cm4.h ****   \brief     Mask and shift a register value to extract a bit filed value.
1528:Drivers/CMSIS/Include/core_cm4.h ****   \param[in] field  Name of the register bit field.
1529:Drivers/CMSIS/Include/core_cm4.h ****   \param[in] value  Value of register. This parameter is interpreted as an uint32_t type.
1530:Drivers/CMSIS/Include/core_cm4.h ****   \return           Masked and shifted bit field value.
1531:Drivers/CMSIS/Include/core_cm4.h **** */
1532:Drivers/CMSIS/Include/core_cm4.h **** #define _FLD2VAL(field, value)    (((uint32_t)(value) & field ## _Msk) >> field ## _Pos)
1533:Drivers/CMSIS/Include/core_cm4.h **** 
1534:Drivers/CMSIS/Include/core_cm4.h **** /*@} end of group CMSIS_core_bitfield */
1535:Drivers/CMSIS/Include/core_cm4.h **** 
1536:Drivers/CMSIS/Include/core_cm4.h **** 
1537:Drivers/CMSIS/Include/core_cm4.h **** /**
1538:Drivers/CMSIS/Include/core_cm4.h ****   \ingroup    CMSIS_core_register
1539:Drivers/CMSIS/Include/core_cm4.h ****   \defgroup   CMSIS_core_base     Core Definitions
1540:Drivers/CMSIS/Include/core_cm4.h ****   \brief      Definitions for base addresses, unions, and structures.
1541:Drivers/CMSIS/Include/core_cm4.h ****   @{
1542:Drivers/CMSIS/Include/core_cm4.h ****  */
1543:Drivers/CMSIS/Include/core_cm4.h **** 
1544:Drivers/CMSIS/Include/core_cm4.h **** /* Memory mapping of Core Hardware */
1545:Drivers/CMSIS/Include/core_cm4.h **** #define SCS_BASE            (0xE000E000UL)                            /*!< System Control Space Bas
1546:Drivers/CMSIS/Include/core_cm4.h **** #define ITM_BASE            (0xE0000000UL)                            /*!< ITM Base Address */
1547:Drivers/CMSIS/Include/core_cm4.h **** #define DWT_BASE            (0xE0001000UL)                            /*!< DWT Base Address */
1548:Drivers/CMSIS/Include/core_cm4.h **** #define TPI_BASE            (0xE0040000UL)                            /*!< TPI Base Address */
1549:Drivers/CMSIS/Include/core_cm4.h **** #define CoreDebug_BASE      (0xE000EDF0UL)                            /*!< Core Debug Base Address 
1550:Drivers/CMSIS/Include/core_cm4.h **** #define SysTick_BASE        (SCS_BASE +  0x0010UL)                    /*!< SysTick Base Address */
1551:Drivers/CMSIS/Include/core_cm4.h **** #define NVIC_BASE           (SCS_BASE +  0x0100UL)                    /*!< NVIC Base Address */
1552:Drivers/CMSIS/Include/core_cm4.h **** #define SCB_BASE            (SCS_BASE +  0x0D00UL)                    /*!< System Control Block Bas
1553:Drivers/CMSIS/Include/core_cm4.h **** 
1554:Drivers/CMSIS/Include/core_cm4.h **** #define SCnSCB              ((SCnSCB_Type    *)     SCS_BASE      )   /*!< System control Register 
1555:Drivers/CMSIS/Include/core_cm4.h **** #define SCB                 ((SCB_Type       *)     SCB_BASE      )   /*!< SCB configuration struct
1556:Drivers/CMSIS/Include/core_cm4.h **** #define SysTick             ((SysTick_Type   *)     SysTick_BASE  )   /*!< SysTick configuration st
1557:Drivers/CMSIS/Include/core_cm4.h **** #define NVIC                ((NVIC_Type      *)     NVIC_BASE     )   /*!< NVIC configuration struc
1558:Drivers/CMSIS/Include/core_cm4.h **** #define ITM                 ((ITM_Type       *)     ITM_BASE      )   /*!< ITM configuration struct
1559:Drivers/CMSIS/Include/core_cm4.h **** #define DWT                 ((DWT_Type       *)     DWT_BASE      )   /*!< DWT configuration struct
1560:Drivers/CMSIS/Include/core_cm4.h **** #define TPI                 ((TPI_Type       *)     TPI_BASE      )   /*!< TPI configuration struct
1561:Drivers/CMSIS/Include/core_cm4.h **** #define CoreDebug           ((CoreDebug_Type *)     CoreDebug_BASE)   /*!< Core Debug configuration
1562:Drivers/CMSIS/Include/core_cm4.h **** 
1563:Drivers/CMSIS/Include/core_cm4.h **** #if defined (__MPU_PRESENT) && (__MPU_PRESENT == 1U)
1564:Drivers/CMSIS/Include/core_cm4.h ****   #define MPU_BASE          (SCS_BASE +  0x0D90UL)                    /*!< Memory Protection Unit *
1565:Drivers/CMSIS/Include/core_cm4.h ****   #define MPU               ((MPU_Type       *)     MPU_BASE      )   /*!< Memory Protection Unit *
1566:Drivers/CMSIS/Include/core_cm4.h **** #endif
1567:Drivers/CMSIS/Include/core_cm4.h **** 
1568:Drivers/CMSIS/Include/core_cm4.h **** #define FPU_BASE            (SCS_BASE +  0x0F30UL)                    /*!< Floating Point Unit */
1569:Drivers/CMSIS/Include/core_cm4.h **** #define FPU                 ((FPU_Type       *)     FPU_BASE      )   /*!< Floating Point Unit */
ARM GAS  C:\Users\Ali\AppData\Local\Temp\ccWQI1fJ.s 			page 29


1570:Drivers/CMSIS/Include/core_cm4.h **** 
1571:Drivers/CMSIS/Include/core_cm4.h **** /*@} */
1572:Drivers/CMSIS/Include/core_cm4.h **** 
1573:Drivers/CMSIS/Include/core_cm4.h **** 
1574:Drivers/CMSIS/Include/core_cm4.h **** 
1575:Drivers/CMSIS/Include/core_cm4.h **** /*******************************************************************************
1576:Drivers/CMSIS/Include/core_cm4.h ****  *                Hardware Abstraction Layer
1577:Drivers/CMSIS/Include/core_cm4.h ****   Core Function Interface contains:
1578:Drivers/CMSIS/Include/core_cm4.h ****   - Core NVIC Functions
1579:Drivers/CMSIS/Include/core_cm4.h ****   - Core SysTick Functions
1580:Drivers/CMSIS/Include/core_cm4.h ****   - Core Debug Functions
1581:Drivers/CMSIS/Include/core_cm4.h ****   - Core Register Access Functions
1582:Drivers/CMSIS/Include/core_cm4.h ****  ******************************************************************************/
1583:Drivers/CMSIS/Include/core_cm4.h **** /**
1584:Drivers/CMSIS/Include/core_cm4.h ****   \defgroup CMSIS_Core_FunctionInterface Functions and Instructions Reference
1585:Drivers/CMSIS/Include/core_cm4.h **** */
1586:Drivers/CMSIS/Include/core_cm4.h **** 
1587:Drivers/CMSIS/Include/core_cm4.h **** 
1588:Drivers/CMSIS/Include/core_cm4.h **** 
1589:Drivers/CMSIS/Include/core_cm4.h **** /* ##########################   NVIC functions  #################################### */
1590:Drivers/CMSIS/Include/core_cm4.h **** /**
1591:Drivers/CMSIS/Include/core_cm4.h ****   \ingroup  CMSIS_Core_FunctionInterface
1592:Drivers/CMSIS/Include/core_cm4.h ****   \defgroup CMSIS_Core_NVICFunctions NVIC Functions
1593:Drivers/CMSIS/Include/core_cm4.h ****   \brief    Functions that manage interrupts and exceptions via the NVIC.
1594:Drivers/CMSIS/Include/core_cm4.h ****   @{
1595:Drivers/CMSIS/Include/core_cm4.h ****  */
1596:Drivers/CMSIS/Include/core_cm4.h **** 
1597:Drivers/CMSIS/Include/core_cm4.h **** #ifdef CMSIS_NVIC_VIRTUAL
1598:Drivers/CMSIS/Include/core_cm4.h ****   #ifndef CMSIS_NVIC_VIRTUAL_HEADER_FILE
1599:Drivers/CMSIS/Include/core_cm4.h ****     #define CMSIS_NVIC_VIRTUAL_HEADER_FILE "cmsis_nvic_virtual.h"
1600:Drivers/CMSIS/Include/core_cm4.h ****   #endif
1601:Drivers/CMSIS/Include/core_cm4.h ****   #include CMSIS_NVIC_VIRTUAL_HEADER_FILE
1602:Drivers/CMSIS/Include/core_cm4.h **** #else
1603:Drivers/CMSIS/Include/core_cm4.h ****   #define NVIC_SetPriorityGrouping    __NVIC_SetPriorityGrouping
1604:Drivers/CMSIS/Include/core_cm4.h ****   #define NVIC_GetPriorityGrouping    __NVIC_GetPriorityGrouping
1605:Drivers/CMSIS/Include/core_cm4.h ****   #define NVIC_EnableIRQ              __NVIC_EnableIRQ
1606:Drivers/CMSIS/Include/core_cm4.h ****   #define NVIC_GetEnableIRQ           __NVIC_GetEnableIRQ
1607:Drivers/CMSIS/Include/core_cm4.h ****   #define NVIC_DisableIRQ             __NVIC_DisableIRQ
1608:Drivers/CMSIS/Include/core_cm4.h ****   #define NVIC_GetPendingIRQ          __NVIC_GetPendingIRQ
1609:Drivers/CMSIS/Include/core_cm4.h ****   #define NVIC_SetPendingIRQ          __NVIC_SetPendingIRQ
1610:Drivers/CMSIS/Include/core_cm4.h ****   #define NVIC_ClearPendingIRQ        __NVIC_ClearPendingIRQ
1611:Drivers/CMSIS/Include/core_cm4.h ****   #define NVIC_GetActive              __NVIC_GetActive
1612:Drivers/CMSIS/Include/core_cm4.h ****   #define NVIC_SetPriority            __NVIC_SetPriority
1613:Drivers/CMSIS/Include/core_cm4.h ****   #define NVIC_GetPriority            __NVIC_GetPriority
1614:Drivers/CMSIS/Include/core_cm4.h ****   #define NVIC_SystemReset            __NVIC_SystemReset
1615:Drivers/CMSIS/Include/core_cm4.h **** #endif /* CMSIS_NVIC_VIRTUAL */
1616:Drivers/CMSIS/Include/core_cm4.h **** 
1617:Drivers/CMSIS/Include/core_cm4.h **** #ifdef CMSIS_VECTAB_VIRTUAL
1618:Drivers/CMSIS/Include/core_cm4.h ****   #ifndef CMSIS_VECTAB_VIRTUAL_HEADER_FILE
1619:Drivers/CMSIS/Include/core_cm4.h ****     #define CMSIS_VECTAB_VIRTUAL_HEADER_FILE "cmsis_vectab_virtual.h"
1620:Drivers/CMSIS/Include/core_cm4.h ****   #endif
1621:Drivers/CMSIS/Include/core_cm4.h ****   #include CMSIS_VECTAB_VIRTUAL_HEADER_FILE
1622:Drivers/CMSIS/Include/core_cm4.h **** #else
1623:Drivers/CMSIS/Include/core_cm4.h ****   #define NVIC_SetVector              __NVIC_SetVector
1624:Drivers/CMSIS/Include/core_cm4.h ****   #define NVIC_GetVector              __NVIC_GetVector
1625:Drivers/CMSIS/Include/core_cm4.h **** #endif  /* (CMSIS_VECTAB_VIRTUAL) */
1626:Drivers/CMSIS/Include/core_cm4.h **** 
ARM GAS  C:\Users\Ali\AppData\Local\Temp\ccWQI1fJ.s 			page 30


1627:Drivers/CMSIS/Include/core_cm4.h **** #define NVIC_USER_IRQ_OFFSET          16
1628:Drivers/CMSIS/Include/core_cm4.h **** 
1629:Drivers/CMSIS/Include/core_cm4.h **** 
1630:Drivers/CMSIS/Include/core_cm4.h **** /* The following EXC_RETURN values are saved the LR on exception entry */
1631:Drivers/CMSIS/Include/core_cm4.h **** #define EXC_RETURN_HANDLER         (0xFFFFFFF1UL)     /* return to Handler mode, uses MSP after ret
1632:Drivers/CMSIS/Include/core_cm4.h **** #define EXC_RETURN_THREAD_MSP      (0xFFFFFFF9UL)     /* return to Thread mode, uses MSP after retu
1633:Drivers/CMSIS/Include/core_cm4.h **** #define EXC_RETURN_THREAD_PSP      (0xFFFFFFFDUL)     /* return to Thread mode, uses PSP after retu
1634:Drivers/CMSIS/Include/core_cm4.h **** #define EXC_RETURN_HANDLER_FPU     (0xFFFFFFE1UL)     /* return to Handler mode, uses MSP after ret
1635:Drivers/CMSIS/Include/core_cm4.h **** #define EXC_RETURN_THREAD_MSP_FPU  (0xFFFFFFE9UL)     /* return to Thread mode, uses MSP after retu
1636:Drivers/CMSIS/Include/core_cm4.h **** #define EXC_RETURN_THREAD_PSP_FPU  (0xFFFFFFEDUL)     /* return to Thread mode, uses PSP after retu
1637:Drivers/CMSIS/Include/core_cm4.h **** 
1638:Drivers/CMSIS/Include/core_cm4.h **** 
1639:Drivers/CMSIS/Include/core_cm4.h **** /**
1640:Drivers/CMSIS/Include/core_cm4.h ****   \brief   Set Priority Grouping
1641:Drivers/CMSIS/Include/core_cm4.h ****   \details Sets the priority grouping field using the required unlock sequence.
1642:Drivers/CMSIS/Include/core_cm4.h ****            The parameter PriorityGroup is assigned to the field SCB->AIRCR [10:8] PRIGROUP field.
1643:Drivers/CMSIS/Include/core_cm4.h ****            Only values from 0..7 are used.
1644:Drivers/CMSIS/Include/core_cm4.h ****            In case of a conflict between priority grouping and available
1645:Drivers/CMSIS/Include/core_cm4.h ****            priority bits (__NVIC_PRIO_BITS), the smallest possible priority group is set.
1646:Drivers/CMSIS/Include/core_cm4.h ****   \param [in]      PriorityGroup  Priority grouping field.
1647:Drivers/CMSIS/Include/core_cm4.h ****  */
1648:Drivers/CMSIS/Include/core_cm4.h **** __STATIC_INLINE void __NVIC_SetPriorityGrouping(uint32_t PriorityGroup)
1649:Drivers/CMSIS/Include/core_cm4.h **** {
1650:Drivers/CMSIS/Include/core_cm4.h ****   uint32_t reg_value;
1651:Drivers/CMSIS/Include/core_cm4.h ****   uint32_t PriorityGroupTmp = (PriorityGroup & (uint32_t)0x07UL);             /* only values 0..7 a
1652:Drivers/CMSIS/Include/core_cm4.h **** 
1653:Drivers/CMSIS/Include/core_cm4.h ****   reg_value  =  SCB->AIRCR;                                                   /* read old register 
1654:Drivers/CMSIS/Include/core_cm4.h ****   reg_value &= ~((uint32_t)(SCB_AIRCR_VECTKEY_Msk | SCB_AIRCR_PRIGROUP_Msk)); /* clear bits to chan
1655:Drivers/CMSIS/Include/core_cm4.h ****   reg_value  =  (reg_value                                   |
1656:Drivers/CMSIS/Include/core_cm4.h ****                 ((uint32_t)0x5FAUL << SCB_AIRCR_VECTKEY_Pos) |
1657:Drivers/CMSIS/Include/core_cm4.h ****                 (PriorityGroupTmp << SCB_AIRCR_PRIGROUP_Pos)  );              /* Insert write key a
1658:Drivers/CMSIS/Include/core_cm4.h ****   SCB->AIRCR =  reg_value;
1659:Drivers/CMSIS/Include/core_cm4.h **** }
1660:Drivers/CMSIS/Include/core_cm4.h **** 
1661:Drivers/CMSIS/Include/core_cm4.h **** 
1662:Drivers/CMSIS/Include/core_cm4.h **** /**
1663:Drivers/CMSIS/Include/core_cm4.h ****   \brief   Get Priority Grouping
1664:Drivers/CMSIS/Include/core_cm4.h ****   \details Reads the priority grouping field from the NVIC Interrupt Controller.
1665:Drivers/CMSIS/Include/core_cm4.h ****   \return                Priority grouping field (SCB->AIRCR [10:8] PRIGROUP field).
1666:Drivers/CMSIS/Include/core_cm4.h ****  */
1667:Drivers/CMSIS/Include/core_cm4.h **** __STATIC_INLINE uint32_t __NVIC_GetPriorityGrouping(void)
1668:Drivers/CMSIS/Include/core_cm4.h **** {
1669:Drivers/CMSIS/Include/core_cm4.h ****   return ((uint32_t)((SCB->AIRCR & SCB_AIRCR_PRIGROUP_Msk) >> SCB_AIRCR_PRIGROUP_Pos));
1670:Drivers/CMSIS/Include/core_cm4.h **** }
1671:Drivers/CMSIS/Include/core_cm4.h **** 
1672:Drivers/CMSIS/Include/core_cm4.h **** 
1673:Drivers/CMSIS/Include/core_cm4.h **** /**
1674:Drivers/CMSIS/Include/core_cm4.h ****   \brief   Enable Interrupt
1675:Drivers/CMSIS/Include/core_cm4.h ****   \details Enables a device specific interrupt in the NVIC interrupt controller.
1676:Drivers/CMSIS/Include/core_cm4.h ****   \param [in]      IRQn  Device specific interrupt number.
1677:Drivers/CMSIS/Include/core_cm4.h ****   \note    IRQn must not be negative.
1678:Drivers/CMSIS/Include/core_cm4.h ****  */
1679:Drivers/CMSIS/Include/core_cm4.h **** __STATIC_INLINE void __NVIC_EnableIRQ(IRQn_Type IRQn)
1680:Drivers/CMSIS/Include/core_cm4.h **** {
1681:Drivers/CMSIS/Include/core_cm4.h ****   if ((int32_t)(IRQn) >= 0)
1682:Drivers/CMSIS/Include/core_cm4.h ****   {
1683:Drivers/CMSIS/Include/core_cm4.h ****     __COMPILER_BARRIER();
ARM GAS  C:\Users\Ali\AppData\Local\Temp\ccWQI1fJ.s 			page 31


1684:Drivers/CMSIS/Include/core_cm4.h ****     NVIC->ISER[(((uint32_t)IRQn) >> 5UL)] = (uint32_t)(1UL << (((uint32_t)IRQn) & 0x1FUL));
1685:Drivers/CMSIS/Include/core_cm4.h ****     __COMPILER_BARRIER();
1686:Drivers/CMSIS/Include/core_cm4.h ****   }
1687:Drivers/CMSIS/Include/core_cm4.h **** }
1688:Drivers/CMSIS/Include/core_cm4.h **** 
1689:Drivers/CMSIS/Include/core_cm4.h **** 
1690:Drivers/CMSIS/Include/core_cm4.h **** /**
1691:Drivers/CMSIS/Include/core_cm4.h ****   \brief   Get Interrupt Enable status
1692:Drivers/CMSIS/Include/core_cm4.h ****   \details Returns a device specific interrupt enable status from the NVIC interrupt controller.
1693:Drivers/CMSIS/Include/core_cm4.h ****   \param [in]      IRQn  Device specific interrupt number.
1694:Drivers/CMSIS/Include/core_cm4.h ****   \return             0  Interrupt is not enabled.
1695:Drivers/CMSIS/Include/core_cm4.h ****   \return             1  Interrupt is enabled.
1696:Drivers/CMSIS/Include/core_cm4.h ****   \note    IRQn must not be negative.
1697:Drivers/CMSIS/Include/core_cm4.h ****  */
1698:Drivers/CMSIS/Include/core_cm4.h **** __STATIC_INLINE uint32_t __NVIC_GetEnableIRQ(IRQn_Type IRQn)
1699:Drivers/CMSIS/Include/core_cm4.h **** {
1700:Drivers/CMSIS/Include/core_cm4.h ****   if ((int32_t)(IRQn) >= 0)
1701:Drivers/CMSIS/Include/core_cm4.h ****   {
1702:Drivers/CMSIS/Include/core_cm4.h ****     return((uint32_t)(((NVIC->ISER[(((uint32_t)IRQn) >> 5UL)] & (1UL << (((uint32_t)IRQn) & 0x1FUL)
1703:Drivers/CMSIS/Include/core_cm4.h ****   }
1704:Drivers/CMSIS/Include/core_cm4.h ****   else
1705:Drivers/CMSIS/Include/core_cm4.h ****   {
1706:Drivers/CMSIS/Include/core_cm4.h ****     return(0U);
1707:Drivers/CMSIS/Include/core_cm4.h ****   }
1708:Drivers/CMSIS/Include/core_cm4.h **** }
1709:Drivers/CMSIS/Include/core_cm4.h **** 
1710:Drivers/CMSIS/Include/core_cm4.h **** 
1711:Drivers/CMSIS/Include/core_cm4.h **** /**
1712:Drivers/CMSIS/Include/core_cm4.h ****   \brief   Disable Interrupt
1713:Drivers/CMSIS/Include/core_cm4.h ****   \details Disables a device specific interrupt in the NVIC interrupt controller.
1714:Drivers/CMSIS/Include/core_cm4.h ****   \param [in]      IRQn  Device specific interrupt number.
1715:Drivers/CMSIS/Include/core_cm4.h ****   \note    IRQn must not be negative.
1716:Drivers/CMSIS/Include/core_cm4.h ****  */
1717:Drivers/CMSIS/Include/core_cm4.h **** __STATIC_INLINE void __NVIC_DisableIRQ(IRQn_Type IRQn)
1718:Drivers/CMSIS/Include/core_cm4.h **** {
1719:Drivers/CMSIS/Include/core_cm4.h ****   if ((int32_t)(IRQn) >= 0)
1720:Drivers/CMSIS/Include/core_cm4.h ****   {
1721:Drivers/CMSIS/Include/core_cm4.h ****     NVIC->ICER[(((uint32_t)IRQn) >> 5UL)] = (uint32_t)(1UL << (((uint32_t)IRQn) & 0x1FUL));
1722:Drivers/CMSIS/Include/core_cm4.h ****     __DSB();
1723:Drivers/CMSIS/Include/core_cm4.h ****     __ISB();
1724:Drivers/CMSIS/Include/core_cm4.h ****   }
1725:Drivers/CMSIS/Include/core_cm4.h **** }
1726:Drivers/CMSIS/Include/core_cm4.h **** 
1727:Drivers/CMSIS/Include/core_cm4.h **** 
1728:Drivers/CMSIS/Include/core_cm4.h **** /**
1729:Drivers/CMSIS/Include/core_cm4.h ****   \brief   Get Pending Interrupt
1730:Drivers/CMSIS/Include/core_cm4.h ****   \details Reads the NVIC pending register and returns the pending bit for the specified device spe
1731:Drivers/CMSIS/Include/core_cm4.h ****   \param [in]      IRQn  Device specific interrupt number.
1732:Drivers/CMSIS/Include/core_cm4.h ****   \return             0  Interrupt status is not pending.
1733:Drivers/CMSIS/Include/core_cm4.h ****   \return             1  Interrupt status is pending.
1734:Drivers/CMSIS/Include/core_cm4.h ****   \note    IRQn must not be negative.
1735:Drivers/CMSIS/Include/core_cm4.h ****  */
1736:Drivers/CMSIS/Include/core_cm4.h **** __STATIC_INLINE uint32_t __NVIC_GetPendingIRQ(IRQn_Type IRQn)
1737:Drivers/CMSIS/Include/core_cm4.h **** {
1738:Drivers/CMSIS/Include/core_cm4.h ****   if ((int32_t)(IRQn) >= 0)
1739:Drivers/CMSIS/Include/core_cm4.h ****   {
1740:Drivers/CMSIS/Include/core_cm4.h ****     return((uint32_t)(((NVIC->ISPR[(((uint32_t)IRQn) >> 5UL)] & (1UL << (((uint32_t)IRQn) & 0x1FUL)
ARM GAS  C:\Users\Ali\AppData\Local\Temp\ccWQI1fJ.s 			page 32


1741:Drivers/CMSIS/Include/core_cm4.h ****   }
1742:Drivers/CMSIS/Include/core_cm4.h ****   else
1743:Drivers/CMSIS/Include/core_cm4.h ****   {
1744:Drivers/CMSIS/Include/core_cm4.h ****     return(0U);
1745:Drivers/CMSIS/Include/core_cm4.h ****   }
1746:Drivers/CMSIS/Include/core_cm4.h **** }
1747:Drivers/CMSIS/Include/core_cm4.h **** 
1748:Drivers/CMSIS/Include/core_cm4.h **** 
1749:Drivers/CMSIS/Include/core_cm4.h **** /**
1750:Drivers/CMSIS/Include/core_cm4.h ****   \brief   Set Pending Interrupt
1751:Drivers/CMSIS/Include/core_cm4.h ****   \details Sets the pending bit of a device specific interrupt in the NVIC pending register.
1752:Drivers/CMSIS/Include/core_cm4.h ****   \param [in]      IRQn  Device specific interrupt number.
1753:Drivers/CMSIS/Include/core_cm4.h ****   \note    IRQn must not be negative.
1754:Drivers/CMSIS/Include/core_cm4.h ****  */
1755:Drivers/CMSIS/Include/core_cm4.h **** __STATIC_INLINE void __NVIC_SetPendingIRQ(IRQn_Type IRQn)
1756:Drivers/CMSIS/Include/core_cm4.h **** {
1757:Drivers/CMSIS/Include/core_cm4.h ****   if ((int32_t)(IRQn) >= 0)
1758:Drivers/CMSIS/Include/core_cm4.h ****   {
1759:Drivers/CMSIS/Include/core_cm4.h ****     NVIC->ISPR[(((uint32_t)IRQn) >> 5UL)] = (uint32_t)(1UL << (((uint32_t)IRQn) & 0x1FUL));
1760:Drivers/CMSIS/Include/core_cm4.h ****   }
1761:Drivers/CMSIS/Include/core_cm4.h **** }
1762:Drivers/CMSIS/Include/core_cm4.h **** 
1763:Drivers/CMSIS/Include/core_cm4.h **** 
1764:Drivers/CMSIS/Include/core_cm4.h **** /**
1765:Drivers/CMSIS/Include/core_cm4.h ****   \brief   Clear Pending Interrupt
1766:Drivers/CMSIS/Include/core_cm4.h ****   \details Clears the pending bit of a device specific interrupt in the NVIC pending register.
1767:Drivers/CMSIS/Include/core_cm4.h ****   \param [in]      IRQn  Device specific interrupt number.
1768:Drivers/CMSIS/Include/core_cm4.h ****   \note    IRQn must not be negative.
1769:Drivers/CMSIS/Include/core_cm4.h ****  */
1770:Drivers/CMSIS/Include/core_cm4.h **** __STATIC_INLINE void __NVIC_ClearPendingIRQ(IRQn_Type IRQn)
1771:Drivers/CMSIS/Include/core_cm4.h **** {
1772:Drivers/CMSIS/Include/core_cm4.h ****   if ((int32_t)(IRQn) >= 0)
1773:Drivers/CMSIS/Include/core_cm4.h ****   {
1774:Drivers/CMSIS/Include/core_cm4.h ****     NVIC->ICPR[(((uint32_t)IRQn) >> 5UL)] = (uint32_t)(1UL << (((uint32_t)IRQn) & 0x1FUL));
1775:Drivers/CMSIS/Include/core_cm4.h ****   }
1776:Drivers/CMSIS/Include/core_cm4.h **** }
1777:Drivers/CMSIS/Include/core_cm4.h **** 
1778:Drivers/CMSIS/Include/core_cm4.h **** 
1779:Drivers/CMSIS/Include/core_cm4.h **** /**
1780:Drivers/CMSIS/Include/core_cm4.h ****   \brief   Get Active Interrupt
1781:Drivers/CMSIS/Include/core_cm4.h ****   \details Reads the active register in the NVIC and returns the active bit for the device specific
1782:Drivers/CMSIS/Include/core_cm4.h ****   \param [in]      IRQn  Device specific interrupt number.
1783:Drivers/CMSIS/Include/core_cm4.h ****   \return             0  Interrupt status is not active.
1784:Drivers/CMSIS/Include/core_cm4.h ****   \return             1  Interrupt status is active.
1785:Drivers/CMSIS/Include/core_cm4.h ****   \note    IRQn must not be negative.
1786:Drivers/CMSIS/Include/core_cm4.h ****  */
1787:Drivers/CMSIS/Include/core_cm4.h **** __STATIC_INLINE uint32_t __NVIC_GetActive(IRQn_Type IRQn)
1788:Drivers/CMSIS/Include/core_cm4.h **** {
1789:Drivers/CMSIS/Include/core_cm4.h ****   if ((int32_t)(IRQn) >= 0)
1790:Drivers/CMSIS/Include/core_cm4.h ****   {
1791:Drivers/CMSIS/Include/core_cm4.h ****     return((uint32_t)(((NVIC->IABR[(((uint32_t)IRQn) >> 5UL)] & (1UL << (((uint32_t)IRQn) & 0x1FUL)
1792:Drivers/CMSIS/Include/core_cm4.h ****   }
1793:Drivers/CMSIS/Include/core_cm4.h ****   else
1794:Drivers/CMSIS/Include/core_cm4.h ****   {
1795:Drivers/CMSIS/Include/core_cm4.h ****     return(0U);
1796:Drivers/CMSIS/Include/core_cm4.h ****   }
1797:Drivers/CMSIS/Include/core_cm4.h **** }
ARM GAS  C:\Users\Ali\AppData\Local\Temp\ccWQI1fJ.s 			page 33


1798:Drivers/CMSIS/Include/core_cm4.h **** 
1799:Drivers/CMSIS/Include/core_cm4.h **** 
1800:Drivers/CMSIS/Include/core_cm4.h **** /**
1801:Drivers/CMSIS/Include/core_cm4.h ****   \brief   Set Interrupt Priority
1802:Drivers/CMSIS/Include/core_cm4.h ****   \details Sets the priority of a device specific interrupt or a processor exception.
1803:Drivers/CMSIS/Include/core_cm4.h ****            The interrupt number can be positive to specify a device specific interrupt,
1804:Drivers/CMSIS/Include/core_cm4.h ****            or negative to specify a processor exception.
1805:Drivers/CMSIS/Include/core_cm4.h ****   \param [in]      IRQn  Interrupt number.
1806:Drivers/CMSIS/Include/core_cm4.h ****   \param [in]  priority  Priority to set.
1807:Drivers/CMSIS/Include/core_cm4.h ****   \note    The priority cannot be set for every processor exception.
1808:Drivers/CMSIS/Include/core_cm4.h ****  */
1809:Drivers/CMSIS/Include/core_cm4.h **** __STATIC_INLINE void __NVIC_SetPriority(IRQn_Type IRQn, uint32_t priority)
1810:Drivers/CMSIS/Include/core_cm4.h **** {
1811:Drivers/CMSIS/Include/core_cm4.h ****   if ((int32_t)(IRQn) >= 0)
1812:Drivers/CMSIS/Include/core_cm4.h ****   {
1813:Drivers/CMSIS/Include/core_cm4.h ****     NVIC->IP[((uint32_t)IRQn)]               = (uint8_t)((priority << (8U - __NVIC_PRIO_BITS)) & (u
1814:Drivers/CMSIS/Include/core_cm4.h ****   }
1815:Drivers/CMSIS/Include/core_cm4.h ****   else
1816:Drivers/CMSIS/Include/core_cm4.h ****   {
1817:Drivers/CMSIS/Include/core_cm4.h ****     SCB->SHP[(((uint32_t)IRQn) & 0xFUL)-4UL] = (uint8_t)((priority << (8U - __NVIC_PRIO_BITS)) & (u
1818:Drivers/CMSIS/Include/core_cm4.h ****   }
1819:Drivers/CMSIS/Include/core_cm4.h **** }
1820:Drivers/CMSIS/Include/core_cm4.h **** 
1821:Drivers/CMSIS/Include/core_cm4.h **** 
1822:Drivers/CMSIS/Include/core_cm4.h **** /**
1823:Drivers/CMSIS/Include/core_cm4.h ****   \brief   Get Interrupt Priority
1824:Drivers/CMSIS/Include/core_cm4.h ****   \details Reads the priority of a device specific interrupt or a processor exception.
1825:Drivers/CMSIS/Include/core_cm4.h ****            The interrupt number can be positive to specify a device specific interrupt,
1826:Drivers/CMSIS/Include/core_cm4.h ****            or negative to specify a processor exception.
1827:Drivers/CMSIS/Include/core_cm4.h ****   \param [in]   IRQn  Interrupt number.
1828:Drivers/CMSIS/Include/core_cm4.h ****   \return             Interrupt Priority.
1829:Drivers/CMSIS/Include/core_cm4.h ****                       Value is aligned automatically to the implemented priority bits of the microc
1830:Drivers/CMSIS/Include/core_cm4.h ****  */
1831:Drivers/CMSIS/Include/core_cm4.h **** __STATIC_INLINE uint32_t __NVIC_GetPriority(IRQn_Type IRQn)
1832:Drivers/CMSIS/Include/core_cm4.h **** {
1833:Drivers/CMSIS/Include/core_cm4.h **** 
1834:Drivers/CMSIS/Include/core_cm4.h ****   if ((int32_t)(IRQn) >= 0)
1835:Drivers/CMSIS/Include/core_cm4.h ****   {
1836:Drivers/CMSIS/Include/core_cm4.h ****     return(((uint32_t)NVIC->IP[((uint32_t)IRQn)]               >> (8U - __NVIC_PRIO_BITS)));
1837:Drivers/CMSIS/Include/core_cm4.h ****   }
1838:Drivers/CMSIS/Include/core_cm4.h ****   else
1839:Drivers/CMSIS/Include/core_cm4.h ****   {
1840:Drivers/CMSIS/Include/core_cm4.h ****     return(((uint32_t)SCB->SHP[(((uint32_t)IRQn) & 0xFUL)-4UL] >> (8U - __NVIC_PRIO_BITS)));
1841:Drivers/CMSIS/Include/core_cm4.h ****   }
1842:Drivers/CMSIS/Include/core_cm4.h **** }
1843:Drivers/CMSIS/Include/core_cm4.h **** 
1844:Drivers/CMSIS/Include/core_cm4.h **** 
1845:Drivers/CMSIS/Include/core_cm4.h **** /**
1846:Drivers/CMSIS/Include/core_cm4.h ****   \brief   Encode Priority
1847:Drivers/CMSIS/Include/core_cm4.h ****   \details Encodes the priority for an interrupt with the given priority group,
1848:Drivers/CMSIS/Include/core_cm4.h ****            preemptive priority value, and subpriority value.
1849:Drivers/CMSIS/Include/core_cm4.h ****            In case of a conflict between priority grouping and available
1850:Drivers/CMSIS/Include/core_cm4.h ****            priority bits (__NVIC_PRIO_BITS), the smallest possible priority group is set.
1851:Drivers/CMSIS/Include/core_cm4.h ****   \param [in]     PriorityGroup  Used priority group.
1852:Drivers/CMSIS/Include/core_cm4.h ****   \param [in]   PreemptPriority  Preemptive priority value (starting from 0).
1853:Drivers/CMSIS/Include/core_cm4.h ****   \param [in]       SubPriority  Subpriority value (starting from 0).
1854:Drivers/CMSIS/Include/core_cm4.h ****   \return                        Encoded priority. Value can be used in the function \ref NVIC_SetP
ARM GAS  C:\Users\Ali\AppData\Local\Temp\ccWQI1fJ.s 			page 34


1855:Drivers/CMSIS/Include/core_cm4.h ****  */
1856:Drivers/CMSIS/Include/core_cm4.h **** __STATIC_INLINE uint32_t NVIC_EncodePriority (uint32_t PriorityGroup, uint32_t PreemptPriority, uin
1857:Drivers/CMSIS/Include/core_cm4.h **** {
1858:Drivers/CMSIS/Include/core_cm4.h ****   uint32_t PriorityGroupTmp = (PriorityGroup & (uint32_t)0x07UL);   /* only values 0..7 are used   
1859:Drivers/CMSIS/Include/core_cm4.h ****   uint32_t PreemptPriorityBits;
1860:Drivers/CMSIS/Include/core_cm4.h ****   uint32_t SubPriorityBits;
1861:Drivers/CMSIS/Include/core_cm4.h **** 
1862:Drivers/CMSIS/Include/core_cm4.h ****   PreemptPriorityBits = ((7UL - PriorityGroupTmp) > (uint32_t)(__NVIC_PRIO_BITS)) ? (uint32_t)(__NV
1863:Drivers/CMSIS/Include/core_cm4.h ****   SubPriorityBits     = ((PriorityGroupTmp + (uint32_t)(__NVIC_PRIO_BITS)) < (uint32_t)7UL) ? (uint
1864:Drivers/CMSIS/Include/core_cm4.h **** 
1865:Drivers/CMSIS/Include/core_cm4.h ****   return (
1866:Drivers/CMSIS/Include/core_cm4.h ****            ((PreemptPriority & (uint32_t)((1UL << (PreemptPriorityBits)) - 1UL)) << SubPriorityBits
1867:Drivers/CMSIS/Include/core_cm4.h ****            ((SubPriority     & (uint32_t)((1UL << (SubPriorityBits    )) - 1UL)))
1868:Drivers/CMSIS/Include/core_cm4.h ****          );
1869:Drivers/CMSIS/Include/core_cm4.h **** }
1870:Drivers/CMSIS/Include/core_cm4.h **** 
1871:Drivers/CMSIS/Include/core_cm4.h **** 
1872:Drivers/CMSIS/Include/core_cm4.h **** /**
1873:Drivers/CMSIS/Include/core_cm4.h ****   \brief   Decode Priority
1874:Drivers/CMSIS/Include/core_cm4.h ****   \details Decodes an interrupt priority value with a given priority group to
1875:Drivers/CMSIS/Include/core_cm4.h ****            preemptive priority value and subpriority value.
1876:Drivers/CMSIS/Include/core_cm4.h ****            In case of a conflict between priority grouping and available
1877:Drivers/CMSIS/Include/core_cm4.h ****            priority bits (__NVIC_PRIO_BITS) the smallest possible priority group is set.
1878:Drivers/CMSIS/Include/core_cm4.h ****   \param [in]         Priority   Priority value, which can be retrieved with the function \ref NVIC
1879:Drivers/CMSIS/Include/core_cm4.h ****   \param [in]     PriorityGroup  Used priority group.
1880:Drivers/CMSIS/Include/core_cm4.h ****   \param [out] pPreemptPriority  Preemptive priority value (starting from 0).
1881:Drivers/CMSIS/Include/core_cm4.h ****   \param [out]     pSubPriority  Subpriority value (starting from 0).
1882:Drivers/CMSIS/Include/core_cm4.h ****  */
1883:Drivers/CMSIS/Include/core_cm4.h **** __STATIC_INLINE void NVIC_DecodePriority (uint32_t Priority, uint32_t PriorityGroup, uint32_t* cons
1884:Drivers/CMSIS/Include/core_cm4.h **** {
1885:Drivers/CMSIS/Include/core_cm4.h ****   uint32_t PriorityGroupTmp = (PriorityGroup & (uint32_t)0x07UL);   /* only values 0..7 are used   
1886:Drivers/CMSIS/Include/core_cm4.h ****   uint32_t PreemptPriorityBits;
1887:Drivers/CMSIS/Include/core_cm4.h ****   uint32_t SubPriorityBits;
1888:Drivers/CMSIS/Include/core_cm4.h **** 
1889:Drivers/CMSIS/Include/core_cm4.h ****   PreemptPriorityBits = ((7UL - PriorityGroupTmp) > (uint32_t)(__NVIC_PRIO_BITS)) ? (uint32_t)(__NV
1890:Drivers/CMSIS/Include/core_cm4.h ****   SubPriorityBits     = ((PriorityGroupTmp + (uint32_t)(__NVIC_PRIO_BITS)) < (uint32_t)7UL) ? (uint
1891:Drivers/CMSIS/Include/core_cm4.h **** 
1892:Drivers/CMSIS/Include/core_cm4.h ****   *pPreemptPriority = (Priority >> SubPriorityBits) & (uint32_t)((1UL << (PreemptPriorityBits)) - 1
1893:Drivers/CMSIS/Include/core_cm4.h ****   *pSubPriority     = (Priority                   ) & (uint32_t)((1UL << (SubPriorityBits    )) - 1
1894:Drivers/CMSIS/Include/core_cm4.h **** }
1895:Drivers/CMSIS/Include/core_cm4.h **** 
1896:Drivers/CMSIS/Include/core_cm4.h **** 
1897:Drivers/CMSIS/Include/core_cm4.h **** /**
1898:Drivers/CMSIS/Include/core_cm4.h ****   \brief   Set Interrupt Vector
1899:Drivers/CMSIS/Include/core_cm4.h ****   \details Sets an interrupt vector in SRAM based interrupt vector table.
1900:Drivers/CMSIS/Include/core_cm4.h ****            The interrupt number can be positive to specify a device specific interrupt,
1901:Drivers/CMSIS/Include/core_cm4.h ****            or negative to specify a processor exception.
1902:Drivers/CMSIS/Include/core_cm4.h ****            VTOR must been relocated to SRAM before.
1903:Drivers/CMSIS/Include/core_cm4.h ****   \param [in]   IRQn      Interrupt number
1904:Drivers/CMSIS/Include/core_cm4.h ****   \param [in]   vector    Address of interrupt handler function
1905:Drivers/CMSIS/Include/core_cm4.h ****  */
1906:Drivers/CMSIS/Include/core_cm4.h **** __STATIC_INLINE void __NVIC_SetVector(IRQn_Type IRQn, uint32_t vector)
1907:Drivers/CMSIS/Include/core_cm4.h **** {
1908:Drivers/CMSIS/Include/core_cm4.h ****   uint32_t vectors = (uint32_t )SCB->VTOR;
1909:Drivers/CMSIS/Include/core_cm4.h ****   (* (int *) (vectors + ((int32_t)IRQn + NVIC_USER_IRQ_OFFSET) * 4)) = vector;
1910:Drivers/CMSIS/Include/core_cm4.h ****   /* ARM Application Note 321 states that the M4 does not require the architectural barrier */
1911:Drivers/CMSIS/Include/core_cm4.h **** }
ARM GAS  C:\Users\Ali\AppData\Local\Temp\ccWQI1fJ.s 			page 35


1912:Drivers/CMSIS/Include/core_cm4.h **** 
1913:Drivers/CMSIS/Include/core_cm4.h **** 
1914:Drivers/CMSIS/Include/core_cm4.h **** /**
1915:Drivers/CMSIS/Include/core_cm4.h ****   \brief   Get Interrupt Vector
1916:Drivers/CMSIS/Include/core_cm4.h ****   \details Reads an interrupt vector from interrupt vector table.
1917:Drivers/CMSIS/Include/core_cm4.h ****            The interrupt number can be positive to specify a device specific interrupt,
1918:Drivers/CMSIS/Include/core_cm4.h ****            or negative to specify a processor exception.
1919:Drivers/CMSIS/Include/core_cm4.h ****   \param [in]   IRQn      Interrupt number.
1920:Drivers/CMSIS/Include/core_cm4.h ****   \return                 Address of interrupt handler function
1921:Drivers/CMSIS/Include/core_cm4.h ****  */
1922:Drivers/CMSIS/Include/core_cm4.h **** __STATIC_INLINE uint32_t __NVIC_GetVector(IRQn_Type IRQn)
1923:Drivers/CMSIS/Include/core_cm4.h **** {
1924:Drivers/CMSIS/Include/core_cm4.h ****   uint32_t vectors = (uint32_t )SCB->VTOR;
1925:Drivers/CMSIS/Include/core_cm4.h ****   return (uint32_t)(* (int *) (vectors + ((int32_t)IRQn + NVIC_USER_IRQ_OFFSET) * 4));
1926:Drivers/CMSIS/Include/core_cm4.h **** }
1927:Drivers/CMSIS/Include/core_cm4.h **** 
1928:Drivers/CMSIS/Include/core_cm4.h **** 
1929:Drivers/CMSIS/Include/core_cm4.h **** /**
1930:Drivers/CMSIS/Include/core_cm4.h ****   \brief   System Reset
1931:Drivers/CMSIS/Include/core_cm4.h ****   \details Initiates a system reset request to reset the MCU.
1932:Drivers/CMSIS/Include/core_cm4.h ****  */
1933:Drivers/CMSIS/Include/core_cm4.h **** __NO_RETURN __STATIC_INLINE void __NVIC_SystemReset(void)
1934:Drivers/CMSIS/Include/core_cm4.h **** {
  29              		.loc 2 1934 1 view -0
  30              		.cfi_startproc
  31              		@ Volatile: function does not return.
  32              		@ args = 0, pretend = 0, frame = 0
  33              		@ frame_needed = 0, uses_anonymous_args = 0
  34              		@ link register save eliminated.
1935:Drivers/CMSIS/Include/core_cm4.h ****   __DSB();                                                          /* Ensure all outstanding memor
  35              		.loc 2 1935 3 view .LVU1
  36              	.LBB6:
  37              	.LBI6:
  38              		.file 3 "Drivers/CMSIS/Include/cmsis_gcc.h"
   1:Drivers/CMSIS/Include/cmsis_gcc.h **** /**************************************************************************//**
   2:Drivers/CMSIS/Include/cmsis_gcc.h ****  * @file     cmsis_gcc.h
   3:Drivers/CMSIS/Include/cmsis_gcc.h ****  * @brief    CMSIS compiler GCC header file
   4:Drivers/CMSIS/Include/cmsis_gcc.h ****  * @version  V5.2.0
   5:Drivers/CMSIS/Include/cmsis_gcc.h ****  * @date     08. May 2019
   6:Drivers/CMSIS/Include/cmsis_gcc.h ****  ******************************************************************************/
   7:Drivers/CMSIS/Include/cmsis_gcc.h **** /*
   8:Drivers/CMSIS/Include/cmsis_gcc.h ****  * Copyright (c) 2009-2019 Arm Limited. All rights reserved.
   9:Drivers/CMSIS/Include/cmsis_gcc.h ****  *
  10:Drivers/CMSIS/Include/cmsis_gcc.h ****  * SPDX-License-Identifier: Apache-2.0
  11:Drivers/CMSIS/Include/cmsis_gcc.h ****  *
  12:Drivers/CMSIS/Include/cmsis_gcc.h ****  * Licensed under the Apache License, Version 2.0 (the License); you may
  13:Drivers/CMSIS/Include/cmsis_gcc.h ****  * not use this file except in compliance with the License.
  14:Drivers/CMSIS/Include/cmsis_gcc.h ****  * You may obtain a copy of the License at
  15:Drivers/CMSIS/Include/cmsis_gcc.h ****  *
  16:Drivers/CMSIS/Include/cmsis_gcc.h ****  * www.apache.org/licenses/LICENSE-2.0
  17:Drivers/CMSIS/Include/cmsis_gcc.h ****  *
  18:Drivers/CMSIS/Include/cmsis_gcc.h ****  * Unless required by applicable law or agreed to in writing, software
  19:Drivers/CMSIS/Include/cmsis_gcc.h ****  * distributed under the License is distributed on an AS IS BASIS, WITHOUT
  20:Drivers/CMSIS/Include/cmsis_gcc.h ****  * WARRANTIES OR CONDITIONS OF ANY KIND, either express or implied.
  21:Drivers/CMSIS/Include/cmsis_gcc.h ****  * See the License for the specific language governing permissions and
  22:Drivers/CMSIS/Include/cmsis_gcc.h ****  * limitations under the License.
  23:Drivers/CMSIS/Include/cmsis_gcc.h ****  */
ARM GAS  C:\Users\Ali\AppData\Local\Temp\ccWQI1fJ.s 			page 36


  24:Drivers/CMSIS/Include/cmsis_gcc.h **** 
  25:Drivers/CMSIS/Include/cmsis_gcc.h **** #ifndef __CMSIS_GCC_H
  26:Drivers/CMSIS/Include/cmsis_gcc.h **** #define __CMSIS_GCC_H
  27:Drivers/CMSIS/Include/cmsis_gcc.h **** 
  28:Drivers/CMSIS/Include/cmsis_gcc.h **** /* ignore some GCC warnings */
  29:Drivers/CMSIS/Include/cmsis_gcc.h **** #pragma GCC diagnostic push
  30:Drivers/CMSIS/Include/cmsis_gcc.h **** #pragma GCC diagnostic ignored "-Wsign-conversion"
  31:Drivers/CMSIS/Include/cmsis_gcc.h **** #pragma GCC diagnostic ignored "-Wconversion"
  32:Drivers/CMSIS/Include/cmsis_gcc.h **** #pragma GCC diagnostic ignored "-Wunused-parameter"
  33:Drivers/CMSIS/Include/cmsis_gcc.h **** 
  34:Drivers/CMSIS/Include/cmsis_gcc.h **** /* Fallback for __has_builtin */
  35:Drivers/CMSIS/Include/cmsis_gcc.h **** #ifndef __has_builtin
  36:Drivers/CMSIS/Include/cmsis_gcc.h ****   #define __has_builtin(x) (0)
  37:Drivers/CMSIS/Include/cmsis_gcc.h **** #endif
  38:Drivers/CMSIS/Include/cmsis_gcc.h **** 
  39:Drivers/CMSIS/Include/cmsis_gcc.h **** /* CMSIS compiler specific defines */
  40:Drivers/CMSIS/Include/cmsis_gcc.h **** #ifndef   __ASM
  41:Drivers/CMSIS/Include/cmsis_gcc.h ****   #define __ASM                                  __asm
  42:Drivers/CMSIS/Include/cmsis_gcc.h **** #endif
  43:Drivers/CMSIS/Include/cmsis_gcc.h **** #ifndef   __INLINE
  44:Drivers/CMSIS/Include/cmsis_gcc.h ****   #define __INLINE                               inline
  45:Drivers/CMSIS/Include/cmsis_gcc.h **** #endif
  46:Drivers/CMSIS/Include/cmsis_gcc.h **** #ifndef   __STATIC_INLINE
  47:Drivers/CMSIS/Include/cmsis_gcc.h ****   #define __STATIC_INLINE                        static inline
  48:Drivers/CMSIS/Include/cmsis_gcc.h **** #endif
  49:Drivers/CMSIS/Include/cmsis_gcc.h **** #ifndef   __STATIC_FORCEINLINE                 
  50:Drivers/CMSIS/Include/cmsis_gcc.h ****   #define __STATIC_FORCEINLINE                   __attribute__((always_inline)) static inline
  51:Drivers/CMSIS/Include/cmsis_gcc.h **** #endif                                           
  52:Drivers/CMSIS/Include/cmsis_gcc.h **** #ifndef   __NO_RETURN
  53:Drivers/CMSIS/Include/cmsis_gcc.h ****   #define __NO_RETURN                            __attribute__((__noreturn__))
  54:Drivers/CMSIS/Include/cmsis_gcc.h **** #endif
  55:Drivers/CMSIS/Include/cmsis_gcc.h **** #ifndef   __USED
  56:Drivers/CMSIS/Include/cmsis_gcc.h ****   #define __USED                                 __attribute__((used))
  57:Drivers/CMSIS/Include/cmsis_gcc.h **** #endif
  58:Drivers/CMSIS/Include/cmsis_gcc.h **** #ifndef   __WEAK
  59:Drivers/CMSIS/Include/cmsis_gcc.h ****   #define __WEAK                                 __attribute__((weak))
  60:Drivers/CMSIS/Include/cmsis_gcc.h **** #endif
  61:Drivers/CMSIS/Include/cmsis_gcc.h **** #ifndef   __PACKED
  62:Drivers/CMSIS/Include/cmsis_gcc.h ****   #define __PACKED                               __attribute__((packed, aligned(1)))
  63:Drivers/CMSIS/Include/cmsis_gcc.h **** #endif
  64:Drivers/CMSIS/Include/cmsis_gcc.h **** #ifndef   __PACKED_STRUCT
  65:Drivers/CMSIS/Include/cmsis_gcc.h ****   #define __PACKED_STRUCT                        struct __attribute__((packed, aligned(1)))
  66:Drivers/CMSIS/Include/cmsis_gcc.h **** #endif
  67:Drivers/CMSIS/Include/cmsis_gcc.h **** #ifndef   __PACKED_UNION
  68:Drivers/CMSIS/Include/cmsis_gcc.h ****   #define __PACKED_UNION                         union __attribute__((packed, aligned(1)))
  69:Drivers/CMSIS/Include/cmsis_gcc.h **** #endif
  70:Drivers/CMSIS/Include/cmsis_gcc.h **** #ifndef   __UNALIGNED_UINT32        /* deprecated */
  71:Drivers/CMSIS/Include/cmsis_gcc.h ****   #pragma GCC diagnostic push
  72:Drivers/CMSIS/Include/cmsis_gcc.h ****   #pragma GCC diagnostic ignored "-Wpacked"
  73:Drivers/CMSIS/Include/cmsis_gcc.h ****   #pragma GCC diagnostic ignored "-Wattributes"
  74:Drivers/CMSIS/Include/cmsis_gcc.h ****   struct __attribute__((packed)) T_UINT32 { uint32_t v; };
  75:Drivers/CMSIS/Include/cmsis_gcc.h ****   #pragma GCC diagnostic pop
  76:Drivers/CMSIS/Include/cmsis_gcc.h ****   #define __UNALIGNED_UINT32(x)                  (((struct T_UINT32 *)(x))->v)
  77:Drivers/CMSIS/Include/cmsis_gcc.h **** #endif
  78:Drivers/CMSIS/Include/cmsis_gcc.h **** #ifndef   __UNALIGNED_UINT16_WRITE
  79:Drivers/CMSIS/Include/cmsis_gcc.h ****   #pragma GCC diagnostic push
  80:Drivers/CMSIS/Include/cmsis_gcc.h ****   #pragma GCC diagnostic ignored "-Wpacked"
ARM GAS  C:\Users\Ali\AppData\Local\Temp\ccWQI1fJ.s 			page 37


  81:Drivers/CMSIS/Include/cmsis_gcc.h ****   #pragma GCC diagnostic ignored "-Wattributes"
  82:Drivers/CMSIS/Include/cmsis_gcc.h ****   __PACKED_STRUCT T_UINT16_WRITE { uint16_t v; };
  83:Drivers/CMSIS/Include/cmsis_gcc.h ****   #pragma GCC diagnostic pop
  84:Drivers/CMSIS/Include/cmsis_gcc.h ****   #define __UNALIGNED_UINT16_WRITE(addr, val)    (void)((((struct T_UINT16_WRITE *)(void *)(addr))-
  85:Drivers/CMSIS/Include/cmsis_gcc.h **** #endif
  86:Drivers/CMSIS/Include/cmsis_gcc.h **** #ifndef   __UNALIGNED_UINT16_READ
  87:Drivers/CMSIS/Include/cmsis_gcc.h ****   #pragma GCC diagnostic push
  88:Drivers/CMSIS/Include/cmsis_gcc.h ****   #pragma GCC diagnostic ignored "-Wpacked"
  89:Drivers/CMSIS/Include/cmsis_gcc.h ****   #pragma GCC diagnostic ignored "-Wattributes"
  90:Drivers/CMSIS/Include/cmsis_gcc.h ****   __PACKED_STRUCT T_UINT16_READ { uint16_t v; };
  91:Drivers/CMSIS/Include/cmsis_gcc.h ****   #pragma GCC diagnostic pop
  92:Drivers/CMSIS/Include/cmsis_gcc.h ****   #define __UNALIGNED_UINT16_READ(addr)          (((const struct T_UINT16_READ *)(const void *)(add
  93:Drivers/CMSIS/Include/cmsis_gcc.h **** #endif
  94:Drivers/CMSIS/Include/cmsis_gcc.h **** #ifndef   __UNALIGNED_UINT32_WRITE
  95:Drivers/CMSIS/Include/cmsis_gcc.h ****   #pragma GCC diagnostic push
  96:Drivers/CMSIS/Include/cmsis_gcc.h ****   #pragma GCC diagnostic ignored "-Wpacked"
  97:Drivers/CMSIS/Include/cmsis_gcc.h ****   #pragma GCC diagnostic ignored "-Wattributes"
  98:Drivers/CMSIS/Include/cmsis_gcc.h ****   __PACKED_STRUCT T_UINT32_WRITE { uint32_t v; };
  99:Drivers/CMSIS/Include/cmsis_gcc.h ****   #pragma GCC diagnostic pop
 100:Drivers/CMSIS/Include/cmsis_gcc.h ****   #define __UNALIGNED_UINT32_WRITE(addr, val)    (void)((((struct T_UINT32_WRITE *)(void *)(addr))-
 101:Drivers/CMSIS/Include/cmsis_gcc.h **** #endif
 102:Drivers/CMSIS/Include/cmsis_gcc.h **** #ifndef   __UNALIGNED_UINT32_READ
 103:Drivers/CMSIS/Include/cmsis_gcc.h ****   #pragma GCC diagnostic push
 104:Drivers/CMSIS/Include/cmsis_gcc.h ****   #pragma GCC diagnostic ignored "-Wpacked"
 105:Drivers/CMSIS/Include/cmsis_gcc.h ****   #pragma GCC diagnostic ignored "-Wattributes"
 106:Drivers/CMSIS/Include/cmsis_gcc.h ****   __PACKED_STRUCT T_UINT32_READ { uint32_t v; };
 107:Drivers/CMSIS/Include/cmsis_gcc.h ****   #pragma GCC diagnostic pop
 108:Drivers/CMSIS/Include/cmsis_gcc.h ****   #define __UNALIGNED_UINT32_READ(addr)          (((const struct T_UINT32_READ *)(const void *)(add
 109:Drivers/CMSIS/Include/cmsis_gcc.h **** #endif
 110:Drivers/CMSIS/Include/cmsis_gcc.h **** #ifndef   __ALIGNED
 111:Drivers/CMSIS/Include/cmsis_gcc.h ****   #define __ALIGNED(x)                           __attribute__((aligned(x)))
 112:Drivers/CMSIS/Include/cmsis_gcc.h **** #endif
 113:Drivers/CMSIS/Include/cmsis_gcc.h **** #ifndef   __RESTRICT
 114:Drivers/CMSIS/Include/cmsis_gcc.h ****   #define __RESTRICT                             __restrict
 115:Drivers/CMSIS/Include/cmsis_gcc.h **** #endif
 116:Drivers/CMSIS/Include/cmsis_gcc.h **** #ifndef   __COMPILER_BARRIER
 117:Drivers/CMSIS/Include/cmsis_gcc.h ****   #define __COMPILER_BARRIER()                   __ASM volatile("":::"memory")
 118:Drivers/CMSIS/Include/cmsis_gcc.h **** #endif
 119:Drivers/CMSIS/Include/cmsis_gcc.h **** 
 120:Drivers/CMSIS/Include/cmsis_gcc.h **** /* #########################  Startup and Lowlevel Init  ######################## */
 121:Drivers/CMSIS/Include/cmsis_gcc.h **** 
 122:Drivers/CMSIS/Include/cmsis_gcc.h **** #ifndef __PROGRAM_START
 123:Drivers/CMSIS/Include/cmsis_gcc.h **** 
 124:Drivers/CMSIS/Include/cmsis_gcc.h **** /**
 125:Drivers/CMSIS/Include/cmsis_gcc.h ****   \brief   Initializes data and bss sections
 126:Drivers/CMSIS/Include/cmsis_gcc.h ****   \details This default implementations initialized all data and additional bss
 127:Drivers/CMSIS/Include/cmsis_gcc.h ****            sections relying on .copy.table and .zero.table specified properly
 128:Drivers/CMSIS/Include/cmsis_gcc.h ****            in the used linker script.
 129:Drivers/CMSIS/Include/cmsis_gcc.h ****   
 130:Drivers/CMSIS/Include/cmsis_gcc.h ****  */
 131:Drivers/CMSIS/Include/cmsis_gcc.h **** __STATIC_FORCEINLINE __NO_RETURN void __cmsis_start(void)
 132:Drivers/CMSIS/Include/cmsis_gcc.h **** {
 133:Drivers/CMSIS/Include/cmsis_gcc.h ****   extern void _start(void) __NO_RETURN;
 134:Drivers/CMSIS/Include/cmsis_gcc.h ****   
 135:Drivers/CMSIS/Include/cmsis_gcc.h ****   typedef struct {
 136:Drivers/CMSIS/Include/cmsis_gcc.h ****     uint32_t const* src;
 137:Drivers/CMSIS/Include/cmsis_gcc.h ****     uint32_t* dest;
ARM GAS  C:\Users\Ali\AppData\Local\Temp\ccWQI1fJ.s 			page 38


 138:Drivers/CMSIS/Include/cmsis_gcc.h ****     uint32_t  wlen;
 139:Drivers/CMSIS/Include/cmsis_gcc.h ****   } __copy_table_t;
 140:Drivers/CMSIS/Include/cmsis_gcc.h ****   
 141:Drivers/CMSIS/Include/cmsis_gcc.h ****   typedef struct {
 142:Drivers/CMSIS/Include/cmsis_gcc.h ****     uint32_t* dest;
 143:Drivers/CMSIS/Include/cmsis_gcc.h ****     uint32_t  wlen;
 144:Drivers/CMSIS/Include/cmsis_gcc.h ****   } __zero_table_t;
 145:Drivers/CMSIS/Include/cmsis_gcc.h ****   
 146:Drivers/CMSIS/Include/cmsis_gcc.h ****   extern const __copy_table_t __copy_table_start__;
 147:Drivers/CMSIS/Include/cmsis_gcc.h ****   extern const __copy_table_t __copy_table_end__;
 148:Drivers/CMSIS/Include/cmsis_gcc.h ****   extern const __zero_table_t __zero_table_start__;
 149:Drivers/CMSIS/Include/cmsis_gcc.h ****   extern const __zero_table_t __zero_table_end__;
 150:Drivers/CMSIS/Include/cmsis_gcc.h **** 
 151:Drivers/CMSIS/Include/cmsis_gcc.h ****   for (__copy_table_t const* pTable = &__copy_table_start__; pTable < &__copy_table_end__; ++pTable
 152:Drivers/CMSIS/Include/cmsis_gcc.h ****     for(uint32_t i=0u; i<pTable->wlen; ++i) {
 153:Drivers/CMSIS/Include/cmsis_gcc.h ****       pTable->dest[i] = pTable->src[i];
 154:Drivers/CMSIS/Include/cmsis_gcc.h ****     }
 155:Drivers/CMSIS/Include/cmsis_gcc.h ****   }
 156:Drivers/CMSIS/Include/cmsis_gcc.h ****  
 157:Drivers/CMSIS/Include/cmsis_gcc.h ****   for (__zero_table_t const* pTable = &__zero_table_start__; pTable < &__zero_table_end__; ++pTable
 158:Drivers/CMSIS/Include/cmsis_gcc.h ****     for(uint32_t i=0u; i<pTable->wlen; ++i) {
 159:Drivers/CMSIS/Include/cmsis_gcc.h ****       pTable->dest[i] = 0u;
 160:Drivers/CMSIS/Include/cmsis_gcc.h ****     }
 161:Drivers/CMSIS/Include/cmsis_gcc.h ****   }
 162:Drivers/CMSIS/Include/cmsis_gcc.h ****  
 163:Drivers/CMSIS/Include/cmsis_gcc.h ****   _start();
 164:Drivers/CMSIS/Include/cmsis_gcc.h **** }
 165:Drivers/CMSIS/Include/cmsis_gcc.h ****   
 166:Drivers/CMSIS/Include/cmsis_gcc.h **** #define __PROGRAM_START           __cmsis_start
 167:Drivers/CMSIS/Include/cmsis_gcc.h **** #endif
 168:Drivers/CMSIS/Include/cmsis_gcc.h **** 
 169:Drivers/CMSIS/Include/cmsis_gcc.h **** #ifndef __INITIAL_SP
 170:Drivers/CMSIS/Include/cmsis_gcc.h **** #define __INITIAL_SP              __StackTop
 171:Drivers/CMSIS/Include/cmsis_gcc.h **** #endif
 172:Drivers/CMSIS/Include/cmsis_gcc.h **** 
 173:Drivers/CMSIS/Include/cmsis_gcc.h **** #ifndef __STACK_LIMIT
 174:Drivers/CMSIS/Include/cmsis_gcc.h **** #define __STACK_LIMIT             __StackLimit
 175:Drivers/CMSIS/Include/cmsis_gcc.h **** #endif
 176:Drivers/CMSIS/Include/cmsis_gcc.h **** 
 177:Drivers/CMSIS/Include/cmsis_gcc.h **** #ifndef __VECTOR_TABLE
 178:Drivers/CMSIS/Include/cmsis_gcc.h **** #define __VECTOR_TABLE            __Vectors
 179:Drivers/CMSIS/Include/cmsis_gcc.h **** #endif
 180:Drivers/CMSIS/Include/cmsis_gcc.h **** 
 181:Drivers/CMSIS/Include/cmsis_gcc.h **** #ifndef __VECTOR_TABLE_ATTRIBUTE
 182:Drivers/CMSIS/Include/cmsis_gcc.h **** #define __VECTOR_TABLE_ATTRIBUTE  __attribute((used, section(".vectors")))
 183:Drivers/CMSIS/Include/cmsis_gcc.h **** #endif
 184:Drivers/CMSIS/Include/cmsis_gcc.h **** 
 185:Drivers/CMSIS/Include/cmsis_gcc.h **** /* ###########################  Core Function Access  ########################### */
 186:Drivers/CMSIS/Include/cmsis_gcc.h **** /** \ingroup  CMSIS_Core_FunctionInterface
 187:Drivers/CMSIS/Include/cmsis_gcc.h ****     \defgroup CMSIS_Core_RegAccFunctions CMSIS Core Register Access Functions
 188:Drivers/CMSIS/Include/cmsis_gcc.h ****   @{
 189:Drivers/CMSIS/Include/cmsis_gcc.h ****  */
 190:Drivers/CMSIS/Include/cmsis_gcc.h **** 
 191:Drivers/CMSIS/Include/cmsis_gcc.h **** /**
 192:Drivers/CMSIS/Include/cmsis_gcc.h ****   \brief   Enable IRQ Interrupts
 193:Drivers/CMSIS/Include/cmsis_gcc.h ****   \details Enables IRQ interrupts by clearing the I-bit in the CPSR.
 194:Drivers/CMSIS/Include/cmsis_gcc.h ****            Can only be executed in Privileged modes.
ARM GAS  C:\Users\Ali\AppData\Local\Temp\ccWQI1fJ.s 			page 39


 195:Drivers/CMSIS/Include/cmsis_gcc.h ****  */
 196:Drivers/CMSIS/Include/cmsis_gcc.h **** __STATIC_FORCEINLINE void __enable_irq(void)
 197:Drivers/CMSIS/Include/cmsis_gcc.h **** {
 198:Drivers/CMSIS/Include/cmsis_gcc.h ****   __ASM volatile ("cpsie i" : : : "memory");
 199:Drivers/CMSIS/Include/cmsis_gcc.h **** }
 200:Drivers/CMSIS/Include/cmsis_gcc.h **** 
 201:Drivers/CMSIS/Include/cmsis_gcc.h **** 
 202:Drivers/CMSIS/Include/cmsis_gcc.h **** /**
 203:Drivers/CMSIS/Include/cmsis_gcc.h ****   \brief   Disable IRQ Interrupts
 204:Drivers/CMSIS/Include/cmsis_gcc.h ****   \details Disables IRQ interrupts by setting the I-bit in the CPSR.
 205:Drivers/CMSIS/Include/cmsis_gcc.h ****            Can only be executed in Privileged modes.
 206:Drivers/CMSIS/Include/cmsis_gcc.h ****  */
 207:Drivers/CMSIS/Include/cmsis_gcc.h **** __STATIC_FORCEINLINE void __disable_irq(void)
 208:Drivers/CMSIS/Include/cmsis_gcc.h **** {
 209:Drivers/CMSIS/Include/cmsis_gcc.h ****   __ASM volatile ("cpsid i" : : : "memory");
 210:Drivers/CMSIS/Include/cmsis_gcc.h **** }
 211:Drivers/CMSIS/Include/cmsis_gcc.h **** 
 212:Drivers/CMSIS/Include/cmsis_gcc.h **** 
 213:Drivers/CMSIS/Include/cmsis_gcc.h **** /**
 214:Drivers/CMSIS/Include/cmsis_gcc.h ****   \brief   Get Control Register
 215:Drivers/CMSIS/Include/cmsis_gcc.h ****   \details Returns the content of the Control Register.
 216:Drivers/CMSIS/Include/cmsis_gcc.h ****   \return               Control Register value
 217:Drivers/CMSIS/Include/cmsis_gcc.h ****  */
 218:Drivers/CMSIS/Include/cmsis_gcc.h **** __STATIC_FORCEINLINE uint32_t __get_CONTROL(void)
 219:Drivers/CMSIS/Include/cmsis_gcc.h **** {
 220:Drivers/CMSIS/Include/cmsis_gcc.h ****   uint32_t result;
 221:Drivers/CMSIS/Include/cmsis_gcc.h **** 
 222:Drivers/CMSIS/Include/cmsis_gcc.h ****   __ASM volatile ("MRS %0, control" : "=r" (result) );
 223:Drivers/CMSIS/Include/cmsis_gcc.h ****   return(result);
 224:Drivers/CMSIS/Include/cmsis_gcc.h **** }
 225:Drivers/CMSIS/Include/cmsis_gcc.h **** 
 226:Drivers/CMSIS/Include/cmsis_gcc.h **** 
 227:Drivers/CMSIS/Include/cmsis_gcc.h **** #if (defined (__ARM_FEATURE_CMSE ) && (__ARM_FEATURE_CMSE == 3))
 228:Drivers/CMSIS/Include/cmsis_gcc.h **** /**
 229:Drivers/CMSIS/Include/cmsis_gcc.h ****   \brief   Get Control Register (non-secure)
 230:Drivers/CMSIS/Include/cmsis_gcc.h ****   \details Returns the content of the non-secure Control Register when in secure mode.
 231:Drivers/CMSIS/Include/cmsis_gcc.h ****   \return               non-secure Control Register value
 232:Drivers/CMSIS/Include/cmsis_gcc.h ****  */
 233:Drivers/CMSIS/Include/cmsis_gcc.h **** __STATIC_FORCEINLINE uint32_t __TZ_get_CONTROL_NS(void)
 234:Drivers/CMSIS/Include/cmsis_gcc.h **** {
 235:Drivers/CMSIS/Include/cmsis_gcc.h ****   uint32_t result;
 236:Drivers/CMSIS/Include/cmsis_gcc.h **** 
 237:Drivers/CMSIS/Include/cmsis_gcc.h ****   __ASM volatile ("MRS %0, control_ns" : "=r" (result) );
 238:Drivers/CMSIS/Include/cmsis_gcc.h ****   return(result);
 239:Drivers/CMSIS/Include/cmsis_gcc.h **** }
 240:Drivers/CMSIS/Include/cmsis_gcc.h **** #endif
 241:Drivers/CMSIS/Include/cmsis_gcc.h **** 
 242:Drivers/CMSIS/Include/cmsis_gcc.h **** 
 243:Drivers/CMSIS/Include/cmsis_gcc.h **** /**
 244:Drivers/CMSIS/Include/cmsis_gcc.h ****   \brief   Set Control Register
 245:Drivers/CMSIS/Include/cmsis_gcc.h ****   \details Writes the given value to the Control Register.
 246:Drivers/CMSIS/Include/cmsis_gcc.h ****   \param [in]    control  Control Register value to set
 247:Drivers/CMSIS/Include/cmsis_gcc.h ****  */
 248:Drivers/CMSIS/Include/cmsis_gcc.h **** __STATIC_FORCEINLINE void __set_CONTROL(uint32_t control)
 249:Drivers/CMSIS/Include/cmsis_gcc.h **** {
 250:Drivers/CMSIS/Include/cmsis_gcc.h ****   __ASM volatile ("MSR control, %0" : : "r" (control) : "memory");
 251:Drivers/CMSIS/Include/cmsis_gcc.h **** }
ARM GAS  C:\Users\Ali\AppData\Local\Temp\ccWQI1fJ.s 			page 40


 252:Drivers/CMSIS/Include/cmsis_gcc.h **** 
 253:Drivers/CMSIS/Include/cmsis_gcc.h **** 
 254:Drivers/CMSIS/Include/cmsis_gcc.h **** #if (defined (__ARM_FEATURE_CMSE ) && (__ARM_FEATURE_CMSE == 3))
 255:Drivers/CMSIS/Include/cmsis_gcc.h **** /**
 256:Drivers/CMSIS/Include/cmsis_gcc.h ****   \brief   Set Control Register (non-secure)
 257:Drivers/CMSIS/Include/cmsis_gcc.h ****   \details Writes the given value to the non-secure Control Register when in secure state.
 258:Drivers/CMSIS/Include/cmsis_gcc.h ****   \param [in]    control  Control Register value to set
 259:Drivers/CMSIS/Include/cmsis_gcc.h ****  */
 260:Drivers/CMSIS/Include/cmsis_gcc.h **** __STATIC_FORCEINLINE void __TZ_set_CONTROL_NS(uint32_t control)
 261:Drivers/CMSIS/Include/cmsis_gcc.h **** {
 262:Drivers/CMSIS/Include/cmsis_gcc.h ****   __ASM volatile ("MSR control_ns, %0" : : "r" (control) : "memory");
 263:Drivers/CMSIS/Include/cmsis_gcc.h **** }
 264:Drivers/CMSIS/Include/cmsis_gcc.h **** #endif
 265:Drivers/CMSIS/Include/cmsis_gcc.h **** 
 266:Drivers/CMSIS/Include/cmsis_gcc.h **** 
 267:Drivers/CMSIS/Include/cmsis_gcc.h **** /**
 268:Drivers/CMSIS/Include/cmsis_gcc.h ****   \brief   Get IPSR Register
 269:Drivers/CMSIS/Include/cmsis_gcc.h ****   \details Returns the content of the IPSR Register.
 270:Drivers/CMSIS/Include/cmsis_gcc.h ****   \return               IPSR Register value
 271:Drivers/CMSIS/Include/cmsis_gcc.h ****  */
 272:Drivers/CMSIS/Include/cmsis_gcc.h **** __STATIC_FORCEINLINE uint32_t __get_IPSR(void)
 273:Drivers/CMSIS/Include/cmsis_gcc.h **** {
 274:Drivers/CMSIS/Include/cmsis_gcc.h ****   uint32_t result;
 275:Drivers/CMSIS/Include/cmsis_gcc.h **** 
 276:Drivers/CMSIS/Include/cmsis_gcc.h ****   __ASM volatile ("MRS %0, ipsr" : "=r" (result) );
 277:Drivers/CMSIS/Include/cmsis_gcc.h ****   return(result);
 278:Drivers/CMSIS/Include/cmsis_gcc.h **** }
 279:Drivers/CMSIS/Include/cmsis_gcc.h **** 
 280:Drivers/CMSIS/Include/cmsis_gcc.h **** 
 281:Drivers/CMSIS/Include/cmsis_gcc.h **** /**
 282:Drivers/CMSIS/Include/cmsis_gcc.h ****   \brief   Get APSR Register
 283:Drivers/CMSIS/Include/cmsis_gcc.h ****   \details Returns the content of the APSR Register.
 284:Drivers/CMSIS/Include/cmsis_gcc.h ****   \return               APSR Register value
 285:Drivers/CMSIS/Include/cmsis_gcc.h ****  */
 286:Drivers/CMSIS/Include/cmsis_gcc.h **** __STATIC_FORCEINLINE uint32_t __get_APSR(void)
 287:Drivers/CMSIS/Include/cmsis_gcc.h **** {
 288:Drivers/CMSIS/Include/cmsis_gcc.h ****   uint32_t result;
 289:Drivers/CMSIS/Include/cmsis_gcc.h **** 
 290:Drivers/CMSIS/Include/cmsis_gcc.h ****   __ASM volatile ("MRS %0, apsr" : "=r" (result) );
 291:Drivers/CMSIS/Include/cmsis_gcc.h ****   return(result);
 292:Drivers/CMSIS/Include/cmsis_gcc.h **** }
 293:Drivers/CMSIS/Include/cmsis_gcc.h **** 
 294:Drivers/CMSIS/Include/cmsis_gcc.h **** 
 295:Drivers/CMSIS/Include/cmsis_gcc.h **** /**
 296:Drivers/CMSIS/Include/cmsis_gcc.h ****   \brief   Get xPSR Register
 297:Drivers/CMSIS/Include/cmsis_gcc.h ****   \details Returns the content of the xPSR Register.
 298:Drivers/CMSIS/Include/cmsis_gcc.h ****   \return               xPSR Register value
 299:Drivers/CMSIS/Include/cmsis_gcc.h ****  */
 300:Drivers/CMSIS/Include/cmsis_gcc.h **** __STATIC_FORCEINLINE uint32_t __get_xPSR(void)
 301:Drivers/CMSIS/Include/cmsis_gcc.h **** {
 302:Drivers/CMSIS/Include/cmsis_gcc.h ****   uint32_t result;
 303:Drivers/CMSIS/Include/cmsis_gcc.h **** 
 304:Drivers/CMSIS/Include/cmsis_gcc.h ****   __ASM volatile ("MRS %0, xpsr" : "=r" (result) );
 305:Drivers/CMSIS/Include/cmsis_gcc.h ****   return(result);
 306:Drivers/CMSIS/Include/cmsis_gcc.h **** }
 307:Drivers/CMSIS/Include/cmsis_gcc.h **** 
 308:Drivers/CMSIS/Include/cmsis_gcc.h **** 
ARM GAS  C:\Users\Ali\AppData\Local\Temp\ccWQI1fJ.s 			page 41


 309:Drivers/CMSIS/Include/cmsis_gcc.h **** /**
 310:Drivers/CMSIS/Include/cmsis_gcc.h ****   \brief   Get Process Stack Pointer
 311:Drivers/CMSIS/Include/cmsis_gcc.h ****   \details Returns the current value of the Process Stack Pointer (PSP).
 312:Drivers/CMSIS/Include/cmsis_gcc.h ****   \return               PSP Register value
 313:Drivers/CMSIS/Include/cmsis_gcc.h ****  */
 314:Drivers/CMSIS/Include/cmsis_gcc.h **** __STATIC_FORCEINLINE uint32_t __get_PSP(void)
 315:Drivers/CMSIS/Include/cmsis_gcc.h **** {
 316:Drivers/CMSIS/Include/cmsis_gcc.h ****   uint32_t result;
 317:Drivers/CMSIS/Include/cmsis_gcc.h **** 
 318:Drivers/CMSIS/Include/cmsis_gcc.h ****   __ASM volatile ("MRS %0, psp"  : "=r" (result) );
 319:Drivers/CMSIS/Include/cmsis_gcc.h ****   return(result);
 320:Drivers/CMSIS/Include/cmsis_gcc.h **** }
 321:Drivers/CMSIS/Include/cmsis_gcc.h **** 
 322:Drivers/CMSIS/Include/cmsis_gcc.h **** 
 323:Drivers/CMSIS/Include/cmsis_gcc.h **** #if (defined (__ARM_FEATURE_CMSE ) && (__ARM_FEATURE_CMSE == 3))
 324:Drivers/CMSIS/Include/cmsis_gcc.h **** /**
 325:Drivers/CMSIS/Include/cmsis_gcc.h ****   \brief   Get Process Stack Pointer (non-secure)
 326:Drivers/CMSIS/Include/cmsis_gcc.h ****   \details Returns the current value of the non-secure Process Stack Pointer (PSP) when in secure s
 327:Drivers/CMSIS/Include/cmsis_gcc.h ****   \return               PSP Register value
 328:Drivers/CMSIS/Include/cmsis_gcc.h ****  */
 329:Drivers/CMSIS/Include/cmsis_gcc.h **** __STATIC_FORCEINLINE uint32_t __TZ_get_PSP_NS(void)
 330:Drivers/CMSIS/Include/cmsis_gcc.h **** {
 331:Drivers/CMSIS/Include/cmsis_gcc.h ****   uint32_t result;
 332:Drivers/CMSIS/Include/cmsis_gcc.h **** 
 333:Drivers/CMSIS/Include/cmsis_gcc.h ****   __ASM volatile ("MRS %0, psp_ns"  : "=r" (result) );
 334:Drivers/CMSIS/Include/cmsis_gcc.h ****   return(result);
 335:Drivers/CMSIS/Include/cmsis_gcc.h **** }
 336:Drivers/CMSIS/Include/cmsis_gcc.h **** #endif
 337:Drivers/CMSIS/Include/cmsis_gcc.h **** 
 338:Drivers/CMSIS/Include/cmsis_gcc.h **** 
 339:Drivers/CMSIS/Include/cmsis_gcc.h **** /**
 340:Drivers/CMSIS/Include/cmsis_gcc.h ****   \brief   Set Process Stack Pointer
 341:Drivers/CMSIS/Include/cmsis_gcc.h ****   \details Assigns the given value to the Process Stack Pointer (PSP).
 342:Drivers/CMSIS/Include/cmsis_gcc.h ****   \param [in]    topOfProcStack  Process Stack Pointer value to set
 343:Drivers/CMSIS/Include/cmsis_gcc.h ****  */
 344:Drivers/CMSIS/Include/cmsis_gcc.h **** __STATIC_FORCEINLINE void __set_PSP(uint32_t topOfProcStack)
 345:Drivers/CMSIS/Include/cmsis_gcc.h **** {
 346:Drivers/CMSIS/Include/cmsis_gcc.h ****   __ASM volatile ("MSR psp, %0" : : "r" (topOfProcStack) : );
 347:Drivers/CMSIS/Include/cmsis_gcc.h **** }
 348:Drivers/CMSIS/Include/cmsis_gcc.h **** 
 349:Drivers/CMSIS/Include/cmsis_gcc.h **** 
 350:Drivers/CMSIS/Include/cmsis_gcc.h **** #if (defined (__ARM_FEATURE_CMSE ) && (__ARM_FEATURE_CMSE == 3))
 351:Drivers/CMSIS/Include/cmsis_gcc.h **** /**
 352:Drivers/CMSIS/Include/cmsis_gcc.h ****   \brief   Set Process Stack Pointer (non-secure)
 353:Drivers/CMSIS/Include/cmsis_gcc.h ****   \details Assigns the given value to the non-secure Process Stack Pointer (PSP) when in secure sta
 354:Drivers/CMSIS/Include/cmsis_gcc.h ****   \param [in]    topOfProcStack  Process Stack Pointer value to set
 355:Drivers/CMSIS/Include/cmsis_gcc.h ****  */
 356:Drivers/CMSIS/Include/cmsis_gcc.h **** __STATIC_FORCEINLINE void __TZ_set_PSP_NS(uint32_t topOfProcStack)
 357:Drivers/CMSIS/Include/cmsis_gcc.h **** {
 358:Drivers/CMSIS/Include/cmsis_gcc.h ****   __ASM volatile ("MSR psp_ns, %0" : : "r" (topOfProcStack) : );
 359:Drivers/CMSIS/Include/cmsis_gcc.h **** }
 360:Drivers/CMSIS/Include/cmsis_gcc.h **** #endif
 361:Drivers/CMSIS/Include/cmsis_gcc.h **** 
 362:Drivers/CMSIS/Include/cmsis_gcc.h **** 
 363:Drivers/CMSIS/Include/cmsis_gcc.h **** /**
 364:Drivers/CMSIS/Include/cmsis_gcc.h ****   \brief   Get Main Stack Pointer
 365:Drivers/CMSIS/Include/cmsis_gcc.h ****   \details Returns the current value of the Main Stack Pointer (MSP).
ARM GAS  C:\Users\Ali\AppData\Local\Temp\ccWQI1fJ.s 			page 42


 366:Drivers/CMSIS/Include/cmsis_gcc.h ****   \return               MSP Register value
 367:Drivers/CMSIS/Include/cmsis_gcc.h ****  */
 368:Drivers/CMSIS/Include/cmsis_gcc.h **** __STATIC_FORCEINLINE uint32_t __get_MSP(void)
 369:Drivers/CMSIS/Include/cmsis_gcc.h **** {
 370:Drivers/CMSIS/Include/cmsis_gcc.h ****   uint32_t result;
 371:Drivers/CMSIS/Include/cmsis_gcc.h **** 
 372:Drivers/CMSIS/Include/cmsis_gcc.h ****   __ASM volatile ("MRS %0, msp" : "=r" (result) );
 373:Drivers/CMSIS/Include/cmsis_gcc.h ****   return(result);
 374:Drivers/CMSIS/Include/cmsis_gcc.h **** }
 375:Drivers/CMSIS/Include/cmsis_gcc.h **** 
 376:Drivers/CMSIS/Include/cmsis_gcc.h **** 
 377:Drivers/CMSIS/Include/cmsis_gcc.h **** #if (defined (__ARM_FEATURE_CMSE ) && (__ARM_FEATURE_CMSE == 3))
 378:Drivers/CMSIS/Include/cmsis_gcc.h **** /**
 379:Drivers/CMSIS/Include/cmsis_gcc.h ****   \brief   Get Main Stack Pointer (non-secure)
 380:Drivers/CMSIS/Include/cmsis_gcc.h ****   \details Returns the current value of the non-secure Main Stack Pointer (MSP) when in secure stat
 381:Drivers/CMSIS/Include/cmsis_gcc.h ****   \return               MSP Register value
 382:Drivers/CMSIS/Include/cmsis_gcc.h ****  */
 383:Drivers/CMSIS/Include/cmsis_gcc.h **** __STATIC_FORCEINLINE uint32_t __TZ_get_MSP_NS(void)
 384:Drivers/CMSIS/Include/cmsis_gcc.h **** {
 385:Drivers/CMSIS/Include/cmsis_gcc.h ****   uint32_t result;
 386:Drivers/CMSIS/Include/cmsis_gcc.h **** 
 387:Drivers/CMSIS/Include/cmsis_gcc.h ****   __ASM volatile ("MRS %0, msp_ns" : "=r" (result) );
 388:Drivers/CMSIS/Include/cmsis_gcc.h ****   return(result);
 389:Drivers/CMSIS/Include/cmsis_gcc.h **** }
 390:Drivers/CMSIS/Include/cmsis_gcc.h **** #endif
 391:Drivers/CMSIS/Include/cmsis_gcc.h **** 
 392:Drivers/CMSIS/Include/cmsis_gcc.h **** 
 393:Drivers/CMSIS/Include/cmsis_gcc.h **** /**
 394:Drivers/CMSIS/Include/cmsis_gcc.h ****   \brief   Set Main Stack Pointer
 395:Drivers/CMSIS/Include/cmsis_gcc.h ****   \details Assigns the given value to the Main Stack Pointer (MSP).
 396:Drivers/CMSIS/Include/cmsis_gcc.h ****   \param [in]    topOfMainStack  Main Stack Pointer value to set
 397:Drivers/CMSIS/Include/cmsis_gcc.h ****  */
 398:Drivers/CMSIS/Include/cmsis_gcc.h **** __STATIC_FORCEINLINE void __set_MSP(uint32_t topOfMainStack)
 399:Drivers/CMSIS/Include/cmsis_gcc.h **** {
 400:Drivers/CMSIS/Include/cmsis_gcc.h ****   __ASM volatile ("MSR msp, %0" : : "r" (topOfMainStack) : );
 401:Drivers/CMSIS/Include/cmsis_gcc.h **** }
 402:Drivers/CMSIS/Include/cmsis_gcc.h **** 
 403:Drivers/CMSIS/Include/cmsis_gcc.h **** 
 404:Drivers/CMSIS/Include/cmsis_gcc.h **** #if (defined (__ARM_FEATURE_CMSE ) && (__ARM_FEATURE_CMSE == 3))
 405:Drivers/CMSIS/Include/cmsis_gcc.h **** /**
 406:Drivers/CMSIS/Include/cmsis_gcc.h ****   \brief   Set Main Stack Pointer (non-secure)
 407:Drivers/CMSIS/Include/cmsis_gcc.h ****   \details Assigns the given value to the non-secure Main Stack Pointer (MSP) when in secure state.
 408:Drivers/CMSIS/Include/cmsis_gcc.h ****   \param [in]    topOfMainStack  Main Stack Pointer value to set
 409:Drivers/CMSIS/Include/cmsis_gcc.h ****  */
 410:Drivers/CMSIS/Include/cmsis_gcc.h **** __STATIC_FORCEINLINE void __TZ_set_MSP_NS(uint32_t topOfMainStack)
 411:Drivers/CMSIS/Include/cmsis_gcc.h **** {
 412:Drivers/CMSIS/Include/cmsis_gcc.h ****   __ASM volatile ("MSR msp_ns, %0" : : "r" (topOfMainStack) : );
 413:Drivers/CMSIS/Include/cmsis_gcc.h **** }
 414:Drivers/CMSIS/Include/cmsis_gcc.h **** #endif
 415:Drivers/CMSIS/Include/cmsis_gcc.h **** 
 416:Drivers/CMSIS/Include/cmsis_gcc.h **** 
 417:Drivers/CMSIS/Include/cmsis_gcc.h **** #if (defined (__ARM_FEATURE_CMSE ) && (__ARM_FEATURE_CMSE == 3))
 418:Drivers/CMSIS/Include/cmsis_gcc.h **** /**
 419:Drivers/CMSIS/Include/cmsis_gcc.h ****   \brief   Get Stack Pointer (non-secure)
 420:Drivers/CMSIS/Include/cmsis_gcc.h ****   \details Returns the current value of the non-secure Stack Pointer (SP) when in secure state.
 421:Drivers/CMSIS/Include/cmsis_gcc.h ****   \return               SP Register value
 422:Drivers/CMSIS/Include/cmsis_gcc.h ****  */
ARM GAS  C:\Users\Ali\AppData\Local\Temp\ccWQI1fJ.s 			page 43


 423:Drivers/CMSIS/Include/cmsis_gcc.h **** __STATIC_FORCEINLINE uint32_t __TZ_get_SP_NS(void)
 424:Drivers/CMSIS/Include/cmsis_gcc.h **** {
 425:Drivers/CMSIS/Include/cmsis_gcc.h ****   uint32_t result;
 426:Drivers/CMSIS/Include/cmsis_gcc.h **** 
 427:Drivers/CMSIS/Include/cmsis_gcc.h ****   __ASM volatile ("MRS %0, sp_ns" : "=r" (result) );
 428:Drivers/CMSIS/Include/cmsis_gcc.h ****   return(result);
 429:Drivers/CMSIS/Include/cmsis_gcc.h **** }
 430:Drivers/CMSIS/Include/cmsis_gcc.h **** 
 431:Drivers/CMSIS/Include/cmsis_gcc.h **** 
 432:Drivers/CMSIS/Include/cmsis_gcc.h **** /**
 433:Drivers/CMSIS/Include/cmsis_gcc.h ****   \brief   Set Stack Pointer (non-secure)
 434:Drivers/CMSIS/Include/cmsis_gcc.h ****   \details Assigns the given value to the non-secure Stack Pointer (SP) when in secure state.
 435:Drivers/CMSIS/Include/cmsis_gcc.h ****   \param [in]    topOfStack  Stack Pointer value to set
 436:Drivers/CMSIS/Include/cmsis_gcc.h ****  */
 437:Drivers/CMSIS/Include/cmsis_gcc.h **** __STATIC_FORCEINLINE void __TZ_set_SP_NS(uint32_t topOfStack)
 438:Drivers/CMSIS/Include/cmsis_gcc.h **** {
 439:Drivers/CMSIS/Include/cmsis_gcc.h ****   __ASM volatile ("MSR sp_ns, %0" : : "r" (topOfStack) : );
 440:Drivers/CMSIS/Include/cmsis_gcc.h **** }
 441:Drivers/CMSIS/Include/cmsis_gcc.h **** #endif
 442:Drivers/CMSIS/Include/cmsis_gcc.h **** 
 443:Drivers/CMSIS/Include/cmsis_gcc.h **** 
 444:Drivers/CMSIS/Include/cmsis_gcc.h **** /**
 445:Drivers/CMSIS/Include/cmsis_gcc.h ****   \brief   Get Priority Mask
 446:Drivers/CMSIS/Include/cmsis_gcc.h ****   \details Returns the current state of the priority mask bit from the Priority Mask Register.
 447:Drivers/CMSIS/Include/cmsis_gcc.h ****   \return               Priority Mask value
 448:Drivers/CMSIS/Include/cmsis_gcc.h ****  */
 449:Drivers/CMSIS/Include/cmsis_gcc.h **** __STATIC_FORCEINLINE uint32_t __get_PRIMASK(void)
 450:Drivers/CMSIS/Include/cmsis_gcc.h **** {
 451:Drivers/CMSIS/Include/cmsis_gcc.h ****   uint32_t result;
 452:Drivers/CMSIS/Include/cmsis_gcc.h **** 
 453:Drivers/CMSIS/Include/cmsis_gcc.h ****   __ASM volatile ("MRS %0, primask" : "=r" (result) :: "memory");
 454:Drivers/CMSIS/Include/cmsis_gcc.h ****   return(result);
 455:Drivers/CMSIS/Include/cmsis_gcc.h **** }
 456:Drivers/CMSIS/Include/cmsis_gcc.h **** 
 457:Drivers/CMSIS/Include/cmsis_gcc.h **** 
 458:Drivers/CMSIS/Include/cmsis_gcc.h **** #if (defined (__ARM_FEATURE_CMSE ) && (__ARM_FEATURE_CMSE == 3))
 459:Drivers/CMSIS/Include/cmsis_gcc.h **** /**
 460:Drivers/CMSIS/Include/cmsis_gcc.h ****   \brief   Get Priority Mask (non-secure)
 461:Drivers/CMSIS/Include/cmsis_gcc.h ****   \details Returns the current state of the non-secure priority mask bit from the Priority Mask Reg
 462:Drivers/CMSIS/Include/cmsis_gcc.h ****   \return               Priority Mask value
 463:Drivers/CMSIS/Include/cmsis_gcc.h ****  */
 464:Drivers/CMSIS/Include/cmsis_gcc.h **** __STATIC_FORCEINLINE uint32_t __TZ_get_PRIMASK_NS(void)
 465:Drivers/CMSIS/Include/cmsis_gcc.h **** {
 466:Drivers/CMSIS/Include/cmsis_gcc.h ****   uint32_t result;
 467:Drivers/CMSIS/Include/cmsis_gcc.h **** 
 468:Drivers/CMSIS/Include/cmsis_gcc.h ****   __ASM volatile ("MRS %0, primask_ns" : "=r" (result) :: "memory");
 469:Drivers/CMSIS/Include/cmsis_gcc.h ****   return(result);
 470:Drivers/CMSIS/Include/cmsis_gcc.h **** }
 471:Drivers/CMSIS/Include/cmsis_gcc.h **** #endif
 472:Drivers/CMSIS/Include/cmsis_gcc.h **** 
 473:Drivers/CMSIS/Include/cmsis_gcc.h **** 
 474:Drivers/CMSIS/Include/cmsis_gcc.h **** /**
 475:Drivers/CMSIS/Include/cmsis_gcc.h ****   \brief   Set Priority Mask
 476:Drivers/CMSIS/Include/cmsis_gcc.h ****   \details Assigns the given value to the Priority Mask Register.
 477:Drivers/CMSIS/Include/cmsis_gcc.h ****   \param [in]    priMask  Priority Mask
 478:Drivers/CMSIS/Include/cmsis_gcc.h ****  */
 479:Drivers/CMSIS/Include/cmsis_gcc.h **** __STATIC_FORCEINLINE void __set_PRIMASK(uint32_t priMask)
ARM GAS  C:\Users\Ali\AppData\Local\Temp\ccWQI1fJ.s 			page 44


 480:Drivers/CMSIS/Include/cmsis_gcc.h **** {
 481:Drivers/CMSIS/Include/cmsis_gcc.h ****   __ASM volatile ("MSR primask, %0" : : "r" (priMask) : "memory");
 482:Drivers/CMSIS/Include/cmsis_gcc.h **** }
 483:Drivers/CMSIS/Include/cmsis_gcc.h **** 
 484:Drivers/CMSIS/Include/cmsis_gcc.h **** 
 485:Drivers/CMSIS/Include/cmsis_gcc.h **** #if (defined (__ARM_FEATURE_CMSE ) && (__ARM_FEATURE_CMSE == 3))
 486:Drivers/CMSIS/Include/cmsis_gcc.h **** /**
 487:Drivers/CMSIS/Include/cmsis_gcc.h ****   \brief   Set Priority Mask (non-secure)
 488:Drivers/CMSIS/Include/cmsis_gcc.h ****   \details Assigns the given value to the non-secure Priority Mask Register when in secure state.
 489:Drivers/CMSIS/Include/cmsis_gcc.h ****   \param [in]    priMask  Priority Mask
 490:Drivers/CMSIS/Include/cmsis_gcc.h ****  */
 491:Drivers/CMSIS/Include/cmsis_gcc.h **** __STATIC_FORCEINLINE void __TZ_set_PRIMASK_NS(uint32_t priMask)
 492:Drivers/CMSIS/Include/cmsis_gcc.h **** {
 493:Drivers/CMSIS/Include/cmsis_gcc.h ****   __ASM volatile ("MSR primask_ns, %0" : : "r" (priMask) : "memory");
 494:Drivers/CMSIS/Include/cmsis_gcc.h **** }
 495:Drivers/CMSIS/Include/cmsis_gcc.h **** #endif
 496:Drivers/CMSIS/Include/cmsis_gcc.h **** 
 497:Drivers/CMSIS/Include/cmsis_gcc.h **** 
 498:Drivers/CMSIS/Include/cmsis_gcc.h **** #if ((defined (__ARM_ARCH_7M__      ) && (__ARM_ARCH_7M__      == 1)) || \
 499:Drivers/CMSIS/Include/cmsis_gcc.h ****      (defined (__ARM_ARCH_7EM__     ) && (__ARM_ARCH_7EM__     == 1)) || \
 500:Drivers/CMSIS/Include/cmsis_gcc.h ****      (defined (__ARM_ARCH_8M_MAIN__ ) && (__ARM_ARCH_8M_MAIN__ == 1))    )
 501:Drivers/CMSIS/Include/cmsis_gcc.h **** /**
 502:Drivers/CMSIS/Include/cmsis_gcc.h ****   \brief   Enable FIQ
 503:Drivers/CMSIS/Include/cmsis_gcc.h ****   \details Enables FIQ interrupts by clearing the F-bit in the CPSR.
 504:Drivers/CMSIS/Include/cmsis_gcc.h ****            Can only be executed in Privileged modes.
 505:Drivers/CMSIS/Include/cmsis_gcc.h ****  */
 506:Drivers/CMSIS/Include/cmsis_gcc.h **** __STATIC_FORCEINLINE void __enable_fault_irq(void)
 507:Drivers/CMSIS/Include/cmsis_gcc.h **** {
 508:Drivers/CMSIS/Include/cmsis_gcc.h ****   __ASM volatile ("cpsie f" : : : "memory");
 509:Drivers/CMSIS/Include/cmsis_gcc.h **** }
 510:Drivers/CMSIS/Include/cmsis_gcc.h **** 
 511:Drivers/CMSIS/Include/cmsis_gcc.h **** 
 512:Drivers/CMSIS/Include/cmsis_gcc.h **** /**
 513:Drivers/CMSIS/Include/cmsis_gcc.h ****   \brief   Disable FIQ
 514:Drivers/CMSIS/Include/cmsis_gcc.h ****   \details Disables FIQ interrupts by setting the F-bit in the CPSR.
 515:Drivers/CMSIS/Include/cmsis_gcc.h ****            Can only be executed in Privileged modes.
 516:Drivers/CMSIS/Include/cmsis_gcc.h ****  */
 517:Drivers/CMSIS/Include/cmsis_gcc.h **** __STATIC_FORCEINLINE void __disable_fault_irq(void)
 518:Drivers/CMSIS/Include/cmsis_gcc.h **** {
 519:Drivers/CMSIS/Include/cmsis_gcc.h ****   __ASM volatile ("cpsid f" : : : "memory");
 520:Drivers/CMSIS/Include/cmsis_gcc.h **** }
 521:Drivers/CMSIS/Include/cmsis_gcc.h **** 
 522:Drivers/CMSIS/Include/cmsis_gcc.h **** 
 523:Drivers/CMSIS/Include/cmsis_gcc.h **** /**
 524:Drivers/CMSIS/Include/cmsis_gcc.h ****   \brief   Get Base Priority
 525:Drivers/CMSIS/Include/cmsis_gcc.h ****   \details Returns the current value of the Base Priority register.
 526:Drivers/CMSIS/Include/cmsis_gcc.h ****   \return               Base Priority register value
 527:Drivers/CMSIS/Include/cmsis_gcc.h ****  */
 528:Drivers/CMSIS/Include/cmsis_gcc.h **** __STATIC_FORCEINLINE uint32_t __get_BASEPRI(void)
 529:Drivers/CMSIS/Include/cmsis_gcc.h **** {
 530:Drivers/CMSIS/Include/cmsis_gcc.h ****   uint32_t result;
 531:Drivers/CMSIS/Include/cmsis_gcc.h **** 
 532:Drivers/CMSIS/Include/cmsis_gcc.h ****   __ASM volatile ("MRS %0, basepri" : "=r" (result) );
 533:Drivers/CMSIS/Include/cmsis_gcc.h ****   return(result);
 534:Drivers/CMSIS/Include/cmsis_gcc.h **** }
 535:Drivers/CMSIS/Include/cmsis_gcc.h **** 
 536:Drivers/CMSIS/Include/cmsis_gcc.h **** 
ARM GAS  C:\Users\Ali\AppData\Local\Temp\ccWQI1fJ.s 			page 45


 537:Drivers/CMSIS/Include/cmsis_gcc.h **** #if (defined (__ARM_FEATURE_CMSE ) && (__ARM_FEATURE_CMSE == 3))
 538:Drivers/CMSIS/Include/cmsis_gcc.h **** /**
 539:Drivers/CMSIS/Include/cmsis_gcc.h ****   \brief   Get Base Priority (non-secure)
 540:Drivers/CMSIS/Include/cmsis_gcc.h ****   \details Returns the current value of the non-secure Base Priority register when in secure state.
 541:Drivers/CMSIS/Include/cmsis_gcc.h ****   \return               Base Priority register value
 542:Drivers/CMSIS/Include/cmsis_gcc.h ****  */
 543:Drivers/CMSIS/Include/cmsis_gcc.h **** __STATIC_FORCEINLINE uint32_t __TZ_get_BASEPRI_NS(void)
 544:Drivers/CMSIS/Include/cmsis_gcc.h **** {
 545:Drivers/CMSIS/Include/cmsis_gcc.h ****   uint32_t result;
 546:Drivers/CMSIS/Include/cmsis_gcc.h **** 
 547:Drivers/CMSIS/Include/cmsis_gcc.h ****   __ASM volatile ("MRS %0, basepri_ns" : "=r" (result) );
 548:Drivers/CMSIS/Include/cmsis_gcc.h ****   return(result);
 549:Drivers/CMSIS/Include/cmsis_gcc.h **** }
 550:Drivers/CMSIS/Include/cmsis_gcc.h **** #endif
 551:Drivers/CMSIS/Include/cmsis_gcc.h **** 
 552:Drivers/CMSIS/Include/cmsis_gcc.h **** 
 553:Drivers/CMSIS/Include/cmsis_gcc.h **** /**
 554:Drivers/CMSIS/Include/cmsis_gcc.h ****   \brief   Set Base Priority
 555:Drivers/CMSIS/Include/cmsis_gcc.h ****   \details Assigns the given value to the Base Priority register.
 556:Drivers/CMSIS/Include/cmsis_gcc.h ****   \param [in]    basePri  Base Priority value to set
 557:Drivers/CMSIS/Include/cmsis_gcc.h ****  */
 558:Drivers/CMSIS/Include/cmsis_gcc.h **** __STATIC_FORCEINLINE void __set_BASEPRI(uint32_t basePri)
 559:Drivers/CMSIS/Include/cmsis_gcc.h **** {
 560:Drivers/CMSIS/Include/cmsis_gcc.h ****   __ASM volatile ("MSR basepri, %0" : : "r" (basePri) : "memory");
 561:Drivers/CMSIS/Include/cmsis_gcc.h **** }
 562:Drivers/CMSIS/Include/cmsis_gcc.h **** 
 563:Drivers/CMSIS/Include/cmsis_gcc.h **** 
 564:Drivers/CMSIS/Include/cmsis_gcc.h **** #if (defined (__ARM_FEATURE_CMSE ) && (__ARM_FEATURE_CMSE == 3))
 565:Drivers/CMSIS/Include/cmsis_gcc.h **** /**
 566:Drivers/CMSIS/Include/cmsis_gcc.h ****   \brief   Set Base Priority (non-secure)
 567:Drivers/CMSIS/Include/cmsis_gcc.h ****   \details Assigns the given value to the non-secure Base Priority register when in secure state.
 568:Drivers/CMSIS/Include/cmsis_gcc.h ****   \param [in]    basePri  Base Priority value to set
 569:Drivers/CMSIS/Include/cmsis_gcc.h ****  */
 570:Drivers/CMSIS/Include/cmsis_gcc.h **** __STATIC_FORCEINLINE void __TZ_set_BASEPRI_NS(uint32_t basePri)
 571:Drivers/CMSIS/Include/cmsis_gcc.h **** {
 572:Drivers/CMSIS/Include/cmsis_gcc.h ****   __ASM volatile ("MSR basepri_ns, %0" : : "r" (basePri) : "memory");
 573:Drivers/CMSIS/Include/cmsis_gcc.h **** }
 574:Drivers/CMSIS/Include/cmsis_gcc.h **** #endif
 575:Drivers/CMSIS/Include/cmsis_gcc.h **** 
 576:Drivers/CMSIS/Include/cmsis_gcc.h **** 
 577:Drivers/CMSIS/Include/cmsis_gcc.h **** /**
 578:Drivers/CMSIS/Include/cmsis_gcc.h ****   \brief   Set Base Priority with condition
 579:Drivers/CMSIS/Include/cmsis_gcc.h ****   \details Assigns the given value to the Base Priority register only if BASEPRI masking is disable
 580:Drivers/CMSIS/Include/cmsis_gcc.h ****            or the new value increases the BASEPRI priority level.
 581:Drivers/CMSIS/Include/cmsis_gcc.h ****   \param [in]    basePri  Base Priority value to set
 582:Drivers/CMSIS/Include/cmsis_gcc.h ****  */
 583:Drivers/CMSIS/Include/cmsis_gcc.h **** __STATIC_FORCEINLINE void __set_BASEPRI_MAX(uint32_t basePri)
 584:Drivers/CMSIS/Include/cmsis_gcc.h **** {
 585:Drivers/CMSIS/Include/cmsis_gcc.h ****   __ASM volatile ("MSR basepri_max, %0" : : "r" (basePri) : "memory");
 586:Drivers/CMSIS/Include/cmsis_gcc.h **** }
 587:Drivers/CMSIS/Include/cmsis_gcc.h **** 
 588:Drivers/CMSIS/Include/cmsis_gcc.h **** 
 589:Drivers/CMSIS/Include/cmsis_gcc.h **** /**
 590:Drivers/CMSIS/Include/cmsis_gcc.h ****   \brief   Get Fault Mask
 591:Drivers/CMSIS/Include/cmsis_gcc.h ****   \details Returns the current value of the Fault Mask register.
 592:Drivers/CMSIS/Include/cmsis_gcc.h ****   \return               Fault Mask register value
 593:Drivers/CMSIS/Include/cmsis_gcc.h ****  */
ARM GAS  C:\Users\Ali\AppData\Local\Temp\ccWQI1fJ.s 			page 46


 594:Drivers/CMSIS/Include/cmsis_gcc.h **** __STATIC_FORCEINLINE uint32_t __get_FAULTMASK(void)
 595:Drivers/CMSIS/Include/cmsis_gcc.h **** {
 596:Drivers/CMSIS/Include/cmsis_gcc.h ****   uint32_t result;
 597:Drivers/CMSIS/Include/cmsis_gcc.h **** 
 598:Drivers/CMSIS/Include/cmsis_gcc.h ****   __ASM volatile ("MRS %0, faultmask" : "=r" (result) );
 599:Drivers/CMSIS/Include/cmsis_gcc.h ****   return(result);
 600:Drivers/CMSIS/Include/cmsis_gcc.h **** }
 601:Drivers/CMSIS/Include/cmsis_gcc.h **** 
 602:Drivers/CMSIS/Include/cmsis_gcc.h **** 
 603:Drivers/CMSIS/Include/cmsis_gcc.h **** #if (defined (__ARM_FEATURE_CMSE ) && (__ARM_FEATURE_CMSE == 3))
 604:Drivers/CMSIS/Include/cmsis_gcc.h **** /**
 605:Drivers/CMSIS/Include/cmsis_gcc.h ****   \brief   Get Fault Mask (non-secure)
 606:Drivers/CMSIS/Include/cmsis_gcc.h ****   \details Returns the current value of the non-secure Fault Mask register when in secure state.
 607:Drivers/CMSIS/Include/cmsis_gcc.h ****   \return               Fault Mask register value
 608:Drivers/CMSIS/Include/cmsis_gcc.h ****  */
 609:Drivers/CMSIS/Include/cmsis_gcc.h **** __STATIC_FORCEINLINE uint32_t __TZ_get_FAULTMASK_NS(void)
 610:Drivers/CMSIS/Include/cmsis_gcc.h **** {
 611:Drivers/CMSIS/Include/cmsis_gcc.h ****   uint32_t result;
 612:Drivers/CMSIS/Include/cmsis_gcc.h **** 
 613:Drivers/CMSIS/Include/cmsis_gcc.h ****   __ASM volatile ("MRS %0, faultmask_ns" : "=r" (result) );
 614:Drivers/CMSIS/Include/cmsis_gcc.h ****   return(result);
 615:Drivers/CMSIS/Include/cmsis_gcc.h **** }
 616:Drivers/CMSIS/Include/cmsis_gcc.h **** #endif
 617:Drivers/CMSIS/Include/cmsis_gcc.h **** 
 618:Drivers/CMSIS/Include/cmsis_gcc.h **** 
 619:Drivers/CMSIS/Include/cmsis_gcc.h **** /**
 620:Drivers/CMSIS/Include/cmsis_gcc.h ****   \brief   Set Fault Mask
 621:Drivers/CMSIS/Include/cmsis_gcc.h ****   \details Assigns the given value to the Fault Mask register.
 622:Drivers/CMSIS/Include/cmsis_gcc.h ****   \param [in]    faultMask  Fault Mask value to set
 623:Drivers/CMSIS/Include/cmsis_gcc.h ****  */
 624:Drivers/CMSIS/Include/cmsis_gcc.h **** __STATIC_FORCEINLINE void __set_FAULTMASK(uint32_t faultMask)
 625:Drivers/CMSIS/Include/cmsis_gcc.h **** {
 626:Drivers/CMSIS/Include/cmsis_gcc.h ****   __ASM volatile ("MSR faultmask, %0" : : "r" (faultMask) : "memory");
 627:Drivers/CMSIS/Include/cmsis_gcc.h **** }
 628:Drivers/CMSIS/Include/cmsis_gcc.h **** 
 629:Drivers/CMSIS/Include/cmsis_gcc.h **** 
 630:Drivers/CMSIS/Include/cmsis_gcc.h **** #if (defined (__ARM_FEATURE_CMSE ) && (__ARM_FEATURE_CMSE == 3))
 631:Drivers/CMSIS/Include/cmsis_gcc.h **** /**
 632:Drivers/CMSIS/Include/cmsis_gcc.h ****   \brief   Set Fault Mask (non-secure)
 633:Drivers/CMSIS/Include/cmsis_gcc.h ****   \details Assigns the given value to the non-secure Fault Mask register when in secure state.
 634:Drivers/CMSIS/Include/cmsis_gcc.h ****   \param [in]    faultMask  Fault Mask value to set
 635:Drivers/CMSIS/Include/cmsis_gcc.h ****  */
 636:Drivers/CMSIS/Include/cmsis_gcc.h **** __STATIC_FORCEINLINE void __TZ_set_FAULTMASK_NS(uint32_t faultMask)
 637:Drivers/CMSIS/Include/cmsis_gcc.h **** {
 638:Drivers/CMSIS/Include/cmsis_gcc.h ****   __ASM volatile ("MSR faultmask_ns, %0" : : "r" (faultMask) : "memory");
 639:Drivers/CMSIS/Include/cmsis_gcc.h **** }
 640:Drivers/CMSIS/Include/cmsis_gcc.h **** #endif
 641:Drivers/CMSIS/Include/cmsis_gcc.h **** 
 642:Drivers/CMSIS/Include/cmsis_gcc.h **** #endif /* ((defined (__ARM_ARCH_7M__      ) && (__ARM_ARCH_7M__      == 1)) || \
 643:Drivers/CMSIS/Include/cmsis_gcc.h ****            (defined (__ARM_ARCH_7EM__     ) && (__ARM_ARCH_7EM__     == 1)) || \
 644:Drivers/CMSIS/Include/cmsis_gcc.h ****            (defined (__ARM_ARCH_8M_MAIN__ ) && (__ARM_ARCH_8M_MAIN__ == 1))    ) */
 645:Drivers/CMSIS/Include/cmsis_gcc.h **** 
 646:Drivers/CMSIS/Include/cmsis_gcc.h **** 
 647:Drivers/CMSIS/Include/cmsis_gcc.h **** #if ((defined (__ARM_ARCH_8M_MAIN__ ) && (__ARM_ARCH_8M_MAIN__ == 1)) || \
 648:Drivers/CMSIS/Include/cmsis_gcc.h ****      (defined (__ARM_ARCH_8M_BASE__ ) && (__ARM_ARCH_8M_BASE__ == 1))    )
 649:Drivers/CMSIS/Include/cmsis_gcc.h **** 
 650:Drivers/CMSIS/Include/cmsis_gcc.h **** /**
ARM GAS  C:\Users\Ali\AppData\Local\Temp\ccWQI1fJ.s 			page 47


 651:Drivers/CMSIS/Include/cmsis_gcc.h ****   \brief   Get Process Stack Pointer Limit
 652:Drivers/CMSIS/Include/cmsis_gcc.h ****   Devices without ARMv8-M Main Extensions (i.e. Cortex-M23) lack the non-secure
 653:Drivers/CMSIS/Include/cmsis_gcc.h ****   Stack Pointer Limit register hence zero is returned always in non-secure
 654:Drivers/CMSIS/Include/cmsis_gcc.h ****   mode.
 655:Drivers/CMSIS/Include/cmsis_gcc.h ****   
 656:Drivers/CMSIS/Include/cmsis_gcc.h ****   \details Returns the current value of the Process Stack Pointer Limit (PSPLIM).
 657:Drivers/CMSIS/Include/cmsis_gcc.h ****   \return               PSPLIM Register value
 658:Drivers/CMSIS/Include/cmsis_gcc.h ****  */
 659:Drivers/CMSIS/Include/cmsis_gcc.h **** __STATIC_FORCEINLINE uint32_t __get_PSPLIM(void)
 660:Drivers/CMSIS/Include/cmsis_gcc.h **** {
 661:Drivers/CMSIS/Include/cmsis_gcc.h **** #if (!(defined (__ARM_ARCH_8M_MAIN__ ) && (__ARM_ARCH_8M_MAIN__ == 1)) && \
 662:Drivers/CMSIS/Include/cmsis_gcc.h ****     (!defined (__ARM_FEATURE_CMSE) || (__ARM_FEATURE_CMSE < 3)))
 663:Drivers/CMSIS/Include/cmsis_gcc.h ****     // without main extensions, the non-secure PSPLIM is RAZ/WI
 664:Drivers/CMSIS/Include/cmsis_gcc.h ****   return 0U;
 665:Drivers/CMSIS/Include/cmsis_gcc.h **** #else
 666:Drivers/CMSIS/Include/cmsis_gcc.h ****   uint32_t result;
 667:Drivers/CMSIS/Include/cmsis_gcc.h ****   __ASM volatile ("MRS %0, psplim"  : "=r" (result) );
 668:Drivers/CMSIS/Include/cmsis_gcc.h ****   return result;
 669:Drivers/CMSIS/Include/cmsis_gcc.h **** #endif
 670:Drivers/CMSIS/Include/cmsis_gcc.h **** }
 671:Drivers/CMSIS/Include/cmsis_gcc.h **** 
 672:Drivers/CMSIS/Include/cmsis_gcc.h **** #if (defined (__ARM_FEATURE_CMSE) && (__ARM_FEATURE_CMSE == 3))
 673:Drivers/CMSIS/Include/cmsis_gcc.h **** /**
 674:Drivers/CMSIS/Include/cmsis_gcc.h ****   \brief   Get Process Stack Pointer Limit (non-secure)
 675:Drivers/CMSIS/Include/cmsis_gcc.h ****   Devices without ARMv8-M Main Extensions (i.e. Cortex-M23) lack the non-secure
 676:Drivers/CMSIS/Include/cmsis_gcc.h ****   Stack Pointer Limit register hence zero is returned always.
 677:Drivers/CMSIS/Include/cmsis_gcc.h **** 
 678:Drivers/CMSIS/Include/cmsis_gcc.h ****   \details Returns the current value of the non-secure Process Stack Pointer Limit (PSPLIM) when in
 679:Drivers/CMSIS/Include/cmsis_gcc.h ****   \return               PSPLIM Register value
 680:Drivers/CMSIS/Include/cmsis_gcc.h ****  */
 681:Drivers/CMSIS/Include/cmsis_gcc.h **** __STATIC_FORCEINLINE uint32_t __TZ_get_PSPLIM_NS(void)
 682:Drivers/CMSIS/Include/cmsis_gcc.h **** {
 683:Drivers/CMSIS/Include/cmsis_gcc.h **** #if (!(defined (__ARM_ARCH_8M_MAIN__ ) && (__ARM_ARCH_8M_MAIN__ == 1)))
 684:Drivers/CMSIS/Include/cmsis_gcc.h ****   // without main extensions, the non-secure PSPLIM is RAZ/WI
 685:Drivers/CMSIS/Include/cmsis_gcc.h ****   return 0U;
 686:Drivers/CMSIS/Include/cmsis_gcc.h **** #else
 687:Drivers/CMSIS/Include/cmsis_gcc.h ****   uint32_t result;
 688:Drivers/CMSIS/Include/cmsis_gcc.h ****   __ASM volatile ("MRS %0, psplim_ns"  : "=r" (result) );
 689:Drivers/CMSIS/Include/cmsis_gcc.h ****   return result;
 690:Drivers/CMSIS/Include/cmsis_gcc.h **** #endif
 691:Drivers/CMSIS/Include/cmsis_gcc.h **** }
 692:Drivers/CMSIS/Include/cmsis_gcc.h **** #endif
 693:Drivers/CMSIS/Include/cmsis_gcc.h **** 
 694:Drivers/CMSIS/Include/cmsis_gcc.h **** 
 695:Drivers/CMSIS/Include/cmsis_gcc.h **** /**
 696:Drivers/CMSIS/Include/cmsis_gcc.h ****   \brief   Set Process Stack Pointer Limit
 697:Drivers/CMSIS/Include/cmsis_gcc.h ****   Devices without ARMv8-M Main Extensions (i.e. Cortex-M23) lack the non-secure
 698:Drivers/CMSIS/Include/cmsis_gcc.h ****   Stack Pointer Limit register hence the write is silently ignored in non-secure
 699:Drivers/CMSIS/Include/cmsis_gcc.h ****   mode.
 700:Drivers/CMSIS/Include/cmsis_gcc.h ****   
 701:Drivers/CMSIS/Include/cmsis_gcc.h ****   \details Assigns the given value to the Process Stack Pointer Limit (PSPLIM).
 702:Drivers/CMSIS/Include/cmsis_gcc.h ****   \param [in]    ProcStackPtrLimit  Process Stack Pointer Limit value to set
 703:Drivers/CMSIS/Include/cmsis_gcc.h ****  */
 704:Drivers/CMSIS/Include/cmsis_gcc.h **** __STATIC_FORCEINLINE void __set_PSPLIM(uint32_t ProcStackPtrLimit)
 705:Drivers/CMSIS/Include/cmsis_gcc.h **** {
 706:Drivers/CMSIS/Include/cmsis_gcc.h **** #if (!(defined (__ARM_ARCH_8M_MAIN__ ) && (__ARM_ARCH_8M_MAIN__ == 1)) && \
 707:Drivers/CMSIS/Include/cmsis_gcc.h ****     (!defined (__ARM_FEATURE_CMSE) || (__ARM_FEATURE_CMSE < 3)))
ARM GAS  C:\Users\Ali\AppData\Local\Temp\ccWQI1fJ.s 			page 48


 708:Drivers/CMSIS/Include/cmsis_gcc.h ****   // without main extensions, the non-secure PSPLIM is RAZ/WI
 709:Drivers/CMSIS/Include/cmsis_gcc.h ****   (void)ProcStackPtrLimit;
 710:Drivers/CMSIS/Include/cmsis_gcc.h **** #else
 711:Drivers/CMSIS/Include/cmsis_gcc.h ****   __ASM volatile ("MSR psplim, %0" : : "r" (ProcStackPtrLimit));
 712:Drivers/CMSIS/Include/cmsis_gcc.h **** #endif
 713:Drivers/CMSIS/Include/cmsis_gcc.h **** }
 714:Drivers/CMSIS/Include/cmsis_gcc.h **** 
 715:Drivers/CMSIS/Include/cmsis_gcc.h **** 
 716:Drivers/CMSIS/Include/cmsis_gcc.h **** #if (defined (__ARM_FEATURE_CMSE  ) && (__ARM_FEATURE_CMSE   == 3))
 717:Drivers/CMSIS/Include/cmsis_gcc.h **** /**
 718:Drivers/CMSIS/Include/cmsis_gcc.h ****   \brief   Set Process Stack Pointer (non-secure)
 719:Drivers/CMSIS/Include/cmsis_gcc.h ****   Devices without ARMv8-M Main Extensions (i.e. Cortex-M23) lack the non-secure
 720:Drivers/CMSIS/Include/cmsis_gcc.h ****   Stack Pointer Limit register hence the write is silently ignored.
 721:Drivers/CMSIS/Include/cmsis_gcc.h **** 
 722:Drivers/CMSIS/Include/cmsis_gcc.h ****   \details Assigns the given value to the non-secure Process Stack Pointer Limit (PSPLIM) when in s
 723:Drivers/CMSIS/Include/cmsis_gcc.h ****   \param [in]    ProcStackPtrLimit  Process Stack Pointer Limit value to set
 724:Drivers/CMSIS/Include/cmsis_gcc.h ****  */
 725:Drivers/CMSIS/Include/cmsis_gcc.h **** __STATIC_FORCEINLINE void __TZ_set_PSPLIM_NS(uint32_t ProcStackPtrLimit)
 726:Drivers/CMSIS/Include/cmsis_gcc.h **** {
 727:Drivers/CMSIS/Include/cmsis_gcc.h **** #if (!(defined (__ARM_ARCH_8M_MAIN__ ) && (__ARM_ARCH_8M_MAIN__ == 1)))
 728:Drivers/CMSIS/Include/cmsis_gcc.h ****   // without main extensions, the non-secure PSPLIM is RAZ/WI
 729:Drivers/CMSIS/Include/cmsis_gcc.h ****   (void)ProcStackPtrLimit;
 730:Drivers/CMSIS/Include/cmsis_gcc.h **** #else
 731:Drivers/CMSIS/Include/cmsis_gcc.h ****   __ASM volatile ("MSR psplim_ns, %0\n" : : "r" (ProcStackPtrLimit));
 732:Drivers/CMSIS/Include/cmsis_gcc.h **** #endif
 733:Drivers/CMSIS/Include/cmsis_gcc.h **** }
 734:Drivers/CMSIS/Include/cmsis_gcc.h **** #endif
 735:Drivers/CMSIS/Include/cmsis_gcc.h **** 
 736:Drivers/CMSIS/Include/cmsis_gcc.h **** 
 737:Drivers/CMSIS/Include/cmsis_gcc.h **** /**
 738:Drivers/CMSIS/Include/cmsis_gcc.h ****   \brief   Get Main Stack Pointer Limit
 739:Drivers/CMSIS/Include/cmsis_gcc.h ****   Devices without ARMv8-M Main Extensions (i.e. Cortex-M23) lack the non-secure
 740:Drivers/CMSIS/Include/cmsis_gcc.h ****   Stack Pointer Limit register hence zero is returned always in non-secure
 741:Drivers/CMSIS/Include/cmsis_gcc.h ****   mode.
 742:Drivers/CMSIS/Include/cmsis_gcc.h **** 
 743:Drivers/CMSIS/Include/cmsis_gcc.h ****   \details Returns the current value of the Main Stack Pointer Limit (MSPLIM).
 744:Drivers/CMSIS/Include/cmsis_gcc.h ****   \return               MSPLIM Register value
 745:Drivers/CMSIS/Include/cmsis_gcc.h ****  */
 746:Drivers/CMSIS/Include/cmsis_gcc.h **** __STATIC_FORCEINLINE uint32_t __get_MSPLIM(void)
 747:Drivers/CMSIS/Include/cmsis_gcc.h **** {
 748:Drivers/CMSIS/Include/cmsis_gcc.h **** #if (!(defined (__ARM_ARCH_8M_MAIN__ ) && (__ARM_ARCH_8M_MAIN__ == 1)) && \
 749:Drivers/CMSIS/Include/cmsis_gcc.h ****     (!defined (__ARM_FEATURE_CMSE) || (__ARM_FEATURE_CMSE < 3)))
 750:Drivers/CMSIS/Include/cmsis_gcc.h ****   // without main extensions, the non-secure MSPLIM is RAZ/WI
 751:Drivers/CMSIS/Include/cmsis_gcc.h ****   return 0U;
 752:Drivers/CMSIS/Include/cmsis_gcc.h **** #else
 753:Drivers/CMSIS/Include/cmsis_gcc.h ****   uint32_t result;
 754:Drivers/CMSIS/Include/cmsis_gcc.h ****   __ASM volatile ("MRS %0, msplim" : "=r" (result) );
 755:Drivers/CMSIS/Include/cmsis_gcc.h ****   return result;
 756:Drivers/CMSIS/Include/cmsis_gcc.h **** #endif
 757:Drivers/CMSIS/Include/cmsis_gcc.h **** }
 758:Drivers/CMSIS/Include/cmsis_gcc.h **** 
 759:Drivers/CMSIS/Include/cmsis_gcc.h **** 
 760:Drivers/CMSIS/Include/cmsis_gcc.h **** #if (defined (__ARM_FEATURE_CMSE  ) && (__ARM_FEATURE_CMSE   == 3))
 761:Drivers/CMSIS/Include/cmsis_gcc.h **** /**
 762:Drivers/CMSIS/Include/cmsis_gcc.h ****   \brief   Get Main Stack Pointer Limit (non-secure)
 763:Drivers/CMSIS/Include/cmsis_gcc.h ****   Devices without ARMv8-M Main Extensions (i.e. Cortex-M23) lack the non-secure
 764:Drivers/CMSIS/Include/cmsis_gcc.h ****   Stack Pointer Limit register hence zero is returned always.
ARM GAS  C:\Users\Ali\AppData\Local\Temp\ccWQI1fJ.s 			page 49


 765:Drivers/CMSIS/Include/cmsis_gcc.h **** 
 766:Drivers/CMSIS/Include/cmsis_gcc.h ****   \details Returns the current value of the non-secure Main Stack Pointer Limit(MSPLIM) when in sec
 767:Drivers/CMSIS/Include/cmsis_gcc.h ****   \return               MSPLIM Register value
 768:Drivers/CMSIS/Include/cmsis_gcc.h ****  */
 769:Drivers/CMSIS/Include/cmsis_gcc.h **** __STATIC_FORCEINLINE uint32_t __TZ_get_MSPLIM_NS(void)
 770:Drivers/CMSIS/Include/cmsis_gcc.h **** {
 771:Drivers/CMSIS/Include/cmsis_gcc.h **** #if (!(defined (__ARM_ARCH_8M_MAIN__ ) && (__ARM_ARCH_8M_MAIN__ == 1)))
 772:Drivers/CMSIS/Include/cmsis_gcc.h ****   // without main extensions, the non-secure MSPLIM is RAZ/WI
 773:Drivers/CMSIS/Include/cmsis_gcc.h ****   return 0U;
 774:Drivers/CMSIS/Include/cmsis_gcc.h **** #else
 775:Drivers/CMSIS/Include/cmsis_gcc.h ****   uint32_t result;
 776:Drivers/CMSIS/Include/cmsis_gcc.h ****   __ASM volatile ("MRS %0, msplim_ns" : "=r" (result) );
 777:Drivers/CMSIS/Include/cmsis_gcc.h ****   return result;
 778:Drivers/CMSIS/Include/cmsis_gcc.h **** #endif
 779:Drivers/CMSIS/Include/cmsis_gcc.h **** }
 780:Drivers/CMSIS/Include/cmsis_gcc.h **** #endif
 781:Drivers/CMSIS/Include/cmsis_gcc.h **** 
 782:Drivers/CMSIS/Include/cmsis_gcc.h **** 
 783:Drivers/CMSIS/Include/cmsis_gcc.h **** /**
 784:Drivers/CMSIS/Include/cmsis_gcc.h ****   \brief   Set Main Stack Pointer Limit
 785:Drivers/CMSIS/Include/cmsis_gcc.h ****   Devices without ARMv8-M Main Extensions (i.e. Cortex-M23) lack the non-secure
 786:Drivers/CMSIS/Include/cmsis_gcc.h ****   Stack Pointer Limit register hence the write is silently ignored in non-secure
 787:Drivers/CMSIS/Include/cmsis_gcc.h ****   mode.
 788:Drivers/CMSIS/Include/cmsis_gcc.h **** 
 789:Drivers/CMSIS/Include/cmsis_gcc.h ****   \details Assigns the given value to the Main Stack Pointer Limit (MSPLIM).
 790:Drivers/CMSIS/Include/cmsis_gcc.h ****   \param [in]    MainStackPtrLimit  Main Stack Pointer Limit value to set
 791:Drivers/CMSIS/Include/cmsis_gcc.h ****  */
 792:Drivers/CMSIS/Include/cmsis_gcc.h **** __STATIC_FORCEINLINE void __set_MSPLIM(uint32_t MainStackPtrLimit)
 793:Drivers/CMSIS/Include/cmsis_gcc.h **** {
 794:Drivers/CMSIS/Include/cmsis_gcc.h **** #if (!(defined (__ARM_ARCH_8M_MAIN__ ) && (__ARM_ARCH_8M_MAIN__ == 1)) && \
 795:Drivers/CMSIS/Include/cmsis_gcc.h ****     (!defined (__ARM_FEATURE_CMSE) || (__ARM_FEATURE_CMSE < 3)))
 796:Drivers/CMSIS/Include/cmsis_gcc.h ****   // without main extensions, the non-secure MSPLIM is RAZ/WI
 797:Drivers/CMSIS/Include/cmsis_gcc.h ****   (void)MainStackPtrLimit;
 798:Drivers/CMSIS/Include/cmsis_gcc.h **** #else
 799:Drivers/CMSIS/Include/cmsis_gcc.h ****   __ASM volatile ("MSR msplim, %0" : : "r" (MainStackPtrLimit));
 800:Drivers/CMSIS/Include/cmsis_gcc.h **** #endif
 801:Drivers/CMSIS/Include/cmsis_gcc.h **** }
 802:Drivers/CMSIS/Include/cmsis_gcc.h **** 
 803:Drivers/CMSIS/Include/cmsis_gcc.h **** 
 804:Drivers/CMSIS/Include/cmsis_gcc.h **** #if (defined (__ARM_FEATURE_CMSE  ) && (__ARM_FEATURE_CMSE   == 3))
 805:Drivers/CMSIS/Include/cmsis_gcc.h **** /**
 806:Drivers/CMSIS/Include/cmsis_gcc.h ****   \brief   Set Main Stack Pointer Limit (non-secure)
 807:Drivers/CMSIS/Include/cmsis_gcc.h ****   Devices without ARMv8-M Main Extensions (i.e. Cortex-M23) lack the non-secure
 808:Drivers/CMSIS/Include/cmsis_gcc.h ****   Stack Pointer Limit register hence the write is silently ignored.
 809:Drivers/CMSIS/Include/cmsis_gcc.h **** 
 810:Drivers/CMSIS/Include/cmsis_gcc.h ****   \details Assigns the given value to the non-secure Main Stack Pointer Limit (MSPLIM) when in secu
 811:Drivers/CMSIS/Include/cmsis_gcc.h ****   \param [in]    MainStackPtrLimit  Main Stack Pointer value to set
 812:Drivers/CMSIS/Include/cmsis_gcc.h ****  */
 813:Drivers/CMSIS/Include/cmsis_gcc.h **** __STATIC_FORCEINLINE void __TZ_set_MSPLIM_NS(uint32_t MainStackPtrLimit)
 814:Drivers/CMSIS/Include/cmsis_gcc.h **** {
 815:Drivers/CMSIS/Include/cmsis_gcc.h **** #if (!(defined (__ARM_ARCH_8M_MAIN__ ) && (__ARM_ARCH_8M_MAIN__ == 1)))
 816:Drivers/CMSIS/Include/cmsis_gcc.h ****   // without main extensions, the non-secure MSPLIM is RAZ/WI
 817:Drivers/CMSIS/Include/cmsis_gcc.h ****   (void)MainStackPtrLimit;
 818:Drivers/CMSIS/Include/cmsis_gcc.h **** #else
 819:Drivers/CMSIS/Include/cmsis_gcc.h ****   __ASM volatile ("MSR msplim_ns, %0" : : "r" (MainStackPtrLimit));
 820:Drivers/CMSIS/Include/cmsis_gcc.h **** #endif
 821:Drivers/CMSIS/Include/cmsis_gcc.h **** }
ARM GAS  C:\Users\Ali\AppData\Local\Temp\ccWQI1fJ.s 			page 50


 822:Drivers/CMSIS/Include/cmsis_gcc.h **** #endif
 823:Drivers/CMSIS/Include/cmsis_gcc.h **** 
 824:Drivers/CMSIS/Include/cmsis_gcc.h **** #endif /* ((defined (__ARM_ARCH_8M_MAIN__ ) && (__ARM_ARCH_8M_MAIN__ == 1)) || \
 825:Drivers/CMSIS/Include/cmsis_gcc.h ****            (defined (__ARM_ARCH_8M_BASE__ ) && (__ARM_ARCH_8M_BASE__ == 1))    ) */
 826:Drivers/CMSIS/Include/cmsis_gcc.h **** 
 827:Drivers/CMSIS/Include/cmsis_gcc.h **** 
 828:Drivers/CMSIS/Include/cmsis_gcc.h **** /**
 829:Drivers/CMSIS/Include/cmsis_gcc.h ****   \brief   Get FPSCR
 830:Drivers/CMSIS/Include/cmsis_gcc.h ****   \details Returns the current value of the Floating Point Status/Control register.
 831:Drivers/CMSIS/Include/cmsis_gcc.h ****   \return               Floating Point Status/Control register value
 832:Drivers/CMSIS/Include/cmsis_gcc.h ****  */
 833:Drivers/CMSIS/Include/cmsis_gcc.h **** __STATIC_FORCEINLINE uint32_t __get_FPSCR(void)
 834:Drivers/CMSIS/Include/cmsis_gcc.h **** {
 835:Drivers/CMSIS/Include/cmsis_gcc.h **** #if ((defined (__FPU_PRESENT) && (__FPU_PRESENT == 1U)) && \
 836:Drivers/CMSIS/Include/cmsis_gcc.h ****      (defined (__FPU_USED   ) && (__FPU_USED    == 1U))     )
 837:Drivers/CMSIS/Include/cmsis_gcc.h **** #if __has_builtin(__builtin_arm_get_fpscr) 
 838:Drivers/CMSIS/Include/cmsis_gcc.h **** // Re-enable using built-in when GCC has been fixed
 839:Drivers/CMSIS/Include/cmsis_gcc.h **** // || (__GNUC__ > 7) || (__GNUC__ == 7 && __GNUC_MINOR__ >= 2)
 840:Drivers/CMSIS/Include/cmsis_gcc.h ****   /* see https://gcc.gnu.org/ml/gcc-patches/2017-04/msg00443.html */
 841:Drivers/CMSIS/Include/cmsis_gcc.h ****   return __builtin_arm_get_fpscr();
 842:Drivers/CMSIS/Include/cmsis_gcc.h **** #else
 843:Drivers/CMSIS/Include/cmsis_gcc.h ****   uint32_t result;
 844:Drivers/CMSIS/Include/cmsis_gcc.h **** 
 845:Drivers/CMSIS/Include/cmsis_gcc.h ****   __ASM volatile ("VMRS %0, fpscr" : "=r" (result) );
 846:Drivers/CMSIS/Include/cmsis_gcc.h ****   return(result);
 847:Drivers/CMSIS/Include/cmsis_gcc.h **** #endif
 848:Drivers/CMSIS/Include/cmsis_gcc.h **** #else
 849:Drivers/CMSIS/Include/cmsis_gcc.h ****   return(0U);
 850:Drivers/CMSIS/Include/cmsis_gcc.h **** #endif
 851:Drivers/CMSIS/Include/cmsis_gcc.h **** }
 852:Drivers/CMSIS/Include/cmsis_gcc.h **** 
 853:Drivers/CMSIS/Include/cmsis_gcc.h **** 
 854:Drivers/CMSIS/Include/cmsis_gcc.h **** /**
 855:Drivers/CMSIS/Include/cmsis_gcc.h ****   \brief   Set FPSCR
 856:Drivers/CMSIS/Include/cmsis_gcc.h ****   \details Assigns the given value to the Floating Point Status/Control register.
 857:Drivers/CMSIS/Include/cmsis_gcc.h ****   \param [in]    fpscr  Floating Point Status/Control value to set
 858:Drivers/CMSIS/Include/cmsis_gcc.h ****  */
 859:Drivers/CMSIS/Include/cmsis_gcc.h **** __STATIC_FORCEINLINE void __set_FPSCR(uint32_t fpscr)
 860:Drivers/CMSIS/Include/cmsis_gcc.h **** {
 861:Drivers/CMSIS/Include/cmsis_gcc.h **** #if ((defined (__FPU_PRESENT) && (__FPU_PRESENT == 1U)) && \
 862:Drivers/CMSIS/Include/cmsis_gcc.h ****      (defined (__FPU_USED   ) && (__FPU_USED    == 1U))     )
 863:Drivers/CMSIS/Include/cmsis_gcc.h **** #if __has_builtin(__builtin_arm_set_fpscr)
 864:Drivers/CMSIS/Include/cmsis_gcc.h **** // Re-enable using built-in when GCC has been fixed
 865:Drivers/CMSIS/Include/cmsis_gcc.h **** // || (__GNUC__ > 7) || (__GNUC__ == 7 && __GNUC_MINOR__ >= 2)
 866:Drivers/CMSIS/Include/cmsis_gcc.h ****   /* see https://gcc.gnu.org/ml/gcc-patches/2017-04/msg00443.html */
 867:Drivers/CMSIS/Include/cmsis_gcc.h ****   __builtin_arm_set_fpscr(fpscr);
 868:Drivers/CMSIS/Include/cmsis_gcc.h **** #else
 869:Drivers/CMSIS/Include/cmsis_gcc.h ****   __ASM volatile ("VMSR fpscr, %0" : : "r" (fpscr) : "vfpcc", "memory");
 870:Drivers/CMSIS/Include/cmsis_gcc.h **** #endif
 871:Drivers/CMSIS/Include/cmsis_gcc.h **** #else
 872:Drivers/CMSIS/Include/cmsis_gcc.h ****   (void)fpscr;
 873:Drivers/CMSIS/Include/cmsis_gcc.h **** #endif
 874:Drivers/CMSIS/Include/cmsis_gcc.h **** }
 875:Drivers/CMSIS/Include/cmsis_gcc.h **** 
 876:Drivers/CMSIS/Include/cmsis_gcc.h **** 
 877:Drivers/CMSIS/Include/cmsis_gcc.h **** /*@} end of CMSIS_Core_RegAccFunctions */
 878:Drivers/CMSIS/Include/cmsis_gcc.h **** 
ARM GAS  C:\Users\Ali\AppData\Local\Temp\ccWQI1fJ.s 			page 51


 879:Drivers/CMSIS/Include/cmsis_gcc.h **** 
 880:Drivers/CMSIS/Include/cmsis_gcc.h **** /* ##########################  Core Instruction Access  ######################### */
 881:Drivers/CMSIS/Include/cmsis_gcc.h **** /** \defgroup CMSIS_Core_InstructionInterface CMSIS Core Instruction Interface
 882:Drivers/CMSIS/Include/cmsis_gcc.h ****   Access to dedicated instructions
 883:Drivers/CMSIS/Include/cmsis_gcc.h ****   @{
 884:Drivers/CMSIS/Include/cmsis_gcc.h **** */
 885:Drivers/CMSIS/Include/cmsis_gcc.h **** 
 886:Drivers/CMSIS/Include/cmsis_gcc.h **** /* Define macros for porting to both thumb1 and thumb2.
 887:Drivers/CMSIS/Include/cmsis_gcc.h ****  * For thumb1, use low register (r0-r7), specified by constraint "l"
 888:Drivers/CMSIS/Include/cmsis_gcc.h ****  * Otherwise, use general registers, specified by constraint "r" */
 889:Drivers/CMSIS/Include/cmsis_gcc.h **** #if defined (__thumb__) && !defined (__thumb2__)
 890:Drivers/CMSIS/Include/cmsis_gcc.h **** #define __CMSIS_GCC_OUT_REG(r) "=l" (r)
 891:Drivers/CMSIS/Include/cmsis_gcc.h **** #define __CMSIS_GCC_RW_REG(r) "+l" (r)
 892:Drivers/CMSIS/Include/cmsis_gcc.h **** #define __CMSIS_GCC_USE_REG(r) "l" (r)
 893:Drivers/CMSIS/Include/cmsis_gcc.h **** #else
 894:Drivers/CMSIS/Include/cmsis_gcc.h **** #define __CMSIS_GCC_OUT_REG(r) "=r" (r)
 895:Drivers/CMSIS/Include/cmsis_gcc.h **** #define __CMSIS_GCC_RW_REG(r) "+r" (r)
 896:Drivers/CMSIS/Include/cmsis_gcc.h **** #define __CMSIS_GCC_USE_REG(r) "r" (r)
 897:Drivers/CMSIS/Include/cmsis_gcc.h **** #endif
 898:Drivers/CMSIS/Include/cmsis_gcc.h **** 
 899:Drivers/CMSIS/Include/cmsis_gcc.h **** /**
 900:Drivers/CMSIS/Include/cmsis_gcc.h ****   \brief   No Operation
 901:Drivers/CMSIS/Include/cmsis_gcc.h ****   \details No Operation does nothing. This instruction can be used for code alignment purposes.
 902:Drivers/CMSIS/Include/cmsis_gcc.h ****  */
 903:Drivers/CMSIS/Include/cmsis_gcc.h **** #define __NOP()                             __ASM volatile ("nop")
 904:Drivers/CMSIS/Include/cmsis_gcc.h **** 
 905:Drivers/CMSIS/Include/cmsis_gcc.h **** /**
 906:Drivers/CMSIS/Include/cmsis_gcc.h ****   \brief   Wait For Interrupt
 907:Drivers/CMSIS/Include/cmsis_gcc.h ****   \details Wait For Interrupt is a hint instruction that suspends execution until one of a number o
 908:Drivers/CMSIS/Include/cmsis_gcc.h ****  */
 909:Drivers/CMSIS/Include/cmsis_gcc.h **** #define __WFI()                             __ASM volatile ("wfi")
 910:Drivers/CMSIS/Include/cmsis_gcc.h **** 
 911:Drivers/CMSIS/Include/cmsis_gcc.h **** 
 912:Drivers/CMSIS/Include/cmsis_gcc.h **** /**
 913:Drivers/CMSIS/Include/cmsis_gcc.h ****   \brief   Wait For Event
 914:Drivers/CMSIS/Include/cmsis_gcc.h ****   \details Wait For Event is a hint instruction that permits the processor to enter
 915:Drivers/CMSIS/Include/cmsis_gcc.h ****            a low-power state until one of a number of events occurs.
 916:Drivers/CMSIS/Include/cmsis_gcc.h ****  */
 917:Drivers/CMSIS/Include/cmsis_gcc.h **** #define __WFE()                             __ASM volatile ("wfe")
 918:Drivers/CMSIS/Include/cmsis_gcc.h **** 
 919:Drivers/CMSIS/Include/cmsis_gcc.h **** 
 920:Drivers/CMSIS/Include/cmsis_gcc.h **** /**
 921:Drivers/CMSIS/Include/cmsis_gcc.h ****   \brief   Send Event
 922:Drivers/CMSIS/Include/cmsis_gcc.h ****   \details Send Event is a hint instruction. It causes an event to be signaled to the CPU.
 923:Drivers/CMSIS/Include/cmsis_gcc.h ****  */
 924:Drivers/CMSIS/Include/cmsis_gcc.h **** #define __SEV()                             __ASM volatile ("sev")
 925:Drivers/CMSIS/Include/cmsis_gcc.h **** 
 926:Drivers/CMSIS/Include/cmsis_gcc.h **** 
 927:Drivers/CMSIS/Include/cmsis_gcc.h **** /**
 928:Drivers/CMSIS/Include/cmsis_gcc.h ****   \brief   Instruction Synchronization Barrier
 929:Drivers/CMSIS/Include/cmsis_gcc.h ****   \details Instruction Synchronization Barrier flushes the pipeline in the processor,
 930:Drivers/CMSIS/Include/cmsis_gcc.h ****            so that all instructions following the ISB are fetched from cache or memory,
 931:Drivers/CMSIS/Include/cmsis_gcc.h ****            after the instruction has been completed.
 932:Drivers/CMSIS/Include/cmsis_gcc.h ****  */
 933:Drivers/CMSIS/Include/cmsis_gcc.h **** __STATIC_FORCEINLINE void __ISB(void)
 934:Drivers/CMSIS/Include/cmsis_gcc.h **** {
 935:Drivers/CMSIS/Include/cmsis_gcc.h ****   __ASM volatile ("isb 0xF":::"memory");
ARM GAS  C:\Users\Ali\AppData\Local\Temp\ccWQI1fJ.s 			page 52


 936:Drivers/CMSIS/Include/cmsis_gcc.h **** }
 937:Drivers/CMSIS/Include/cmsis_gcc.h **** 
 938:Drivers/CMSIS/Include/cmsis_gcc.h **** 
 939:Drivers/CMSIS/Include/cmsis_gcc.h **** /**
 940:Drivers/CMSIS/Include/cmsis_gcc.h ****   \brief   Data Synchronization Barrier
 941:Drivers/CMSIS/Include/cmsis_gcc.h ****   \details Acts as a special kind of Data Memory Barrier.
 942:Drivers/CMSIS/Include/cmsis_gcc.h ****            It completes when all explicit memory accesses before this instruction complete.
 943:Drivers/CMSIS/Include/cmsis_gcc.h ****  */
 944:Drivers/CMSIS/Include/cmsis_gcc.h **** __STATIC_FORCEINLINE void __DSB(void)
  39              		.loc 3 944 27 view .LVU2
  40              	.LBB7:
 945:Drivers/CMSIS/Include/cmsis_gcc.h **** {
 946:Drivers/CMSIS/Include/cmsis_gcc.h ****   __ASM volatile ("dsb 0xF":::"memory");
  41              		.loc 3 946 3 view .LVU3
  42              		.syntax unified
  43              	@ 946 "Drivers/CMSIS/Include/cmsis_gcc.h" 1
  44 0000 BFF34F8F 		dsb 0xF
  45              	@ 0 "" 2
  46              		.thumb
  47              		.syntax unified
  48              	.LBE7:
  49              	.LBE6:
1936:Drivers/CMSIS/Include/core_cm4.h ****                                                                        buffered write are completed
1937:Drivers/CMSIS/Include/core_cm4.h ****   SCB->AIRCR  = (uint32_t)((0x5FAUL << SCB_AIRCR_VECTKEY_Pos)    |
  50              		.loc 2 1937 3 view .LVU4
1938:Drivers/CMSIS/Include/core_cm4.h ****                            (SCB->AIRCR & SCB_AIRCR_PRIGROUP_Msk) |
  51              		.loc 2 1938 32 is_stmt 0 view .LVU5
  52 0004 0549     		ldr	r1, .L3
  53 0006 CA68     		ldr	r2, [r1, #12]
  54              		.loc 2 1938 40 view .LVU6
  55 0008 02F4E062 		and	r2, r2, #1792
1937:Drivers/CMSIS/Include/core_cm4.h ****                            (SCB->AIRCR & SCB_AIRCR_PRIGROUP_Msk) |
  56              		.loc 2 1937 17 view .LVU7
  57 000c 044B     		ldr	r3, .L3+4
  58 000e 1343     		orrs	r3, r3, r2
1937:Drivers/CMSIS/Include/core_cm4.h ****                            (SCB->AIRCR & SCB_AIRCR_PRIGROUP_Msk) |
  59              		.loc 2 1937 15 view .LVU8
  60 0010 CB60     		str	r3, [r1, #12]
1939:Drivers/CMSIS/Include/core_cm4.h ****                             SCB_AIRCR_SYSRESETREQ_Msk    );         /* Keep priority group unchange
1940:Drivers/CMSIS/Include/core_cm4.h ****   __DSB();                                                          /* Ensure completion of memory 
  61              		.loc 2 1940 3 is_stmt 1 view .LVU9
  62              	.LBB8:
  63              	.LBI8:
 944:Drivers/CMSIS/Include/cmsis_gcc.h **** {
  64              		.loc 3 944 27 view .LVU10
  65              	.LBB9:
  66              		.loc 3 946 3 view .LVU11
  67              		.syntax unified
  68              	@ 946 "Drivers/CMSIS/Include/cmsis_gcc.h" 1
  69 0012 BFF34F8F 		dsb 0xF
  70              	@ 0 "" 2
  71              		.thumb
  72              		.syntax unified
  73              	.L2:
  74              	.LBE9:
  75              	.LBE8:
1941:Drivers/CMSIS/Include/core_cm4.h **** 
ARM GAS  C:\Users\Ali\AppData\Local\Temp\ccWQI1fJ.s 			page 53


1942:Drivers/CMSIS/Include/core_cm4.h ****   for(;;)                                                           /* wait until reset */
  76              		.loc 2 1942 3 view .LVU12
1943:Drivers/CMSIS/Include/core_cm4.h ****   {
1944:Drivers/CMSIS/Include/core_cm4.h ****     __NOP();
  77              		.loc 2 1944 5 discriminator 1 view .LVU13
  78              		.syntax unified
  79              	@ 1944 "Drivers/CMSIS/Include/core_cm4.h" 1
  80 0016 00BF     		nop
  81              	@ 0 "" 2
1942:Drivers/CMSIS/Include/core_cm4.h ****   {
  82              		.loc 2 1942 3 view .LVU14
  83              		.thumb
  84              		.syntax unified
  85 0018 FDE7     		b	.L2
  86              	.L4:
  87 001a 00BF     		.align	2
  88              	.L3:
  89 001c 00ED00E0 		.word	-536810240
  90 0020 0400FA05 		.word	100270084
  91              		.cfi_endproc
  92              	.LFE119:
  94              		.section	.text.Config_GetModuleID,"ax",%progbits
  95              		.align	1
  96              		.global	Config_GetModuleID
  97              		.syntax unified
  98              		.thumb
  99              		.thumb_func
 101              	Config_GetModuleID:
 102              	.LFB294:
   1:Core/Src/config_manager.c **** /* USER CODE BEGIN Header */
   2:Core/Src/config_manager.c **** /**
   3:Core/Src/config_manager.c ****   ******************************************************************************
   4:Core/Src/config_manager.c ****   * @file           : config_manager.c
   5:Core/Src/config_manager.c ****   * @brief          : BMS Configuration Manager Implementation
   6:Core/Src/config_manager.c ****   ******************************************************************************
   7:Core/Src/config_manager.c ****   * @attention
   8:Core/Src/config_manager.c ****   *
   9:Core/Src/config_manager.c ****   * Copyright (c) 2025 STMicroelectronics.
  10:Core/Src/config_manager.c ****   * All rights reserved.
  11:Core/Src/config_manager.c ****   *
  12:Core/Src/config_manager.c ****   * This software is licensed under terms that can be found in the LICENSE file
  13:Core/Src/config_manager.c ****   * in the root directory of this software component.
  14:Core/Src/config_manager.c ****   * If no LICENSE file comes with this software, it is provided AS-IS.
  15:Core/Src/config_manager.c ****   *
  16:Core/Src/config_manager.c ****   ******************************************************************************
  17:Core/Src/config_manager.c ****   */
  18:Core/Src/config_manager.c **** /* USER CODE END Header */
  19:Core/Src/config_manager.c **** 
  20:Core/Src/config_manager.c **** /* Includes ------------------------------------------------------------------*/
  21:Core/Src/config_manager.c **** #include "config_manager.h"
  22:Core/Src/config_manager.c **** #include "can_ids.h"
  23:Core/Src/config_manager.c **** #include "cell_temp_handler.h"
  24:Core/Src/config_manager.c **** #include "bq_handler.h"
  25:Core/Src/config_manager.c **** #include <string.h>
  26:Core/Src/config_manager.c **** 
  27:Core/Src/config_manager.c **** /* External function prototypes ----------------------------------------------*/
  28:Core/Src/config_manager.c **** extern HAL_StatusTypeDef CAN_SendMessage(uint32_t id, uint8_t *data, uint8_t length, uint8_t priori
ARM GAS  C:\Users\Ali\AppData\Local\Temp\ccWQI1fJ.s 			page 54


  29:Core/Src/config_manager.c **** extern HAL_StatusTypeDef CAN_ReconfigureFilters(void);
  30:Core/Src/config_manager.c **** 
  31:Core/Src/config_manager.c **** /* Private variables ---------------------------------------------------------*/
  32:Core/Src/config_manager.c **** static uint8_t module_id = CONFIG_MODULE_ID_DEFAULT;
  33:Core/Src/config_manager.c **** static osMutexId_t config_mutex = NULL;
  34:Core/Src/config_manager.c **** 
  35:Core/Src/config_manager.c **** /* CAN ID variables (initialized with module offset) */
  36:Core/Src/config_manager.c **** uint32_t CAN_TEMP_ID = 0;
  37:Core/Src/config_manager.c **** uint32_t CAN_TEMP_RAW_ID = 0;
  38:Core/Src/config_manager.c **** uint32_t CAN_TEMP_SUMMARY_ID = 0;
  39:Core/Src/config_manager.c **** uint32_t CAN_VOLTAGE_0_ID = 0;
  40:Core/Src/config_manager.c **** uint32_t CAN_VOLTAGE_1_ID = 0;
  41:Core/Src/config_manager.c **** uint32_t CAN_VOLTAGE_2_ID = 0;
  42:Core/Src/config_manager.c **** uint32_t CAN_VOLTAGE_3_ID = 0;
  43:Core/Src/config_manager.c **** uint32_t CAN_VOLTAGE_4_ID = 0;
  44:Core/Src/config_manager.c **** uint32_t CAN_VOLTAGE_5_ID = 0;
  45:Core/Src/config_manager.c **** uint32_t CAN_BMS1_STATUS_ID = 0;
  46:Core/Src/config_manager.c **** uint32_t CAN_BMS2_STATUS_ID = 0;
  47:Core/Src/config_manager.c **** uint32_t CAN_BMS_HEARTBEAT_ID = 0;
  48:Core/Src/config_manager.c **** uint32_t CAN_BMS_STATS_ID = 0;
  49:Core/Src/config_manager.c **** uint32_t CAN_CONFIG_ACK_ID = 0;
  50:Core/Src/config_manager.c **** uint32_t CAN_RESET_CMD_ID = 0;
  51:Core/Src/config_manager.c **** uint32_t CAN_BMS_RESET_CMD_ID = 0;
  52:Core/Src/config_manager.c **** uint32_t CAN_BMS_RESET_ACK_ID = 0;
  53:Core/Src/config_manager.c **** uint32_t CAN_BALANCE_CMD_ID = 0;
  54:Core/Src/config_manager.c **** uint32_t CAN_BALANCE_ACK_ID = 0;
  55:Core/Src/config_manager.c **** uint32_t CAN_BALANCE_CFG_ID = 0;
  56:Core/Src/config_manager.c **** uint32_t CAN_BALANCE_STATUS_ID = 0;
  57:Core/Src/config_manager.c **** uint32_t CAN_BMS1_BAL_DETAIL_ID = 0;
  58:Core/Src/config_manager.c **** uint32_t CAN_BMS2_BAL_DETAIL_ID = 0;
  59:Core/Src/config_manager.c **** uint32_t CAN_DEBUG_RESPONSE_ID = 0;
  60:Core/Src/config_manager.c **** uint32_t CAN_I2C_DIAG_ID = 0;
  61:Core/Src/config_manager.c **** 
  62:Core/Src/config_manager.c **** /* Function Implementations --------------------------------------------------*/
  63:Core/Src/config_manager.c **** 
  64:Core/Src/config_manager.c **** /**
  65:Core/Src/config_manager.c ****   * @brief  Initialize configuration manager
  66:Core/Src/config_manager.c ****   * @note   Reads module ID from flash and initializes CAN IDs
  67:Core/Src/config_manager.c ****   * @retval None
  68:Core/Src/config_manager.c ****   */
  69:Core/Src/config_manager.c **** void Config_Init(void)
  70:Core/Src/config_manager.c **** {
  71:Core/Src/config_manager.c ****     // Create mutex for thread-safe access
  72:Core/Src/config_manager.c ****     const osMutexAttr_t mutex_attr = {
  73:Core/Src/config_manager.c ****         .name = "ConfigMutex",
  74:Core/Src/config_manager.c ****         .attr_bits = osMutexRecursive | osMutexPrioInherit,
  75:Core/Src/config_manager.c ****         .cb_mem = NULL,
  76:Core/Src/config_manager.c ****         .cb_size = 0U
  77:Core/Src/config_manager.c ****     };
  78:Core/Src/config_manager.c ****     
  79:Core/Src/config_manager.c ****     config_mutex = osMutexNew(&mutex_attr);
  80:Core/Src/config_manager.c ****     
  81:Core/Src/config_manager.c ****     // Read module ID from flash storage
  82:Core/Src/config_manager.c ****     module_id = Config_ReadModuleIDFromFlash();
  83:Core/Src/config_manager.c ****     
  84:Core/Src/config_manager.c ****     // Initialize CAN IDs with module offset
  85:Core/Src/config_manager.c ****     Config_InitCANIDs();
ARM GAS  C:\Users\Ali\AppData\Local\Temp\ccWQI1fJ.s 			page 55


  86:Core/Src/config_manager.c **** }
  87:Core/Src/config_manager.c **** 
  88:Core/Src/config_manager.c **** /**
  89:Core/Src/config_manager.c ****   * @brief  Set module ID (0-15) - writes to flash, requires reset
  90:Core/Src/config_manager.c ****   * @param  module_id_new: Module ID value
  91:Core/Src/config_manager.c ****   * @retval 0 on success, -1 on error
  92:Core/Src/config_manager.c ****   * @note   After successful write, device must be reset for changes to take effect
  93:Core/Src/config_manager.c ****   */
  94:Core/Src/config_manager.c **** int8_t Config_SetModuleID(uint8_t module_id_new)
  95:Core/Src/config_manager.c **** {
  96:Core/Src/config_manager.c ****     // Validate module ID range
  97:Core/Src/config_manager.c ****     if (module_id_new > CONFIG_MODULE_ID_MAX) {
  98:Core/Src/config_manager.c ****         return -1;
  99:Core/Src/config_manager.c ****     }
 100:Core/Src/config_manager.c ****     
 101:Core/Src/config_manager.c ****     // Write to flash
 102:Core/Src/config_manager.c ****     int8_t result = Config_WriteModuleIDToFlash(module_id_new);
 103:Core/Src/config_manager.c ****     
 104:Core/Src/config_manager.c ****     return result;
 105:Core/Src/config_manager.c **** }
 106:Core/Src/config_manager.c **** 
 107:Core/Src/config_manager.c **** /**
 108:Core/Src/config_manager.c ****   * @brief  Get current module ID
 109:Core/Src/config_manager.c ****   * @retval Current module ID (0-15)
 110:Core/Src/config_manager.c ****   */
 111:Core/Src/config_manager.c **** uint8_t Config_GetModuleID(void)
 112:Core/Src/config_manager.c **** {
 103              		.loc 1 112 1 view -0
 104              		.cfi_startproc
 105              		@ args = 0, pretend = 0, frame = 0
 106              		@ frame_needed = 0, uses_anonymous_args = 0
 107 0000 10B5     		push	{r4, lr}
 108              		.cfi_def_cfa_offset 8
 109              		.cfi_offset 4, -8
 110              		.cfi_offset 14, -4
 113:Core/Src/config_manager.c ****     uint8_t id;
 111              		.loc 1 113 5 view .LVU16
 114:Core/Src/config_manager.c ****     
 115:Core/Src/config_manager.c ****     // Thread-safe read
 116:Core/Src/config_manager.c ****     if (config_mutex != NULL) {
 112              		.loc 1 116 5 view .LVU17
 113              		.loc 1 116 22 is_stmt 0 view .LVU18
 114 0002 084B     		ldr	r3, .L9
 115 0004 1868     		ldr	r0, [r3]
 116              		.loc 1 116 8 view .LVU19
 117 0006 18B1     		cbz	r0, .L6
 117:Core/Src/config_manager.c ****         osMutexAcquire(config_mutex, osWaitForever);
 118              		.loc 1 117 9 is_stmt 1 view .LVU20
 119 0008 4FF0FF31 		mov	r1, #-1
 120 000c FFF7FEFF 		bl	osMutexAcquire
 121              	.LVL0:
 122              	.L6:
 118:Core/Src/config_manager.c ****     }
 119:Core/Src/config_manager.c ****     
 120:Core/Src/config_manager.c ****     id = module_id;
 123              		.loc 1 120 5 view .LVU21
 124              		.loc 1 120 8 is_stmt 0 view .LVU22
ARM GAS  C:\Users\Ali\AppData\Local\Temp\ccWQI1fJ.s 			page 56


 125 0010 054B     		ldr	r3, .L9+4
 126 0012 1C78     		ldrb	r4, [r3]	@ zero_extendqisi2
 127              	.LVL1:
 121:Core/Src/config_manager.c ****     
 122:Core/Src/config_manager.c ****     if (config_mutex != NULL) {
 128              		.loc 1 122 5 is_stmt 1 view .LVU23
 129              		.loc 1 122 22 is_stmt 0 view .LVU24
 130 0014 034B     		ldr	r3, .L9
 131 0016 1868     		ldr	r0, [r3]
 132              		.loc 1 122 8 view .LVU25
 133 0018 08B1     		cbz	r0, .L7
 123:Core/Src/config_manager.c ****         osMutexRelease(config_mutex);
 134              		.loc 1 123 9 is_stmt 1 view .LVU26
 135 001a FFF7FEFF 		bl	osMutexRelease
 136              	.LVL2:
 137              	.L7:
 124:Core/Src/config_manager.c ****     }
 125:Core/Src/config_manager.c ****     
 126:Core/Src/config_manager.c ****     return id;
 138              		.loc 1 126 5 view .LVU27
 127:Core/Src/config_manager.c **** }
 139              		.loc 1 127 1 is_stmt 0 view .LVU28
 140 001e 2046     		mov	r0, r4
 141 0020 10BD     		pop	{r4, pc}
 142              	.LVL3:
 143              	.L10:
 144              		.loc 1 127 1 view .LVU29
 145 0022 00BF     		.align	2
 146              	.L9:
 147 0024 00000000 		.word	config_mutex
 148 0028 00000000 		.word	module_id
 149              		.cfi_endproc
 150              	.LFE294:
 152              		.section	.text.Config_ReadModuleIDFromFlash,"ax",%progbits
 153              		.align	1
 154              		.global	Config_ReadModuleIDFromFlash
 155              		.syntax unified
 156              		.thumb
 157              		.thumb_func
 159              	Config_ReadModuleIDFromFlash:
 160              	.LFB295:
 128:Core/Src/config_manager.c **** 
 129:Core/Src/config_manager.c **** /**
 130:Core/Src/config_manager.c ****   * @brief  Read module ID from flash storage
 131:Core/Src/config_manager.c ****   * @retval Module ID from flash, or CONFIG_MODULE_ID_DEFAULT if uninitialized
 132:Core/Src/config_manager.c ****   */
 133:Core/Src/config_manager.c **** uint8_t Config_ReadModuleIDFromFlash(void)
 134:Core/Src/config_manager.c **** {
 161              		.loc 1 134 1 is_stmt 1 view -0
 162              		.cfi_startproc
 163              		@ args = 0, pretend = 0, frame = 0
 164              		@ frame_needed = 0, uses_anonymous_args = 0
 165              		@ link register save eliminated.
 135:Core/Src/config_manager.c ****     // Read 32-bit word from flash
 136:Core/Src/config_manager.c ****     uint32_t flash_value = *(__IO uint32_t*)CONFIG_FLASH_MODULE_ADDR;
 166              		.loc 1 136 5 view .LVU31
 167              		.loc 1 136 14 is_stmt 0 view .LVU32
ARM GAS  C:\Users\Ali\AppData\Local\Temp\ccWQI1fJ.s 			page 57


 168 0000 054B     		ldr	r3, .L15
 169 0002 1868     		ldr	r0, [r3]
 170              	.LVL4:
 137:Core/Src/config_manager.c ****     
 138:Core/Src/config_manager.c ****     // Check if magic value is present (upper 16 bits)
 139:Core/Src/config_manager.c ****     if ((flash_value & CONFIG_FLASH_MAGIC_MASK) == CONFIG_FLASH_MAGIC) {
 171              		.loc 1 139 5 is_stmt 1 view .LVU33
 172              		.loc 1 139 22 is_stmt 0 view .LVU34
 173 0004 020C     		lsrs	r2, r0, #16
 174 0006 1204     		lsls	r2, r2, #16
 175              		.loc 1 139 8 view .LVU35
 176 0008 044B     		ldr	r3, .L15+4
 177 000a 9A42     		cmp	r2, r3
 178 000c 01D0     		beq	.L14
 140:Core/Src/config_manager.c ****         // Extract module ID from lower 4 bits
 141:Core/Src/config_manager.c ****         uint8_t stored_module_id = (uint8_t)(flash_value & CONFIG_FLASH_MODULE_MASK);
 142:Core/Src/config_manager.c ****         
 143:Core/Src/config_manager.c ****         // Validate range
 144:Core/Src/config_manager.c ****         if (stored_module_id <= CONFIG_MODULE_ID_MAX) {
 145:Core/Src/config_manager.c ****             return stored_module_id;
 146:Core/Src/config_manager.c ****         }
 147:Core/Src/config_manager.c ****     }
 148:Core/Src/config_manager.c ****     
 149:Core/Src/config_manager.c ****     // Flash uninitialized or invalid, return default
 150:Core/Src/config_manager.c ****     return CONFIG_MODULE_ID_DEFAULT;
 179              		.loc 1 150 12 view .LVU36
 180 000e 0020     		movs	r0, #0
 181              	.LVL5:
 151:Core/Src/config_manager.c **** }
 182              		.loc 1 151 1 view .LVU37
 183 0010 7047     		bx	lr
 184              	.LVL6:
 185              	.L14:
 186              	.LBB10:
 141:Core/Src/config_manager.c ****         
 187              		.loc 1 141 9 is_stmt 1 view .LVU38
 141:Core/Src/config_manager.c ****         
 188              		.loc 1 141 17 is_stmt 0 view .LVU39
 189 0012 00F00F00 		and	r0, r0, #15
 190              	.LVL7:
 144:Core/Src/config_manager.c ****             return stored_module_id;
 191              		.loc 1 144 9 is_stmt 1 view .LVU40
 145:Core/Src/config_manager.c ****         }
 192              		.loc 1 145 13 view .LVU41
 145:Core/Src/config_manager.c ****         }
 193              		.loc 1 145 20 is_stmt 0 view .LVU42
 194 0016 7047     		bx	lr
 195              	.L16:
 196              		.align	2
 197              	.L15:
 198 0018 00C00308 		.word	134463488
 199 001c 0000EFBE 		.word	-1091633152
 200              	.LBE10:
 201              		.cfi_endproc
 202              	.LFE295:
 204              		.section	.text.Config_WriteModuleIDToFlash,"ax",%progbits
 205              		.align	1
ARM GAS  C:\Users\Ali\AppData\Local\Temp\ccWQI1fJ.s 			page 58


 206              		.global	Config_WriteModuleIDToFlash
 207              		.syntax unified
 208              		.thumb
 209              		.thumb_func
 211              	Config_WriteModuleIDToFlash:
 212              	.LVL8:
 213              	.LFB296:
 152:Core/Src/config_manager.c **** 
 153:Core/Src/config_manager.c **** /**
 154:Core/Src/config_manager.c ****   * @brief  Write module ID to flash storage
 155:Core/Src/config_manager.c ****   * @param  module_id: Module ID value to write
 156:Core/Src/config_manager.c ****   * @retval 0 on success, -1 on error
 157:Core/Src/config_manager.c ****   */
 158:Core/Src/config_manager.c **** int8_t Config_WriteModuleIDToFlash(uint8_t module_id)
 159:Core/Src/config_manager.c **** {
 214              		.loc 1 159 1 is_stmt 1 view -0
 215              		.cfi_startproc
 216              		@ args = 0, pretend = 0, frame = 24
 217              		@ frame_needed = 0, uses_anonymous_args = 0
 160:Core/Src/config_manager.c ****     HAL_StatusTypeDef status;
 218              		.loc 1 160 5 view .LVU44
 161:Core/Src/config_manager.c ****     
 162:Core/Src/config_manager.c ****     // Validate module ID range
 163:Core/Src/config_manager.c ****     if (module_id > CONFIG_MODULE_ID_MAX) {
 219              		.loc 1 163 5 view .LVU45
 220              		.loc 1 163 8 is_stmt 0 view .LVU46
 221 0000 0F28     		cmp	r0, #15
 222 0002 26D8     		bhi	.L20
 159:Core/Src/config_manager.c ****     HAL_StatusTypeDef status;
 223              		.loc 1 159 1 view .LVU47
 224 0004 10B5     		push	{r4, lr}
 225              		.cfi_def_cfa_offset 8
 226              		.cfi_offset 4, -8
 227              		.cfi_offset 14, -4
 228 0006 86B0     		sub	sp, sp, #24
 229              		.cfi_def_cfa_offset 32
 164:Core/Src/config_manager.c ****         return -1;
 165:Core/Src/config_manager.c ****     }
 166:Core/Src/config_manager.c ****     
 167:Core/Src/config_manager.c ****     // Prepare flash value: magic + module ID
 168:Core/Src/config_manager.c ****     uint32_t flash_value = CONFIG_FLASH_MAGIC | (uint32_t)module_id;
 230              		.loc 1 168 5 is_stmt 1 view .LVU48
 231              		.loc 1 168 14 is_stmt 0 view .LVU49
 232 0008 40F03E44 		orr	r4, r0, #-1107296256
 233 000c 44F46F04 		orr	r4, r4, #15663104
 234              	.LVL9:
 169:Core/Src/config_manager.c ****     
 170:Core/Src/config_manager.c ****     // Unlock flash
 171:Core/Src/config_manager.c ****     status = HAL_FLASH_Unlock();
 235              		.loc 1 171 5 is_stmt 1 view .LVU50
 236              		.loc 1 171 14 is_stmt 0 view .LVU51
 237 0010 FFF7FEFF 		bl	HAL_FLASH_Unlock
 238              	.LVL10:
 172:Core/Src/config_manager.c ****     if (status != HAL_OK) {
 239              		.loc 1 172 5 is_stmt 1 view .LVU52
 240              		.loc 1 172 8 is_stmt 0 view .LVU53
 241 0014 00BB     		cbnz	r0, .L21
ARM GAS  C:\Users\Ali\AppData\Local\Temp\ccWQI1fJ.s 			page 59


 173:Core/Src/config_manager.c ****         return -1;
 174:Core/Src/config_manager.c ****     }
 175:Core/Src/config_manager.c ****     
 176:Core/Src/config_manager.c ****     // Erase the page containing our address
 177:Core/Src/config_manager.c ****     // STM32L432 has 2KB pages, need to erase page before writing
 178:Core/Src/config_manager.c ****     FLASH_EraseInitTypeDef erase_init;
 242              		.loc 1 178 5 is_stmt 1 view .LVU54
 179:Core/Src/config_manager.c ****     uint32_t page_error = 0;
 243              		.loc 1 179 5 view .LVU55
 244              		.loc 1 179 14 is_stmt 0 view .LVU56
 245 0016 0023     		movs	r3, #0
 246 0018 0193     		str	r3, [sp, #4]
 180:Core/Src/config_manager.c ****     
 181:Core/Src/config_manager.c ****     // Calculate page number (page size = 2048 bytes = 0x800)
 182:Core/Src/config_manager.c ****     uint32_t page_address = CONFIG_FLASH_MODULE_ADDR;
 247              		.loc 1 182 5 is_stmt 1 view .LVU57
 248              	.LVL11:
 183:Core/Src/config_manager.c ****     uint32_t page_number = (page_address - FLASH_BASE) / FLASH_PAGE_SIZE;
 249              		.loc 1 183 5 view .LVU58
 184:Core/Src/config_manager.c ****     
 185:Core/Src/config_manager.c ****     erase_init.TypeErase = FLASH_TYPEERASE_PAGES;
 250              		.loc 1 185 5 view .LVU59
 251              		.loc 1 185 26 is_stmt 0 view .LVU60
 252 001a 0293     		str	r3, [sp, #8]
 186:Core/Src/config_manager.c ****     erase_init.Page = page_number;
 253              		.loc 1 186 5 is_stmt 1 view .LVU61
 254              		.loc 1 186 21 is_stmt 0 view .LVU62
 255 001c 7823     		movs	r3, #120
 256 001e 0493     		str	r3, [sp, #16]
 187:Core/Src/config_manager.c ****     erase_init.NbPages = 1;
 257              		.loc 1 187 5 is_stmt 1 view .LVU63
 258              		.loc 1 187 24 is_stmt 0 view .LVU64
 259 0020 0123     		movs	r3, #1
 260 0022 0593     		str	r3, [sp, #20]
 188:Core/Src/config_manager.c ****     
 189:Core/Src/config_manager.c ****     status = HAL_FLASHEx_Erase(&erase_init, &page_error);
 261              		.loc 1 189 5 is_stmt 1 view .LVU65
 262              		.loc 1 189 14 is_stmt 0 view .LVU66
 263 0024 01A9     		add	r1, sp, #4
 264 0026 02A8     		add	r0, sp, #8
 265              	.LVL12:
 266              		.loc 1 189 14 view .LVU67
 267 0028 FFF7FEFF 		bl	HAL_FLASHEx_Erase
 268              	.LVL13:
 190:Core/Src/config_manager.c ****     if (status != HAL_OK) {
 269              		.loc 1 190 5 is_stmt 1 view .LVU68
 270              		.loc 1 190 8 is_stmt 0 view .LVU69
 271 002c 60B9     		cbnz	r0, .L27
 191:Core/Src/config_manager.c ****         HAL_FLASH_Lock();
 192:Core/Src/config_manager.c ****         return -1;
 193:Core/Src/config_manager.c ****     }
 194:Core/Src/config_manager.c ****     
 195:Core/Src/config_manager.c ****     // Program the double-word (64-bit) - STM32L4 requires double-word programming
 196:Core/Src/config_manager.c ****     // We'll write our 32-bit value twice to make 64 bits
 197:Core/Src/config_manager.c ****     uint64_t data = ((uint64_t)flash_value << 32) | (uint64_t)flash_value;
 272              		.loc 1 197 5 is_stmt 1 view .LVU70
 273              	.LVL14:
ARM GAS  C:\Users\Ali\AppData\Local\Temp\ccWQI1fJ.s 			page 60


 198:Core/Src/config_manager.c ****     
 199:Core/Src/config_manager.c ****     status = HAL_FLASH_Program(FLASH_TYPEPROGRAM_DOUBLEWORD, CONFIG_FLASH_MODULE_ADDR, data);
 274              		.loc 1 199 5 view .LVU71
 275              		.loc 1 199 14 is_stmt 0 view .LVU72
 276 002e 2246     		mov	r2, r4
 277 0030 2346     		mov	r3, r4
 278 0032 0C49     		ldr	r1, .L28
 279 0034 0020     		movs	r0, #0
 280              	.LVL15:
 281              		.loc 1 199 14 view .LVU73
 282 0036 FFF7FEFF 		bl	HAL_FLASH_Program
 283              	.LVL16:
 284 003a 0446     		mov	r4, r0
 285              	.LVL17:
 200:Core/Src/config_manager.c ****     
 201:Core/Src/config_manager.c ****     // Lock flash
 202:Core/Src/config_manager.c ****     HAL_FLASH_Lock();
 286              		.loc 1 202 5 is_stmt 1 view .LVU74
 287 003c FFF7FEFF 		bl	HAL_FLASH_Lock
 288              	.LVL18:
 203:Core/Src/config_manager.c ****     
 204:Core/Src/config_manager.c ****     return (status == HAL_OK) ? 0 : -1;
 289              		.loc 1 204 5 view .LVU75
 290              		.loc 1 204 35 is_stmt 0 view .LVU76
 291 0040 6CB9     		cbnz	r4, .L22
 292              		.loc 1 204 35 discriminator 1 view .LVU77
 293 0042 0020     		movs	r0, #0
 294              	.LVL19:
 295              	.L18:
 205:Core/Src/config_manager.c **** }
 296              		.loc 1 205 1 view .LVU78
 297 0044 06B0     		add	sp, sp, #24
 298              		.cfi_remember_state
 299              		.cfi_def_cfa_offset 8
 300              		@ sp needed
 301 0046 10BD     		pop	{r4, pc}
 302              	.LVL20:
 303              	.L27:
 304              		.cfi_restore_state
 191:Core/Src/config_manager.c ****         return -1;
 305              		.loc 1 191 9 is_stmt 1 view .LVU79
 306 0048 FFF7FEFF 		bl	HAL_FLASH_Lock
 307              	.LVL21:
 192:Core/Src/config_manager.c ****     }
 308              		.loc 1 192 9 view .LVU80
 192:Core/Src/config_manager.c ****     }
 309              		.loc 1 192 16 is_stmt 0 view .LVU81
 310 004c 4FF0FF30 		mov	r0, #-1
 311 0050 F8E7     		b	.L18
 312              	.LVL22:
 313              	.L20:
 314              		.cfi_def_cfa_offset 0
 315              		.cfi_restore 4
 316              		.cfi_restore 14
 164:Core/Src/config_manager.c ****     }
 317              		.loc 1 164 16 view .LVU82
 318 0052 4FF0FF30 		mov	r0, #-1
ARM GAS  C:\Users\Ali\AppData\Local\Temp\ccWQI1fJ.s 			page 61


 319              	.LVL23:
 320              		.loc 1 205 1 view .LVU83
 321 0056 7047     		bx	lr
 322              	.LVL24:
 323              	.L21:
 324              		.cfi_def_cfa_offset 32
 325              		.cfi_offset 4, -8
 326              		.cfi_offset 14, -4
 173:Core/Src/config_manager.c ****     }
 327              		.loc 1 173 16 view .LVU84
 328 0058 4FF0FF30 		mov	r0, #-1
 329              	.LVL25:
 173:Core/Src/config_manager.c ****     }
 330              		.loc 1 173 16 view .LVU85
 331 005c F2E7     		b	.L18
 332              	.LVL26:
 333              	.L22:
 204:Core/Src/config_manager.c **** }
 334              		.loc 1 204 35 discriminator 2 view .LVU86
 335 005e 4FF0FF30 		mov	r0, #-1
 336 0062 EFE7     		b	.L18
 337              	.L29:
 338              		.align	2
 339              	.L28:
 340 0064 00C00308 		.word	134463488
 341              		.cfi_endproc
 342              	.LFE296:
 344              		.section	.text.Config_SetModuleID,"ax",%progbits
 345              		.align	1
 346              		.global	Config_SetModuleID
 347              		.syntax unified
 348              		.thumb
 349              		.thumb_func
 351              	Config_SetModuleID:
 352              	.LVL27:
 353              	.LFB293:
  95:Core/Src/config_manager.c ****     // Validate module ID range
 354              		.loc 1 95 1 is_stmt 1 view -0
 355              		.cfi_startproc
 356              		@ args = 0, pretend = 0, frame = 0
 357              		@ frame_needed = 0, uses_anonymous_args = 0
  97:Core/Src/config_manager.c ****         return -1;
 358              		.loc 1 97 5 view .LVU88
  97:Core/Src/config_manager.c ****         return -1;
 359              		.loc 1 97 8 is_stmt 0 view .LVU89
 360 0000 0F28     		cmp	r0, #15
 361 0002 03D8     		bhi	.L32
  95:Core/Src/config_manager.c ****     // Validate module ID range
 362              		.loc 1 95 1 view .LVU90
 363 0004 08B5     		push	{r3, lr}
 364              		.cfi_def_cfa_offset 8
 365              		.cfi_offset 3, -8
 366              		.cfi_offset 14, -4
 102:Core/Src/config_manager.c ****     
 367              		.loc 1 102 5 is_stmt 1 view .LVU91
 102:Core/Src/config_manager.c ****     
 368              		.loc 1 102 21 is_stmt 0 view .LVU92
ARM GAS  C:\Users\Ali\AppData\Local\Temp\ccWQI1fJ.s 			page 62


 369 0006 FFF7FEFF 		bl	Config_WriteModuleIDToFlash
 370              	.LVL28:
 104:Core/Src/config_manager.c **** }
 371              		.loc 1 104 5 is_stmt 1 view .LVU93
 105:Core/Src/config_manager.c **** 
 372              		.loc 1 105 1 is_stmt 0 view .LVU94
 373 000a 08BD     		pop	{r3, pc}
 374              	.LVL29:
 375              	.L32:
 376              		.cfi_def_cfa_offset 0
 377              		.cfi_restore 3
 378              		.cfi_restore 14
  98:Core/Src/config_manager.c ****     }
 379              		.loc 1 98 16 view .LVU95
 380 000c 4FF0FF30 		mov	r0, #-1
 381              	.LVL30:
 105:Core/Src/config_manager.c **** 
 382              		.loc 1 105 1 view .LVU96
 383 0010 7047     		bx	lr
 384              		.cfi_endproc
 385              	.LFE293:
 387              		.section	.text.Config_InitCANIDs,"ax",%progbits
 388              		.align	1
 389              		.global	Config_InitCANIDs
 390              		.syntax unified
 391              		.thumb
 392              		.thumb_func
 394              	Config_InitCANIDs:
 395              	.LFB297:
 206:Core/Src/config_manager.c **** 
 207:Core/Src/config_manager.c **** /**
 208:Core/Src/config_manager.c ****   * @brief  Initialize all CAN IDs with module offset
 209:Core/Src/config_manager.c ****   * @note   Called during Config_Init() after module ID is read
 210:Core/Src/config_manager.c ****   * @retval None
 211:Core/Src/config_manager.c ****   */
 212:Core/Src/config_manager.c **** void Config_InitCANIDs(void)
 213:Core/Src/config_manager.c **** {
 396              		.loc 1 213 1 is_stmt 1 view -0
 397              		.cfi_startproc
 398              		@ args = 0, pretend = 0, frame = 0
 399              		@ frame_needed = 0, uses_anonymous_args = 0
 400 0000 08B5     		push	{r3, lr}
 401              		.cfi_def_cfa_offset 8
 402              		.cfi_offset 3, -8
 403              		.cfi_offset 14, -4
 214:Core/Src/config_manager.c ****     uint8_t mod_id = Config_GetModuleID();
 404              		.loc 1 214 5 view .LVU98
 405              		.loc 1 214 22 is_stmt 0 view .LVU99
 406 0002 FFF7FEFF 		bl	Config_GetModuleID
 407              	.LVL31:
 215:Core/Src/config_manager.c ****     
 216:Core/Src/config_manager.c ****     // Initialize all CAN IDs with module offset
 217:Core/Src/config_manager.c ****     CAN_TEMP_ID = CAN_ID(CAN_TEMP_BASE, mod_id);
 408              		.loc 1 217 5 is_stmt 1 view .LVU100
 409              		.loc 1 217 19 is_stmt 0 view .LVU101
 410 0006 0003     		lsls	r0, r0, #12
 411              	.LVL32:
ARM GAS  C:\Users\Ali\AppData\Local\Temp\ccWQI1fJ.s 			page 63


 412              		.loc 1 217 19 view .LVU102
 413 0008 40F00F63 		orr	r3, r0, #149946368
 414              		.loc 1 217 17 view .LVU103
 415 000c 314A     		ldr	r2, .L39
 416 000e 1360     		str	r3, [r2]
 218:Core/Src/config_manager.c ****     CAN_TEMP_RAW_ID = CAN_ID(CAN_TEMP_RAW_BASE, mod_id);
 417              		.loc 1 218 5 is_stmt 1 view .LVU104
 418              		.loc 1 218 23 is_stmt 0 view .LVU105
 419 0010 43F48071 		orr	r1, r3, #256
 420              		.loc 1 218 21 view .LVU106
 421 0014 304A     		ldr	r2, .L39+4
 422 0016 1160     		str	r1, [r2]
 219:Core/Src/config_manager.c ****     CAN_TEMP_SUMMARY_ID = CAN_ID(CAN_TEMP_SUMMARY_BASE, mod_id);
 423              		.loc 1 219 5 is_stmt 1 view .LVU107
 424              		.loc 1 219 27 is_stmt 0 view .LVU108
 425 0018 304A     		ldr	r2, .L39+8
 426 001a 0243     		orrs	r2, r2, r0
 427              		.loc 1 219 25 view .LVU109
 428 001c 3049     		ldr	r1, .L39+12
 429 001e 0A60     		str	r2, [r1]
 220:Core/Src/config_manager.c ****     CAN_VOLTAGE_0_ID = CAN_ID(CAN_VOLTAGE_0_BASE, mod_id);
 430              		.loc 1 220 5 is_stmt 1 view .LVU110
 431              		.loc 1 220 24 is_stmt 0 view .LVU111
 432 0020 43F40071 		orr	r1, r3, #512
 433              		.loc 1 220 22 view .LVU112
 434 0024 2F4A     		ldr	r2, .L39+16
 435 0026 1160     		str	r1, [r2]
 221:Core/Src/config_manager.c ****     CAN_VOLTAGE_1_ID = CAN_ID(CAN_VOLTAGE_1_BASE, mod_id);
 436              		.loc 1 221 5 is_stmt 1 view .LVU113
 437              		.loc 1 221 24 is_stmt 0 view .LVU114
 438 0028 2F4A     		ldr	r2, .L39+20
 439 002a 0243     		orrs	r2, r2, r0
 440              		.loc 1 221 22 view .LVU115
 441 002c 2F49     		ldr	r1, .L39+24
 442 002e 0A60     		str	r2, [r1]
 222:Core/Src/config_manager.c ****     CAN_VOLTAGE_2_ID = CAN_ID(CAN_VOLTAGE_2_BASE, mod_id);
 443              		.loc 1 222 5 is_stmt 1 view .LVU116
 444              		.loc 1 222 24 is_stmt 0 view .LVU117
 445 0030 2F4A     		ldr	r2, .L39+28
 446 0032 0243     		orrs	r2, r2, r0
 447              		.loc 1 222 22 view .LVU118
 448 0034 2F49     		ldr	r1, .L39+32
 449 0036 0A60     		str	r2, [r1]
 223:Core/Src/config_manager.c ****     CAN_VOLTAGE_3_ID = CAN_ID(CAN_VOLTAGE_3_BASE, mod_id);
 450              		.loc 1 223 5 is_stmt 1 view .LVU119
 451              		.loc 1 223 24 is_stmt 0 view .LVU120
 452 0038 2F4A     		ldr	r2, .L39+36
 453 003a 0243     		orrs	r2, r2, r0
 454              		.loc 1 223 22 view .LVU121
 455 003c 2F49     		ldr	r1, .L39+40
 456 003e 0A60     		str	r2, [r1]
 224:Core/Src/config_manager.c ****     CAN_VOLTAGE_4_ID = CAN_ID(CAN_VOLTAGE_4_BASE, mod_id);
 457              		.loc 1 224 5 is_stmt 1 view .LVU122
 458              		.loc 1 224 24 is_stmt 0 view .LVU123
 459 0040 43F40171 		orr	r1, r3, #516
 460              		.loc 1 224 22 view .LVU124
 461 0044 2E4A     		ldr	r2, .L39+44
ARM GAS  C:\Users\Ali\AppData\Local\Temp\ccWQI1fJ.s 			page 64


 462 0046 1160     		str	r1, [r2]
 225:Core/Src/config_manager.c ****     CAN_VOLTAGE_5_ID = CAN_ID(CAN_VOLTAGE_5_BASE, mod_id);
 463              		.loc 1 225 5 is_stmt 1 view .LVU125
 464              		.loc 1 225 24 is_stmt 0 view .LVU126
 465 0048 2E4A     		ldr	r2, .L39+48
 466 004a 0243     		orrs	r2, r2, r0
 467              		.loc 1 225 22 view .LVU127
 468 004c 2E49     		ldr	r1, .L39+52
 469 004e 0A60     		str	r2, [r1]
 226:Core/Src/config_manager.c ****     CAN_BMS1_STATUS_ID = CAN_ID(CAN_BMS1_STATUS_BASE, mod_id);
 470              		.loc 1 226 5 is_stmt 1 view .LVU128
 471              		.loc 1 226 26 is_stmt 0 view .LVU129
 472 0050 2E4A     		ldr	r2, .L39+56
 473 0052 0243     		orrs	r2, r2, r0
 474              		.loc 1 226 24 view .LVU130
 475 0054 2E49     		ldr	r1, .L39+60
 476 0056 0A60     		str	r2, [r1]
 227:Core/Src/config_manager.c ****     CAN_BMS2_STATUS_ID = CAN_ID(CAN_BMS2_STATUS_BASE, mod_id);
 477              		.loc 1 227 5 is_stmt 1 view .LVU131
 478              		.loc 1 227 26 is_stmt 0 view .LVU132
 479 0058 2E4A     		ldr	r2, .L39+64
 480 005a 0243     		orrs	r2, r2, r0
 481              		.loc 1 227 24 view .LVU133
 482 005c 2E49     		ldr	r1, .L39+68
 483 005e 0A60     		str	r2, [r1]
 228:Core/Src/config_manager.c ****     CAN_BMS_HEARTBEAT_ID = CAN_ID(CAN_BMS_HEARTBEAT_BASE, mod_id);
 484              		.loc 1 228 5 is_stmt 1 view .LVU134
 485              		.loc 1 228 28 is_stmt 0 view .LVU135
 486 0060 43F44073 		orr	r3, r3, #768
 487              		.loc 1 228 26 view .LVU136
 488 0064 2D4A     		ldr	r2, .L39+72
 489 0066 1360     		str	r3, [r2]
 229:Core/Src/config_manager.c ****     CAN_BMS_STATS_ID = CAN_ID(CAN_BMS_STATS_BASE, mod_id);
 490              		.loc 1 229 5 is_stmt 1 view .LVU137
 491              		.loc 1 229 24 is_stmt 0 view .LVU138
 492 0068 2D4B     		ldr	r3, .L39+76
 493 006a 0343     		orrs	r3, r3, r0
 494              		.loc 1 229 22 view .LVU139
 495 006c 2D4A     		ldr	r2, .L39+80
 496 006e 1360     		str	r3, [r2]
 230:Core/Src/config_manager.c ****     CAN_CONFIG_ACK_ID = CAN_ID(CAN_CONFIG_ACK_BASE, mod_id);
 497              		.loc 1 230 5 is_stmt 1 view .LVU140
 498              		.loc 1 230 25 is_stmt 0 view .LVU141
 499 0070 2D4B     		ldr	r3, .L39+84
 500 0072 0343     		orrs	r3, r3, r0
 501              		.loc 1 230 23 view .LVU142
 502 0074 2D4A     		ldr	r2, .L39+88
 503 0076 1360     		str	r3, [r2]
 231:Core/Src/config_manager.c ****     CAN_RESET_CMD_ID = CAN_ID(CAN_RESET_CMD_BASE, mod_id);
 504              		.loc 1 231 5 is_stmt 1 view .LVU143
 505              		.loc 1 231 24 is_stmt 0 view .LVU144
 506 0078 2D4B     		ldr	r3, .L39+92
 507 007a 0343     		orrs	r3, r3, r0
 508              		.loc 1 231 22 view .LVU145
 509 007c 2D4A     		ldr	r2, .L39+96
 510 007e 1360     		str	r3, [r2]
 232:Core/Src/config_manager.c ****     CAN_BMS_RESET_CMD_ID = CAN_ID(CAN_BMS_RESET_CMD_BASE, mod_id);
ARM GAS  C:\Users\Ali\AppData\Local\Temp\ccWQI1fJ.s 			page 65


 511              		.loc 1 232 5 is_stmt 1 view .LVU146
 512              		.loc 1 232 28 is_stmt 0 view .LVU147
 513 0080 2D4B     		ldr	r3, .L39+100
 514 0082 0343     		orrs	r3, r3, r0
 515              		.loc 1 232 26 view .LVU148
 516 0084 2D4A     		ldr	r2, .L39+104
 517 0086 1360     		str	r3, [r2]
 233:Core/Src/config_manager.c ****     CAN_BMS_RESET_ACK_ID = CAN_ID(CAN_BMS_RESET_ACK_BASE, mod_id);
 518              		.loc 1 233 5 is_stmt 1 view .LVU149
 519              		.loc 1 233 28 is_stmt 0 view .LVU150
 520 0088 2D4B     		ldr	r3, .L39+108
 521 008a 0343     		orrs	r3, r3, r0
 522              		.loc 1 233 26 view .LVU151
 523 008c 2D4A     		ldr	r2, .L39+112
 524 008e 1360     		str	r3, [r2]
 234:Core/Src/config_manager.c ****     CAN_BALANCE_CMD_ID = CAN_ID(CAN_BALANCE_CMD_BASE, mod_id);
 525              		.loc 1 234 5 is_stmt 1 view .LVU152
 526              		.loc 1 234 26 is_stmt 0 view .LVU153
 527 0090 2D4B     		ldr	r3, .L39+116
 528 0092 0343     		orrs	r3, r3, r0
 529              		.loc 1 234 24 view .LVU154
 530 0094 2D4A     		ldr	r2, .L39+120
 531 0096 1360     		str	r3, [r2]
 235:Core/Src/config_manager.c ****     CAN_BALANCE_ACK_ID = CAN_ID(CAN_BALANCE_ACK_BASE, mod_id);
 532              		.loc 1 235 5 is_stmt 1 view .LVU155
 533              		.loc 1 235 26 is_stmt 0 view .LVU156
 534 0098 2D4B     		ldr	r3, .L39+124
 535 009a 0343     		orrs	r3, r3, r0
 536              		.loc 1 235 24 view .LVU157
 537 009c 2D4A     		ldr	r2, .L39+128
 538 009e 1360     		str	r3, [r2]
 236:Core/Src/config_manager.c ****     CAN_BALANCE_CFG_ID = CAN_ID(CAN_BALANCE_CFG_BASE, mod_id);
 539              		.loc 1 236 5 is_stmt 1 view .LVU158
 540              		.loc 1 236 26 is_stmt 0 view .LVU159
 541 00a0 2D4B     		ldr	r3, .L39+132
 542 00a2 0343     		orrs	r3, r3, r0
 543              		.loc 1 236 24 view .LVU160
 544 00a4 2D4A     		ldr	r2, .L39+136
 545 00a6 1360     		str	r3, [r2]
 237:Core/Src/config_manager.c ****     CAN_BALANCE_STATUS_ID = CAN_ID(CAN_BALANCE_STATUS_BASE, mod_id);
 546              		.loc 1 237 5 is_stmt 1 view .LVU161
 547              		.loc 1 237 29 is_stmt 0 view .LVU162
 548 00a8 2D4B     		ldr	r3, .L39+140
 549 00aa 0343     		orrs	r3, r3, r0
 550              		.loc 1 237 27 view .LVU163
 551 00ac 2D4A     		ldr	r2, .L39+144
 552 00ae 1360     		str	r3, [r2]
 238:Core/Src/config_manager.c ****     CAN_BMS1_BAL_DETAIL_ID = CAN_ID(CAN_BMS1_BAL_DETAIL_BASE, mod_id);
 553              		.loc 1 238 5 is_stmt 1 view .LVU164
 554              		.loc 1 238 30 is_stmt 0 view .LVU165
 555 00b0 2D4B     		ldr	r3, .L39+148
 556 00b2 0343     		orrs	r3, r3, r0
 557              		.loc 1 238 28 view .LVU166
 558 00b4 2D4A     		ldr	r2, .L39+152
 559 00b6 1360     		str	r3, [r2]
 239:Core/Src/config_manager.c ****     CAN_BMS2_BAL_DETAIL_ID = CAN_ID(CAN_BMS2_BAL_DETAIL_BASE, mod_id);
 560              		.loc 1 239 5 is_stmt 1 view .LVU167
ARM GAS  C:\Users\Ali\AppData\Local\Temp\ccWQI1fJ.s 			page 66


 561              		.loc 1 239 30 is_stmt 0 view .LVU168
 562 00b8 2D4B     		ldr	r3, .L39+156
 563 00ba 0343     		orrs	r3, r3, r0
 564              		.loc 1 239 28 view .LVU169
 565 00bc 2D4A     		ldr	r2, .L39+160
 566 00be 1360     		str	r3, [r2]
 240:Core/Src/config_manager.c ****     CAN_DEBUG_RESPONSE_ID = CAN_ID(CAN_DEBUG_RESPONSE_BASE, mod_id);
 567              		.loc 1 240 5 is_stmt 1 view .LVU170
 568              		.loc 1 240 29 is_stmt 0 view .LVU171
 569 00c0 2D4B     		ldr	r3, .L39+164
 570 00c2 0343     		orrs	r3, r3, r0
 571              		.loc 1 240 27 view .LVU172
 572 00c4 2D4A     		ldr	r2, .L39+168
 573 00c6 1360     		str	r3, [r2]
 241:Core/Src/config_manager.c ****     CAN_I2C_DIAG_ID = CAN_ID(CAN_I2C_DIAG_BASE, mod_id);
 574              		.loc 1 241 5 is_stmt 1 view .LVU173
 575              		.loc 1 241 23 is_stmt 0 view .LVU174
 576 00c8 2D4B     		ldr	r3, .L39+172
 577 00ca 0343     		orrs	r3, r3, r0
 578              		.loc 1 241 21 view .LVU175
 579 00cc 2D4A     		ldr	r2, .L39+176
 580 00ce 1360     		str	r3, [r2]
 242:Core/Src/config_manager.c **** }
 581              		.loc 1 242 1 view .LVU176
 582 00d0 08BD     		pop	{r3, pc}
 583              	.L40:
 584 00d2 00BF     		.align	2
 585              	.L39:
 586 00d4 00000000 		.word	CAN_TEMP_ID
 587 00d8 00000000 		.word	CAN_TEMP_RAW_ID
 588 00dc 0101F008 		.word	149946625
 589 00e0 00000000 		.word	CAN_TEMP_SUMMARY_ID
 590 00e4 00000000 		.word	CAN_VOLTAGE_0_ID
 591 00e8 0102F008 		.word	149946881
 592 00ec 00000000 		.word	CAN_VOLTAGE_1_ID
 593 00f0 0202F008 		.word	149946882
 594 00f4 00000000 		.word	CAN_VOLTAGE_2_ID
 595 00f8 0302F008 		.word	149946883
 596 00fc 00000000 		.word	CAN_VOLTAGE_3_ID
 597 0100 00000000 		.word	CAN_VOLTAGE_4_ID
 598 0104 0502F008 		.word	149946885
 599 0108 00000000 		.word	CAN_VOLTAGE_5_ID
 600 010c 0602F008 		.word	149946886
 601 0110 00000000 		.word	CAN_BMS1_STATUS_ID
 602 0114 0702F008 		.word	149946887
 603 0118 00000000 		.word	CAN_BMS2_STATUS_ID
 604 011c 00000000 		.word	CAN_BMS_HEARTBEAT_ID
 605 0120 0103F008 		.word	149947137
 606 0124 00000000 		.word	CAN_BMS_STATS_ID
 607 0128 010FF008 		.word	149950209
 608 012c 00000000 		.word	CAN_CONFIG_ACK_ID
 609 0130 020FF008 		.word	149950210
 610 0134 00000000 		.word	CAN_RESET_CMD_ID
 611 0138 030FF008 		.word	149950211
 612 013c 00000000 		.word	CAN_BMS_RESET_CMD_ID
 613 0140 040FF008 		.word	149950212
 614 0144 00000000 		.word	CAN_BMS_RESET_ACK_ID
ARM GAS  C:\Users\Ali\AppData\Local\Temp\ccWQI1fJ.s 			page 67


 615 0148 050FF008 		.word	149950213
 616 014c 00000000 		.word	CAN_BALANCE_CMD_ID
 617 0150 060FF008 		.word	149950214
 618 0154 00000000 		.word	CAN_BALANCE_ACK_ID
 619 0158 070FF008 		.word	149950215
 620 015c 00000000 		.word	CAN_BALANCE_CFG_ID
 621 0160 080FF008 		.word	149950216
 622 0164 00000000 		.word	CAN_BALANCE_STATUS_ID
 623 0168 090FF008 		.word	149950217
 624 016c 00000000 		.word	CAN_BMS1_BAL_DETAIL_ID
 625 0170 0A0FF008 		.word	149950218
 626 0174 00000000 		.word	CAN_BMS2_BAL_DETAIL_ID
 627 0178 110FF008 		.word	149950225
 628 017c 00000000 		.word	CAN_DEBUG_RESPONSE_ID
 629 0180 120FF008 		.word	149950226
 630 0184 00000000 		.word	CAN_I2C_DIAG_ID
 631              		.cfi_endproc
 632              	.LFE297:
 634              		.section	.text.Config_Init,"ax",%progbits
 635              		.align	1
 636              		.global	Config_Init
 637              		.syntax unified
 638              		.thumb
 639              		.thumb_func
 641              	Config_Init:
 642              	.LFB292:
  70:Core/Src/config_manager.c ****     // Create mutex for thread-safe access
 643              		.loc 1 70 1 is_stmt 1 view -0
 644              		.cfi_startproc
 645              		@ args = 0, pretend = 0, frame = 16
 646              		@ frame_needed = 0, uses_anonymous_args = 0
 647 0000 00B5     		push	{lr}
 648              		.cfi_def_cfa_offset 4
 649              		.cfi_offset 14, -4
 650 0002 85B0     		sub	sp, sp, #20
 651              		.cfi_def_cfa_offset 24
  72:Core/Src/config_manager.c ****         .name = "ConfigMutex",
 652              		.loc 1 72 5 view .LVU178
  72:Core/Src/config_manager.c ****         .name = "ConfigMutex",
 653              		.loc 1 72 25 is_stmt 0 view .LVU179
 654 0004 084B     		ldr	r3, .L43
 655 0006 0FCB     		ldm	r3, {r0, r1, r2, r3}
 656 0008 8DE80F00 		stm	sp, {r0, r1, r2, r3}
  79:Core/Src/config_manager.c ****     
 657              		.loc 1 79 5 is_stmt 1 view .LVU180
  79:Core/Src/config_manager.c ****     
 658              		.loc 1 79 20 is_stmt 0 view .LVU181
 659 000c 6846     		mov	r0, sp
 660 000e FFF7FEFF 		bl	osMutexNew
 661              	.LVL33:
  79:Core/Src/config_manager.c ****     
 662              		.loc 1 79 18 discriminator 1 view .LVU182
 663 0012 064B     		ldr	r3, .L43+4
 664 0014 1860     		str	r0, [r3]
  82:Core/Src/config_manager.c ****     
 665              		.loc 1 82 5 is_stmt 1 view .LVU183
  82:Core/Src/config_manager.c ****     
ARM GAS  C:\Users\Ali\AppData\Local\Temp\ccWQI1fJ.s 			page 68


 666              		.loc 1 82 17 is_stmt 0 view .LVU184
 667 0016 FFF7FEFF 		bl	Config_ReadModuleIDFromFlash
 668              	.LVL34:
  82:Core/Src/config_manager.c ****     
 669              		.loc 1 82 15 discriminator 1 view .LVU185
 670 001a 054B     		ldr	r3, .L43+8
 671 001c 1870     		strb	r0, [r3]
  85:Core/Src/config_manager.c **** }
 672              		.loc 1 85 5 is_stmt 1 view .LVU186
 673 001e FFF7FEFF 		bl	Config_InitCANIDs
 674              	.LVL35:
  86:Core/Src/config_manager.c **** 
 675              		.loc 1 86 1 is_stmt 0 view .LVU187
 676 0022 05B0     		add	sp, sp, #20
 677              		.cfi_def_cfa_offset 4
 678              		@ sp needed
 679 0024 5DF804FB 		ldr	pc, [sp], #4
 680              	.L44:
 681              		.align	2
 682              	.L43:
 683 0028 00000000 		.word	.LANCHOR0
 684 002c 00000000 		.word	config_mutex
 685 0030 00000000 		.word	module_id
 686              		.cfi_endproc
 687              	.LFE292:
 689              		.section	.text.Config_ProcessCANCommand,"ax",%progbits
 690              		.align	1
 691              		.global	Config_ProcessCANCommand
 692              		.syntax unified
 693              		.thumb
 694              		.thumb_func
 696              	Config_ProcessCANCommand:
 697              	.LVL36:
 698              	.LFB298:
 243:Core/Src/config_manager.c **** 
 244:Core/Src/config_manager.c **** /**
 245:Core/Src/config_manager.c ****   * @brief  Process configuration CAN command
 246:Core/Src/config_manager.c ****   * @param  data: CAN message data (8 bytes)
 247:Core/Src/config_manager.c ****   * @param  length: Data length
 248:Core/Src/config_manager.c ****   * @retval None
 249:Core/Src/config_manager.c ****   * @note   Sends acknowledgement message, then resets device if successful
 250:Core/Src/config_manager.c ****   */
 251:Core/Src/config_manager.c **** void Config_ProcessCANCommand(uint8_t *data, uint8_t length)
 252:Core/Src/config_manager.c **** {
 699              		.loc 1 252 1 is_stmt 1 view -0
 700              		.cfi_startproc
 701              		@ args = 0, pretend = 0, frame = 8
 702              		@ frame_needed = 0, uses_anonymous_args = 0
 253:Core/Src/config_manager.c ****     if (data == NULL || length < 2) {
 703              		.loc 1 253 5 view .LVU189
 704              		.loc 1 253 8 is_stmt 0 view .LVU190
 705 0000 0028     		cmp	r0, #0
 706 0002 00F04F81 		beq	.L73
 707              		.loc 1 253 22 discriminator 1 view .LVU191
 708 0006 0129     		cmp	r1, #1
 709 0008 40F24C81 		bls	.L73
 252:Core/Src/config_manager.c ****     if (data == NULL || length < 2) {
ARM GAS  C:\Users\Ali\AppData\Local\Temp\ccWQI1fJ.s 			page 69


 710              		.loc 1 252 1 view .LVU192
 711 000c F0B5     		push	{r4, r5, r6, r7, lr}
 712              		.cfi_def_cfa_offset 20
 713              		.cfi_offset 4, -20
 714              		.cfi_offset 5, -16
 715              		.cfi_offset 6, -12
 716              		.cfi_offset 7, -8
 717              		.cfi_offset 14, -4
 718 000e 83B0     		sub	sp, sp, #12
 719              		.cfi_def_cfa_offset 32
 254:Core/Src/config_manager.c ****         return;
 255:Core/Src/config_manager.c ****     }
 256:Core/Src/config_manager.c ****     
 257:Core/Src/config_manager.c ****     uint8_t command = data[0];
 720              		.loc 1 257 5 is_stmt 1 view .LVU193
 721              		.loc 1 257 13 is_stmt 0 view .LVU194
 722 0010 0578     		ldrb	r5, [r0]	@ zero_extendqisi2
 723              	.LVL37:
 258:Core/Src/config_manager.c ****     uint8_t value = data[1];
 724              		.loc 1 258 5 is_stmt 1 view .LVU195
 725              		.loc 1 258 13 is_stmt 0 view .LVU196
 726 0012 4478     		ldrb	r4, [r0, #1]	@ zero_extendqisi2
 727              	.LVL38:
 259:Core/Src/config_manager.c ****     uint8_t ack_data[8] = {0};
 728              		.loc 1 259 5 is_stmt 1 view .LVU197
 729              		.loc 1 259 13 is_stmt 0 view .LVU198
 730 0014 0023     		movs	r3, #0
 731 0016 0093     		str	r3, [sp]
 732 0018 0193     		str	r3, [sp, #4]
 260:Core/Src/config_manager.c ****     uint8_t status = CONFIG_STATUS_FAIL;
 733              		.loc 1 260 5 is_stmt 1 view .LVU199
 734              	.LVL39:
 261:Core/Src/config_manager.c ****     
 262:Core/Src/config_manager.c ****     switch (command) {
 735              		.loc 1 262 5 view .LVU200
 736 001a 6B1E     		subs	r3, r5, #1
 737 001c 062B     		cmp	r3, #6
 738 001e 51D8     		bhi	.L45
 739 0020 DFE813F0 		tbh	[pc, r3, lsl #1]
 740              	.L51:
 741 0024 0700     		.2byte	(.L57-.L51)/2
 742 0026 3000     		.2byte	(.L56-.L51)/2
 743 0028 5200     		.2byte	(.L55-.L51)/2
 744 002a 7300     		.2byte	(.L54-.L51)/2
 745 002c A200     		.2byte	(.L53-.L51)/2
 746 002e D100     		.2byte	(.L52-.L51)/2
 747 0030 1A01     		.2byte	(.L50-.L51)/2
 748              		.p2align 1
 749              	.L57:
 750              	.LBB11:
 263:Core/Src/config_manager.c ****         case CONFIG_CMD_SET_MODULE_ID:
 264:Core/Src/config_manager.c ****         {
 265:Core/Src/config_manager.c ****             // Get current module ID before changing
 266:Core/Src/config_manager.c ****             uint8_t old_module_id = Config_GetModuleID();
 751              		.loc 1 266 13 view .LVU201
 752              		.loc 1 266 37 is_stmt 0 view .LVU202
 753 0032 FFF7FEFF 		bl	Config_GetModuleID
ARM GAS  C:\Users\Ali\AppData\Local\Temp\ccWQI1fJ.s 			page 70


 754              	.LVL40:
 755              		.loc 1 266 37 view .LVU203
 756 0036 0646     		mov	r6, r0
 757              	.LVL41:
 267:Core/Src/config_manager.c ****             
 268:Core/Src/config_manager.c ****             // Try to write new module ID to flash
 269:Core/Src/config_manager.c ****             int8_t result = Config_SetModuleID(value);
 758              		.loc 1 269 13 is_stmt 1 view .LVU204
 759              		.loc 1 269 29 is_stmt 0 view .LVU205
 760 0038 2046     		mov	r0, r4
 761 003a FFF7FEFF 		bl	Config_SetModuleID
 762              	.LVL42:
 270:Core/Src/config_manager.c ****             
 271:Core/Src/config_manager.c ****             // Determine status
 272:Core/Src/config_manager.c ****             if (result == 0) {
 763              		.loc 1 272 13 is_stmt 1 view .LVU206
 764              		.loc 1 272 16 is_stmt 0 view .LVU207
 765 003e 0746     		mov	r7, r0
 766 0040 F0B9     		cbnz	r0, .L68
 273:Core/Src/config_manager.c ****                 status = CONFIG_STATUS_RESET_REQUIRED; // Success - reset needed
 767              		.loc 1 273 24 view .LVU208
 768 0042 0223     		movs	r3, #2
 769              	.L58:
 770              	.LVL43:
 274:Core/Src/config_manager.c ****             } else {
 275:Core/Src/config_manager.c ****                 status = CONFIG_STATUS_FAIL;
 276:Core/Src/config_manager.c ****             }
 277:Core/Src/config_manager.c ****             
 278:Core/Src/config_manager.c ****             // Prepare acknowledgement message
 279:Core/Src/config_manager.c ****             // Byte 0: Command echo
 280:Core/Src/config_manager.c ****             // Byte 1: Status (0x00 = success, 0x02 = success/reset required, 0x01 = fail)
 281:Core/Src/config_manager.c ****             // Byte 2: Old module ID (current, pre-reset)
 282:Core/Src/config_manager.c ****             // Byte 3: New module ID (will be active after reset)
 283:Core/Src/config_manager.c ****             // Bytes 4-7: Reserved
 284:Core/Src/config_manager.c ****             ack_data[0] = command;
 771              		.loc 1 284 13 is_stmt 1 view .LVU209
 772              		.loc 1 284 25 is_stmt 0 view .LVU210
 773 0044 8DF80050 		strb	r5, [sp]
 285:Core/Src/config_manager.c ****             ack_data[1] = status;
 774              		.loc 1 285 13 is_stmt 1 view .LVU211
 775              		.loc 1 285 25 is_stmt 0 view .LVU212
 776 0048 8DF80130 		strb	r3, [sp, #1]
 286:Core/Src/config_manager.c ****             ack_data[2] = old_module_id;
 777              		.loc 1 286 13 is_stmt 1 view .LVU213
 778              		.loc 1 286 25 is_stmt 0 view .LVU214
 779 004c 8DF80260 		strb	r6, [sp, #2]
 287:Core/Src/config_manager.c ****             ack_data[3] = value;
 780              		.loc 1 287 13 is_stmt 1 view .LVU215
 781              		.loc 1 287 25 is_stmt 0 view .LVU216
 782 0050 8DF80340 		strb	r4, [sp, #3]
 288:Core/Src/config_manager.c ****             ack_data[4] = 0x00;
 783              		.loc 1 288 13 is_stmt 1 view .LVU217
 784              		.loc 1 288 25 is_stmt 0 view .LVU218
 785 0054 0023     		movs	r3, #0
 786              	.LVL44:
 787              		.loc 1 288 25 view .LVU219
 788 0056 8DF80430 		strb	r3, [sp, #4]
ARM GAS  C:\Users\Ali\AppData\Local\Temp\ccWQI1fJ.s 			page 71


 289:Core/Src/config_manager.c ****             ack_data[5] = 0x00;
 789              		.loc 1 289 13 is_stmt 1 view .LVU220
 790              		.loc 1 289 25 is_stmt 0 view .LVU221
 791 005a 8DF80530 		strb	r3, [sp, #5]
 290:Core/Src/config_manager.c ****             ack_data[6] = 0x00;
 792              		.loc 1 290 13 is_stmt 1 view .LVU222
 793              		.loc 1 290 25 is_stmt 0 view .LVU223
 794 005e 8DF80630 		strb	r3, [sp, #6]
 291:Core/Src/config_manager.c ****             ack_data[7] = 0x00;
 795              		.loc 1 291 13 is_stmt 1 view .LVU224
 796              		.loc 1 291 25 is_stmt 0 view .LVU225
 797 0062 8DF80730 		strb	r3, [sp, #7]
 292:Core/Src/config_manager.c ****             
 293:Core/Src/config_manager.c ****             // Send acknowledgement using current (old) module ID
 294:Core/Src/config_manager.c ****             CAN_SendMessage(CAN_CONFIG_ACK_ID, ack_data, 8, 1);
 798              		.loc 1 294 13 is_stmt 1 view .LVU226
 799 0066 0123     		movs	r3, #1
 800 0068 0822     		movs	r2, #8
 801 006a 6946     		mov	r1, sp
 802 006c 8E48     		ldr	r0, .L76
 803              	.LVL45:
 804              		.loc 1 294 13 is_stmt 0 view .LVU227
 805 006e 0068     		ldr	r0, [r0]
 806 0070 FFF7FEFF 		bl	CAN_SendMessage
 807              	.LVL46:
 295:Core/Src/config_manager.c ****             
 296:Core/Src/config_manager.c ****             // If successful, wait briefly for ACK to transmit, then reset
 297:Core/Src/config_manager.c ****             if (result == 0) {
 808              		.loc 1 297 13 is_stmt 1 view .LVU228
 809              		.loc 1 297 16 is_stmt 0 view .LVU229
 810 0074 37BB     		cbnz	r7, .L45
 298:Core/Src/config_manager.c ****                 osDelay(100); // Give time for CAN message to transmit
 811              		.loc 1 298 17 is_stmt 1 view .LVU230
 812 0076 6420     		movs	r0, #100
 813 0078 FFF7FEFF 		bl	osDelay
 814              	.LVL47:
 299:Core/Src/config_manager.c ****                 NVIC_SystemReset(); // Reset the microcontroller
 815              		.loc 1 299 17 view .LVU231
 816 007c FFF7FEFF 		bl	__NVIC_SystemReset
 817              	.LVL48:
 818              	.L68:
 275:Core/Src/config_manager.c ****             }
 819              		.loc 1 275 24 is_stmt 0 view .LVU232
 820 0080 2B46     		mov	r3, r5
 821 0082 DFE7     		b	.L58
 822              	.LVL49:
 823              	.L56:
 275:Core/Src/config_manager.c ****             }
 824              		.loc 1 275 24 view .LVU233
 825              	.LBE11:
 826              	.LBB12:
 300:Core/Src/config_manager.c ****             }
 301:Core/Src/config_manager.c ****             break;
 302:Core/Src/config_manager.c ****         }
 303:Core/Src/config_manager.c ****         
 304:Core/Src/config_manager.c ****         case CONFIG_CMD_SET_MAX_TEMP:
 305:Core/Src/config_manager.c ****         {
ARM GAS  C:\Users\Ali\AppData\Local\Temp\ccWQI1fJ.s 			page 72


 306:Core/Src/config_manager.c ****             // Set maximum thermistor temperature threshold (temporary, resets on restart)
 307:Core/Src/config_manager.c ****             // Value is in degrees Celsius (0-127)
 308:Core/Src/config_manager.c ****             int8_t old_max_temp = CellTemp_GetMaxTemp();
 827              		.loc 1 308 13 is_stmt 1 view .LVU234
 828              		.loc 1 308 35 is_stmt 0 view .LVU235
 829 0084 FFF7FEFF 		bl	CellTemp_GetMaxTemp
 830              	.LVL50:
 831              		.loc 1 308 35 view .LVU236
 832 0088 0646     		mov	r6, r0
 833              	.LVL51:
 309:Core/Src/config_manager.c ****             int8_t new_max_temp = (int8_t)value;
 834              		.loc 1 309 13 is_stmt 1 view .LVU237
 310:Core/Src/config_manager.c ****             
 311:Core/Src/config_manager.c ****             // Set new max temperature threshold
 312:Core/Src/config_manager.c ****             CellTemp_SetMaxTemp(new_max_temp);
 835              		.loc 1 312 13 view .LVU238
 836 008a 60B2     		sxtb	r0, r4
 837 008c FFF7FEFF 		bl	CellTemp_SetMaxTemp
 838              	.LVL52:
 313:Core/Src/config_manager.c ****             
 314:Core/Src/config_manager.c ****             // Verify it was set
 315:Core/Src/config_manager.c ****             int8_t actual_new_temp = CellTemp_GetMaxTemp();
 839              		.loc 1 315 13 view .LVU239
 840              		.loc 1 315 38 is_stmt 0 view .LVU240
 841 0090 FFF7FEFF 		bl	CellTemp_GetMaxTemp
 842              	.LVL53:
 316:Core/Src/config_manager.c ****             status = CONFIG_STATUS_SUCCESS;
 843              		.loc 1 316 13 is_stmt 1 view .LVU241
 317:Core/Src/config_manager.c ****             
 318:Core/Src/config_manager.c ****             // Prepare acknowledgement message
 319:Core/Src/config_manager.c ****             // Byte 0: Command echo
 320:Core/Src/config_manager.c ****             // Byte 1: Status (0x00 = success)
 321:Core/Src/config_manager.c ****             // Byte 2: Old max temp (°C)
 322:Core/Src/config_manager.c ****             // Byte 3: New max temp (°C, actual value after clamping)
 323:Core/Src/config_manager.c ****             // Bytes 4-7: Reserved
 324:Core/Src/config_manager.c ****             ack_data[0] = command;
 844              		.loc 1 324 13 view .LVU242
 845              		.loc 1 324 25 is_stmt 0 view .LVU243
 846 0094 8DF80050 		strb	r5, [sp]
 325:Core/Src/config_manager.c ****             ack_data[1] = status;
 847              		.loc 1 325 13 is_stmt 1 view .LVU244
 848              		.loc 1 325 25 is_stmt 0 view .LVU245
 849 0098 0023     		movs	r3, #0
 850 009a 8DF80130 		strb	r3, [sp, #1]
 326:Core/Src/config_manager.c ****             ack_data[2] = (uint8_t)old_max_temp;
 851              		.loc 1 326 13 is_stmt 1 view .LVU246
 852              		.loc 1 326 25 is_stmt 0 view .LVU247
 853 009e 8DF80260 		strb	r6, [sp, #2]
 327:Core/Src/config_manager.c ****             ack_data[3] = (uint8_t)actual_new_temp;
 854              		.loc 1 327 13 is_stmt 1 view .LVU248
 855              		.loc 1 327 25 is_stmt 0 view .LVU249
 856 00a2 8DF80300 		strb	r0, [sp, #3]
 328:Core/Src/config_manager.c ****             ack_data[4] = 0x00;
 857              		.loc 1 328 13 is_stmt 1 view .LVU250
 858              		.loc 1 328 25 is_stmt 0 view .LVU251
 859 00a6 8DF80430 		strb	r3, [sp, #4]
 329:Core/Src/config_manager.c ****             ack_data[5] = 0x00;
ARM GAS  C:\Users\Ali\AppData\Local\Temp\ccWQI1fJ.s 			page 73


 860              		.loc 1 329 13 is_stmt 1 view .LVU252
 861              		.loc 1 329 25 is_stmt 0 view .LVU253
 862 00aa 8DF80530 		strb	r3, [sp, #5]
 330:Core/Src/config_manager.c ****             ack_data[6] = 0x00;
 863              		.loc 1 330 13 is_stmt 1 view .LVU254
 864              		.loc 1 330 25 is_stmt 0 view .LVU255
 865 00ae 8DF80630 		strb	r3, [sp, #6]
 331:Core/Src/config_manager.c ****             ack_data[7] = 0x00;
 866              		.loc 1 331 13 is_stmt 1 view .LVU256
 867              		.loc 1 331 25 is_stmt 0 view .LVU257
 868 00b2 8DF80730 		strb	r3, [sp, #7]
 332:Core/Src/config_manager.c ****             
 333:Core/Src/config_manager.c ****             // Send acknowledgement
 334:Core/Src/config_manager.c ****             CAN_SendMessage(CAN_CONFIG_ACK_ID, ack_data, 8, 1);
 869              		.loc 1 334 13 is_stmt 1 view .LVU258
 870 00b6 0123     		movs	r3, #1
 871 00b8 0822     		movs	r2, #8
 872 00ba 6946     		mov	r1, sp
 873 00bc 7A48     		ldr	r0, .L76
 874              	.LVL54:
 875              		.loc 1 334 13 is_stmt 0 view .LVU259
 876 00be 0068     		ldr	r0, [r0]
 877 00c0 FFF7FEFF 		bl	CAN_SendMessage
 878              	.LVL55:
 335:Core/Src/config_manager.c ****             break;
 879              		.loc 1 335 13 is_stmt 1 view .LVU260
 880              	.L45:
 881              		.loc 1 335 13 is_stmt 0 view .LVU261
 882              	.LBE12:
 336:Core/Src/config_manager.c ****         }
 337:Core/Src/config_manager.c ****         
 338:Core/Src/config_manager.c ****         case CONFIG_CMD_SET_MIN_TEMP:
 339:Core/Src/config_manager.c ****         {
 340:Core/Src/config_manager.c ****             // Set minimum thermistor temperature threshold (temporary, resets on restart)
 341:Core/Src/config_manager.c ****             // Value is in degrees Celsius (signed: -128 to 127)
 342:Core/Src/config_manager.c ****             int8_t old_min_temp = CellTemp_GetMinTemp();
 343:Core/Src/config_manager.c ****             int8_t new_min_temp = (int8_t)value;
 344:Core/Src/config_manager.c ****             
 345:Core/Src/config_manager.c ****             // Set new min temperature threshold
 346:Core/Src/config_manager.c ****             CellTemp_SetMinTemp(new_min_temp);
 347:Core/Src/config_manager.c ****             
 348:Core/Src/config_manager.c ****             // Verify it was set
 349:Core/Src/config_manager.c ****             int8_t actual_new_temp = CellTemp_GetMinTemp();
 350:Core/Src/config_manager.c ****             status = CONFIG_STATUS_SUCCESS;
 351:Core/Src/config_manager.c ****             
 352:Core/Src/config_manager.c ****             // Prepare acknowledgement message
 353:Core/Src/config_manager.c ****             // Byte 0: Command echo
 354:Core/Src/config_manager.c ****             // Byte 1: Status (0x00 = success)
 355:Core/Src/config_manager.c ****             // Byte 2: Old min temp (°C, signed)
 356:Core/Src/config_manager.c ****             // Byte 3: New min temp (°C, signed)
 357:Core/Src/config_manager.c ****             ack_data[0] = command;
 358:Core/Src/config_manager.c ****             ack_data[1] = status;
 359:Core/Src/config_manager.c ****             ack_data[2] = (uint8_t)old_min_temp;
 360:Core/Src/config_manager.c ****             ack_data[3] = (uint8_t)actual_new_temp;
 361:Core/Src/config_manager.c ****             ack_data[4] = 0x00;
 362:Core/Src/config_manager.c ****             ack_data[5] = 0x00;
 363:Core/Src/config_manager.c ****             ack_data[6] = 0x00;
ARM GAS  C:\Users\Ali\AppData\Local\Temp\ccWQI1fJ.s 			page 74


 364:Core/Src/config_manager.c ****             ack_data[7] = 0x00;
 365:Core/Src/config_manager.c ****             
 366:Core/Src/config_manager.c ****             // Send acknowledgement
 367:Core/Src/config_manager.c ****             CAN_SendMessage(CAN_CONFIG_ACK_ID, ack_data, 8, 1);
 368:Core/Src/config_manager.c ****             break;
 369:Core/Src/config_manager.c ****         }
 370:Core/Src/config_manager.c ****         
 371:Core/Src/config_manager.c ****         case CONFIG_CMD_SET_MIN_VOLTAGE:
 372:Core/Src/config_manager.c ****         {
 373:Core/Src/config_manager.c ****             // Set minimum cell voltage threshold (temporary, resets on restart)
 374:Core/Src/config_manager.c ****             // Value is voltage/100, e.g. 25 = 2500mV
 375:Core/Src/config_manager.c ****             uint16_t old_min_voltage = BQ_GetMinVoltage();
 376:Core/Src/config_manager.c ****             uint16_t new_min_voltage_mv = (uint16_t)value * 100;
 377:Core/Src/config_manager.c ****             
 378:Core/Src/config_manager.c ****             // Set new min voltage threshold
 379:Core/Src/config_manager.c ****             BQ_SetMinVoltage(new_min_voltage_mv);
 380:Core/Src/config_manager.c ****             
 381:Core/Src/config_manager.c ****             // Verify it was set
 382:Core/Src/config_manager.c ****             uint16_t actual_new_voltage = BQ_GetMinVoltage();
 383:Core/Src/config_manager.c ****             status = CONFIG_STATUS_SUCCESS;
 384:Core/Src/config_manager.c ****             
 385:Core/Src/config_manager.c ****             // Prepare acknowledgement message
 386:Core/Src/config_manager.c ****             // Byte 0: Command echo
 387:Core/Src/config_manager.c ****             // Byte 1: Status (0x00 = success)
 388:Core/Src/config_manager.c ****             // Byte 2: Old min voltage (value * 100 = mV)
 389:Core/Src/config_manager.c ****             // Byte 3: New min voltage (value * 100 = mV)
 390:Core/Src/config_manager.c ****             ack_data[0] = command;
 391:Core/Src/config_manager.c ****             ack_data[1] = status;
 392:Core/Src/config_manager.c ****             ack_data[2] = (uint8_t)(old_min_voltage / 100);
 393:Core/Src/config_manager.c ****             ack_data[3] = (uint8_t)(actual_new_voltage / 100);
 394:Core/Src/config_manager.c ****             ack_data[4] = 0x00;
 395:Core/Src/config_manager.c ****             ack_data[5] = 0x00;
 396:Core/Src/config_manager.c ****             ack_data[6] = 0x00;
 397:Core/Src/config_manager.c ****             ack_data[7] = 0x00;
 398:Core/Src/config_manager.c ****             
 399:Core/Src/config_manager.c ****             // Send acknowledgement
 400:Core/Src/config_manager.c ****             CAN_SendMessage(CAN_CONFIG_ACK_ID, ack_data, 8, 1);
 401:Core/Src/config_manager.c ****             break;
 402:Core/Src/config_manager.c ****         }
 403:Core/Src/config_manager.c ****         
 404:Core/Src/config_manager.c ****         case CONFIG_CMD_SET_MAX_VOLTAGE:
 405:Core/Src/config_manager.c ****         {
 406:Core/Src/config_manager.c ****             // Set maximum cell voltage threshold (temporary, resets on restart)
 407:Core/Src/config_manager.c ****             // Value is voltage/100, e.g. 42 = 4200mV
 408:Core/Src/config_manager.c ****             uint16_t old_max_voltage = BQ_GetMaxVoltage();
 409:Core/Src/config_manager.c ****             uint16_t new_max_voltage_mv = (uint16_t)value * 100;
 410:Core/Src/config_manager.c ****             
 411:Core/Src/config_manager.c ****             // Set new max voltage threshold
 412:Core/Src/config_manager.c ****             BQ_SetMaxVoltage(new_max_voltage_mv);
 413:Core/Src/config_manager.c ****             
 414:Core/Src/config_manager.c ****             // Verify it was set
 415:Core/Src/config_manager.c ****             uint16_t actual_new_voltage = BQ_GetMaxVoltage();
 416:Core/Src/config_manager.c ****             status = CONFIG_STATUS_SUCCESS;
 417:Core/Src/config_manager.c ****             
 418:Core/Src/config_manager.c ****             // Prepare acknowledgement message
 419:Core/Src/config_manager.c ****             // Byte 0: Command echo
 420:Core/Src/config_manager.c ****             // Byte 1: Status (0x00 = success)
ARM GAS  C:\Users\Ali\AppData\Local\Temp\ccWQI1fJ.s 			page 75


 421:Core/Src/config_manager.c ****             // Byte 2: Old max voltage (value * 100 = mV)
 422:Core/Src/config_manager.c ****             // Byte 3: New max voltage (value * 100 = mV)
 423:Core/Src/config_manager.c ****             ack_data[0] = command;
 424:Core/Src/config_manager.c ****             ack_data[1] = status;
 425:Core/Src/config_manager.c ****             ack_data[2] = (uint8_t)(old_max_voltage / 100);
 426:Core/Src/config_manager.c ****             ack_data[3] = (uint8_t)(actual_new_voltage / 100);
 427:Core/Src/config_manager.c ****             ack_data[4] = 0x00;
 428:Core/Src/config_manager.c ****             ack_data[5] = 0x00;
 429:Core/Src/config_manager.c ****             ack_data[6] = 0x00;
 430:Core/Src/config_manager.c ****             ack_data[7] = 0x00;
 431:Core/Src/config_manager.c ****             
 432:Core/Src/config_manager.c ****             // Send acknowledgement
 433:Core/Src/config_manager.c ****             CAN_SendMessage(CAN_CONFIG_ACK_ID, ack_data, 8, 1);
 434:Core/Src/config_manager.c ****             break;
 435:Core/Src/config_manager.c ****         }
 436:Core/Src/config_manager.c ****         
 437:Core/Src/config_manager.c ****         case CONFIG_CMD_GET_VALUE:
 438:Core/Src/config_manager.c ****         {
 439:Core/Src/config_manager.c ****             // Get current configuration value
 440:Core/Src/config_manager.c ****             // Byte 1 (value) specifies which parameter to retrieve
 441:Core/Src/config_manager.c ****             uint8_t param = value;
 442:Core/Src/config_manager.c ****             uint16_t param_value = 0;
 443:Core/Src/config_manager.c ****             status = CONFIG_STATUS_SUCCESS;
 444:Core/Src/config_manager.c ****             
 445:Core/Src/config_manager.c ****             switch (param) {
 446:Core/Src/config_manager.c ****                 case CONFIG_PARAM_MODULE_ID:
 447:Core/Src/config_manager.c ****                     param_value = Config_GetModuleID();
 448:Core/Src/config_manager.c ****                     break;
 449:Core/Src/config_manager.c ****                 case CONFIG_PARAM_MAX_TEMP:
 450:Core/Src/config_manager.c ****                     param_value = (uint8_t)CellTemp_GetMaxTemp();
 451:Core/Src/config_manager.c ****                     break;
 452:Core/Src/config_manager.c ****                 case CONFIG_PARAM_MIN_TEMP:
 453:Core/Src/config_manager.c ****                     param_value = (uint8_t)CellTemp_GetMinTemp();  // Signed value cast to uint8
 454:Core/Src/config_manager.c ****                     break;
 455:Core/Src/config_manager.c ****                 case CONFIG_PARAM_MIN_VOLTAGE:
 456:Core/Src/config_manager.c ****                     param_value = BQ_GetMinVoltage() / 100;  // Return as value*100=mV
 457:Core/Src/config_manager.c ****                     break;
 458:Core/Src/config_manager.c ****                 case CONFIG_PARAM_MAX_VOLTAGE:
 459:Core/Src/config_manager.c ****                     param_value = BQ_GetMaxVoltage() / 100;  // Return as value*100=mV
 460:Core/Src/config_manager.c ****                     break;
 461:Core/Src/config_manager.c ****                 case CONFIG_PARAM_SLEEP_MODE:
 462:Core/Src/config_manager.c ****                     param_value = BQ_GetSleepMode();  // 0=enabled, 1=disabled
 463:Core/Src/config_manager.c ****                     break;
 464:Core/Src/config_manager.c ****                 default:
 465:Core/Src/config_manager.c ****                     status = CONFIG_STATUS_FAIL;
 466:Core/Src/config_manager.c ****                     break;
 467:Core/Src/config_manager.c ****             }
 468:Core/Src/config_manager.c ****             
 469:Core/Src/config_manager.c ****             // Prepare acknowledgement message
 470:Core/Src/config_manager.c ****             // Byte 0: Command echo (0x06)
 471:Core/Src/config_manager.c ****             // Byte 1: Status (0x00 = success, 0x01 = invalid parameter)
 472:Core/Src/config_manager.c ****             // Byte 2: Parameter selector echo
 473:Core/Src/config_manager.c ****             // Byte 3: Current value (low byte)
 474:Core/Src/config_manager.c ****             // Byte 4: Current value (high byte, for 16-bit values like raw mV)
 475:Core/Src/config_manager.c ****             // Bytes 5-7: Reserved
 476:Core/Src/config_manager.c ****             ack_data[0] = command;
 477:Core/Src/config_manager.c ****             ack_data[1] = status;
ARM GAS  C:\Users\Ali\AppData\Local\Temp\ccWQI1fJ.s 			page 76


 478:Core/Src/config_manager.c ****             ack_data[2] = param;
 479:Core/Src/config_manager.c ****             ack_data[3] = (uint8_t)(param_value & 0xFF);
 480:Core/Src/config_manager.c ****             ack_data[4] = (uint8_t)((param_value >> 8) & 0xFF);
 481:Core/Src/config_manager.c ****             ack_data[5] = 0x00;
 482:Core/Src/config_manager.c ****             ack_data[6] = 0x00;
 483:Core/Src/config_manager.c ****             ack_data[7] = 0x00;
 484:Core/Src/config_manager.c ****             
 485:Core/Src/config_manager.c ****             // Send acknowledgement
 486:Core/Src/config_manager.c ****             CAN_SendMessage(CAN_CONFIG_ACK_ID, ack_data, 8, 1);
 487:Core/Src/config_manager.c ****             break;
 488:Core/Src/config_manager.c ****         }
 489:Core/Src/config_manager.c ****         
 490:Core/Src/config_manager.c ****         case CONFIG_CMD_SET_SLEEP:
 491:Core/Src/config_manager.c ****         {
 492:Core/Src/config_manager.c ****             // Set BQ chip sleep mode
 493:Core/Src/config_manager.c ****             // Byte 1 (value): 0 = enable sleep, 1 = disable sleep
 494:Core/Src/config_manager.c ****             uint8_t old_sleep_mode = BQ_GetSleepMode();
 495:Core/Src/config_manager.c ****             uint8_t new_sleep_mode = (value != 0) ? 1 : 0;  // Normalize to 0 or 1
 496:Core/Src/config_manager.c ****             
 497:Core/Src/config_manager.c ****             // Send command to both BQ chips
 498:Core/Src/config_manager.c ****             HAL_StatusTypeDef result = BQ_SetSleepMode(new_sleep_mode);
 499:Core/Src/config_manager.c ****             
 500:Core/Src/config_manager.c ****             // Determine status
 501:Core/Src/config_manager.c ****             if (result == HAL_OK) {
 502:Core/Src/config_manager.c ****                 status = CONFIG_STATUS_SUCCESS;
 503:Core/Src/config_manager.c ****             } else {
 504:Core/Src/config_manager.c ****                 status = CONFIG_STATUS_FAIL;
 505:Core/Src/config_manager.c ****             }
 506:Core/Src/config_manager.c ****             
 507:Core/Src/config_manager.c ****             // Get actual new value after command
 508:Core/Src/config_manager.c ****             uint8_t actual_sleep_mode = BQ_GetSleepMode();
 509:Core/Src/config_manager.c ****             
 510:Core/Src/config_manager.c ****             // Prepare acknowledgement message
 511:Core/Src/config_manager.c ****             // Byte 0: Command echo (0x07)
 512:Core/Src/config_manager.c ****             // Byte 1: Status (0x00 = success, 0x01 = fail)
 513:Core/Src/config_manager.c ****             // Byte 2: Old sleep mode (0=enabled, 1=disabled)
 514:Core/Src/config_manager.c ****             // Byte 3: New sleep mode (0=enabled, 1=disabled)
 515:Core/Src/config_manager.c ****             // Bytes 4-7: Reserved
 516:Core/Src/config_manager.c ****             ack_data[0] = command;
 517:Core/Src/config_manager.c ****             ack_data[1] = status;
 518:Core/Src/config_manager.c ****             ack_data[2] = old_sleep_mode;
 519:Core/Src/config_manager.c ****             ack_data[3] = actual_sleep_mode;
 520:Core/Src/config_manager.c ****             ack_data[4] = 0x00;
 521:Core/Src/config_manager.c ****             ack_data[5] = 0x00;
 522:Core/Src/config_manager.c ****             ack_data[6] = 0x00;
 523:Core/Src/config_manager.c ****             ack_data[7] = 0x00;
 524:Core/Src/config_manager.c ****             
 525:Core/Src/config_manager.c ****             // Send acknowledgement
 526:Core/Src/config_manager.c ****             CAN_SendMessage(CAN_CONFIG_ACK_ID, ack_data, 8, 1);
 527:Core/Src/config_manager.c ****             break;
 528:Core/Src/config_manager.c ****         }
 529:Core/Src/config_manager.c ****             
 530:Core/Src/config_manager.c ****         default:
 531:Core/Src/config_manager.c ****             // Unknown command, ignore (no ACK sent)
 532:Core/Src/config_manager.c ****             break;
 533:Core/Src/config_manager.c ****     }
 534:Core/Src/config_manager.c **** }
ARM GAS  C:\Users\Ali\AppData\Local\Temp\ccWQI1fJ.s 			page 77


 883              		.loc 1 534 1 view .LVU262
 884 00c4 03B0     		add	sp, sp, #12
 885              		.cfi_remember_state
 886              		.cfi_def_cfa_offset 20
 887              		@ sp needed
 888 00c6 F0BD     		pop	{r4, r5, r6, r7, pc}
 889              	.LVL56:
 890              	.L55:
 891              		.cfi_restore_state
 892              	.LBB13:
 342:Core/Src/config_manager.c ****             int8_t new_min_temp = (int8_t)value;
 893              		.loc 1 342 13 is_stmt 1 view .LVU263
 342:Core/Src/config_manager.c ****             int8_t new_min_temp = (int8_t)value;
 894              		.loc 1 342 35 is_stmt 0 view .LVU264
 895 00c8 FFF7FEFF 		bl	CellTemp_GetMinTemp
 896              	.LVL57:
 342:Core/Src/config_manager.c ****             int8_t new_min_temp = (int8_t)value;
 897              		.loc 1 342 35 view .LVU265
 898 00cc 0646     		mov	r6, r0
 899              	.LVL58:
 343:Core/Src/config_manager.c ****             
 900              		.loc 1 343 13 is_stmt 1 view .LVU266
 346:Core/Src/config_manager.c ****             
 901              		.loc 1 346 13 view .LVU267
 902 00ce 60B2     		sxtb	r0, r4
 903 00d0 FFF7FEFF 		bl	CellTemp_SetMinTemp
 904              	.LVL59:
 349:Core/Src/config_manager.c ****             status = CONFIG_STATUS_SUCCESS;
 905              		.loc 1 349 13 view .LVU268
 349:Core/Src/config_manager.c ****             status = CONFIG_STATUS_SUCCESS;
 906              		.loc 1 349 38 is_stmt 0 view .LVU269
 907 00d4 FFF7FEFF 		bl	CellTemp_GetMinTemp
 908              	.LVL60:
 350:Core/Src/config_manager.c ****             
 909              		.loc 1 350 13 is_stmt 1 view .LVU270
 357:Core/Src/config_manager.c ****             ack_data[1] = status;
 910              		.loc 1 357 13 view .LVU271
 357:Core/Src/config_manager.c ****             ack_data[1] = status;
 911              		.loc 1 357 25 is_stmt 0 view .LVU272
 912 00d8 8DF80050 		strb	r5, [sp]
 358:Core/Src/config_manager.c ****             ack_data[2] = (uint8_t)old_min_temp;
 913              		.loc 1 358 13 is_stmt 1 view .LVU273
 358:Core/Src/config_manager.c ****             ack_data[2] = (uint8_t)old_min_temp;
 914              		.loc 1 358 25 is_stmt 0 view .LVU274
 915 00dc 0023     		movs	r3, #0
 916 00de 8DF80130 		strb	r3, [sp, #1]
 359:Core/Src/config_manager.c ****             ack_data[3] = (uint8_t)actual_new_temp;
 917              		.loc 1 359 13 is_stmt 1 view .LVU275
 359:Core/Src/config_manager.c ****             ack_data[3] = (uint8_t)actual_new_temp;
 918              		.loc 1 359 25 is_stmt 0 view .LVU276
 919 00e2 8DF80260 		strb	r6, [sp, #2]
 360:Core/Src/config_manager.c ****             ack_data[4] = 0x00;
 920              		.loc 1 360 13 is_stmt 1 view .LVU277
 360:Core/Src/config_manager.c ****             ack_data[4] = 0x00;
 921              		.loc 1 360 25 is_stmt 0 view .LVU278
 922 00e6 8DF80300 		strb	r0, [sp, #3]
 361:Core/Src/config_manager.c ****             ack_data[5] = 0x00;
ARM GAS  C:\Users\Ali\AppData\Local\Temp\ccWQI1fJ.s 			page 78


 923              		.loc 1 361 13 is_stmt 1 view .LVU279
 361:Core/Src/config_manager.c ****             ack_data[5] = 0x00;
 924              		.loc 1 361 25 is_stmt 0 view .LVU280
 925 00ea 8DF80430 		strb	r3, [sp, #4]
 362:Core/Src/config_manager.c ****             ack_data[6] = 0x00;
 926              		.loc 1 362 13 is_stmt 1 view .LVU281
 362:Core/Src/config_manager.c ****             ack_data[6] = 0x00;
 927              		.loc 1 362 25 is_stmt 0 view .LVU282
 928 00ee 8DF80530 		strb	r3, [sp, #5]
 363:Core/Src/config_manager.c ****             ack_data[7] = 0x00;
 929              		.loc 1 363 13 is_stmt 1 view .LVU283
 363:Core/Src/config_manager.c ****             ack_data[7] = 0x00;
 930              		.loc 1 363 25 is_stmt 0 view .LVU284
 931 00f2 8DF80630 		strb	r3, [sp, #6]
 364:Core/Src/config_manager.c ****             
 932              		.loc 1 364 13 is_stmt 1 view .LVU285
 364:Core/Src/config_manager.c ****             
 933              		.loc 1 364 25 is_stmt 0 view .LVU286
 934 00f6 8DF80730 		strb	r3, [sp, #7]
 367:Core/Src/config_manager.c ****             break;
 935              		.loc 1 367 13 is_stmt 1 view .LVU287
 936 00fa 0123     		movs	r3, #1
 937 00fc 0822     		movs	r2, #8
 938 00fe 6946     		mov	r1, sp
 939 0100 6948     		ldr	r0, .L76
 940              	.LVL61:
 367:Core/Src/config_manager.c ****             break;
 941              		.loc 1 367 13 is_stmt 0 view .LVU288
 942 0102 0068     		ldr	r0, [r0]
 943 0104 FFF7FEFF 		bl	CAN_SendMessage
 944              	.LVL62:
 368:Core/Src/config_manager.c ****         }
 945              		.loc 1 368 13 is_stmt 1 view .LVU289
 946 0108 DCE7     		b	.L45
 947              	.LVL63:
 948              	.L54:
 368:Core/Src/config_manager.c ****         }
 949              		.loc 1 368 13 is_stmt 0 view .LVU290
 950              	.LBE13:
 951              	.LBB14:
 375:Core/Src/config_manager.c ****             uint16_t new_min_voltage_mv = (uint16_t)value * 100;
 952              		.loc 1 375 13 is_stmt 1 view .LVU291
 375:Core/Src/config_manager.c ****             uint16_t new_min_voltage_mv = (uint16_t)value * 100;
 953              		.loc 1 375 40 is_stmt 0 view .LVU292
 954 010a FFF7FEFF 		bl	BQ_GetMinVoltage
 955              	.LVL64:
 375:Core/Src/config_manager.c ****             uint16_t new_min_voltage_mv = (uint16_t)value * 100;
 956              		.loc 1 375 40 view .LVU293
 957 010e 0646     		mov	r6, r0
 958              	.LVL65:
 376:Core/Src/config_manager.c ****             
 959              		.loc 1 376 13 is_stmt 1 view .LVU294
 376:Core/Src/config_manager.c ****             
 960              		.loc 1 376 22 is_stmt 0 view .LVU295
 961 0110 04EB8404 		add	r4, r4, r4, lsl #2
 962              	.LVL66:
 376:Core/Src/config_manager.c ****             
ARM GAS  C:\Users\Ali\AppData\Local\Temp\ccWQI1fJ.s 			page 79


 963              		.loc 1 376 22 view .LVU296
 964 0114 04EB8404 		add	r4, r4, r4, lsl #2
 965              	.LVL67:
 379:Core/Src/config_manager.c ****             
 966              		.loc 1 379 13 is_stmt 1 view .LVU297
 967 0118 A000     		lsls	r0, r4, #2
 968 011a FFF7FEFF 		bl	BQ_SetMinVoltage
 969              	.LVL68:
 382:Core/Src/config_manager.c ****             status = CONFIG_STATUS_SUCCESS;
 970              		.loc 1 382 13 view .LVU298
 382:Core/Src/config_manager.c ****             status = CONFIG_STATUS_SUCCESS;
 971              		.loc 1 382 43 is_stmt 0 view .LVU299
 972 011e FFF7FEFF 		bl	BQ_GetMinVoltage
 973              	.LVL69:
 974 0122 0346     		mov	r3, r0
 975              	.LVL70:
 383:Core/Src/config_manager.c ****             
 976              		.loc 1 383 13 is_stmt 1 view .LVU300
 390:Core/Src/config_manager.c ****             ack_data[1] = status;
 977              		.loc 1 390 13 view .LVU301
 390:Core/Src/config_manager.c ****             ack_data[1] = status;
 978              		.loc 1 390 25 is_stmt 0 view .LVU302
 979 0124 8DF80050 		strb	r5, [sp]
 391:Core/Src/config_manager.c ****             ack_data[2] = (uint8_t)(old_min_voltage / 100);
 980              		.loc 1 391 13 is_stmt 1 view .LVU303
 391:Core/Src/config_manager.c ****             ack_data[2] = (uint8_t)(old_min_voltage / 100);
 981              		.loc 1 391 25 is_stmt 0 view .LVU304
 982 0128 0022     		movs	r2, #0
 983 012a 8DF80120 		strb	r2, [sp, #1]
 392:Core/Src/config_manager.c ****             ack_data[3] = (uint8_t)(actual_new_voltage / 100);
 984              		.loc 1 392 13 is_stmt 1 view .LVU305
 392:Core/Src/config_manager.c ****             ack_data[3] = (uint8_t)(actual_new_voltage / 100);
 985              		.loc 1 392 27 is_stmt 0 view .LVU306
 986 012e 5F49     		ldr	r1, .L76+4
 987 0130 A1FB0606 		umull	r0, r6, r1, r6
 988              	.LVL71:
 392:Core/Src/config_manager.c ****             ack_data[3] = (uint8_t)(actual_new_voltage / 100);
 989              		.loc 1 392 27 view .LVU307
 990 0134 C6F34716 		ubfx	r6, r6, #5, #8
 392:Core/Src/config_manager.c ****             ack_data[3] = (uint8_t)(actual_new_voltage / 100);
 991              		.loc 1 392 25 view .LVU308
 992 0138 8DF80260 		strb	r6, [sp, #2]
 393:Core/Src/config_manager.c ****             ack_data[4] = 0x00;
 993              		.loc 1 393 13 is_stmt 1 view .LVU309
 393:Core/Src/config_manager.c ****             ack_data[4] = 0x00;
 994              		.loc 1 393 27 is_stmt 0 view .LVU310
 995 013c A1FB0313 		umull	r1, r3, r1, r3
 996              	.LVL72:
 393:Core/Src/config_manager.c ****             ack_data[4] = 0x00;
 997              		.loc 1 393 27 view .LVU311
 998 0140 C3F34713 		ubfx	r3, r3, #5, #8
 393:Core/Src/config_manager.c ****             ack_data[4] = 0x00;
 999              		.loc 1 393 25 view .LVU312
 1000 0144 8DF80330 		strb	r3, [sp, #3]
 394:Core/Src/config_manager.c ****             ack_data[5] = 0x00;
 1001              		.loc 1 394 13 is_stmt 1 view .LVU313
 394:Core/Src/config_manager.c ****             ack_data[5] = 0x00;
ARM GAS  C:\Users\Ali\AppData\Local\Temp\ccWQI1fJ.s 			page 80


 1002              		.loc 1 394 25 is_stmt 0 view .LVU314
 1003 0148 8DF80420 		strb	r2, [sp, #4]
 395:Core/Src/config_manager.c ****             ack_data[6] = 0x00;
 1004              		.loc 1 395 13 is_stmt 1 view .LVU315
 395:Core/Src/config_manager.c ****             ack_data[6] = 0x00;
 1005              		.loc 1 395 25 is_stmt 0 view .LVU316
 1006 014c 8DF80520 		strb	r2, [sp, #5]
 396:Core/Src/config_manager.c ****             ack_data[7] = 0x00;
 1007              		.loc 1 396 13 is_stmt 1 view .LVU317
 396:Core/Src/config_manager.c ****             ack_data[7] = 0x00;
 1008              		.loc 1 396 25 is_stmt 0 view .LVU318
 1009 0150 8DF80620 		strb	r2, [sp, #6]
 397:Core/Src/config_manager.c ****             
 1010              		.loc 1 397 13 is_stmt 1 view .LVU319
 397:Core/Src/config_manager.c ****             
 1011              		.loc 1 397 25 is_stmt 0 view .LVU320
 1012 0154 8DF80720 		strb	r2, [sp, #7]
 400:Core/Src/config_manager.c ****             break;
 1013              		.loc 1 400 13 is_stmt 1 view .LVU321
 1014 0158 0123     		movs	r3, #1
 1015 015a 0822     		movs	r2, #8
 1016 015c 6946     		mov	r1, sp
 1017 015e 5248     		ldr	r0, .L76
 1018 0160 0068     		ldr	r0, [r0]
 1019 0162 FFF7FEFF 		bl	CAN_SendMessage
 1020              	.LVL73:
 401:Core/Src/config_manager.c ****         }
 1021              		.loc 1 401 13 view .LVU322
 1022 0166 ADE7     		b	.L45
 1023              	.LVL74:
 1024              	.L53:
 401:Core/Src/config_manager.c ****         }
 1025              		.loc 1 401 13 is_stmt 0 view .LVU323
 1026              	.LBE14:
 1027              	.LBB15:
 408:Core/Src/config_manager.c ****             uint16_t new_max_voltage_mv = (uint16_t)value * 100;
 1028              		.loc 1 408 13 is_stmt 1 view .LVU324
 408:Core/Src/config_manager.c ****             uint16_t new_max_voltage_mv = (uint16_t)value * 100;
 1029              		.loc 1 408 40 is_stmt 0 view .LVU325
 1030 0168 FFF7FEFF 		bl	BQ_GetMaxVoltage
 1031              	.LVL75:
 408:Core/Src/config_manager.c ****             uint16_t new_max_voltage_mv = (uint16_t)value * 100;
 1032              		.loc 1 408 40 view .LVU326
 1033 016c 0646     		mov	r6, r0
 1034              	.LVL76:
 409:Core/Src/config_manager.c ****             
 1035              		.loc 1 409 13 is_stmt 1 view .LVU327
 409:Core/Src/config_manager.c ****             
 1036              		.loc 1 409 22 is_stmt 0 view .LVU328
 1037 016e 04EB8404 		add	r4, r4, r4, lsl #2
 1038              	.LVL77:
 409:Core/Src/config_manager.c ****             
 1039              		.loc 1 409 22 view .LVU329
 1040 0172 04EB8404 		add	r4, r4, r4, lsl #2
 1041              	.LVL78:
 412:Core/Src/config_manager.c ****             
 1042              		.loc 1 412 13 is_stmt 1 view .LVU330
ARM GAS  C:\Users\Ali\AppData\Local\Temp\ccWQI1fJ.s 			page 81


 1043 0176 A000     		lsls	r0, r4, #2
 1044 0178 FFF7FEFF 		bl	BQ_SetMaxVoltage
 1045              	.LVL79:
 415:Core/Src/config_manager.c ****             status = CONFIG_STATUS_SUCCESS;
 1046              		.loc 1 415 13 view .LVU331
 415:Core/Src/config_manager.c ****             status = CONFIG_STATUS_SUCCESS;
 1047              		.loc 1 415 43 is_stmt 0 view .LVU332
 1048 017c FFF7FEFF 		bl	BQ_GetMaxVoltage
 1049              	.LVL80:
 1050 0180 0346     		mov	r3, r0
 1051              	.LVL81:
 416:Core/Src/config_manager.c ****             
 1052              		.loc 1 416 13 is_stmt 1 view .LVU333
 423:Core/Src/config_manager.c ****             ack_data[1] = status;
 1053              		.loc 1 423 13 view .LVU334
 423:Core/Src/config_manager.c ****             ack_data[1] = status;
 1054              		.loc 1 423 25 is_stmt 0 view .LVU335
 1055 0182 8DF80050 		strb	r5, [sp]
 424:Core/Src/config_manager.c ****             ack_data[2] = (uint8_t)(old_max_voltage / 100);
 1056              		.loc 1 424 13 is_stmt 1 view .LVU336
 424:Core/Src/config_manager.c ****             ack_data[2] = (uint8_t)(old_max_voltage / 100);
 1057              		.loc 1 424 25 is_stmt 0 view .LVU337
 1058 0186 0022     		movs	r2, #0
 1059 0188 8DF80120 		strb	r2, [sp, #1]
 425:Core/Src/config_manager.c ****             ack_data[3] = (uint8_t)(actual_new_voltage / 100);
 1060              		.loc 1 425 13 is_stmt 1 view .LVU338
 425:Core/Src/config_manager.c ****             ack_data[3] = (uint8_t)(actual_new_voltage / 100);
 1061              		.loc 1 425 27 is_stmt 0 view .LVU339
 1062 018c 4749     		ldr	r1, .L76+4
 1063 018e A1FB0606 		umull	r0, r6, r1, r6
 1064              	.LVL82:
 425:Core/Src/config_manager.c ****             ack_data[3] = (uint8_t)(actual_new_voltage / 100);
 1065              		.loc 1 425 27 view .LVU340
 1066 0192 C6F34716 		ubfx	r6, r6, #5, #8
 425:Core/Src/config_manager.c ****             ack_data[3] = (uint8_t)(actual_new_voltage / 100);
 1067              		.loc 1 425 25 view .LVU341
 1068 0196 8DF80260 		strb	r6, [sp, #2]
 426:Core/Src/config_manager.c ****             ack_data[4] = 0x00;
 1069              		.loc 1 426 13 is_stmt 1 view .LVU342
 426:Core/Src/config_manager.c ****             ack_data[4] = 0x00;
 1070              		.loc 1 426 27 is_stmt 0 view .LVU343
 1071 019a A1FB0313 		umull	r1, r3, r1, r3
 1072              	.LVL83:
 426:Core/Src/config_manager.c ****             ack_data[4] = 0x00;
 1073              		.loc 1 426 27 view .LVU344
 1074 019e C3F34713 		ubfx	r3, r3, #5, #8
 426:Core/Src/config_manager.c ****             ack_data[4] = 0x00;
 1075              		.loc 1 426 25 view .LVU345
 1076 01a2 8DF80330 		strb	r3, [sp, #3]
 427:Core/Src/config_manager.c ****             ack_data[5] = 0x00;
 1077              		.loc 1 427 13 is_stmt 1 view .LVU346
 427:Core/Src/config_manager.c ****             ack_data[5] = 0x00;
 1078              		.loc 1 427 25 is_stmt 0 view .LVU347
 1079 01a6 8DF80420 		strb	r2, [sp, #4]
 428:Core/Src/config_manager.c ****             ack_data[6] = 0x00;
 1080              		.loc 1 428 13 is_stmt 1 view .LVU348
 428:Core/Src/config_manager.c ****             ack_data[6] = 0x00;
ARM GAS  C:\Users\Ali\AppData\Local\Temp\ccWQI1fJ.s 			page 82


 1081              		.loc 1 428 25 is_stmt 0 view .LVU349
 1082 01aa 8DF80520 		strb	r2, [sp, #5]
 429:Core/Src/config_manager.c ****             ack_data[7] = 0x00;
 1083              		.loc 1 429 13 is_stmt 1 view .LVU350
 429:Core/Src/config_manager.c ****             ack_data[7] = 0x00;
 1084              		.loc 1 429 25 is_stmt 0 view .LVU351
 1085 01ae 8DF80620 		strb	r2, [sp, #6]
 430:Core/Src/config_manager.c ****             
 1086              		.loc 1 430 13 is_stmt 1 view .LVU352
 430:Core/Src/config_manager.c ****             
 1087              		.loc 1 430 25 is_stmt 0 view .LVU353
 1088 01b2 8DF80720 		strb	r2, [sp, #7]
 433:Core/Src/config_manager.c ****             break;
 1089              		.loc 1 433 13 is_stmt 1 view .LVU354
 1090 01b6 0123     		movs	r3, #1
 1091 01b8 0822     		movs	r2, #8
 1092 01ba 6946     		mov	r1, sp
 1093 01bc 3A48     		ldr	r0, .L76
 1094 01be 0068     		ldr	r0, [r0]
 1095 01c0 FFF7FEFF 		bl	CAN_SendMessage
 1096              	.LVL84:
 434:Core/Src/config_manager.c ****         }
 1097              		.loc 1 434 13 view .LVU355
 1098 01c4 7EE7     		b	.L45
 1099              	.LVL85:
 1100              	.L52:
 434:Core/Src/config_manager.c ****         }
 1101              		.loc 1 434 13 is_stmt 0 view .LVU356
 1102              	.LBE15:
 1103              	.LBB16:
 441:Core/Src/config_manager.c ****             uint16_t param_value = 0;
 1104              		.loc 1 441 13 is_stmt 1 view .LVU357
 442:Core/Src/config_manager.c ****             status = CONFIG_STATUS_SUCCESS;
 1105              		.loc 1 442 13 view .LVU358
 443:Core/Src/config_manager.c ****             
 1106              		.loc 1 443 13 view .LVU359
 445:Core/Src/config_manager.c ****                 case CONFIG_PARAM_MODULE_ID:
 1107              		.loc 1 445 13 view .LVU360
 1108 01c6 631E     		subs	r3, r4, #1
 1109 01c8 052B     		cmp	r3, #5
 1110 01ca 42D8     		bhi	.L69
 1111 01cc DFE803F0 		tbb	[pc, r3]
 1112              	.L61:
 1113 01d0 03       		.byte	(.L66-.L61)/2
 1114 01d1 21       		.byte	(.L65-.L61)/2
 1115 01d2 26       		.byte	(.L64-.L61)/2
 1116 01d3 2B       		.byte	(.L63-.L61)/2
 1117 01d4 34       		.byte	(.L62-.L61)/2
 1118 01d5 3D       		.byte	(.L60-.L61)/2
 1119              		.p2align 1
 1120              	.L66:
 447:Core/Src/config_manager.c ****                     break;
 1121              		.loc 1 447 21 view .LVU361
 447:Core/Src/config_manager.c ****                     break;
 1122              		.loc 1 447 35 is_stmt 0 view .LVU362
 1123 01d6 FFF7FEFF 		bl	Config_GetModuleID
 1124              	.LVL86:
ARM GAS  C:\Users\Ali\AppData\Local\Temp\ccWQI1fJ.s 			page 83


 448:Core/Src/config_manager.c ****                 case CONFIG_PARAM_MAX_TEMP:
 1125              		.loc 1 448 21 is_stmt 1 view .LVU363
 443:Core/Src/config_manager.c ****             
 1126              		.loc 1 443 20 is_stmt 0 view .LVU364
 1127 01da 0023     		movs	r3, #0
 1128              	.LVL87:
 1129              	.L59:
 476:Core/Src/config_manager.c ****             ack_data[1] = status;
 1130              		.loc 1 476 13 is_stmt 1 view .LVU365
 476:Core/Src/config_manager.c ****             ack_data[1] = status;
 1131              		.loc 1 476 25 is_stmt 0 view .LVU366
 1132 01dc 8DF80050 		strb	r5, [sp]
 477:Core/Src/config_manager.c ****             ack_data[2] = param;
 1133              		.loc 1 477 13 is_stmt 1 view .LVU367
 477:Core/Src/config_manager.c ****             ack_data[2] = param;
 1134              		.loc 1 477 25 is_stmt 0 view .LVU368
 1135 01e0 8DF80130 		strb	r3, [sp, #1]
 478:Core/Src/config_manager.c ****             ack_data[3] = (uint8_t)(param_value & 0xFF);
 1136              		.loc 1 478 13 is_stmt 1 view .LVU369
 478:Core/Src/config_manager.c ****             ack_data[3] = (uint8_t)(param_value & 0xFF);
 1137              		.loc 1 478 25 is_stmt 0 view .LVU370
 1138 01e4 8DF80240 		strb	r4, [sp, #2]
 479:Core/Src/config_manager.c ****             ack_data[4] = (uint8_t)((param_value >> 8) & 0xFF);
 1139              		.loc 1 479 13 is_stmt 1 view .LVU371
 479:Core/Src/config_manager.c ****             ack_data[4] = (uint8_t)((param_value >> 8) & 0xFF);
 1140              		.loc 1 479 25 is_stmt 0 view .LVU372
 1141 01e8 8DF80300 		strb	r0, [sp, #3]
 480:Core/Src/config_manager.c ****             ack_data[5] = 0x00;
 1142              		.loc 1 480 13 is_stmt 1 view .LVU373
 480:Core/Src/config_manager.c ****             ack_data[5] = 0x00;
 1143              		.loc 1 480 27 is_stmt 0 view .LVU374
 1144 01ec C0F30720 		ubfx	r0, r0, #8, #8
 1145              	.LVL88:
 480:Core/Src/config_manager.c ****             ack_data[5] = 0x00;
 1146              		.loc 1 480 25 view .LVU375
 1147 01f0 8DF80400 		strb	r0, [sp, #4]
 481:Core/Src/config_manager.c ****             ack_data[6] = 0x00;
 1148              		.loc 1 481 13 is_stmt 1 view .LVU376
 481:Core/Src/config_manager.c ****             ack_data[6] = 0x00;
 1149              		.loc 1 481 25 is_stmt 0 view .LVU377
 1150 01f4 0023     		movs	r3, #0
 1151              	.LVL89:
 481:Core/Src/config_manager.c ****             ack_data[6] = 0x00;
 1152              		.loc 1 481 25 view .LVU378
 1153 01f6 8DF80530 		strb	r3, [sp, #5]
 482:Core/Src/config_manager.c ****             ack_data[7] = 0x00;
 1154              		.loc 1 482 13 is_stmt 1 view .LVU379
 482:Core/Src/config_manager.c ****             ack_data[7] = 0x00;
 1155              		.loc 1 482 25 is_stmt 0 view .LVU380
 1156 01fa 8DF80630 		strb	r3, [sp, #6]
 483:Core/Src/config_manager.c ****             
 1157              		.loc 1 483 13 is_stmt 1 view .LVU381
 483:Core/Src/config_manager.c ****             
 1158              		.loc 1 483 25 is_stmt 0 view .LVU382
 1159 01fe 8DF80730 		strb	r3, [sp, #7]
 486:Core/Src/config_manager.c ****             break;
 1160              		.loc 1 486 13 is_stmt 1 view .LVU383
ARM GAS  C:\Users\Ali\AppData\Local\Temp\ccWQI1fJ.s 			page 84


 1161 0202 0123     		movs	r3, #1
 1162 0204 0822     		movs	r2, #8
 1163 0206 6946     		mov	r1, sp
 1164 0208 2748     		ldr	r0, .L76
 1165 020a 0068     		ldr	r0, [r0]
 1166 020c FFF7FEFF 		bl	CAN_SendMessage
 1167              	.LVL90:
 487:Core/Src/config_manager.c ****         }
 1168              		.loc 1 487 13 view .LVU384
 1169 0210 58E7     		b	.L45
 1170              	.LVL91:
 1171              	.L65:
 450:Core/Src/config_manager.c ****                     break;
 1172              		.loc 1 450 21 view .LVU385
 450:Core/Src/config_manager.c ****                     break;
 1173              		.loc 1 450 44 is_stmt 0 view .LVU386
 1174 0212 FFF7FEFF 		bl	CellTemp_GetMaxTemp
 1175              	.LVL92:
 450:Core/Src/config_manager.c ****                     break;
 1176              		.loc 1 450 35 discriminator 1 view .LVU387
 1177 0216 C0B2     		uxtb	r0, r0
 1178              	.LVL93:
 451:Core/Src/config_manager.c ****                 case CONFIG_PARAM_MIN_TEMP:
 1179              		.loc 1 451 21 is_stmt 1 view .LVU388
 443:Core/Src/config_manager.c ****             
 1180              		.loc 1 443 20 is_stmt 0 view .LVU389
 1181 0218 0023     		movs	r3, #0
 451:Core/Src/config_manager.c ****                 case CONFIG_PARAM_MIN_TEMP:
 1182              		.loc 1 451 21 view .LVU390
 1183 021a DFE7     		b	.L59
 1184              	.LVL94:
 1185              	.L64:
 453:Core/Src/config_manager.c ****                     break;
 1186              		.loc 1 453 21 is_stmt 1 view .LVU391
 453:Core/Src/config_manager.c ****                     break;
 1187              		.loc 1 453 44 is_stmt 0 view .LVU392
 1188 021c FFF7FEFF 		bl	CellTemp_GetMinTemp
 1189              	.LVL95:
 453:Core/Src/config_manager.c ****                     break;
 1190              		.loc 1 453 35 discriminator 1 view .LVU393
 1191 0220 C0B2     		uxtb	r0, r0
 1192              	.LVL96:
 454:Core/Src/config_manager.c ****                 case CONFIG_PARAM_MIN_VOLTAGE:
 1193              		.loc 1 454 21 is_stmt 1 view .LVU394
 443:Core/Src/config_manager.c ****             
 1194              		.loc 1 443 20 is_stmt 0 view .LVU395
 1195 0222 0023     		movs	r3, #0
 454:Core/Src/config_manager.c ****                 case CONFIG_PARAM_MIN_VOLTAGE:
 1196              		.loc 1 454 21 view .LVU396
 1197 0224 DAE7     		b	.L59
 1198              	.LVL97:
 1199              	.L63:
 456:Core/Src/config_manager.c ****                     break;
 1200              		.loc 1 456 21 is_stmt 1 view .LVU397
 456:Core/Src/config_manager.c ****                     break;
 1201              		.loc 1 456 35 is_stmt 0 view .LVU398
 1202 0226 FFF7FEFF 		bl	BQ_GetMinVoltage
ARM GAS  C:\Users\Ali\AppData\Local\Temp\ccWQI1fJ.s 			page 85


 1203              	.LVL98:
 456:Core/Src/config_manager.c ****                     break;
 1204              		.loc 1 456 33 discriminator 1 view .LVU399
 1205 022a 204B     		ldr	r3, .L76+4
 1206 022c A3FB0030 		umull	r3, r0, r3, r0
 1207 0230 C0F34F10 		ubfx	r0, r0, #5, #16
 1208              	.LVL99:
 457:Core/Src/config_manager.c ****                 case CONFIG_PARAM_MAX_VOLTAGE:
 1209              		.loc 1 457 21 is_stmt 1 view .LVU400
 443:Core/Src/config_manager.c ****             
 1210              		.loc 1 443 20 is_stmt 0 view .LVU401
 1211 0234 0023     		movs	r3, #0
 457:Core/Src/config_manager.c ****                 case CONFIG_PARAM_MAX_VOLTAGE:
 1212              		.loc 1 457 21 view .LVU402
 1213 0236 D1E7     		b	.L59
 1214              	.LVL100:
 1215              	.L62:
 459:Core/Src/config_manager.c ****                     break;
 1216              		.loc 1 459 21 is_stmt 1 view .LVU403
 459:Core/Src/config_manager.c ****                     break;
 1217              		.loc 1 459 35 is_stmt 0 view .LVU404
 1218 0238 FFF7FEFF 		bl	BQ_GetMaxVoltage
 1219              	.LVL101:
 459:Core/Src/config_manager.c ****                     break;
 1220              		.loc 1 459 33 discriminator 1 view .LVU405
 1221 023c 1B4B     		ldr	r3, .L76+4
 1222 023e A3FB0030 		umull	r3, r0, r3, r0
 1223 0242 C0F34F10 		ubfx	r0, r0, #5, #16
 1224              	.LVL102:
 460:Core/Src/config_manager.c ****                 case CONFIG_PARAM_SLEEP_MODE:
 1225              		.loc 1 460 21 is_stmt 1 view .LVU406
 443:Core/Src/config_manager.c ****             
 1226              		.loc 1 443 20 is_stmt 0 view .LVU407
 1227 0246 0023     		movs	r3, #0
 460:Core/Src/config_manager.c ****                 case CONFIG_PARAM_SLEEP_MODE:
 1228              		.loc 1 460 21 view .LVU408
 1229 0248 C8E7     		b	.L59
 1230              	.LVL103:
 1231              	.L60:
 462:Core/Src/config_manager.c ****                     break;
 1232              		.loc 1 462 21 is_stmt 1 view .LVU409
 462:Core/Src/config_manager.c ****                     break;
 1233              		.loc 1 462 35 is_stmt 0 view .LVU410
 1234 024a FFF7FEFF 		bl	BQ_GetSleepMode
 1235              	.LVL104:
 463:Core/Src/config_manager.c ****                 default:
 1236              		.loc 1 463 21 is_stmt 1 view .LVU411
 443:Core/Src/config_manager.c ****             
 1237              		.loc 1 443 20 is_stmt 0 view .LVU412
 1238 024e 0023     		movs	r3, #0
 463:Core/Src/config_manager.c ****                 default:
 1239              		.loc 1 463 21 view .LVU413
 1240 0250 C4E7     		b	.L59
 1241              	.LVL105:
 1242              	.L69:
 445:Core/Src/config_manager.c ****                 case CONFIG_PARAM_MODULE_ID:
 1243              		.loc 1 445 13 view .LVU414
ARM GAS  C:\Users\Ali\AppData\Local\Temp\ccWQI1fJ.s 			page 86


 1244 0252 0020     		movs	r0, #0
 1245              	.LVL106:
 445:Core/Src/config_manager.c ****                 case CONFIG_PARAM_MODULE_ID:
 1246              		.loc 1 445 13 view .LVU415
 1247 0254 0123     		movs	r3, #1
 1248 0256 C1E7     		b	.L59
 1249              	.LVL107:
 1250              	.L50:
 445:Core/Src/config_manager.c ****                 case CONFIG_PARAM_MODULE_ID:
 1251              		.loc 1 445 13 view .LVU416
 1252              	.LBE16:
 1253              	.LBB17:
 494:Core/Src/config_manager.c ****             uint8_t new_sleep_mode = (value != 0) ? 1 : 0;  // Normalize to 0 or 1
 1254              		.loc 1 494 13 is_stmt 1 view .LVU417
 494:Core/Src/config_manager.c ****             uint8_t new_sleep_mode = (value != 0) ? 1 : 0;  // Normalize to 0 or 1
 1255              		.loc 1 494 38 is_stmt 0 view .LVU418
 1256 0258 FFF7FEFF 		bl	BQ_GetSleepMode
 1257              	.LVL108:
 494:Core/Src/config_manager.c ****             uint8_t new_sleep_mode = (value != 0) ? 1 : 0;  // Normalize to 0 or 1
 1258              		.loc 1 494 38 view .LVU419
 1259 025c 0646     		mov	r6, r0
 1260              	.LVL109:
 495:Core/Src/config_manager.c ****             
 1261              		.loc 1 495 13 is_stmt 1 view .LVU420
 498:Core/Src/config_manager.c ****             
 1262              		.loc 1 498 13 view .LVU421
 498:Core/Src/config_manager.c ****             
 1263              		.loc 1 498 40 is_stmt 0 view .LVU422
 1264 025e 201E     		subs	r0, r4, #0
 1265 0260 18BF     		it	ne
 1266 0262 0120     		movne	r0, #1
 1267 0264 FFF7FEFF 		bl	BQ_SetSleepMode
 1268              	.LVL110:
 501:Core/Src/config_manager.c ****                 status = CONFIG_STATUS_SUCCESS;
 1269              		.loc 1 501 13 is_stmt 1 view .LVU423
 501:Core/Src/config_manager.c ****                 status = CONFIG_STATUS_SUCCESS;
 1270              		.loc 1 501 16 is_stmt 0 view .LVU424
 1271 0268 0446     		mov	r4, r0
 1272              	.LVL111:
 501:Core/Src/config_manager.c ****                 status = CONFIG_STATUS_SUCCESS;
 1273              		.loc 1 501 16 view .LVU425
 1274 026a 00B1     		cbz	r0, .L67
 504:Core/Src/config_manager.c ****             }
 1275              		.loc 1 504 24 view .LVU426
 1276 026c 0124     		movs	r4, #1
 1277              	.L67:
 1278              	.LVL112:
 508:Core/Src/config_manager.c ****             
 1279              		.loc 1 508 13 is_stmt 1 view .LVU427
 508:Core/Src/config_manager.c ****             
 1280              		.loc 1 508 41 is_stmt 0 view .LVU428
 1281 026e FFF7FEFF 		bl	BQ_GetSleepMode
 1282              	.LVL113:
 516:Core/Src/config_manager.c ****             ack_data[1] = status;
 1283              		.loc 1 516 13 is_stmt 1 view .LVU429
 516:Core/Src/config_manager.c ****             ack_data[1] = status;
 1284              		.loc 1 516 25 is_stmt 0 view .LVU430
ARM GAS  C:\Users\Ali\AppData\Local\Temp\ccWQI1fJ.s 			page 87


 1285 0272 8DF80050 		strb	r5, [sp]
 517:Core/Src/config_manager.c ****             ack_data[2] = old_sleep_mode;
 1286              		.loc 1 517 13 is_stmt 1 view .LVU431
 517:Core/Src/config_manager.c ****             ack_data[2] = old_sleep_mode;
 1287              		.loc 1 517 25 is_stmt 0 view .LVU432
 1288 0276 8DF80140 		strb	r4, [sp, #1]
 518:Core/Src/config_manager.c ****             ack_data[3] = actual_sleep_mode;
 1289              		.loc 1 518 13 is_stmt 1 view .LVU433
 518:Core/Src/config_manager.c ****             ack_data[3] = actual_sleep_mode;
 1290              		.loc 1 518 25 is_stmt 0 view .LVU434
 1291 027a 8DF80260 		strb	r6, [sp, #2]
 519:Core/Src/config_manager.c ****             ack_data[4] = 0x00;
 1292              		.loc 1 519 13 is_stmt 1 view .LVU435
 519:Core/Src/config_manager.c ****             ack_data[4] = 0x00;
 1293              		.loc 1 519 25 is_stmt 0 view .LVU436
 1294 027e 8DF80300 		strb	r0, [sp, #3]
 520:Core/Src/config_manager.c ****             ack_data[5] = 0x00;
 1295              		.loc 1 520 13 is_stmt 1 view .LVU437
 520:Core/Src/config_manager.c ****             ack_data[5] = 0x00;
 1296              		.loc 1 520 25 is_stmt 0 view .LVU438
 1297 0282 0023     		movs	r3, #0
 1298 0284 8DF80430 		strb	r3, [sp, #4]
 521:Core/Src/config_manager.c ****             ack_data[6] = 0x00;
 1299              		.loc 1 521 13 is_stmt 1 view .LVU439
 521:Core/Src/config_manager.c ****             ack_data[6] = 0x00;
 1300              		.loc 1 521 25 is_stmt 0 view .LVU440
 1301 0288 8DF80530 		strb	r3, [sp, #5]
 522:Core/Src/config_manager.c ****             ack_data[7] = 0x00;
 1302              		.loc 1 522 13 is_stmt 1 view .LVU441
 522:Core/Src/config_manager.c ****             ack_data[7] = 0x00;
 1303              		.loc 1 522 25 is_stmt 0 view .LVU442
 1304 028c 8DF80630 		strb	r3, [sp, #6]
 523:Core/Src/config_manager.c ****             
 1305              		.loc 1 523 13 is_stmt 1 view .LVU443
 523:Core/Src/config_manager.c ****             
 1306              		.loc 1 523 25 is_stmt 0 view .LVU444
 1307 0290 8DF80730 		strb	r3, [sp, #7]
 526:Core/Src/config_manager.c ****             break;
 1308              		.loc 1 526 13 is_stmt 1 view .LVU445
 1309 0294 0123     		movs	r3, #1
 1310 0296 0822     		movs	r2, #8
 1311 0298 6946     		mov	r1, sp
 1312 029a 0348     		ldr	r0, .L76
 1313              	.LVL114:
 526:Core/Src/config_manager.c ****             break;
 1314              		.loc 1 526 13 is_stmt 0 view .LVU446
 1315 029c 0068     		ldr	r0, [r0]
 1316 029e FFF7FEFF 		bl	CAN_SendMessage
 1317              	.LVL115:
 527:Core/Src/config_manager.c ****         }
 1318              		.loc 1 527 13 is_stmt 1 view .LVU447
 1319 02a2 0FE7     		b	.L45
 1320              	.LVL116:
 1321              	.L73:
 1322              		.cfi_def_cfa_offset 0
 1323              		.cfi_restore 4
 1324              		.cfi_restore 5
ARM GAS  C:\Users\Ali\AppData\Local\Temp\ccWQI1fJ.s 			page 88


 1325              		.cfi_restore 6
 1326              		.cfi_restore 7
 1327              		.cfi_restore 14
 527:Core/Src/config_manager.c ****         }
 1328              		.loc 1 527 13 is_stmt 0 view .LVU448
 1329 02a4 7047     		bx	lr
 1330              	.L77:
 1331 02a6 00BF     		.align	2
 1332              	.L76:
 1333 02a8 00000000 		.word	CAN_CONFIG_ACK_ID
 1334 02ac 1F85EB51 		.word	1374389535
 1335              	.LBE17:
 1336              		.cfi_endproc
 1337              	.LFE298:
 1339              		.section	.rodata.str1.4,"aMS",%progbits,1
 1340              		.align	2
 1341              	.LC0:
 1342 0000 436F6E66 		.ascii	"ConfigMutex\000"
 1342      69674D75 
 1342      74657800 
 1343              		.global	CAN_I2C_DIAG_ID
 1344              		.section	.bss.CAN_I2C_DIAG_ID,"aw",%nobits
 1345              		.align	2
 1348              	CAN_I2C_DIAG_ID:
 1349 0000 00000000 		.space	4
 1350              		.global	CAN_DEBUG_RESPONSE_ID
 1351              		.section	.bss.CAN_DEBUG_RESPONSE_ID,"aw",%nobits
 1352              		.align	2
 1355              	CAN_DEBUG_RESPONSE_ID:
 1356 0000 00000000 		.space	4
 1357              		.global	CAN_BMS2_BAL_DETAIL_ID
 1358              		.section	.bss.CAN_BMS2_BAL_DETAIL_ID,"aw",%nobits
 1359              		.align	2
 1362              	CAN_BMS2_BAL_DETAIL_ID:
 1363 0000 00000000 		.space	4
 1364              		.global	CAN_BMS1_BAL_DETAIL_ID
 1365              		.section	.bss.CAN_BMS1_BAL_DETAIL_ID,"aw",%nobits
 1366              		.align	2
 1369              	CAN_BMS1_BAL_DETAIL_ID:
 1370 0000 00000000 		.space	4
 1371              		.global	CAN_BALANCE_STATUS_ID
 1372              		.section	.bss.CAN_BALANCE_STATUS_ID,"aw",%nobits
 1373              		.align	2
 1376              	CAN_BALANCE_STATUS_ID:
 1377 0000 00000000 		.space	4
 1378              		.global	CAN_BALANCE_CFG_ID
 1379              		.section	.bss.CAN_BALANCE_CFG_ID,"aw",%nobits
 1380              		.align	2
 1383              	CAN_BALANCE_CFG_ID:
 1384 0000 00000000 		.space	4
 1385              		.global	CAN_BALANCE_ACK_ID
 1386              		.section	.bss.CAN_BALANCE_ACK_ID,"aw",%nobits
 1387              		.align	2
 1390              	CAN_BALANCE_ACK_ID:
 1391 0000 00000000 		.space	4
 1392              		.global	CAN_BALANCE_CMD_ID
 1393              		.section	.bss.CAN_BALANCE_CMD_ID,"aw",%nobits
ARM GAS  C:\Users\Ali\AppData\Local\Temp\ccWQI1fJ.s 			page 89


 1394              		.align	2
 1397              	CAN_BALANCE_CMD_ID:
 1398 0000 00000000 		.space	4
 1399              		.global	CAN_BMS_RESET_ACK_ID
 1400              		.section	.bss.CAN_BMS_RESET_ACK_ID,"aw",%nobits
 1401              		.align	2
 1404              	CAN_BMS_RESET_ACK_ID:
 1405 0000 00000000 		.space	4
 1406              		.global	CAN_BMS_RESET_CMD_ID
 1407              		.section	.bss.CAN_BMS_RESET_CMD_ID,"aw",%nobits
 1408              		.align	2
 1411              	CAN_BMS_RESET_CMD_ID:
 1412 0000 00000000 		.space	4
 1413              		.global	CAN_RESET_CMD_ID
 1414              		.section	.bss.CAN_RESET_CMD_ID,"aw",%nobits
 1415              		.align	2
 1418              	CAN_RESET_CMD_ID:
 1419 0000 00000000 		.space	4
 1420              		.global	CAN_CONFIG_ACK_ID
 1421              		.section	.bss.CAN_CONFIG_ACK_ID,"aw",%nobits
 1422              		.align	2
 1425              	CAN_CONFIG_ACK_ID:
 1426 0000 00000000 		.space	4
 1427              		.global	CAN_BMS_STATS_ID
 1428              		.section	.bss.CAN_BMS_STATS_ID,"aw",%nobits
 1429              		.align	2
 1432              	CAN_BMS_STATS_ID:
 1433 0000 00000000 		.space	4
 1434              		.global	CAN_BMS_HEARTBEAT_ID
 1435              		.section	.bss.CAN_BMS_HEARTBEAT_ID,"aw",%nobits
 1436              		.align	2
 1439              	CAN_BMS_HEARTBEAT_ID:
 1440 0000 00000000 		.space	4
 1441              		.global	CAN_BMS2_STATUS_ID
 1442              		.section	.bss.CAN_BMS2_STATUS_ID,"aw",%nobits
 1443              		.align	2
 1446              	CAN_BMS2_STATUS_ID:
 1447 0000 00000000 		.space	4
 1448              		.global	CAN_BMS1_STATUS_ID
 1449              		.section	.bss.CAN_BMS1_STATUS_ID,"aw",%nobits
 1450              		.align	2
 1453              	CAN_BMS1_STATUS_ID:
 1454 0000 00000000 		.space	4
 1455              		.global	CAN_VOLTAGE_5_ID
 1456              		.section	.bss.CAN_VOLTAGE_5_ID,"aw",%nobits
 1457              		.align	2
 1460              	CAN_VOLTAGE_5_ID:
 1461 0000 00000000 		.space	4
 1462              		.global	CAN_VOLTAGE_4_ID
 1463              		.section	.bss.CAN_VOLTAGE_4_ID,"aw",%nobits
 1464              		.align	2
 1467              	CAN_VOLTAGE_4_ID:
 1468 0000 00000000 		.space	4
 1469              		.global	CAN_VOLTAGE_3_ID
 1470              		.section	.bss.CAN_VOLTAGE_3_ID,"aw",%nobits
 1471              		.align	2
 1474              	CAN_VOLTAGE_3_ID:
ARM GAS  C:\Users\Ali\AppData\Local\Temp\ccWQI1fJ.s 			page 90


 1475 0000 00000000 		.space	4
 1476              		.global	CAN_VOLTAGE_2_ID
 1477              		.section	.bss.CAN_VOLTAGE_2_ID,"aw",%nobits
 1478              		.align	2
 1481              	CAN_VOLTAGE_2_ID:
 1482 0000 00000000 		.space	4
 1483              		.global	CAN_VOLTAGE_1_ID
 1484              		.section	.bss.CAN_VOLTAGE_1_ID,"aw",%nobits
 1485              		.align	2
 1488              	CAN_VOLTAGE_1_ID:
 1489 0000 00000000 		.space	4
 1490              		.global	CAN_VOLTAGE_0_ID
 1491              		.section	.bss.CAN_VOLTAGE_0_ID,"aw",%nobits
 1492              		.align	2
 1495              	CAN_VOLTAGE_0_ID:
 1496 0000 00000000 		.space	4
 1497              		.global	CAN_TEMP_SUMMARY_ID
 1498              		.section	.bss.CAN_TEMP_SUMMARY_ID,"aw",%nobits
 1499              		.align	2
 1502              	CAN_TEMP_SUMMARY_ID:
 1503 0000 00000000 		.space	4
 1504              		.global	CAN_TEMP_RAW_ID
 1505              		.section	.bss.CAN_TEMP_RAW_ID,"aw",%nobits
 1506              		.align	2
 1509              	CAN_TEMP_RAW_ID:
 1510 0000 00000000 		.space	4
 1511              		.global	CAN_TEMP_ID
 1512              		.section	.bss.CAN_TEMP_ID,"aw",%nobits
 1513              		.align	2
 1516              	CAN_TEMP_ID:
 1517 0000 00000000 		.space	4
 1518              		.section	.bss.config_mutex,"aw",%nobits
 1519              		.align	2
 1522              	config_mutex:
 1523 0000 00000000 		.space	4
 1524              		.section	.bss.module_id,"aw",%nobits
 1527              	module_id:
 1528 0000 00       		.space	1
 1529              		.section	.rodata
 1530              		.align	2
 1531              		.set	.LANCHOR0,. + 0
 1532              	.LC2:
 1533 0000 00000000 		.word	.LC0
 1534 0004 03000000 		.word	3
 1535 0008 00000000 		.word	0
 1536 000c 00000000 		.word	0
 1537              		.text
 1538              	.Letext0:
 1539              		.file 4 "C:/Users/Ali/AppData/Roaming/Code/User/globalStorage/bmd.stm32-for-vscode/@xpack-dev-tool
 1540              		.file 5 "C:/Users/Ali/AppData/Roaming/Code/User/globalStorage/bmd.stm32-for-vscode/@xpack-dev-tool
 1541              		.file 6 "Drivers/STM32L4xx_HAL_Driver/Inc/stm32l4xx_hal_def.h"
 1542              		.file 7 "Drivers/STM32L4xx_HAL_Driver/Inc/stm32l4xx_hal_flash.h"
 1543              		.file 8 "Middlewares/Third_Party/FreeRTOS/Source/CMSIS_RTOS_V2/cmsis_os2.h"
 1544              		.file 9 "Core/Inc/can_ids.h"
 1545              		.file 10 "Core/Inc/bq_handler.h"
 1546              		.file 11 "Core/Inc/cell_temp_handler.h"
 1547              		.file 12 "Drivers/STM32L4xx_HAL_Driver/Inc/stm32l4xx_hal_flash_ex.h"
ARM GAS  C:\Users\Ali\AppData\Local\Temp\ccWQI1fJ.s 			page 91


ARM GAS  C:\Users\Ali\AppData\Local\Temp\ccWQI1fJ.s 			page 92


DEFINED SYMBOLS
                            *ABS*:00000000 config_manager.c
C:\Users\Ali\AppData\Local\Temp\ccWQI1fJ.s:21     .text.__NVIC_SystemReset:00000000 $t
C:\Users\Ali\AppData\Local\Temp\ccWQI1fJ.s:26     .text.__NVIC_SystemReset:00000000 __NVIC_SystemReset
C:\Users\Ali\AppData\Local\Temp\ccWQI1fJ.s:89     .text.__NVIC_SystemReset:0000001c $d
C:\Users\Ali\AppData\Local\Temp\ccWQI1fJ.s:95     .text.Config_GetModuleID:00000000 $t
C:\Users\Ali\AppData\Local\Temp\ccWQI1fJ.s:101    .text.Config_GetModuleID:00000000 Config_GetModuleID
C:\Users\Ali\AppData\Local\Temp\ccWQI1fJ.s:147    .text.Config_GetModuleID:00000024 $d
C:\Users\Ali\AppData\Local\Temp\ccWQI1fJ.s:1522   .bss.config_mutex:00000000 config_mutex
C:\Users\Ali\AppData\Local\Temp\ccWQI1fJ.s:1527   .bss.module_id:00000000 module_id
C:\Users\Ali\AppData\Local\Temp\ccWQI1fJ.s:153    .text.Config_ReadModuleIDFromFlash:00000000 $t
C:\Users\Ali\AppData\Local\Temp\ccWQI1fJ.s:159    .text.Config_ReadModuleIDFromFlash:00000000 Config_ReadModuleIDFromFlash
C:\Users\Ali\AppData\Local\Temp\ccWQI1fJ.s:198    .text.Config_ReadModuleIDFromFlash:00000018 $d
C:\Users\Ali\AppData\Local\Temp\ccWQI1fJ.s:205    .text.Config_WriteModuleIDToFlash:00000000 $t
C:\Users\Ali\AppData\Local\Temp\ccWQI1fJ.s:211    .text.Config_WriteModuleIDToFlash:00000000 Config_WriteModuleIDToFlash
C:\Users\Ali\AppData\Local\Temp\ccWQI1fJ.s:340    .text.Config_WriteModuleIDToFlash:00000064 $d
C:\Users\Ali\AppData\Local\Temp\ccWQI1fJ.s:345    .text.Config_SetModuleID:00000000 $t
C:\Users\Ali\AppData\Local\Temp\ccWQI1fJ.s:351    .text.Config_SetModuleID:00000000 Config_SetModuleID
C:\Users\Ali\AppData\Local\Temp\ccWQI1fJ.s:388    .text.Config_InitCANIDs:00000000 $t
C:\Users\Ali\AppData\Local\Temp\ccWQI1fJ.s:394    .text.Config_InitCANIDs:00000000 Config_InitCANIDs
C:\Users\Ali\AppData\Local\Temp\ccWQI1fJ.s:586    .text.Config_InitCANIDs:000000d4 $d
C:\Users\Ali\AppData\Local\Temp\ccWQI1fJ.s:1516   .bss.CAN_TEMP_ID:00000000 CAN_TEMP_ID
C:\Users\Ali\AppData\Local\Temp\ccWQI1fJ.s:1509   .bss.CAN_TEMP_RAW_ID:00000000 CAN_TEMP_RAW_ID
C:\Users\Ali\AppData\Local\Temp\ccWQI1fJ.s:1502   .bss.CAN_TEMP_SUMMARY_ID:00000000 CAN_TEMP_SUMMARY_ID
C:\Users\Ali\AppData\Local\Temp\ccWQI1fJ.s:1495   .bss.CAN_VOLTAGE_0_ID:00000000 CAN_VOLTAGE_0_ID
C:\Users\Ali\AppData\Local\Temp\ccWQI1fJ.s:1488   .bss.CAN_VOLTAGE_1_ID:00000000 CAN_VOLTAGE_1_ID
C:\Users\Ali\AppData\Local\Temp\ccWQI1fJ.s:1481   .bss.CAN_VOLTAGE_2_ID:00000000 CAN_VOLTAGE_2_ID
C:\Users\Ali\AppData\Local\Temp\ccWQI1fJ.s:1474   .bss.CAN_VOLTAGE_3_ID:00000000 CAN_VOLTAGE_3_ID
C:\Users\Ali\AppData\Local\Temp\ccWQI1fJ.s:1467   .bss.CAN_VOLTAGE_4_ID:00000000 CAN_VOLTAGE_4_ID
C:\Users\Ali\AppData\Local\Temp\ccWQI1fJ.s:1460   .bss.CAN_VOLTAGE_5_ID:00000000 CAN_VOLTAGE_5_ID
C:\Users\Ali\AppData\Local\Temp\ccWQI1fJ.s:1453   .bss.CAN_BMS1_STATUS_ID:00000000 CAN_BMS1_STATUS_ID
C:\Users\Ali\AppData\Local\Temp\ccWQI1fJ.s:1446   .bss.CAN_BMS2_STATUS_ID:00000000 CAN_BMS2_STATUS_ID
C:\Users\Ali\AppData\Local\Temp\ccWQI1fJ.s:1439   .bss.CAN_BMS_HEARTBEAT_ID:00000000 CAN_BMS_HEARTBEAT_ID
C:\Users\Ali\AppData\Local\Temp\ccWQI1fJ.s:1432   .bss.CAN_BMS_STATS_ID:00000000 CAN_BMS_STATS_ID
C:\Users\Ali\AppData\Local\Temp\ccWQI1fJ.s:1425   .bss.CAN_CONFIG_ACK_ID:00000000 CAN_CONFIG_ACK_ID
C:\Users\Ali\AppData\Local\Temp\ccWQI1fJ.s:1418   .bss.CAN_RESET_CMD_ID:00000000 CAN_RESET_CMD_ID
C:\Users\Ali\AppData\Local\Temp\ccWQI1fJ.s:1411   .bss.CAN_BMS_RESET_CMD_ID:00000000 CAN_BMS_RESET_CMD_ID
C:\Users\Ali\AppData\Local\Temp\ccWQI1fJ.s:1404   .bss.CAN_BMS_RESET_ACK_ID:00000000 CAN_BMS_RESET_ACK_ID
C:\Users\Ali\AppData\Local\Temp\ccWQI1fJ.s:1397   .bss.CAN_BALANCE_CMD_ID:00000000 CAN_BALANCE_CMD_ID
C:\Users\Ali\AppData\Local\Temp\ccWQI1fJ.s:1390   .bss.CAN_BALANCE_ACK_ID:00000000 CAN_BALANCE_ACK_ID
C:\Users\Ali\AppData\Local\Temp\ccWQI1fJ.s:1383   .bss.CAN_BALANCE_CFG_ID:00000000 CAN_BALANCE_CFG_ID
C:\Users\Ali\AppData\Local\Temp\ccWQI1fJ.s:1376   .bss.CAN_BALANCE_STATUS_ID:00000000 CAN_BALANCE_STATUS_ID
C:\Users\Ali\AppData\Local\Temp\ccWQI1fJ.s:1369   .bss.CAN_BMS1_BAL_DETAIL_ID:00000000 CAN_BMS1_BAL_DETAIL_ID
C:\Users\Ali\AppData\Local\Temp\ccWQI1fJ.s:1362   .bss.CAN_BMS2_BAL_DETAIL_ID:00000000 CAN_BMS2_BAL_DETAIL_ID
C:\Users\Ali\AppData\Local\Temp\ccWQI1fJ.s:1355   .bss.CAN_DEBUG_RESPONSE_ID:00000000 CAN_DEBUG_RESPONSE_ID
C:\Users\Ali\AppData\Local\Temp\ccWQI1fJ.s:1348   .bss.CAN_I2C_DIAG_ID:00000000 CAN_I2C_DIAG_ID
C:\Users\Ali\AppData\Local\Temp\ccWQI1fJ.s:635    .text.Config_Init:00000000 $t
C:\Users\Ali\AppData\Local\Temp\ccWQI1fJ.s:641    .text.Config_Init:00000000 Config_Init
C:\Users\Ali\AppData\Local\Temp\ccWQI1fJ.s:683    .text.Config_Init:00000028 $d
C:\Users\Ali\AppData\Local\Temp\ccWQI1fJ.s:690    .text.Config_ProcessCANCommand:00000000 $t
C:\Users\Ali\AppData\Local\Temp\ccWQI1fJ.s:696    .text.Config_ProcessCANCommand:00000000 Config_ProcessCANCommand
C:\Users\Ali\AppData\Local\Temp\ccWQI1fJ.s:741    .text.Config_ProcessCANCommand:00000024 $d
C:\Users\Ali\AppData\Local\Temp\ccWQI1fJ.s:748    .text.Config_ProcessCANCommand:00000032 $t
C:\Users\Ali\AppData\Local\Temp\ccWQI1fJ.s:1113   .text.Config_ProcessCANCommand:000001d0 $d
C:\Users\Ali\AppData\Local\Temp\ccWQI1fJ.s:1119   .text.Config_ProcessCANCommand:000001d6 $t
C:\Users\Ali\AppData\Local\Temp\ccWQI1fJ.s:1333   .text.Config_ProcessCANCommand:000002a8 $d
C:\Users\Ali\AppData\Local\Temp\ccWQI1fJ.s:1340   .rodata.str1.4:00000000 $d
ARM GAS  C:\Users\Ali\AppData\Local\Temp\ccWQI1fJ.s 			page 93


C:\Users\Ali\AppData\Local\Temp\ccWQI1fJ.s:1345   .bss.CAN_I2C_DIAG_ID:00000000 $d
C:\Users\Ali\AppData\Local\Temp\ccWQI1fJ.s:1352   .bss.CAN_DEBUG_RESPONSE_ID:00000000 $d
C:\Users\Ali\AppData\Local\Temp\ccWQI1fJ.s:1359   .bss.CAN_BMS2_BAL_DETAIL_ID:00000000 $d
C:\Users\Ali\AppData\Local\Temp\ccWQI1fJ.s:1366   .bss.CAN_BMS1_BAL_DETAIL_ID:00000000 $d
C:\Users\Ali\AppData\Local\Temp\ccWQI1fJ.s:1373   .bss.CAN_BALANCE_STATUS_ID:00000000 $d
C:\Users\Ali\AppData\Local\Temp\ccWQI1fJ.s:1380   .bss.CAN_BALANCE_CFG_ID:00000000 $d
C:\Users\Ali\AppData\Local\Temp\ccWQI1fJ.s:1387   .bss.CAN_BALANCE_ACK_ID:00000000 $d
C:\Users\Ali\AppData\Local\Temp\ccWQI1fJ.s:1394   .bss.CAN_BALANCE_CMD_ID:00000000 $d
C:\Users\Ali\AppData\Local\Temp\ccWQI1fJ.s:1401   .bss.CAN_BMS_RESET_ACK_ID:00000000 $d
C:\Users\Ali\AppData\Local\Temp\ccWQI1fJ.s:1408   .bss.CAN_BMS_RESET_CMD_ID:00000000 $d
C:\Users\Ali\AppData\Local\Temp\ccWQI1fJ.s:1415   .bss.CAN_RESET_CMD_ID:00000000 $d
C:\Users\Ali\AppData\Local\Temp\ccWQI1fJ.s:1422   .bss.CAN_CONFIG_ACK_ID:00000000 $d
C:\Users\Ali\AppData\Local\Temp\ccWQI1fJ.s:1429   .bss.CAN_BMS_STATS_ID:00000000 $d
C:\Users\Ali\AppData\Local\Temp\ccWQI1fJ.s:1436   .bss.CAN_BMS_HEARTBEAT_ID:00000000 $d
C:\Users\Ali\AppData\Local\Temp\ccWQI1fJ.s:1443   .bss.CAN_BMS2_STATUS_ID:00000000 $d
C:\Users\Ali\AppData\Local\Temp\ccWQI1fJ.s:1450   .bss.CAN_BMS1_STATUS_ID:00000000 $d
C:\Users\Ali\AppData\Local\Temp\ccWQI1fJ.s:1457   .bss.CAN_VOLTAGE_5_ID:00000000 $d
C:\Users\Ali\AppData\Local\Temp\ccWQI1fJ.s:1464   .bss.CAN_VOLTAGE_4_ID:00000000 $d
C:\Users\Ali\AppData\Local\Temp\ccWQI1fJ.s:1471   .bss.CAN_VOLTAGE_3_ID:00000000 $d
C:\Users\Ali\AppData\Local\Temp\ccWQI1fJ.s:1478   .bss.CAN_VOLTAGE_2_ID:00000000 $d
C:\Users\Ali\AppData\Local\Temp\ccWQI1fJ.s:1485   .bss.CAN_VOLTAGE_1_ID:00000000 $d
C:\Users\Ali\AppData\Local\Temp\ccWQI1fJ.s:1492   .bss.CAN_VOLTAGE_0_ID:00000000 $d
C:\Users\Ali\AppData\Local\Temp\ccWQI1fJ.s:1499   .bss.CAN_TEMP_SUMMARY_ID:00000000 $d
C:\Users\Ali\AppData\Local\Temp\ccWQI1fJ.s:1506   .bss.CAN_TEMP_RAW_ID:00000000 $d
C:\Users\Ali\AppData\Local\Temp\ccWQI1fJ.s:1513   .bss.CAN_TEMP_ID:00000000 $d
C:\Users\Ali\AppData\Local\Temp\ccWQI1fJ.s:1519   .bss.config_mutex:00000000 $d
C:\Users\Ali\AppData\Local\Temp\ccWQI1fJ.s:1528   .bss.module_id:00000000 $d
C:\Users\Ali\AppData\Local\Temp\ccWQI1fJ.s:1530   .rodata:00000000 $d

UNDEFINED SYMBOLS
osMutexAcquire
osMutexRelease
HAL_FLASH_Unlock
HAL_FLASHEx_Erase
HAL_FLASH_Program
HAL_FLASH_Lock
osMutexNew
CAN_SendMessage
osDelay
CellTemp_GetMaxTemp
CellTemp_SetMaxTemp
CellTemp_GetMinTemp
CellTemp_SetMinTemp
BQ_GetMinVoltage
BQ_SetMinVoltage
BQ_GetMaxVoltage
BQ_SetMaxVoltage
BQ_GetSleepMode
BQ_SetSleepMode
