ARM GAS  C:\Users\Ali\AppData\Local\Temp\ccH49rLE.s 			page 1


   1              		.cpu cortex-m4
   2              		.arch armv7e-m
   3              		.fpu fpv4-sp-d16
   4              		.eabi_attribute 27, 1
   5              		.eabi_attribute 28, 1
   6              		.eabi_attribute 20, 1
   7              		.eabi_attribute 21, 1
   8              		.eabi_attribute 23, 3
   9              		.eabi_attribute 24, 1
  10              		.eabi_attribute 25, 1
  11              		.eabi_attribute 26, 1
  12              		.eabi_attribute 30, 1
  13              		.eabi_attribute 34, 1
  14              		.eabi_attribute 18, 4
  15              		.file	"main.c"
  16              		.text
  17              	.Ltext0:
  18              		.cfi_sections	.debug_frame
  19              		.file 1 "Core/Src/main.c"
  20              		.section	.text.MX_GPIO_Init,"ax",%progbits
  21              		.align	1
  22              		.syntax unified
  23              		.thumb
  24              		.thumb_func
  26              	MX_GPIO_Init:
  27              	.LFB299:
   1:Core/Src/main.c **** /* USER CODE BEGIN Header */
   2:Core/Src/main.c **** /**
   3:Core/Src/main.c ****   ******************************************************************************
   4:Core/Src/main.c ****   * @file           : main.c
   5:Core/Src/main.c ****   * @brief          : Main program body
   6:Core/Src/main.c ****   ******************************************************************************
   7:Core/Src/main.c ****   * @attention
   8:Core/Src/main.c ****   *
   9:Core/Src/main.c ****   * Copyright (c) 2025 STMicroelectronics.
  10:Core/Src/main.c ****   * All rights reserved.
  11:Core/Src/main.c ****   *
  12:Core/Src/main.c ****   * This software is licensed under terms that can be found in the LICENSE file
  13:Core/Src/main.c ****   * in the root directory of this software component.
  14:Core/Src/main.c ****   * If no LICENSE file comes with this software, it is provided AS-IS.
  15:Core/Src/main.c ****   *
  16:Core/Src/main.c ****   ******************************************************************************
  17:Core/Src/main.c ****   */
  18:Core/Src/main.c **** /* USER CODE END Header */
  19:Core/Src/main.c **** /* Includes ------------------------------------------------------------------*/
  20:Core/Src/main.c **** #include "main.h"
  21:Core/Src/main.c **** #include "cmsis_os.h"
  22:Core/Src/main.c **** 
  23:Core/Src/main.c **** /* Private includes ----------------------------------------------------------*/
  24:Core/Src/main.c **** /* USER CODE BEGIN Includes */
  25:Core/Src/main.c **** #include "cell_temp_handler.h"
  26:Core/Src/main.c **** #include "bq_handler.h"
  27:Core/Src/main.c **** #include "can_manager.h"
  28:Core/Src/main.c **** #include "config_manager.h"
  29:Core/Src/main.c **** #include "error_manager.h"
  30:Core/Src/main.c **** /* USER CODE END Includes */
  31:Core/Src/main.c **** 
ARM GAS  C:\Users\Ali\AppData\Local\Temp\ccH49rLE.s 			page 2


  32:Core/Src/main.c **** /* Private typedef -----------------------------------------------------------*/
  33:Core/Src/main.c **** /* USER CODE BEGIN PTD */
  34:Core/Src/main.c **** 
  35:Core/Src/main.c **** /* USER CODE END PTD */
  36:Core/Src/main.c **** 
  37:Core/Src/main.c **** /* Private define ------------------------------------------------------------*/
  38:Core/Src/main.c **** /* USER CODE BEGIN PD */
  39:Core/Src/main.c **** 
  40:Core/Src/main.c **** /* USER CODE END PD */
  41:Core/Src/main.c **** 
  42:Core/Src/main.c **** /* Private macro -------------------------------------------------------------*/
  43:Core/Src/main.c **** /* USER CODE BEGIN PM */
  44:Core/Src/main.c **** 
  45:Core/Src/main.c **** /* USER CODE END PM */
  46:Core/Src/main.c **** 
  47:Core/Src/main.c **** /* Private variables ---------------------------------------------------------*/
  48:Core/Src/main.c **** ADC_HandleTypeDef hadc1;
  49:Core/Src/main.c **** 
  50:Core/Src/main.c **** CAN_HandleTypeDef hcan1;
  51:Core/Src/main.c **** 
  52:Core/Src/main.c **** CRC_HandleTypeDef hcrc;
  53:Core/Src/main.c **** 
  54:Core/Src/main.c **** I2C_HandleTypeDef hi2c1;
  55:Core/Src/main.c **** I2C_HandleTypeDef hi2c3;
  56:Core/Src/main.c **** 
  57:Core/Src/main.c **** /* USER CODE BEGIN PV */
  58:Core/Src/main.c **** 
  59:Core/Src/main.c **** /* Definitions for CellVoltageBMS1 */
  60:Core/Src/main.c **** osThreadId_t CellVoltageBMS1Handle;
  61:Core/Src/main.c **** const osThreadAttr_t CellVoltageBMS1_attributes = {
  62:Core/Src/main.c ****   .name = "CellVoltageBMS1",
  63:Core/Src/main.c ****   .stack_size = 128 * 4,
  64:Core/Src/main.c ****   .priority = (osPriority_t) osPriorityHigh,
  65:Core/Src/main.c **** };
  66:Core/Src/main.c **** /* Definitions for CellVoltageBMS2 */
  67:Core/Src/main.c **** osThreadId_t CellVoltageBMS2Handle;
  68:Core/Src/main.c **** const osThreadAttr_t CellVoltageBMS2_attributes = {
  69:Core/Src/main.c ****   .name = "CellVoltageBMS2",
  70:Core/Src/main.c ****   .stack_size = 128 * 4,
  71:Core/Src/main.c ****   .priority = (osPriority_t) osPriorityHigh,
  72:Core/Src/main.c **** };
  73:Core/Src/main.c **** /* Definitions for CellTemperature */
  74:Core/Src/main.c **** osThreadId_t CellTemperatureHandle;
  75:Core/Src/main.c **** const osThreadAttr_t CellTemperature_attributes = {
  76:Core/Src/main.c ****   .name = "CellTemperature",
  77:Core/Src/main.c ****   .stack_size = 128 * 4,
  78:Core/Src/main.c ****   .priority = (osPriority_t) osPriorityHigh,
  79:Core/Src/main.c **** };
  80:Core/Src/main.c **** /* Definitions for CANManager */
  81:Core/Src/main.c **** osThreadId_t CANManagerHandle;
  82:Core/Src/main.c **** const osThreadAttr_t CANManager_attributes = {
  83:Core/Src/main.c ****   .name = "CANManager",
  84:Core/Src/main.c ****   .stack_size = 256 * 4,
  85:Core/Src/main.c ****   .priority = (osPriority_t) osPriorityRealtime,
  86:Core/Src/main.c **** };
  87:Core/Src/main.c **** /* Definitions for I2C1 */
  88:Core/Src/main.c **** osMutexId_t I2C1Handle;
ARM GAS  C:\Users\Ali\AppData\Local\Temp\ccH49rLE.s 			page 3


  89:Core/Src/main.c **** const osMutexAttr_t I2C1_attributes = {
  90:Core/Src/main.c ****   .name = "I2C1"
  91:Core/Src/main.c **** };
  92:Core/Src/main.c **** /* Definitions for I2C3 */
  93:Core/Src/main.c **** osMutexId_t I2C3Handle;
  94:Core/Src/main.c **** const osMutexAttr_t I2C3_attributes = {
  95:Core/Src/main.c ****   .name = "I2C3"
  96:Core/Src/main.c **** };
  97:Core/Src/main.c **** /* USER CODE BEGIN PV */
  98:Core/Src/main.c **** /* Definitions for BMS Reset Semaphore */
  99:Core/Src/main.c **** osSemaphoreId_t BMSResetSemHandle;
 100:Core/Src/main.c **** const osSemaphoreAttr_t BMSResetSem_attributes = {
 101:Core/Src/main.c ****   .name = "BMSResetSem"
 102:Core/Src/main.c **** };
 103:Core/Src/main.c **** 
 104:Core/Src/main.c **** /* Definitions for BMSResetHandler task */
 105:Core/Src/main.c **** osThreadId_t BMSResetHandlerHandle;
 106:Core/Src/main.c **** const osThreadAttr_t BMSResetHandler_attributes = {
 107:Core/Src/main.c ****   .name = "BMSResetHandler",
 108:Core/Src/main.c ****   .stack_size = 128 * 4,
 109:Core/Src/main.c ****   .priority = (osPriority_t) osPriorityLow,
 110:Core/Src/main.c **** };
 111:Core/Src/main.c **** /* USER CODE END PV */
 112:Core/Src/main.c **** 
 113:Core/Src/main.c **** /* Private function prototypes -----------------------------------------------*/
 114:Core/Src/main.c **** void SystemClock_Config(void);
 115:Core/Src/main.c **** static void MX_GPIO_Init(void);
 116:Core/Src/main.c **** static void MX_ADC1_Init(void);
 117:Core/Src/main.c **** static void MX_CAN1_Init(void);
 118:Core/Src/main.c **** static void MX_CRC_Init(void);
 119:Core/Src/main.c **** static void MX_I2C1_Init(void);
 120:Core/Src/main.c **** static void MX_I2C3_Init(void);
 121:Core/Src/main.c **** 
 122:Core/Src/main.c **** /* USER CODE BEGIN PFP */
 123:Core/Src/main.c **** void ReadBQBMS1(void *argument);
 124:Core/Src/main.c **** void ReadBQBMS2(void *argument);
 125:Core/Src/main.c **** void ReadCellTemps(void *argument);
 126:Core/Src/main.c **** void BMSResetHandlerTask(void *argument);
 127:Core/Src/main.c **** /* USER CODE END PFP */
 128:Core/Src/main.c **** 
 129:Core/Src/main.c **** /* Private user code ---------------------------------------------------------*/
 130:Core/Src/main.c **** /* USER CODE BEGIN 0 */
 131:Core/Src/main.c **** 
 132:Core/Src/main.c **** /* USER CODE END 0 */
 133:Core/Src/main.c **** 
 134:Core/Src/main.c **** /**
 135:Core/Src/main.c ****   * @brief  The application entry point.
 136:Core/Src/main.c ****   * @retval int
 137:Core/Src/main.c ****   */
 138:Core/Src/main.c **** int main(void)
 139:Core/Src/main.c **** {
 140:Core/Src/main.c **** 
 141:Core/Src/main.c ****   /* USER CODE BEGIN 1 */
 142:Core/Src/main.c ****   // When coming from bootloader, disable all interrupts first
 143:Core/Src/main.c ****   __disable_irq();
 144:Core/Src/main.c **** 
 145:Core/Src/main.c ****   // Disable SysTick (bootloader might have enabled it)
ARM GAS  C:\Users\Ali\AppData\Local\Temp\ccH49rLE.s 			page 4


 146:Core/Src/main.c ****   SysTick->CTRL = 0;
 147:Core/Src/main.c ****   SysTick->LOAD = 0;
 148:Core/Src/main.c ****   SysTick->VAL = 0;
 149:Core/Src/main.c **** 
 150:Core/Src/main.c ****   /* USER CODE END 1 */
 151:Core/Src/main.c **** 
 152:Core/Src/main.c ****   /* MCU Configuration--------------------------------------------------------*/
 153:Core/Src/main.c **** 
 154:Core/Src/main.c ****   /* Reset of all peripherals, Initializes the Flash interface and the Systick. */
 155:Core/Src/main.c ****   HAL_Init();
 156:Core/Src/main.c **** 
 157:Core/Src/main.c ****   /* USER CODE BEGIN Init */
 158:Core/Src/main.c **** 
 159:Core/Src/main.c ****   /* USER CODE END Init */
 160:Core/Src/main.c **** 
 161:Core/Src/main.c ****   /* Configure the system clock */
 162:Core/Src/main.c ****   SystemClock_Config();
 163:Core/Src/main.c **** 
 164:Core/Src/main.c ****   /* USER CODE BEGIN SysInit */
 165:Core/Src/main.c **** 
 166:Core/Src/main.c ****   /* USER CODE END SysInit */
 167:Core/Src/main.c **** 
 168:Core/Src/main.c ****   /* Initialize all configured peripherals */
 169:Core/Src/main.c ****   MX_GPIO_Init();
 170:Core/Src/main.c ****   MX_ADC1_Init();
 171:Core/Src/main.c ****   MX_CAN1_Init();
 172:Core/Src/main.c ****   MX_CRC_Init();
 173:Core/Src/main.c ****   MX_I2C1_Init();
 174:Core/Src/main.c ****   MX_I2C3_Init();
 175:Core/Src/main.c ****   /* USER CODE BEGIN 2 */
 176:Core/Src/main.c ****   
 177:Core/Src/main.c ****   // Calibrate ADC
 178:Core/Src/main.c ****   if (HAL_ADCEx_Calibration_Start(&hadc1, ADC_SINGLE_ENDED) != HAL_OK)
 179:Core/Src/main.c ****   {
 180:Core/Src/main.c ****     Error_Handler();
 181:Core/Src/main.c ****   }
 182:Core/Src/main.c ****   
 183:Core/Src/main.c ****   // Start CAN peripheral
 184:Core/Src/main.c ****   if (HAL_CAN_Start(&hcan1) != HAL_OK)
 185:Core/Src/main.c ****   {
 186:Core/Src/main.c ****     Error_Handler();
 187:Core/Src/main.c ****   }
 188:Core/Src/main.c **** 
 189:Core/Src/main.c ****   /* USER CODE END 2 */
 190:Core/Src/main.c **** 
 191:Core/Src/main.c ****   /* Init scheduler */
 192:Core/Src/main.c ****   osKernelInitialize();
 193:Core/Src/main.c ****   /* Create the mutex(es) */
 194:Core/Src/main.c ****   /* creation of I2C1 */
 195:Core/Src/main.c ****   I2C1Handle = osMutexNew(&I2C1_attributes);
 196:Core/Src/main.c **** 
 197:Core/Src/main.c ****   /* creation of I2C3 */
 198:Core/Src/main.c ****   I2C3Handle = osMutexNew(&I2C3_attributes);
 199:Core/Src/main.c **** 
 200:Core/Src/main.c ****   /* USER CODE BEGIN RTOS_MUTEX */
 201:Core/Src/main.c ****   /* add mutexes, ... */
 202:Core/Src/main.c ****   /* USER CODE END RTOS_MUTEX */
ARM GAS  C:\Users\Ali\AppData\Local\Temp\ccH49rLE.s 			page 5


 203:Core/Src/main.c **** 
 204:Core/Src/main.c ****   /* USER CODE BEGIN RTOS_SEMAPHORES */
 205:Core/Src/main.c ****   /* Create BMS reset semaphore (binary semaphore for reset signaling) */
 206:Core/Src/main.c ****   BMSResetSemHandle = osSemaphoreNew(1, 0, &BMSResetSem_attributes);
 207:Core/Src/main.c ****   if (BMSResetSemHandle == NULL)
 208:Core/Src/main.c ****   {
 209:Core/Src/main.c ****     Error_Handler();
 210:Core/Src/main.c ****   }
 211:Core/Src/main.c ****   /* USER CODE END RTOS_SEMAPHORES */
 212:Core/Src/main.c **** 
 213:Core/Src/main.c ****   /* USER CODE BEGIN RTOS_TIMERS */
 214:Core/Src/main.c ****   /* start timers, add new ones, ... */
 215:Core/Src/main.c ****   /* USER CODE END RTOS_TIMERS */
 216:Core/Src/main.c **** 
 217:Core/Src/main.c ****   /* USER CODE BEGIN RTOS_QUEUES */
 218:Core/Src/main.c ****   // Initialize Configuration Manager
 219:Core/Src/main.c ****   Config_Init();
 220:Core/Src/main.c ****   
 221:Core/Src/main.c ****   // Initialize Error Manager
 222:Core/Src/main.c ****   if (ErrorMgr_Init() != HAL_OK)
 223:Core/Src/main.c ****   {
 224:Core/Src/main.c ****     Error_Handler();
 225:Core/Src/main.c ****   }
 226:Core/Src/main.c ****   
 227:Core/Src/main.c ****   // Initialize CAN Manager (creates TX and RX message queues)
 228:Core/Src/main.c ****   if (CAN_Manager_Init() != HAL_OK)
 229:Core/Src/main.c ****   {
 230:Core/Src/main.c ****     Error_Handler();
 231:Core/Src/main.c ****   }
 232:Core/Src/main.c ****   
 233:Core/Src/main.c ****   // Set initial BMS state to IDLE after initialization
 234:Core/Src/main.c ****   ErrorMgr_SetState(BMS_STATE_IDLE);
 235:Core/Src/main.c ****   /* USER CODE END RTOS_QUEUES */
 236:Core/Src/main.c **** 
 237:Core/Src/main.c ****   /* Create the thread(s) */
 238:Core/Src/main.c ****   /* USER CODE BEGIN RTOS_THREADS */
 239:Core/Src/main.c ****   /* creation of CellVoltageBMS1 */
 240:Core/Src/main.c ****   CellVoltageBMS1Handle = osThreadNew(ReadBQBMS1, NULL, &CellVoltageBMS1_attributes);
 241:Core/Src/main.c **** 
 242:Core/Src/main.c ****   /* creation of CellVoltageBMS2 */
 243:Core/Src/main.c ****   CellVoltageBMS2Handle = osThreadNew(ReadBQBMS2, NULL, &CellVoltageBMS2_attributes);
 244:Core/Src/main.c **** 
 245:Core/Src/main.c ****   /* creation of CellTemperature */
 246:Core/Src/main.c ****   CellTemperatureHandle = osThreadNew(ReadCellTemps, NULL, &CellTemperature_attributes);
 247:Core/Src/main.c **** 
 248:Core/Src/main.c ****   /* creation of CANManager */
 249:Core/Src/main.c ****   CANManagerHandle = osThreadNew(CAN_ManagerTask, NULL, &CANManager_attributes);
 250:Core/Src/main.c **** 
 251:Core/Src/main.c ****   /* creation of BMSResetHandler */
 252:Core/Src/main.c ****   BMSResetHandlerHandle = osThreadNew(BMSResetHandlerTask, NULL, &BMSResetHandler_attributes);
 253:Core/Src/main.c ****   /* USER CODE END RTOS_THREADS */
 254:Core/Src/main.c **** 
 255:Core/Src/main.c ****   /* USER CODE BEGIN RTOS_EVENTS */
 256:Core/Src/main.c ****   /* add events, ... */
 257:Core/Src/main.c ****   /* USER CODE END RTOS_EVENTS */
 258:Core/Src/main.c **** 
 259:Core/Src/main.c ****   /* Start scheduler */
ARM GAS  C:\Users\Ali\AppData\Local\Temp\ccH49rLE.s 			page 6


 260:Core/Src/main.c ****   osKernelStart();
 261:Core/Src/main.c **** 
 262:Core/Src/main.c ****   /* We should never get here as control is now taken by the scheduler */
 263:Core/Src/main.c **** 
 264:Core/Src/main.c ****   /* Infinite loop */
 265:Core/Src/main.c ****   /* USER CODE BEGIN WHILE */
 266:Core/Src/main.c ****   while (1)
 267:Core/Src/main.c ****   {
 268:Core/Src/main.c ****     /* USER CODE END WHILE */
 269:Core/Src/main.c **** 
 270:Core/Src/main.c ****     /* USER CODE BEGIN 3 */
 271:Core/Src/main.c ****   }
 272:Core/Src/main.c ****   /* USER CODE END 3 */
 273:Core/Src/main.c **** }
 274:Core/Src/main.c **** 
 275:Core/Src/main.c **** /**
 276:Core/Src/main.c ****   * @brief System Clock Configuration
 277:Core/Src/main.c ****   * @retval None
 278:Core/Src/main.c ****   */
 279:Core/Src/main.c **** void SystemClock_Config(void)
 280:Core/Src/main.c **** {
 281:Core/Src/main.c ****   RCC_OscInitTypeDef RCC_OscInitStruct = {0};
 282:Core/Src/main.c ****   RCC_ClkInitTypeDef RCC_ClkInitStruct = {0};
 283:Core/Src/main.c **** 
 284:Core/Src/main.c ****   /** Configure the main internal regulator output voltage
 285:Core/Src/main.c ****   */
 286:Core/Src/main.c ****   if (HAL_PWREx_ControlVoltageScaling(PWR_REGULATOR_VOLTAGE_SCALE1) != HAL_OK)
 287:Core/Src/main.c ****   {
 288:Core/Src/main.c ****     Error_Handler();
 289:Core/Src/main.c ****   }
 290:Core/Src/main.c **** 
 291:Core/Src/main.c ****   /** Initializes the RCC Oscillators according to the specified parameters
 292:Core/Src/main.c ****   * in the RCC_OscInitTypeDef structure.
 293:Core/Src/main.c ****   */
 294:Core/Src/main.c ****   RCC_OscInitStruct.OscillatorType = RCC_OSCILLATORTYPE_HSI;
 295:Core/Src/main.c ****   RCC_OscInitStruct.HSIState = RCC_HSI_ON;
 296:Core/Src/main.c ****   RCC_OscInitStruct.HSICalibrationValue = RCC_HSICALIBRATION_DEFAULT;
 297:Core/Src/main.c ****   RCC_OscInitStruct.PLL.PLLState = RCC_PLL_ON;
 298:Core/Src/main.c ****   RCC_OscInitStruct.PLL.PLLSource = RCC_PLLSOURCE_HSI;
 299:Core/Src/main.c ****   RCC_OscInitStruct.PLL.PLLM = 2;
 300:Core/Src/main.c ****   RCC_OscInitStruct.PLL.PLLN = 20;
 301:Core/Src/main.c ****   RCC_OscInitStruct.PLL.PLLP = RCC_PLLP_DIV7;
 302:Core/Src/main.c ****   RCC_OscInitStruct.PLL.PLLQ = RCC_PLLQ_DIV2;
 303:Core/Src/main.c ****   RCC_OscInitStruct.PLL.PLLR = RCC_PLLR_DIV2;
 304:Core/Src/main.c ****   if (HAL_RCC_OscConfig(&RCC_OscInitStruct) != HAL_OK)
 305:Core/Src/main.c ****   {
 306:Core/Src/main.c ****     Error_Handler();
 307:Core/Src/main.c ****   }
 308:Core/Src/main.c **** 
 309:Core/Src/main.c ****   /** Initializes the CPU, AHB and APB buses clocks
 310:Core/Src/main.c ****   */
 311:Core/Src/main.c ****   RCC_ClkInitStruct.ClockType = RCC_CLOCKTYPE_HCLK|RCC_CLOCKTYPE_SYSCLK
 312:Core/Src/main.c ****                               |RCC_CLOCKTYPE_PCLK1|RCC_CLOCKTYPE_PCLK2;
 313:Core/Src/main.c ****   RCC_ClkInitStruct.SYSCLKSource = RCC_SYSCLKSOURCE_PLLCLK;
 314:Core/Src/main.c ****   RCC_ClkInitStruct.AHBCLKDivider = RCC_SYSCLK_DIV1;
 315:Core/Src/main.c ****   RCC_ClkInitStruct.APB1CLKDivider = RCC_HCLK_DIV1;
 316:Core/Src/main.c ****   RCC_ClkInitStruct.APB2CLKDivider = RCC_HCLK_DIV1;
ARM GAS  C:\Users\Ali\AppData\Local\Temp\ccH49rLE.s 			page 7


 317:Core/Src/main.c **** 
 318:Core/Src/main.c ****   if (HAL_RCC_ClockConfig(&RCC_ClkInitStruct, FLASH_LATENCY_4) != HAL_OK)
 319:Core/Src/main.c ****   {
 320:Core/Src/main.c ****     Error_Handler();  
 321:Core/Src/main.c ****   }
 322:Core/Src/main.c **** }
 323:Core/Src/main.c **** 
 324:Core/Src/main.c **** /**
 325:Core/Src/main.c ****   * @brief ADC1 Initialization Function
 326:Core/Src/main.c ****   * @param None
 327:Core/Src/main.c ****   * @retval None
 328:Core/Src/main.c ****   */
 329:Core/Src/main.c **** static void MX_ADC1_Init(void)
 330:Core/Src/main.c **** {
 331:Core/Src/main.c **** 
 332:Core/Src/main.c ****   /* USER CODE BEGIN ADC1_Init 0 */
 333:Core/Src/main.c **** 
 334:Core/Src/main.c ****   /* USER CODE END ADC1_Init 0 */
 335:Core/Src/main.c **** 
 336:Core/Src/main.c ****   ADC_ChannelConfTypeDef sConfig = {0};
 337:Core/Src/main.c **** 
 338:Core/Src/main.c ****   /* USER CODE BEGIN ADC1_Init 1 */
 339:Core/Src/main.c **** 
 340:Core/Src/main.c ****   /* USER CODE END ADC1_Init 1 */
 341:Core/Src/main.c **** 
 342:Core/Src/main.c ****   /** Common config
 343:Core/Src/main.c ****   */
 344:Core/Src/main.c ****   hadc1.Instance = ADC1;
 345:Core/Src/main.c ****   hadc1.Init.ClockPrescaler = ADC_CLOCK_ASYNC_DIV1;
 346:Core/Src/main.c ****   hadc1.Init.Resolution = ADC_RESOLUTION_12B;
 347:Core/Src/main.c ****   hadc1.Init.DataAlign = ADC_DATAALIGN_RIGHT;
 348:Core/Src/main.c ****   hadc1.Init.ScanConvMode = ADC_SCAN_DISABLE;
 349:Core/Src/main.c ****   hadc1.Init.EOCSelection = ADC_EOC_SINGLE_CONV;
 350:Core/Src/main.c ****   hadc1.Init.LowPowerAutoWait = DISABLE;
 351:Core/Src/main.c ****   hadc1.Init.ContinuousConvMode = DISABLE;
 352:Core/Src/main.c ****   hadc1.Init.NbrOfConversion = 1;
 353:Core/Src/main.c ****   hadc1.Init.DiscontinuousConvMode = DISABLE;
 354:Core/Src/main.c ****   hadc1.Init.ExternalTrigConv = ADC_SOFTWARE_START;
 355:Core/Src/main.c ****   hadc1.Init.ExternalTrigConvEdge = ADC_EXTERNALTRIGCONVEDGE_NONE;
 356:Core/Src/main.c ****   hadc1.Init.DMAContinuousRequests = DISABLE;
 357:Core/Src/main.c ****   hadc1.Init.Overrun = ADC_OVR_DATA_PRESERVED;
 358:Core/Src/main.c ****   hadc1.Init.OversamplingMode = DISABLE;
 359:Core/Src/main.c ****   if (HAL_ADC_Init(&hadc1) != HAL_OK)
 360:Core/Src/main.c ****   {
 361:Core/Src/main.c ****     Error_Handler();
 362:Core/Src/main.c ****   }
 363:Core/Src/main.c **** 
 364:Core/Src/main.c ****   /** Configure Regular Channel
 365:Core/Src/main.c ****   */
 366:Core/Src/main.c ****   sConfig.Channel = ADC_CHANNEL_5;  // ADC1 (PA0) - first thermistor channel
 367:Core/Src/main.c ****   sConfig.Rank = ADC_REGULAR_RANK_1;
 368:Core/Src/main.c ****   sConfig.SamplingTime = ADC_SAMPLETIME_640CYCLES_5;  // Longer sampling for high impedance thermis
 369:Core/Src/main.c ****   sConfig.SingleDiff = ADC_SINGLE_ENDED;
 370:Core/Src/main.c ****   sConfig.OffsetNumber = ADC_OFFSET_NONE;
 371:Core/Src/main.c ****   sConfig.Offset = 0;
 372:Core/Src/main.c ****   if (HAL_ADC_ConfigChannel(&hadc1, &sConfig) != HAL_OK)
 373:Core/Src/main.c ****   {
ARM GAS  C:\Users\Ali\AppData\Local\Temp\ccH49rLE.s 			page 8


 374:Core/Src/main.c ****     Error_Handler();
 375:Core/Src/main.c ****   }
 376:Core/Src/main.c ****   /* USER CODE BEGIN ADC1_Init 2 */
 377:Core/Src/main.c **** 
 378:Core/Src/main.c ****   /* USER CODE END ADC1_Init 2 */
 379:Core/Src/main.c **** 
 380:Core/Src/main.c **** }
 381:Core/Src/main.c **** 
 382:Core/Src/main.c **** /**
 383:Core/Src/main.c ****   * @brief CAN1 Initialization Function
 384:Core/Src/main.c ****   * @param None
 385:Core/Src/main.c ****   * @retval None
 386:Core/Src/main.c ****   */
 387:Core/Src/main.c **** static void MX_CAN1_Init(void)
 388:Core/Src/main.c **** {
 389:Core/Src/main.c **** 
 390:Core/Src/main.c ****   /* USER CODE BEGIN CAN1_Init 0 */
 391:Core/Src/main.c **** 
 392:Core/Src/main.c ****   /* USER CODE END CAN1_Init 0 */
 393:Core/Src/main.c **** 
 394:Core/Src/main.c ****   /* USER CODE BEGIN CAN1_Init 1 */
 395:Core/Src/main.c **** 
 396:Core/Src/main.c ****   /* USER CODE END CAN1_Init 1 */
 397:Core/Src/main.c ****   hcan1.Instance = CAN1;
 398:Core/Src/main.c ****   hcan1.Init.Prescaler = 10;
 399:Core/Src/main.c ****   hcan1.Init.Mode = CAN_MODE_NORMAL;
 400:Core/Src/main.c ****   hcan1.Init.SyncJumpWidth = CAN_SJW_1TQ;
 401:Core/Src/main.c ****   hcan1.Init.TimeSeg1 = CAN_BS1_13TQ;
 402:Core/Src/main.c ****   hcan1.Init.TimeSeg2 = CAN_BS2_2TQ;
 403:Core/Src/main.c ****   hcan1.Init.TimeTriggeredMode = DISABLE;
 404:Core/Src/main.c ****   hcan1.Init.AutoBusOff = DISABLE;
 405:Core/Src/main.c ****   hcan1.Init.AutoWakeUp = DISABLE;
 406:Core/Src/main.c ****   hcan1.Init.AutoRetransmission = DISABLE;
 407:Core/Src/main.c ****   hcan1.Init.ReceiveFifoLocked = DISABLE;
 408:Core/Src/main.c ****   hcan1.Init.TransmitFifoPriority = DISABLE;
 409:Core/Src/main.c ****   if (HAL_CAN_Init(&hcan1) != HAL_OK)
 410:Core/Src/main.c ****   {
 411:Core/Src/main.c ****     Error_Handler();
 412:Core/Src/main.c ****   }
 413:Core/Src/main.c ****   /* USER CODE BEGIN CAN1_Init 2 */
 414:Core/Src/main.c ****   
 415:Core/Src/main.c ****   // Configure CAN filter BEFORE starting CAN
 416:Core/Src/main.c ****   // Accept all extended CAN IDs (for debugging)
 417:Core/Src/main.c ****   CAN_FilterTypeDef filterConfig;
 418:Core/Src/main.c ****   filterConfig.FilterBank = 0;
 419:Core/Src/main.c ****   filterConfig.FilterMode = CAN_FILTERMODE_IDMASK;
 420:Core/Src/main.c ****   filterConfig.FilterScale = CAN_FILTERSCALE_32BIT;
 421:Core/Src/main.c ****   
 422:Core/Src/main.c ****   // Accept all extended IDs: ID=0, Mask=0 means "don't care about any bits"
 423:Core/Src/main.c ****   filterConfig.FilterIdHigh = 0x0000;
 424:Core/Src/main.c ****   filterConfig.FilterIdLow = 0x0004;   // Only IDE bit set (extended ID)
 425:Core/Src/main.c ****   filterConfig.FilterMaskIdHigh = 0x0000;  // Don't care about any ID bits
 426:Core/Src/main.c ****   filterConfig.FilterMaskIdLow = 0x0004;   // But we DO care about IDE bit (only extended)
 427:Core/Src/main.c ****   
 428:Core/Src/main.c ****   filterConfig.FilterFIFOAssignment = CAN_RX_FIFO0;
 429:Core/Src/main.c ****   filterConfig.FilterActivation = ENABLE;
 430:Core/Src/main.c ****   filterConfig.SlaveStartFilterBank = 14;
ARM GAS  C:\Users\Ali\AppData\Local\Temp\ccH49rLE.s 			page 9


 431:Core/Src/main.c ****   
 432:Core/Src/main.c ****   if (HAL_CAN_ConfigFilter(&hcan1, &filterConfig) != HAL_OK)
 433:Core/Src/main.c ****   {
 434:Core/Src/main.c ****     Error_Handler();
 435:Core/Src/main.c ****   }
 436:Core/Src/main.c **** 
 437:Core/Src/main.c ****   /* USER CODE END CAN1_Init 2 */
 438:Core/Src/main.c **** 
 439:Core/Src/main.c **** }
 440:Core/Src/main.c **** 
 441:Core/Src/main.c **** /**
 442:Core/Src/main.c ****   * @brief CRC Initialization Function
 443:Core/Src/main.c ****   * @param None
 444:Core/Src/main.c ****   * @retval None
 445:Core/Src/main.c ****   */
 446:Core/Src/main.c **** static void MX_CRC_Init(void)
 447:Core/Src/main.c **** {
 448:Core/Src/main.c **** 
 449:Core/Src/main.c ****   /* USER CODE BEGIN CRC_Init 0 */
 450:Core/Src/main.c **** 
 451:Core/Src/main.c ****   /* USER CODE END CRC_Init 0 */
 452:Core/Src/main.c **** 
 453:Core/Src/main.c ****   /* USER CODE BEGIN CRC_Init 1 */
 454:Core/Src/main.c **** 
 455:Core/Src/main.c ****   /* USER CODE END CRC_Init 1 */
 456:Core/Src/main.c ****   hcrc.Instance = CRC;
 457:Core/Src/main.c ****   hcrc.Init.DefaultPolynomialUse = DEFAULT_POLYNOMIAL_ENABLE;
 458:Core/Src/main.c ****   hcrc.Init.DefaultInitValueUse = DEFAULT_INIT_VALUE_ENABLE;
 459:Core/Src/main.c ****   hcrc.Init.InputDataInversionMode = CRC_INPUTDATA_INVERSION_NONE;
 460:Core/Src/main.c ****   hcrc.Init.OutputDataInversionMode = CRC_OUTPUTDATA_INVERSION_DISABLE;
 461:Core/Src/main.c ****   hcrc.InputDataFormat = CRC_INPUTDATA_FORMAT_BYTES;
 462:Core/Src/main.c ****   if (HAL_CRC_Init(&hcrc) != HAL_OK)
 463:Core/Src/main.c ****   {
 464:Core/Src/main.c ****     Error_Handler();
 465:Core/Src/main.c ****   }
 466:Core/Src/main.c ****   /* USER CODE BEGIN CRC_Init 2 */
 467:Core/Src/main.c **** 
 468:Core/Src/main.c ****   /* USER CODE END CRC_Init 2 */
 469:Core/Src/main.c **** 
 470:Core/Src/main.c **** }
 471:Core/Src/main.c **** 
 472:Core/Src/main.c **** /**
 473:Core/Src/main.c ****   * @brief I2C1 Initialization Function
 474:Core/Src/main.c ****   * @param None
 475:Core/Src/main.c ****   * @retval None
 476:Core/Src/main.c ****   */
 477:Core/Src/main.c **** static void MX_I2C1_Init(void)
 478:Core/Src/main.c **** {
 479:Core/Src/main.c **** 
 480:Core/Src/main.c ****   /* USER CODE BEGIN I2C1_Init 0 */
 481:Core/Src/main.c **** 
 482:Core/Src/main.c ****   /* USER CODE END I2C1_Init 0 */
 483:Core/Src/main.c **** 
 484:Core/Src/main.c ****   /* USER CODE BEGIN I2C1_Init 1 */
 485:Core/Src/main.c **** 
 486:Core/Src/main.c ****   /* USER CODE END I2C1_Init 1 */
 487:Core/Src/main.c ****   hi2c1.Instance = I2C1;
ARM GAS  C:\Users\Ali\AppData\Local\Temp\ccH49rLE.s 			page 10


 488:Core/Src/main.c ****   hi2c1.Init.Timing = 0x00503D58;
 489:Core/Src/main.c ****   hi2c1.Init.OwnAddress1 = 0;
 490:Core/Src/main.c ****   hi2c1.Init.AddressingMode = I2C_ADDRESSINGMODE_7BIT;
 491:Core/Src/main.c ****   hi2c1.Init.DualAddressMode = I2C_DUALADDRESS_DISABLE;
 492:Core/Src/main.c ****   hi2c1.Init.OwnAddress2 = 0;
 493:Core/Src/main.c ****   hi2c1.Init.OwnAddress2Masks = I2C_OA2_NOMASK;
 494:Core/Src/main.c ****   hi2c1.Init.GeneralCallMode = I2C_GENERALCALL_DISABLE;
 495:Core/Src/main.c ****   hi2c1.Init.NoStretchMode = I2C_NOSTRETCH_DISABLE;
 496:Core/Src/main.c ****   if (HAL_I2C_Init(&hi2c1) != HAL_OK)
 497:Core/Src/main.c ****   {
 498:Core/Src/main.c ****     Error_Handler();
 499:Core/Src/main.c ****   }
 500:Core/Src/main.c **** 
 501:Core/Src/main.c ****   /** Configure Analogue filter
 502:Core/Src/main.c ****   */
 503:Core/Src/main.c ****   if (HAL_I2CEx_ConfigAnalogFilter(&hi2c1, I2C_ANALOGFILTER_ENABLE) != HAL_OK)
 504:Core/Src/main.c ****   {
 505:Core/Src/main.c ****     Error_Handler();
 506:Core/Src/main.c ****   }
 507:Core/Src/main.c **** 
 508:Core/Src/main.c ****   /** Configure Digital filter
 509:Core/Src/main.c ****   */
 510:Core/Src/main.c ****   if (HAL_I2CEx_ConfigDigitalFilter(&hi2c1, 0) != HAL_OK)
 511:Core/Src/main.c ****   {
 512:Core/Src/main.c ****     Error_Handler();
 513:Core/Src/main.c ****   }
 514:Core/Src/main.c ****   /* USER CODE BEGIN I2C1_Init 2 */
 515:Core/Src/main.c **** 
 516:Core/Src/main.c ****   /* USER CODE END I2C1_Init 2 */
 517:Core/Src/main.c **** 
 518:Core/Src/main.c **** }
 519:Core/Src/main.c **** 
 520:Core/Src/main.c **** /**
 521:Core/Src/main.c ****   * @brief I2C3 Initialization Function
 522:Core/Src/main.c ****   * @param None
 523:Core/Src/main.c ****   * @retval None
 524:Core/Src/main.c ****   */
 525:Core/Src/main.c **** static void MX_I2C3_Init(void)
 526:Core/Src/main.c **** {
 527:Core/Src/main.c **** 
 528:Core/Src/main.c ****   /* USER CODE BEGIN I2C3_Init 0 */
 529:Core/Src/main.c **** 
 530:Core/Src/main.c ****   /* USER CODE END I2C3_Init 0 */
 531:Core/Src/main.c **** 
 532:Core/Src/main.c ****   /* USER CODE BEGIN I2C3_Init 1 */
 533:Core/Src/main.c **** 
 534:Core/Src/main.c ****   /* USER CODE END I2C3_Init 1 */
 535:Core/Src/main.c ****   hi2c3.Instance = I2C3;
 536:Core/Src/main.c ****   hi2c3.Init.Timing = 0x00503D58;
 537:Core/Src/main.c ****   hi2c3.Init.OwnAddress1 = 0;
 538:Core/Src/main.c ****   hi2c3.Init.AddressingMode = I2C_ADDRESSINGMODE_7BIT;
 539:Core/Src/main.c ****   hi2c3.Init.DualAddressMode = I2C_DUALADDRESS_DISABLE;
 540:Core/Src/main.c ****   hi2c3.Init.OwnAddress2 = 0;
 541:Core/Src/main.c ****   hi2c3.Init.OwnAddress2Masks = I2C_OA2_NOMASK;
 542:Core/Src/main.c ****   hi2c3.Init.GeneralCallMode = I2C_GENERALCALL_DISABLE;
 543:Core/Src/main.c ****   hi2c3.Init.NoStretchMode = I2C_NOSTRETCH_DISABLE;
 544:Core/Src/main.c ****   if (HAL_I2C_Init(&hi2c3) != HAL_OK)
ARM GAS  C:\Users\Ali\AppData\Local\Temp\ccH49rLE.s 			page 11


 545:Core/Src/main.c ****   {
 546:Core/Src/main.c ****     Error_Handler();
 547:Core/Src/main.c ****   }
 548:Core/Src/main.c **** 
 549:Core/Src/main.c ****   /** Configure Analogue filter
 550:Core/Src/main.c ****   */
 551:Core/Src/main.c ****   if (HAL_I2CEx_ConfigAnalogFilter(&hi2c3, I2C_ANALOGFILTER_ENABLE) != HAL_OK)
 552:Core/Src/main.c ****   {
 553:Core/Src/main.c ****     Error_Handler();
 554:Core/Src/main.c ****   }
 555:Core/Src/main.c **** 
 556:Core/Src/main.c ****   /** Configure Digital filter
 557:Core/Src/main.c ****   */
 558:Core/Src/main.c ****   if (HAL_I2CEx_ConfigDigitalFilter(&hi2c3, 0) != HAL_OK)
 559:Core/Src/main.c ****   {
 560:Core/Src/main.c ****     Error_Handler();
 561:Core/Src/main.c ****   }
 562:Core/Src/main.c ****   /* USER CODE BEGIN I2C3_Init 2 */
 563:Core/Src/main.c **** 
 564:Core/Src/main.c ****   /* USER CODE END I2C3_Init 2 */
 565:Core/Src/main.c **** 
 566:Core/Src/main.c **** }
 567:Core/Src/main.c **** 
 568:Core/Src/main.c **** /**
 569:Core/Src/main.c ****   * @brief GPIO Initialization Function
 570:Core/Src/main.c ****   * @param None
 571:Core/Src/main.c ****   * @retval None
 572:Core/Src/main.c ****   */
 573:Core/Src/main.c **** static void MX_GPIO_Init(void)
 574:Core/Src/main.c **** {
  28              		.loc 1 574 1 view -0
  29              		.cfi_startproc
  30              		@ args = 0, pretend = 0, frame = 32
  31              		@ frame_needed = 0, uses_anonymous_args = 0
  32 0000 F0B5     		push	{r4, r5, r6, r7, lr}
  33              		.cfi_def_cfa_offset 20
  34              		.cfi_offset 4, -20
  35              		.cfi_offset 5, -16
  36              		.cfi_offset 6, -12
  37              		.cfi_offset 7, -8
  38              		.cfi_offset 14, -4
  39 0002 89B0     		sub	sp, sp, #36
  40              		.cfi_def_cfa_offset 56
 575:Core/Src/main.c ****   GPIO_InitTypeDef GPIO_InitStruct = {0};
  41              		.loc 1 575 3 view .LVU1
  42              		.loc 1 575 20 is_stmt 0 view .LVU2
  43 0004 03AD     		add	r5, sp, #12
  44 0006 0024     		movs	r4, #0
  45 0008 0394     		str	r4, [sp, #12]
  46 000a 0494     		str	r4, [sp, #16]
  47 000c 0594     		str	r4, [sp, #20]
  48 000e 0694     		str	r4, [sp, #24]
  49 0010 0794     		str	r4, [sp, #28]
 576:Core/Src/main.c ****   /* USER CODE BEGIN MX_GPIO_Init_1 */
 577:Core/Src/main.c **** 
 578:Core/Src/main.c ****   /* USER CODE END MX_GPIO_Init_1 */
 579:Core/Src/main.c **** 
ARM GAS  C:\Users\Ali\AppData\Local\Temp\ccH49rLE.s 			page 12


 580:Core/Src/main.c ****   /* GPIO Ports Clock Enable */
 581:Core/Src/main.c ****   __HAL_RCC_GPIOA_CLK_ENABLE();
  50              		.loc 1 581 3 is_stmt 1 view .LVU3
  51              	.LBB9:
  52              		.loc 1 581 3 view .LVU4
  53              		.loc 1 581 3 view .LVU5
  54 0012 204B     		ldr	r3, .L3
  55 0014 DA6C     		ldr	r2, [r3, #76]
  56 0016 42F00102 		orr	r2, r2, #1
  57 001a DA64     		str	r2, [r3, #76]
  58              		.loc 1 581 3 view .LVU6
  59 001c DA6C     		ldr	r2, [r3, #76]
  60 001e 02F00102 		and	r2, r2, #1
  61 0022 0192     		str	r2, [sp, #4]
  62              		.loc 1 581 3 view .LVU7
  63 0024 019A     		ldr	r2, [sp, #4]
  64              	.LBE9:
  65              		.loc 1 581 3 view .LVU8
 582:Core/Src/main.c ****   __HAL_RCC_GPIOB_CLK_ENABLE();
  66              		.loc 1 582 3 view .LVU9
  67              	.LBB10:
  68              		.loc 1 582 3 view .LVU10
  69              		.loc 1 582 3 view .LVU11
  70 0026 DA6C     		ldr	r2, [r3, #76]
  71 0028 42F00202 		orr	r2, r2, #2
  72 002c DA64     		str	r2, [r3, #76]
  73              		.loc 1 582 3 view .LVU12
  74 002e DB6C     		ldr	r3, [r3, #76]
  75 0030 03F00203 		and	r3, r3, #2
  76 0034 0293     		str	r3, [sp, #8]
  77              		.loc 1 582 3 view .LVU13
  78 0036 029B     		ldr	r3, [sp, #8]
  79              	.LBE10:
  80              		.loc 1 582 3 view .LVU14
 583:Core/Src/main.c **** 
 584:Core/Src/main.c ****   /*Configure GPIO pin Output Level */
 585:Core/Src/main.c ****   HAL_GPIO_WritePin(GPIOB, MUX_SIG1_Pin|MUX_SIG3_Pin|BMS_RESET_Pin, GPIO_PIN_RESET);
  81              		.loc 1 585 3 view .LVU15
  82 0038 174E     		ldr	r6, .L3+4
  83 003a 2246     		mov	r2, r4
  84 003c 6221     		movs	r1, #98
  85 003e 3046     		mov	r0, r6
  86 0040 FFF7FEFF 		bl	HAL_GPIO_WritePin
  87              	.LVL0:
 586:Core/Src/main.c **** 
 587:Core/Src/main.c ****   /*Configure GPIO pin Output Level */
 588:Core/Src/main.c ****   HAL_GPIO_WritePin(MUX_SIG2_GPIO_Port, MUX_SIG2_Pin, GPIO_PIN_RESET);
  88              		.loc 1 588 3 view .LVU16
  89 0044 2246     		mov	r2, r4
  90 0046 4FF48071 		mov	r1, #256
  91 004a 4FF09040 		mov	r0, #1207959552
  92 004e FFF7FEFF 		bl	HAL_GPIO_WritePin
  93              	.LVL1:
 589:Core/Src/main.c **** 
 590:Core/Src/main.c ****   /*Configure GPIO pins : MUX_SIG1_Pin MUX_SIG3_Pin BMS_RESET_Pin */
 591:Core/Src/main.c ****   GPIO_InitStruct.Pin = MUX_SIG1_Pin|MUX_SIG3_Pin|BMS_RESET_Pin;
  94              		.loc 1 591 3 view .LVU17
ARM GAS  C:\Users\Ali\AppData\Local\Temp\ccH49rLE.s 			page 13


  95              		.loc 1 591 23 is_stmt 0 view .LVU18
  96 0052 6223     		movs	r3, #98
  97 0054 0393     		str	r3, [sp, #12]
 592:Core/Src/main.c ****   GPIO_InitStruct.Mode = GPIO_MODE_OUTPUT_PP;
  98              		.loc 1 592 3 is_stmt 1 view .LVU19
  99              		.loc 1 592 24 is_stmt 0 view .LVU20
 100 0056 0127     		movs	r7, #1
 101 0058 0497     		str	r7, [sp, #16]
 593:Core/Src/main.c ****   GPIO_InitStruct.Pull = GPIO_NOPULL;
 102              		.loc 1 593 3 is_stmt 1 view .LVU21
 103              		.loc 1 593 24 is_stmt 0 view .LVU22
 104 005a 0594     		str	r4, [sp, #20]
 594:Core/Src/main.c ****   GPIO_InitStruct.Speed = GPIO_SPEED_FREQ_LOW;
 105              		.loc 1 594 3 is_stmt 1 view .LVU23
 106              		.loc 1 594 25 is_stmt 0 view .LVU24
 107 005c 0694     		str	r4, [sp, #24]
 595:Core/Src/main.c ****   HAL_GPIO_Init(GPIOB, &GPIO_InitStruct);
 108              		.loc 1 595 3 is_stmt 1 view .LVU25
 109 005e 2946     		mov	r1, r5
 110 0060 3046     		mov	r0, r6
 111 0062 FFF7FEFF 		bl	HAL_GPIO_Init
 112              	.LVL2:
 596:Core/Src/main.c **** 
 597:Core/Src/main.c ****   /*Configure GPIO pin : MUX_SIG2_Pin */
 598:Core/Src/main.c ****   GPIO_InitStruct.Pin = MUX_SIG2_Pin;
 113              		.loc 1 598 3 view .LVU26
 114              		.loc 1 598 23 is_stmt 0 view .LVU27
 115 0066 4FF48073 		mov	r3, #256
 116 006a 0393     		str	r3, [sp, #12]
 599:Core/Src/main.c ****   GPIO_InitStruct.Mode = GPIO_MODE_OUTPUT_PP;
 117              		.loc 1 599 3 is_stmt 1 view .LVU28
 118              		.loc 1 599 24 is_stmt 0 view .LVU29
 119 006c 0497     		str	r7, [sp, #16]
 600:Core/Src/main.c ****   GPIO_InitStruct.Pull = GPIO_NOPULL;
 120              		.loc 1 600 3 is_stmt 1 view .LVU30
 121              		.loc 1 600 24 is_stmt 0 view .LVU31
 122 006e 0594     		str	r4, [sp, #20]
 601:Core/Src/main.c ****   GPIO_InitStruct.Speed = GPIO_SPEED_FREQ_LOW;
 123              		.loc 1 601 3 is_stmt 1 view .LVU32
 124              		.loc 1 601 25 is_stmt 0 view .LVU33
 125 0070 0694     		str	r4, [sp, #24]
 602:Core/Src/main.c ****   HAL_GPIO_Init(MUX_SIG2_GPIO_Port, &GPIO_InitStruct);
 126              		.loc 1 602 3 is_stmt 1 view .LVU34
 127 0072 2946     		mov	r1, r5
 128 0074 4FF09040 		mov	r0, #1207959552
 129 0078 FFF7FEFF 		bl	HAL_GPIO_Init
 130              	.LVL3:
 603:Core/Src/main.c **** 
 604:Core/Src/main.c ****   /*Configure GPIO pin : ALERT_IN_Pin */
 605:Core/Src/main.c ****   GPIO_InitStruct.Pin = ALERT_IN_Pin;
 131              		.loc 1 605 3 view .LVU35
 132              		.loc 1 605 23 is_stmt 0 view .LVU36
 133 007c 8023     		movs	r3, #128
 134 007e 0393     		str	r3, [sp, #12]
 606:Core/Src/main.c ****   GPIO_InitStruct.Mode = GPIO_MODE_IT_RISING_FALLING;
 135              		.loc 1 606 3 is_stmt 1 view .LVU37
 136              		.loc 1 606 24 is_stmt 0 view .LVU38
ARM GAS  C:\Users\Ali\AppData\Local\Temp\ccH49rLE.s 			page 14


 137 0080 4FF44413 		mov	r3, #3211264
 138 0084 0493     		str	r3, [sp, #16]
 607:Core/Src/main.c ****   GPIO_InitStruct.Pull = GPIO_NOPULL;
 139              		.loc 1 607 3 is_stmt 1 view .LVU39
 140              		.loc 1 607 24 is_stmt 0 view .LVU40
 141 0086 0594     		str	r4, [sp, #20]
 608:Core/Src/main.c ****   HAL_GPIO_Init(ALERT_IN_GPIO_Port, &GPIO_InitStruct);
 142              		.loc 1 608 3 is_stmt 1 view .LVU41
 143 0088 2946     		mov	r1, r5
 144 008a 3046     		mov	r0, r6
 145 008c FFF7FEFF 		bl	HAL_GPIO_Init
 146              	.LVL4:
 609:Core/Src/main.c **** 
 610:Core/Src/main.c ****   /* USER CODE BEGIN MX_GPIO_Init_2 */
 611:Core/Src/main.c **** 
 612:Core/Src/main.c ****   /* USER CODE END MX_GPIO_Init_2 */
 613:Core/Src/main.c **** }
 147              		.loc 1 613 1 is_stmt 0 view .LVU42
 148 0090 09B0     		add	sp, sp, #36
 149              		.cfi_def_cfa_offset 20
 150              		@ sp needed
 151 0092 F0BD     		pop	{r4, r5, r6, r7, pc}
 152              	.L4:
 153              		.align	2
 154              	.L3:
 155 0094 00100240 		.word	1073876992
 156 0098 00040048 		.word	1207960576
 157              		.cfi_endproc
 158              	.LFE299:
 160              		.section	.text.ReadBQBMS1,"ax",%progbits
 161              		.align	1
 162              		.global	ReadBQBMS1
 163              		.syntax unified
 164              		.thumb
 165              		.thumb_func
 167              	ReadBQBMS1:
 168              	.LVL5:
 169              	.LFB301:
 614:Core/Src/main.c **** 
 615:Core/Src/main.c **** /* USER CODE BEGIN 4 */
 616:Core/Src/main.c **** 
 617:Core/Src/main.c **** /**
 618:Core/Src/main.c ****   * @brief  Application malloc failed hook (FreeRTOS)
 619:Core/Src/main.c ****   * @retval None
 620:Core/Src/main.c ****   */
 621:Core/Src/main.c **** void vApplicationMallocFailedHook(void)
 622:Core/Src/main.c **** {
 623:Core/Src/main.c ****   /* Called if a call to pvPortMalloc() fails because there is insufficient
 624:Core/Src/main.c ****      free memory available in the FreeRTOS heap. This usually means the heap
 625:Core/Src/main.c ****      size is too small. Blink MUX_SIG1 rapidly to indicate heap failure. */
 626:Core/Src/main.c ****   taskDISABLE_INTERRUPTS();
 627:Core/Src/main.c ****   for(;;) {
 628:Core/Src/main.c ****     HAL_GPIO_TogglePin(GPIOB, MUX_SIG1_Pin);
 629:Core/Src/main.c ****     for(volatile uint32_t i = 0; i < 100000; i++);  // Busy wait
 630:Core/Src/main.c ****   }
 631:Core/Src/main.c **** }
 632:Core/Src/main.c **** 
ARM GAS  C:\Users\Ali\AppData\Local\Temp\ccH49rLE.s 			page 15


 633:Core/Src/main.c **** /* USER CODE END 4 */
 634:Core/Src/main.c **** 
 635:Core/Src/main.c **** /* USER CODE BEGIN Header_ReadCellVoltage */
 636:Core/Src/main.c **** /**
 637:Core/Src/main.c **** * @brief Function implementing the CellVoltage thread.
 638:Core/Src/main.c **** * @param argument: Not used
 639:Core/Src/main.c **** * @retval None
 640:Core/Src/main.c **** */
 641:Core/Src/main.c **** /* USER CODE BEGIN Header_ReadCellVoltageBMS1 */
 642:Core/Src/main.c **** /**
 643:Core/Src/main.c **** * @brief Function implementing the CellVoltageBMS1 thread.
 644:Core/Src/main.c **** * @param argument: Not used
 645:Core/Src/main.c **** * @retval None
 646:Core/Src/main.c **** */
 647:Core/Src/main.c **** /* USER CODE END Header_ReadCellVoltageBMS1 */
 648:Core/Src/main.c **** void ReadBQBMS1(void *argument)
 649:Core/Src/main.c **** {
 170              		.loc 1 649 1 is_stmt 1 view -0
 171              		.cfi_startproc
 172              		@ args = 0, pretend = 0, frame = 0
 173              		@ frame_needed = 0, uses_anonymous_args = 0
 174              		.loc 1 649 1 is_stmt 0 view .LVU44
 175 0000 08B5     		push	{r3, lr}
 176              		.cfi_def_cfa_offset 8
 177              		.cfi_offset 3, -8
 178              		.cfi_offset 14, -4
 650:Core/Src/main.c ****   /* USER CODE BEGIN ReadCellVoltageBMS1 */
 651:Core/Src/main.c ****   /* Call the BMS1 cell voltage monitoring task */
 652:Core/Src/main.c ****   BQ_MonitorTask(argument);
 179              		.loc 1 652 3 is_stmt 1 view .LVU45
 180 0002 FFF7FEFF 		bl	BQ_MonitorTask
 181              	.LVL6:
 653:Core/Src/main.c ****   /* USER CODE END ReadCellVoltageBMS1 */
 654:Core/Src/main.c **** }
 182              		.loc 1 654 1 is_stmt 0 view .LVU46
 183 0006 08BD     		pop	{r3, pc}
 184              		.cfi_endproc
 185              	.LFE301:
 187              		.section	.text.ReadBQBMS2,"ax",%progbits
 188              		.align	1
 189              		.global	ReadBQBMS2
 190              		.syntax unified
 191              		.thumb
 192              		.thumb_func
 194              	ReadBQBMS2:
 195              	.LVL7:
 196              	.LFB302:
 655:Core/Src/main.c **** 
 656:Core/Src/main.c **** /* USER CODE BEGIN Header_ReadCellVoltageBMS2 */
 657:Core/Src/main.c **** /**
 658:Core/Src/main.c **** * @brief Function implementing the CellVoltageBMS2 thread.
 659:Core/Src/main.c **** * @param argument: Not used
 660:Core/Src/main.c **** * @retval None
 661:Core/Src/main.c **** */
 662:Core/Src/main.c **** /* USER CODE END Header_ReadCellVoltageBMS2 */
 663:Core/Src/main.c **** void ReadBQBMS2(void *argument)
 664:Core/Src/main.c **** {
ARM GAS  C:\Users\Ali\AppData\Local\Temp\ccH49rLE.s 			page 16


 197              		.loc 1 664 1 is_stmt 1 view -0
 198              		.cfi_startproc
 199              		@ args = 0, pretend = 0, frame = 0
 200              		@ frame_needed = 0, uses_anonymous_args = 0
 201              		.loc 1 664 1 is_stmt 0 view .LVU48
 202 0000 08B5     		push	{r3, lr}
 203              		.cfi_def_cfa_offset 8
 204              		.cfi_offset 3, -8
 205              		.cfi_offset 14, -4
 665:Core/Src/main.c ****   /* USER CODE BEGIN ReadCellVoltageBMS2 */
 666:Core/Src/main.c ****   /* Call the BMS2 cell voltage monitoring task */
 667:Core/Src/main.c ****   BQ_MonitorTask_BMS2(argument);
 206              		.loc 1 667 3 is_stmt 1 view .LVU49
 207 0002 FFF7FEFF 		bl	BQ_MonitorTask_BMS2
 208              	.LVL8:
 668:Core/Src/main.c ****   /* USER CODE END ReadCellVoltageBMS2 */
 669:Core/Src/main.c **** }
 209              		.loc 1 669 1 is_stmt 0 view .LVU50
 210 0006 08BD     		pop	{r3, pc}
 211              		.cfi_endproc
 212              	.LFE302:
 214              		.section	.text.ReadCellTemps,"ax",%progbits
 215              		.align	1
 216              		.global	ReadCellTemps
 217              		.syntax unified
 218              		.thumb
 219              		.thumb_func
 221              	ReadCellTemps:
 222              	.LVL9:
 223              	.LFB303:
 670:Core/Src/main.c **** 
 671:Core/Src/main.c **** /* USER CODE BEGIN Header_ReadCellTemps */
 672:Core/Src/main.c **** /**
 673:Core/Src/main.c **** * @brief Function implementing the CellTemperature thread.
 674:Core/Src/main.c **** * @param argument: Not used
 675:Core/Src/main.c **** * @retval None
 676:Core/Src/main.c **** */
 677:Core/Src/main.c **** /* USER CODE END Header_ReadCellTemps */
 678:Core/Src/main.c **** void ReadCellTemps(void *argument)
 679:Core/Src/main.c **** {
 224              		.loc 1 679 1 is_stmt 1 view -0
 225              		.cfi_startproc
 226              		@ args = 0, pretend = 0, frame = 0
 227              		@ frame_needed = 0, uses_anonymous_args = 0
 228              		.loc 1 679 1 is_stmt 0 view .LVU52
 229 0000 08B5     		push	{r3, lr}
 230              		.cfi_def_cfa_offset 8
 231              		.cfi_offset 3, -8
 232              		.cfi_offset 14, -4
 680:Core/Src/main.c ****   /* USER CODE BEGIN ReadCellTemps */
 681:Core/Src/main.c ****   /* Call the cell temperature monitoring task */
 682:Core/Src/main.c ****   CellTemp_MonitorTask(argument);
 233              		.loc 1 682 3 is_stmt 1 view .LVU53
 234 0002 FFF7FEFF 		bl	CellTemp_MonitorTask
 235              	.LVL10:
 683:Core/Src/main.c ****   /* USER CODE END ReadCellTemps */
 684:Core/Src/main.c **** }
ARM GAS  C:\Users\Ali\AppData\Local\Temp\ccH49rLE.s 			page 17


 236              		.loc 1 684 1 is_stmt 0 view .LVU54
 237 0006 08BD     		pop	{r3, pc}
 238              		.cfi_endproc
 239              	.LFE303:
 241              		.section	.text.BMSResetHandlerTask,"ax",%progbits
 242              		.align	1
 243              		.global	BMSResetHandlerTask
 244              		.syntax unified
 245              		.thumb
 246              		.thumb_func
 248              	BMSResetHandlerTask:
 249              	.LFB304:
 685:Core/Src/main.c **** 
 686:Core/Src/main.c **** /* USER CODE BEGIN Header_BMSResetHandlerTask */
 687:Core/Src/main.c **** /**
 688:Core/Src/main.c **** * @brief Function implementing the BMSResetHandler thread.
 689:Core/Src/main.c **** * @param argument: Not used
 690:Core/Src/main.c **** * @retval None
 691:Core/Src/main.c **** * @note  This task waits for a semaphore signal to perform BMS chip reset.
 692:Core/Src/main.c **** *        Using a dedicated task prevents blocking the CAN manager during
 693:Core/Src/main.c **** *        the 600ms reset sequence (500ms + 100ms delays).
 694:Core/Src/main.c **** */
 695:Core/Src/main.c **** /* USER CODE END Header_BMSResetHandlerTask */
 696:Core/Src/main.c **** void BMSResetHandlerTask(void *argument)
 697:Core/Src/main.c **** {
 250              		.loc 1 697 1 is_stmt 1 view -0
 251              		.cfi_startproc
 252              		@ Volatile: function does not return.
 253              		@ args = 0, pretend = 0, frame = 0
 254              		@ frame_needed = 0, uses_anonymous_args = 0
 255              	.LVL11:
 256              		.loc 1 697 1 is_stmt 0 view .LVU56
 257 0000 08B5     		push	{r3, lr}
 258              		.cfi_def_cfa_offset 8
 259              		.cfi_offset 3, -8
 260              		.cfi_offset 14, -4
 261              	.LVL12:
 262              	.L12:
 698:Core/Src/main.c ****   /* USER CODE BEGIN BMSResetHandlerTask */
 699:Core/Src/main.c ****   /* Infinite loop */
 700:Core/Src/main.c ****   for(;;)
 263              		.loc 1 700 3 is_stmt 1 view .LVU57
 701:Core/Src/main.c ****   {
 702:Core/Src/main.c ****     // Wait indefinitely for reset semaphore signal
 703:Core/Src/main.c ****     if (osSemaphoreAcquire(BMSResetSemHandle, osWaitForever) == osOK)
 264              		.loc 1 703 5 view .LVU58
 265              		.loc 1 703 9 is_stmt 0 view .LVU59
 266 0002 4FF0FF31 		mov	r1, #-1
 267 0006 044B     		ldr	r3, .L15
 268 0008 1868     		ldr	r0, [r3]
 269 000a FFF7FEFF 		bl	osSemaphoreAcquire
 270              	.LVL13:
 271              		.loc 1 703 8 discriminator 1 view .LVU60
 272 000e 0028     		cmp	r0, #0
 273 0010 F7D1     		bne	.L12
 704:Core/Src/main.c ****     {
 705:Core/Src/main.c ****       // Perform the chip reset (blocks for 600ms total)
ARM GAS  C:\Users\Ali\AppData\Local\Temp\ccH49rLE.s 			page 18


 706:Core/Src/main.c ****       BQ_ResetChips();
 274              		.loc 1 706 7 is_stmt 1 view .LVU61
 275 0012 FFF7FEFF 		bl	BQ_ResetChips
 276              	.LVL14:
 277 0016 F4E7     		b	.L12
 278              	.L16:
 279              		.align	2
 280              	.L15:
 281 0018 00000000 		.word	BMSResetSemHandle
 282              		.cfi_endproc
 283              	.LFE304:
 285              		.section	.text.vApplicationMallocFailedHook,"ax",%progbits
 286              		.align	1
 287              		.global	vApplicationMallocFailedHook
 288              		.syntax unified
 289              		.thumb
 290              		.thumb_func
 292              	vApplicationMallocFailedHook:
 293              	.LFB300:
 622:Core/Src/main.c ****   /* Called if a call to pvPortMalloc() fails because there is insufficient
 294              		.loc 1 622 1 view -0
 295              		.cfi_startproc
 296              		@ Volatile: function does not return.
 297              		@ args = 0, pretend = 0, frame = 8
 298              		@ frame_needed = 0, uses_anonymous_args = 0
 299 0000 00B5     		push	{lr}
 300              		.cfi_def_cfa_offset 4
 301              		.cfi_offset 14, -4
 302 0002 83B0     		sub	sp, sp, #12
 303              		.cfi_def_cfa_offset 16
 626:Core/Src/main.c ****   for(;;) {
 304              		.loc 1 626 3 view .LVU63
 305              	.LBB11:
 306              	.LBI11:
 307              		.file 2 "Middlewares/Third_Party/FreeRTOS/Source/portable/GCC/ARM_CM4F/portmacro.h"
   1:Middlewares/Third_Party/FreeRTOS/Source/portable/GCC/ARM_CM4F/portmacro.h **** /*
   2:Middlewares/Third_Party/FreeRTOS/Source/portable/GCC/ARM_CM4F/portmacro.h ****  * FreeRTOS Kernel V10.3.1
   3:Middlewares/Third_Party/FreeRTOS/Source/portable/GCC/ARM_CM4F/portmacro.h ****  * Copyright (C) 2020 Amazon.com, Inc. or its affiliates.  All Rights Reserved.
   4:Middlewares/Third_Party/FreeRTOS/Source/portable/GCC/ARM_CM4F/portmacro.h ****  *
   5:Middlewares/Third_Party/FreeRTOS/Source/portable/GCC/ARM_CM4F/portmacro.h ****  * Permission is hereby granted, free of charge, to any person obtaining a copy of
   6:Middlewares/Third_Party/FreeRTOS/Source/portable/GCC/ARM_CM4F/portmacro.h ****  * this software and associated documentation files (the "Software"), to deal in
   7:Middlewares/Third_Party/FreeRTOS/Source/portable/GCC/ARM_CM4F/portmacro.h ****  * the Software without restriction, including without limitation the rights to
   8:Middlewares/Third_Party/FreeRTOS/Source/portable/GCC/ARM_CM4F/portmacro.h ****  * use, copy, modify, merge, publish, distribute, sublicense, and/or sell copies of
   9:Middlewares/Third_Party/FreeRTOS/Source/portable/GCC/ARM_CM4F/portmacro.h ****  * the Software, and to permit persons to whom the Software is furnished to do so,
  10:Middlewares/Third_Party/FreeRTOS/Source/portable/GCC/ARM_CM4F/portmacro.h ****  * subject to the following conditions:
  11:Middlewares/Third_Party/FreeRTOS/Source/portable/GCC/ARM_CM4F/portmacro.h ****  *
  12:Middlewares/Third_Party/FreeRTOS/Source/portable/GCC/ARM_CM4F/portmacro.h ****  * The above copyright notice and this permission notice shall be included in all
  13:Middlewares/Third_Party/FreeRTOS/Source/portable/GCC/ARM_CM4F/portmacro.h ****  * copies or substantial portions of the Software.
  14:Middlewares/Third_Party/FreeRTOS/Source/portable/GCC/ARM_CM4F/portmacro.h ****  *
  15:Middlewares/Third_Party/FreeRTOS/Source/portable/GCC/ARM_CM4F/portmacro.h ****  * THE SOFTWARE IS PROVIDED "AS IS", WITHOUT WARRANTY OF ANY KIND, EXPRESS OR
  16:Middlewares/Third_Party/FreeRTOS/Source/portable/GCC/ARM_CM4F/portmacro.h ****  * IMPLIED, INCLUDING BUT NOT LIMITED TO THE WARRANTIES OF MERCHANTABILITY, FITNESS
  17:Middlewares/Third_Party/FreeRTOS/Source/portable/GCC/ARM_CM4F/portmacro.h ****  * FOR A PARTICULAR PURPOSE AND NONINFRINGEMENT. IN NO EVENT SHALL THE AUTHORS OR
  18:Middlewares/Third_Party/FreeRTOS/Source/portable/GCC/ARM_CM4F/portmacro.h ****  * COPYRIGHT HOLDERS BE LIABLE FOR ANY CLAIM, DAMAGES OR OTHER LIABILITY, WHETHER
  19:Middlewares/Third_Party/FreeRTOS/Source/portable/GCC/ARM_CM4F/portmacro.h ****  * IN AN ACTION OF CONTRACT, TORT OR OTHERWISE, ARISING FROM, OUT OF OR IN
  20:Middlewares/Third_Party/FreeRTOS/Source/portable/GCC/ARM_CM4F/portmacro.h ****  * CONNECTION WITH THE SOFTWARE OR THE USE OR OTHER DEALINGS IN THE SOFTWARE.
  21:Middlewares/Third_Party/FreeRTOS/Source/portable/GCC/ARM_CM4F/portmacro.h ****  *
  22:Middlewares/Third_Party/FreeRTOS/Source/portable/GCC/ARM_CM4F/portmacro.h ****  * http://www.FreeRTOS.org
ARM GAS  C:\Users\Ali\AppData\Local\Temp\ccH49rLE.s 			page 19


  23:Middlewares/Third_Party/FreeRTOS/Source/portable/GCC/ARM_CM4F/portmacro.h ****  * http://aws.amazon.com/freertos
  24:Middlewares/Third_Party/FreeRTOS/Source/portable/GCC/ARM_CM4F/portmacro.h ****  *
  25:Middlewares/Third_Party/FreeRTOS/Source/portable/GCC/ARM_CM4F/portmacro.h ****  * 1 tab == 4 spaces!
  26:Middlewares/Third_Party/FreeRTOS/Source/portable/GCC/ARM_CM4F/portmacro.h ****  */
  27:Middlewares/Third_Party/FreeRTOS/Source/portable/GCC/ARM_CM4F/portmacro.h **** 
  28:Middlewares/Third_Party/FreeRTOS/Source/portable/GCC/ARM_CM4F/portmacro.h **** 
  29:Middlewares/Third_Party/FreeRTOS/Source/portable/GCC/ARM_CM4F/portmacro.h **** #ifndef PORTMACRO_H
  30:Middlewares/Third_Party/FreeRTOS/Source/portable/GCC/ARM_CM4F/portmacro.h **** #define PORTMACRO_H
  31:Middlewares/Third_Party/FreeRTOS/Source/portable/GCC/ARM_CM4F/portmacro.h **** 
  32:Middlewares/Third_Party/FreeRTOS/Source/portable/GCC/ARM_CM4F/portmacro.h **** #ifdef __cplusplus
  33:Middlewares/Third_Party/FreeRTOS/Source/portable/GCC/ARM_CM4F/portmacro.h **** extern "C" {
  34:Middlewares/Third_Party/FreeRTOS/Source/portable/GCC/ARM_CM4F/portmacro.h **** #endif
  35:Middlewares/Third_Party/FreeRTOS/Source/portable/GCC/ARM_CM4F/portmacro.h **** 
  36:Middlewares/Third_Party/FreeRTOS/Source/portable/GCC/ARM_CM4F/portmacro.h **** /*-----------------------------------------------------------
  37:Middlewares/Third_Party/FreeRTOS/Source/portable/GCC/ARM_CM4F/portmacro.h ****  * Port specific definitions.
  38:Middlewares/Third_Party/FreeRTOS/Source/portable/GCC/ARM_CM4F/portmacro.h ****  *
  39:Middlewares/Third_Party/FreeRTOS/Source/portable/GCC/ARM_CM4F/portmacro.h ****  * The settings in this file configure FreeRTOS correctly for the
  40:Middlewares/Third_Party/FreeRTOS/Source/portable/GCC/ARM_CM4F/portmacro.h ****  * given hardware and compiler.
  41:Middlewares/Third_Party/FreeRTOS/Source/portable/GCC/ARM_CM4F/portmacro.h ****  *
  42:Middlewares/Third_Party/FreeRTOS/Source/portable/GCC/ARM_CM4F/portmacro.h ****  * These settings should not be altered.
  43:Middlewares/Third_Party/FreeRTOS/Source/portable/GCC/ARM_CM4F/portmacro.h ****  *-----------------------------------------------------------
  44:Middlewares/Third_Party/FreeRTOS/Source/portable/GCC/ARM_CM4F/portmacro.h ****  */
  45:Middlewares/Third_Party/FreeRTOS/Source/portable/GCC/ARM_CM4F/portmacro.h **** 
  46:Middlewares/Third_Party/FreeRTOS/Source/portable/GCC/ARM_CM4F/portmacro.h **** /* Type definitions. */
  47:Middlewares/Third_Party/FreeRTOS/Source/portable/GCC/ARM_CM4F/portmacro.h **** #define portCHAR		char
  48:Middlewares/Third_Party/FreeRTOS/Source/portable/GCC/ARM_CM4F/portmacro.h **** #define portFLOAT		float
  49:Middlewares/Third_Party/FreeRTOS/Source/portable/GCC/ARM_CM4F/portmacro.h **** #define portDOUBLE		double
  50:Middlewares/Third_Party/FreeRTOS/Source/portable/GCC/ARM_CM4F/portmacro.h **** #define portLONG		long
  51:Middlewares/Third_Party/FreeRTOS/Source/portable/GCC/ARM_CM4F/portmacro.h **** #define portSHORT		short
  52:Middlewares/Third_Party/FreeRTOS/Source/portable/GCC/ARM_CM4F/portmacro.h **** #define portSTACK_TYPE	uint32_t
  53:Middlewares/Third_Party/FreeRTOS/Source/portable/GCC/ARM_CM4F/portmacro.h **** #define portBASE_TYPE	long
  54:Middlewares/Third_Party/FreeRTOS/Source/portable/GCC/ARM_CM4F/portmacro.h **** 
  55:Middlewares/Third_Party/FreeRTOS/Source/portable/GCC/ARM_CM4F/portmacro.h **** typedef portSTACK_TYPE StackType_t;
  56:Middlewares/Third_Party/FreeRTOS/Source/portable/GCC/ARM_CM4F/portmacro.h **** typedef long BaseType_t;
  57:Middlewares/Third_Party/FreeRTOS/Source/portable/GCC/ARM_CM4F/portmacro.h **** typedef unsigned long UBaseType_t;
  58:Middlewares/Third_Party/FreeRTOS/Source/portable/GCC/ARM_CM4F/portmacro.h **** 
  59:Middlewares/Third_Party/FreeRTOS/Source/portable/GCC/ARM_CM4F/portmacro.h **** #if( configUSE_16_BIT_TICKS == 1 )
  60:Middlewares/Third_Party/FreeRTOS/Source/portable/GCC/ARM_CM4F/portmacro.h **** 	typedef uint16_t TickType_t;
  61:Middlewares/Third_Party/FreeRTOS/Source/portable/GCC/ARM_CM4F/portmacro.h **** 	#define portMAX_DELAY ( TickType_t ) 0xffff
  62:Middlewares/Third_Party/FreeRTOS/Source/portable/GCC/ARM_CM4F/portmacro.h **** #else
  63:Middlewares/Third_Party/FreeRTOS/Source/portable/GCC/ARM_CM4F/portmacro.h **** 	typedef uint32_t TickType_t;
  64:Middlewares/Third_Party/FreeRTOS/Source/portable/GCC/ARM_CM4F/portmacro.h **** 	#define portMAX_DELAY ( TickType_t ) 0xffffffffUL
  65:Middlewares/Third_Party/FreeRTOS/Source/portable/GCC/ARM_CM4F/portmacro.h **** 
  66:Middlewares/Third_Party/FreeRTOS/Source/portable/GCC/ARM_CM4F/portmacro.h **** 	/* 32-bit tick type on a 32-bit architecture, so reads of the tick count do
  67:Middlewares/Third_Party/FreeRTOS/Source/portable/GCC/ARM_CM4F/portmacro.h **** 	not need to be guarded with a critical section. */
  68:Middlewares/Third_Party/FreeRTOS/Source/portable/GCC/ARM_CM4F/portmacro.h **** 	#define portTICK_TYPE_IS_ATOMIC 1
  69:Middlewares/Third_Party/FreeRTOS/Source/portable/GCC/ARM_CM4F/portmacro.h **** #endif
  70:Middlewares/Third_Party/FreeRTOS/Source/portable/GCC/ARM_CM4F/portmacro.h **** /*-----------------------------------------------------------*/
  71:Middlewares/Third_Party/FreeRTOS/Source/portable/GCC/ARM_CM4F/portmacro.h **** 
  72:Middlewares/Third_Party/FreeRTOS/Source/portable/GCC/ARM_CM4F/portmacro.h **** /* Architecture specifics. */
  73:Middlewares/Third_Party/FreeRTOS/Source/portable/GCC/ARM_CM4F/portmacro.h **** #define portSTACK_GROWTH			( -1 )
  74:Middlewares/Third_Party/FreeRTOS/Source/portable/GCC/ARM_CM4F/portmacro.h **** #define portTICK_PERIOD_MS			( ( TickType_t ) 1000 / configTICK_RATE_HZ )
  75:Middlewares/Third_Party/FreeRTOS/Source/portable/GCC/ARM_CM4F/portmacro.h **** #define portBYTE_ALIGNMENT			8
  76:Middlewares/Third_Party/FreeRTOS/Source/portable/GCC/ARM_CM4F/portmacro.h **** /*-----------------------------------------------------------*/
  77:Middlewares/Third_Party/FreeRTOS/Source/portable/GCC/ARM_CM4F/portmacro.h **** 
  78:Middlewares/Third_Party/FreeRTOS/Source/portable/GCC/ARM_CM4F/portmacro.h **** /* Scheduler utilities. */
  79:Middlewares/Third_Party/FreeRTOS/Source/portable/GCC/ARM_CM4F/portmacro.h **** #define portYIELD() 															\
ARM GAS  C:\Users\Ali\AppData\Local\Temp\ccH49rLE.s 			page 20


  80:Middlewares/Third_Party/FreeRTOS/Source/portable/GCC/ARM_CM4F/portmacro.h **** {																				\
  81:Middlewares/Third_Party/FreeRTOS/Source/portable/GCC/ARM_CM4F/portmacro.h **** 	/* Set a PendSV to request a context switch. */								\
  82:Middlewares/Third_Party/FreeRTOS/Source/portable/GCC/ARM_CM4F/portmacro.h **** 	portNVIC_INT_CTRL_REG = portNVIC_PENDSVSET_BIT;								\
  83:Middlewares/Third_Party/FreeRTOS/Source/portable/GCC/ARM_CM4F/portmacro.h **** 																				\
  84:Middlewares/Third_Party/FreeRTOS/Source/portable/GCC/ARM_CM4F/portmacro.h **** 	/* Barriers are normally not required but do ensure the code is completely	\
  85:Middlewares/Third_Party/FreeRTOS/Source/portable/GCC/ARM_CM4F/portmacro.h **** 	within the specified behaviour for the architecture. */						\
  86:Middlewares/Third_Party/FreeRTOS/Source/portable/GCC/ARM_CM4F/portmacro.h **** 	__asm volatile( "dsb" ::: "memory" );										\
  87:Middlewares/Third_Party/FreeRTOS/Source/portable/GCC/ARM_CM4F/portmacro.h **** 	__asm volatile( "isb" );													\
  88:Middlewares/Third_Party/FreeRTOS/Source/portable/GCC/ARM_CM4F/portmacro.h **** }
  89:Middlewares/Third_Party/FreeRTOS/Source/portable/GCC/ARM_CM4F/portmacro.h **** 
  90:Middlewares/Third_Party/FreeRTOS/Source/portable/GCC/ARM_CM4F/portmacro.h **** #define portNVIC_INT_CTRL_REG		( * ( ( volatile uint32_t * ) 0xe000ed04 ) )
  91:Middlewares/Third_Party/FreeRTOS/Source/portable/GCC/ARM_CM4F/portmacro.h **** #define portNVIC_PENDSVSET_BIT		( 1UL << 28UL )
  92:Middlewares/Third_Party/FreeRTOS/Source/portable/GCC/ARM_CM4F/portmacro.h **** #define portEND_SWITCHING_ISR( xSwitchRequired ) if( xSwitchRequired != pdFALSE ) portYIELD()
  93:Middlewares/Third_Party/FreeRTOS/Source/portable/GCC/ARM_CM4F/portmacro.h **** #define portYIELD_FROM_ISR( x ) portEND_SWITCHING_ISR( x )
  94:Middlewares/Third_Party/FreeRTOS/Source/portable/GCC/ARM_CM4F/portmacro.h **** /*-----------------------------------------------------------*/
  95:Middlewares/Third_Party/FreeRTOS/Source/portable/GCC/ARM_CM4F/portmacro.h **** 
  96:Middlewares/Third_Party/FreeRTOS/Source/portable/GCC/ARM_CM4F/portmacro.h **** /* Critical section management. */
  97:Middlewares/Third_Party/FreeRTOS/Source/portable/GCC/ARM_CM4F/portmacro.h **** extern void vPortEnterCritical( void );
  98:Middlewares/Third_Party/FreeRTOS/Source/portable/GCC/ARM_CM4F/portmacro.h **** extern void vPortExitCritical( void );
  99:Middlewares/Third_Party/FreeRTOS/Source/portable/GCC/ARM_CM4F/portmacro.h **** #define portSET_INTERRUPT_MASK_FROM_ISR()		ulPortRaiseBASEPRI()
 100:Middlewares/Third_Party/FreeRTOS/Source/portable/GCC/ARM_CM4F/portmacro.h **** #define portCLEAR_INTERRUPT_MASK_FROM_ISR(x)	vPortSetBASEPRI(x)
 101:Middlewares/Third_Party/FreeRTOS/Source/portable/GCC/ARM_CM4F/portmacro.h **** #define portDISABLE_INTERRUPTS()				vPortRaiseBASEPRI()
 102:Middlewares/Third_Party/FreeRTOS/Source/portable/GCC/ARM_CM4F/portmacro.h **** #define portENABLE_INTERRUPTS()					vPortSetBASEPRI(0)
 103:Middlewares/Third_Party/FreeRTOS/Source/portable/GCC/ARM_CM4F/portmacro.h **** #define portENTER_CRITICAL()					vPortEnterCritical()
 104:Middlewares/Third_Party/FreeRTOS/Source/portable/GCC/ARM_CM4F/portmacro.h **** #define portEXIT_CRITICAL()						vPortExitCritical()
 105:Middlewares/Third_Party/FreeRTOS/Source/portable/GCC/ARM_CM4F/portmacro.h **** 
 106:Middlewares/Third_Party/FreeRTOS/Source/portable/GCC/ARM_CM4F/portmacro.h **** /*-----------------------------------------------------------*/
 107:Middlewares/Third_Party/FreeRTOS/Source/portable/GCC/ARM_CM4F/portmacro.h **** 
 108:Middlewares/Third_Party/FreeRTOS/Source/portable/GCC/ARM_CM4F/portmacro.h **** /* Task function macros as described on the FreeRTOS.org WEB site.  These are
 109:Middlewares/Third_Party/FreeRTOS/Source/portable/GCC/ARM_CM4F/portmacro.h **** not necessary for to use this port.  They are defined so the common demo files
 110:Middlewares/Third_Party/FreeRTOS/Source/portable/GCC/ARM_CM4F/portmacro.h **** (which build with all the ports) will build. */
 111:Middlewares/Third_Party/FreeRTOS/Source/portable/GCC/ARM_CM4F/portmacro.h **** #define portTASK_FUNCTION_PROTO( vFunction, pvParameters ) void vFunction( void *pvParameters )
 112:Middlewares/Third_Party/FreeRTOS/Source/portable/GCC/ARM_CM4F/portmacro.h **** #define portTASK_FUNCTION( vFunction, pvParameters ) void vFunction( void *pvParameters )
 113:Middlewares/Third_Party/FreeRTOS/Source/portable/GCC/ARM_CM4F/portmacro.h **** /*-----------------------------------------------------------*/
 114:Middlewares/Third_Party/FreeRTOS/Source/portable/GCC/ARM_CM4F/portmacro.h **** 
 115:Middlewares/Third_Party/FreeRTOS/Source/portable/GCC/ARM_CM4F/portmacro.h **** /* Tickless idle/low power functionality. */
 116:Middlewares/Third_Party/FreeRTOS/Source/portable/GCC/ARM_CM4F/portmacro.h **** #ifndef portSUPPRESS_TICKS_AND_SLEEP
 117:Middlewares/Third_Party/FreeRTOS/Source/portable/GCC/ARM_CM4F/portmacro.h **** 	extern void vPortSuppressTicksAndSleep( TickType_t xExpectedIdleTime );
 118:Middlewares/Third_Party/FreeRTOS/Source/portable/GCC/ARM_CM4F/portmacro.h **** 	#define portSUPPRESS_TICKS_AND_SLEEP( xExpectedIdleTime ) vPortSuppressTicksAndSleep( xExpectedIdl
 119:Middlewares/Third_Party/FreeRTOS/Source/portable/GCC/ARM_CM4F/portmacro.h **** #endif
 120:Middlewares/Third_Party/FreeRTOS/Source/portable/GCC/ARM_CM4F/portmacro.h **** /*-----------------------------------------------------------*/
 121:Middlewares/Third_Party/FreeRTOS/Source/portable/GCC/ARM_CM4F/portmacro.h **** 
 122:Middlewares/Third_Party/FreeRTOS/Source/portable/GCC/ARM_CM4F/portmacro.h **** /* Architecture specific optimisations. */
 123:Middlewares/Third_Party/FreeRTOS/Source/portable/GCC/ARM_CM4F/portmacro.h **** #ifndef configUSE_PORT_OPTIMISED_TASK_SELECTION
 124:Middlewares/Third_Party/FreeRTOS/Source/portable/GCC/ARM_CM4F/portmacro.h **** 	#define configUSE_PORT_OPTIMISED_TASK_SELECTION 1
 125:Middlewares/Third_Party/FreeRTOS/Source/portable/GCC/ARM_CM4F/portmacro.h **** #endif
 126:Middlewares/Third_Party/FreeRTOS/Source/portable/GCC/ARM_CM4F/portmacro.h **** 
 127:Middlewares/Third_Party/FreeRTOS/Source/portable/GCC/ARM_CM4F/portmacro.h **** #if configUSE_PORT_OPTIMISED_TASK_SELECTION == 1
 128:Middlewares/Third_Party/FreeRTOS/Source/portable/GCC/ARM_CM4F/portmacro.h **** 
 129:Middlewares/Third_Party/FreeRTOS/Source/portable/GCC/ARM_CM4F/portmacro.h **** 	/* Generic helper function. */
 130:Middlewares/Third_Party/FreeRTOS/Source/portable/GCC/ARM_CM4F/portmacro.h **** 	__attribute__( ( always_inline ) ) static inline uint8_t ucPortCountLeadingZeros( uint32_t ulBitma
 131:Middlewares/Third_Party/FreeRTOS/Source/portable/GCC/ARM_CM4F/portmacro.h **** 	{
 132:Middlewares/Third_Party/FreeRTOS/Source/portable/GCC/ARM_CM4F/portmacro.h **** 	uint8_t ucReturn;
 133:Middlewares/Third_Party/FreeRTOS/Source/portable/GCC/ARM_CM4F/portmacro.h **** 
 134:Middlewares/Third_Party/FreeRTOS/Source/portable/GCC/ARM_CM4F/portmacro.h **** 		__asm volatile ( "clz %0, %1" : "=r" ( ucReturn ) : "r" ( ulBitmap ) : "memory" );
 135:Middlewares/Third_Party/FreeRTOS/Source/portable/GCC/ARM_CM4F/portmacro.h **** 		return ucReturn;
 136:Middlewares/Third_Party/FreeRTOS/Source/portable/GCC/ARM_CM4F/portmacro.h **** 	}
ARM GAS  C:\Users\Ali\AppData\Local\Temp\ccH49rLE.s 			page 21


 137:Middlewares/Third_Party/FreeRTOS/Source/portable/GCC/ARM_CM4F/portmacro.h **** 
 138:Middlewares/Third_Party/FreeRTOS/Source/portable/GCC/ARM_CM4F/portmacro.h **** 	/* Check the configuration. */
 139:Middlewares/Third_Party/FreeRTOS/Source/portable/GCC/ARM_CM4F/portmacro.h **** 	#if( configMAX_PRIORITIES > 32 )
 140:Middlewares/Third_Party/FreeRTOS/Source/portable/GCC/ARM_CM4F/portmacro.h **** 		#error configUSE_PORT_OPTIMISED_TASK_SELECTION can only be set to 1 when configMAX_PRIORITIES is 
 141:Middlewares/Third_Party/FreeRTOS/Source/portable/GCC/ARM_CM4F/portmacro.h **** 	#endif
 142:Middlewares/Third_Party/FreeRTOS/Source/portable/GCC/ARM_CM4F/portmacro.h **** 
 143:Middlewares/Third_Party/FreeRTOS/Source/portable/GCC/ARM_CM4F/portmacro.h **** 	/* Store/clear the ready priorities in a bit map. */
 144:Middlewares/Third_Party/FreeRTOS/Source/portable/GCC/ARM_CM4F/portmacro.h **** 	#define portRECORD_READY_PRIORITY( uxPriority, uxReadyPriorities ) ( uxReadyPriorities ) |= ( 1UL 
 145:Middlewares/Third_Party/FreeRTOS/Source/portable/GCC/ARM_CM4F/portmacro.h **** 	#define portRESET_READY_PRIORITY( uxPriority, uxReadyPriorities ) ( uxReadyPriorities ) &= ~( 1UL 
 146:Middlewares/Third_Party/FreeRTOS/Source/portable/GCC/ARM_CM4F/portmacro.h **** 
 147:Middlewares/Third_Party/FreeRTOS/Source/portable/GCC/ARM_CM4F/portmacro.h **** 	/*-----------------------------------------------------------*/
 148:Middlewares/Third_Party/FreeRTOS/Source/portable/GCC/ARM_CM4F/portmacro.h **** 
 149:Middlewares/Third_Party/FreeRTOS/Source/portable/GCC/ARM_CM4F/portmacro.h **** 	#define portGET_HIGHEST_PRIORITY( uxTopPriority, uxReadyPriorities ) uxTopPriority = ( 31UL - ( ui
 150:Middlewares/Third_Party/FreeRTOS/Source/portable/GCC/ARM_CM4F/portmacro.h **** 
 151:Middlewares/Third_Party/FreeRTOS/Source/portable/GCC/ARM_CM4F/portmacro.h **** #endif /* configUSE_PORT_OPTIMISED_TASK_SELECTION */
 152:Middlewares/Third_Party/FreeRTOS/Source/portable/GCC/ARM_CM4F/portmacro.h **** 
 153:Middlewares/Third_Party/FreeRTOS/Source/portable/GCC/ARM_CM4F/portmacro.h **** /*-----------------------------------------------------------*/
 154:Middlewares/Third_Party/FreeRTOS/Source/portable/GCC/ARM_CM4F/portmacro.h **** 
 155:Middlewares/Third_Party/FreeRTOS/Source/portable/GCC/ARM_CM4F/portmacro.h **** #ifdef configASSERT
 156:Middlewares/Third_Party/FreeRTOS/Source/portable/GCC/ARM_CM4F/portmacro.h **** 	void vPortValidateInterruptPriority( void );
 157:Middlewares/Third_Party/FreeRTOS/Source/portable/GCC/ARM_CM4F/portmacro.h **** 	#define portASSERT_IF_INTERRUPT_PRIORITY_INVALID() 	vPortValidateInterruptPriority()
 158:Middlewares/Third_Party/FreeRTOS/Source/portable/GCC/ARM_CM4F/portmacro.h **** #endif
 159:Middlewares/Third_Party/FreeRTOS/Source/portable/GCC/ARM_CM4F/portmacro.h **** 
 160:Middlewares/Third_Party/FreeRTOS/Source/portable/GCC/ARM_CM4F/portmacro.h **** /* portNOP() is not required by this port. */
 161:Middlewares/Third_Party/FreeRTOS/Source/portable/GCC/ARM_CM4F/portmacro.h **** #define portNOP()
 162:Middlewares/Third_Party/FreeRTOS/Source/portable/GCC/ARM_CM4F/portmacro.h **** 
 163:Middlewares/Third_Party/FreeRTOS/Source/portable/GCC/ARM_CM4F/portmacro.h **** #define portINLINE	__inline
 164:Middlewares/Third_Party/FreeRTOS/Source/portable/GCC/ARM_CM4F/portmacro.h **** 
 165:Middlewares/Third_Party/FreeRTOS/Source/portable/GCC/ARM_CM4F/portmacro.h **** #ifndef portFORCE_INLINE
 166:Middlewares/Third_Party/FreeRTOS/Source/portable/GCC/ARM_CM4F/portmacro.h **** 	#define portFORCE_INLINE inline __attribute__(( always_inline))
 167:Middlewares/Third_Party/FreeRTOS/Source/portable/GCC/ARM_CM4F/portmacro.h **** #endif
 168:Middlewares/Third_Party/FreeRTOS/Source/portable/GCC/ARM_CM4F/portmacro.h **** 
 169:Middlewares/Third_Party/FreeRTOS/Source/portable/GCC/ARM_CM4F/portmacro.h **** portFORCE_INLINE static BaseType_t xPortIsInsideInterrupt( void )
 170:Middlewares/Third_Party/FreeRTOS/Source/portable/GCC/ARM_CM4F/portmacro.h **** {
 171:Middlewares/Third_Party/FreeRTOS/Source/portable/GCC/ARM_CM4F/portmacro.h **** uint32_t ulCurrentInterrupt;
 172:Middlewares/Third_Party/FreeRTOS/Source/portable/GCC/ARM_CM4F/portmacro.h **** BaseType_t xReturn;
 173:Middlewares/Third_Party/FreeRTOS/Source/portable/GCC/ARM_CM4F/portmacro.h **** 
 174:Middlewares/Third_Party/FreeRTOS/Source/portable/GCC/ARM_CM4F/portmacro.h **** 	/* Obtain the number of the currently executing interrupt. */
 175:Middlewares/Third_Party/FreeRTOS/Source/portable/GCC/ARM_CM4F/portmacro.h **** 	__asm volatile( "mrs %0, ipsr" : "=r"( ulCurrentInterrupt ) :: "memory" );
 176:Middlewares/Third_Party/FreeRTOS/Source/portable/GCC/ARM_CM4F/portmacro.h **** 
 177:Middlewares/Third_Party/FreeRTOS/Source/portable/GCC/ARM_CM4F/portmacro.h **** 	if( ulCurrentInterrupt == 0 )
 178:Middlewares/Third_Party/FreeRTOS/Source/portable/GCC/ARM_CM4F/portmacro.h **** 	{
 179:Middlewares/Third_Party/FreeRTOS/Source/portable/GCC/ARM_CM4F/portmacro.h **** 		xReturn = pdFALSE;
 180:Middlewares/Third_Party/FreeRTOS/Source/portable/GCC/ARM_CM4F/portmacro.h **** 	}
 181:Middlewares/Third_Party/FreeRTOS/Source/portable/GCC/ARM_CM4F/portmacro.h **** 	else
 182:Middlewares/Third_Party/FreeRTOS/Source/portable/GCC/ARM_CM4F/portmacro.h **** 	{
 183:Middlewares/Third_Party/FreeRTOS/Source/portable/GCC/ARM_CM4F/portmacro.h **** 		xReturn = pdTRUE;
 184:Middlewares/Third_Party/FreeRTOS/Source/portable/GCC/ARM_CM4F/portmacro.h **** 	}
 185:Middlewares/Third_Party/FreeRTOS/Source/portable/GCC/ARM_CM4F/portmacro.h **** 
 186:Middlewares/Third_Party/FreeRTOS/Source/portable/GCC/ARM_CM4F/portmacro.h **** 	return xReturn;
 187:Middlewares/Third_Party/FreeRTOS/Source/portable/GCC/ARM_CM4F/portmacro.h **** }
 188:Middlewares/Third_Party/FreeRTOS/Source/portable/GCC/ARM_CM4F/portmacro.h **** 
 189:Middlewares/Third_Party/FreeRTOS/Source/portable/GCC/ARM_CM4F/portmacro.h **** /*-----------------------------------------------------------*/
 190:Middlewares/Third_Party/FreeRTOS/Source/portable/GCC/ARM_CM4F/portmacro.h **** 
 191:Middlewares/Third_Party/FreeRTOS/Source/portable/GCC/ARM_CM4F/portmacro.h **** portFORCE_INLINE static void vPortRaiseBASEPRI( void )
 308              		.loc 2 191 30 view .LVU64
 309              	.LBB12:
ARM GAS  C:\Users\Ali\AppData\Local\Temp\ccH49rLE.s 			page 22


 192:Middlewares/Third_Party/FreeRTOS/Source/portable/GCC/ARM_CM4F/portmacro.h **** {
 193:Middlewares/Third_Party/FreeRTOS/Source/portable/GCC/ARM_CM4F/portmacro.h **** uint32_t ulNewBASEPRI;
 310              		.loc 2 193 1 view .LVU65
 194:Middlewares/Third_Party/FreeRTOS/Source/portable/GCC/ARM_CM4F/portmacro.h **** 
 195:Middlewares/Third_Party/FreeRTOS/Source/portable/GCC/ARM_CM4F/portmacro.h **** 	__asm volatile
 311              		.loc 2 195 2 view .LVU66
 312              		.syntax unified
 313              	@ 195 "Middlewares/Third_Party/FreeRTOS/Source/portable/GCC/ARM_CM4F/portmacro.h" 1
 314 0004 4FF05003 			mov r3, #80												
 315 0008 83F31188 		msr basepri, r3											
 316 000c BFF36F8F 		isb														
 317 0010 BFF34F8F 		dsb														
 318              	
 319              	@ 0 "" 2
 320              		.thumb
 321              		.syntax unified
 322              	.L20:
 323              	.LBE12:
 324              	.LBE11:
 627:Core/Src/main.c ****     HAL_GPIO_TogglePin(GPIOB, MUX_SIG1_Pin);
 325              		.loc 1 627 3 view .LVU67
 628:Core/Src/main.c ****     for(volatile uint32_t i = 0; i < 100000; i++);  // Busy wait
 326              		.loc 1 628 5 view .LVU68
 327 0014 0221     		movs	r1, #2
 328 0016 0648     		ldr	r0, .L22
 329 0018 FFF7FEFF 		bl	HAL_GPIO_TogglePin
 330              	.LVL15:
 629:Core/Src/main.c ****   }
 331              		.loc 1 629 5 view .LVU69
 332              	.LBB13:
 629:Core/Src/main.c ****   }
 333              		.loc 1 629 9 view .LVU70
 629:Core/Src/main.c ****   }
 334              		.loc 1 629 27 is_stmt 0 view .LVU71
 335 001c 0023     		movs	r3, #0
 336 001e 0193     		str	r3, [sp, #4]
 337              	.L18:
 629:Core/Src/main.c ****   }
 338              		.loc 1 629 36 is_stmt 1 discriminator 1 view .LVU72
 339 0020 019A     		ldr	r2, [sp, #4]
 340 0022 044B     		ldr	r3, .L22+4
 341 0024 9A42     		cmp	r2, r3
 342 0026 F5D8     		bhi	.L20
 629:Core/Src/main.c ****   }
 343              		.loc 1 629 47 discriminator 3 view .LVU73
 344 0028 019B     		ldr	r3, [sp, #4]
 345 002a 0133     		adds	r3, r3, #1
 346 002c 0193     		str	r3, [sp, #4]
 347 002e F7E7     		b	.L18
 348              	.L23:
 349              		.align	2
 350              	.L22:
 351 0030 00040048 		.word	1207960576
 352 0034 9F860100 		.word	99999
 353              	.LBE13:
 354              		.cfi_endproc
 355              	.LFE300:
ARM GAS  C:\Users\Ali\AppData\Local\Temp\ccH49rLE.s 			page 23


 357              		.section	.text.HAL_TIM_PeriodElapsedCallback,"ax",%progbits
 358              		.align	1
 359              		.global	HAL_TIM_PeriodElapsedCallback
 360              		.syntax unified
 361              		.thumb
 362              		.thumb_func
 364              	HAL_TIM_PeriodElapsedCallback:
 365              	.LVL16:
 366              	.LFB305:
 707:Core/Src/main.c ****     }
 708:Core/Src/main.c ****   }
 709:Core/Src/main.c ****   /* USER CODE END BMSResetHandlerTask */
 710:Core/Src/main.c **** }
 711:Core/Src/main.c **** 
 712:Core/Src/main.c **** /**
 713:Core/Src/main.c ****   * @brief  Period elapsed callback in non blocking mode
 714:Core/Src/main.c ****   * @note   This function is called  when TIM6 interrupt took place, inside
 715:Core/Src/main.c ****   * HAL_TIM_IRQHandler(). It makes a direct call to HAL_IncTick() to increment
 716:Core/Src/main.c ****   * a global variable "uwTick" used as application time base.
 717:Core/Src/main.c ****   * @param  htim : TIM handle
 718:Core/Src/main.c ****   * @retval None
 719:Core/Src/main.c ****   */
 720:Core/Src/main.c **** void HAL_TIM_PeriodElapsedCallback(TIM_HandleTypeDef *htim)
 721:Core/Src/main.c **** {
 367              		.loc 1 721 1 view -0
 368              		.cfi_startproc
 369              		@ args = 0, pretend = 0, frame = 0
 370              		@ frame_needed = 0, uses_anonymous_args = 0
 371              		.loc 1 721 1 is_stmt 0 view .LVU75
 372 0000 08B5     		push	{r3, lr}
 373              		.cfi_def_cfa_offset 8
 374              		.cfi_offset 3, -8
 375              		.cfi_offset 14, -4
 722:Core/Src/main.c ****   /* USER CODE BEGIN Callback 0 */
 723:Core/Src/main.c **** 
 724:Core/Src/main.c ****   /* USER CODE END Callback 0 */
 725:Core/Src/main.c ****   if (htim->Instance == TIM6)
 376              		.loc 1 725 3 is_stmt 1 view .LVU76
 377              		.loc 1 725 11 is_stmt 0 view .LVU77
 378 0002 0268     		ldr	r2, [r0]
 379              		.loc 1 725 6 view .LVU78
 380 0004 034B     		ldr	r3, .L28
 381 0006 9A42     		cmp	r2, r3
 382 0008 00D0     		beq	.L27
 383              	.LVL17:
 384              	.L24:
 726:Core/Src/main.c ****   {
 727:Core/Src/main.c ****     HAL_IncTick();
 728:Core/Src/main.c ****   }
 729:Core/Src/main.c ****   /* USER CODE BEGIN Callback 1 */
 730:Core/Src/main.c **** 
 731:Core/Src/main.c ****   /* USER CODE END Callback 1 */
 732:Core/Src/main.c **** }
 385              		.loc 1 732 1 view .LVU79
 386 000a 08BD     		pop	{r3, pc}
 387              	.LVL18:
 388              	.L27:
ARM GAS  C:\Users\Ali\AppData\Local\Temp\ccH49rLE.s 			page 24


 727:Core/Src/main.c ****   }
 389              		.loc 1 727 5 is_stmt 1 view .LVU80
 390 000c FFF7FEFF 		bl	HAL_IncTick
 391              	.LVL19:
 392              		.loc 1 732 1 is_stmt 0 view .LVU81
 393 0010 FBE7     		b	.L24
 394              	.L29:
 395 0012 00BF     		.align	2
 396              	.L28:
 397 0014 00100040 		.word	1073745920
 398              		.cfi_endproc
 399              	.LFE305:
 401              		.section	.text.Error_Handler,"ax",%progbits
 402              		.align	1
 403              		.global	Error_Handler
 404              		.syntax unified
 405              		.thumb
 406              		.thumb_func
 408              	Error_Handler:
 409              	.LFB306:
 733:Core/Src/main.c **** 
 734:Core/Src/main.c **** /**
 735:Core/Src/main.c ****   * @brief  This function is executed in case of error occurrence.
 736:Core/Src/main.c ****   * @retval None
 737:Core/Src/main.c ****   */
 738:Core/Src/main.c **** void Error_Handler(void)
 739:Core/Src/main.c **** {
 410              		.loc 1 739 1 is_stmt 1 view -0
 411              		.cfi_startproc
 412              		@ Volatile: function does not return.
 413              		@ args = 0, pretend = 0, frame = 0
 414              		@ frame_needed = 0, uses_anonymous_args = 0
 415              		@ link register save eliminated.
 740:Core/Src/main.c ****   /* USER CODE BEGIN Error_Handler_Debug */
 741:Core/Src/main.c ****   /* User can add his own implementation to report the HAL error return state */
 742:Core/Src/main.c ****   __disable_irq();
 416              		.loc 1 742 3 view .LVU83
 417              	.LBB14:
 418              	.LBI14:
 419              		.file 3 "Drivers/CMSIS/Include/cmsis_gcc.h"
   1:Drivers/CMSIS/Include/cmsis_gcc.h **** /**************************************************************************//**
   2:Drivers/CMSIS/Include/cmsis_gcc.h ****  * @file     cmsis_gcc.h
   3:Drivers/CMSIS/Include/cmsis_gcc.h ****  * @brief    CMSIS compiler GCC header file
   4:Drivers/CMSIS/Include/cmsis_gcc.h ****  * @version  V5.2.0
   5:Drivers/CMSIS/Include/cmsis_gcc.h ****  * @date     08. May 2019
   6:Drivers/CMSIS/Include/cmsis_gcc.h ****  ******************************************************************************/
   7:Drivers/CMSIS/Include/cmsis_gcc.h **** /*
   8:Drivers/CMSIS/Include/cmsis_gcc.h ****  * Copyright (c) 2009-2019 Arm Limited. All rights reserved.
   9:Drivers/CMSIS/Include/cmsis_gcc.h ****  *
  10:Drivers/CMSIS/Include/cmsis_gcc.h ****  * SPDX-License-Identifier: Apache-2.0
  11:Drivers/CMSIS/Include/cmsis_gcc.h ****  *
  12:Drivers/CMSIS/Include/cmsis_gcc.h ****  * Licensed under the Apache License, Version 2.0 (the License); you may
  13:Drivers/CMSIS/Include/cmsis_gcc.h ****  * not use this file except in compliance with the License.
  14:Drivers/CMSIS/Include/cmsis_gcc.h ****  * You may obtain a copy of the License at
  15:Drivers/CMSIS/Include/cmsis_gcc.h ****  *
  16:Drivers/CMSIS/Include/cmsis_gcc.h ****  * www.apache.org/licenses/LICENSE-2.0
  17:Drivers/CMSIS/Include/cmsis_gcc.h ****  *
ARM GAS  C:\Users\Ali\AppData\Local\Temp\ccH49rLE.s 			page 25


  18:Drivers/CMSIS/Include/cmsis_gcc.h ****  * Unless required by applicable law or agreed to in writing, software
  19:Drivers/CMSIS/Include/cmsis_gcc.h ****  * distributed under the License is distributed on an AS IS BASIS, WITHOUT
  20:Drivers/CMSIS/Include/cmsis_gcc.h ****  * WARRANTIES OR CONDITIONS OF ANY KIND, either express or implied.
  21:Drivers/CMSIS/Include/cmsis_gcc.h ****  * See the License for the specific language governing permissions and
  22:Drivers/CMSIS/Include/cmsis_gcc.h ****  * limitations under the License.
  23:Drivers/CMSIS/Include/cmsis_gcc.h ****  */
  24:Drivers/CMSIS/Include/cmsis_gcc.h **** 
  25:Drivers/CMSIS/Include/cmsis_gcc.h **** #ifndef __CMSIS_GCC_H
  26:Drivers/CMSIS/Include/cmsis_gcc.h **** #define __CMSIS_GCC_H
  27:Drivers/CMSIS/Include/cmsis_gcc.h **** 
  28:Drivers/CMSIS/Include/cmsis_gcc.h **** /* ignore some GCC warnings */
  29:Drivers/CMSIS/Include/cmsis_gcc.h **** #pragma GCC diagnostic push
  30:Drivers/CMSIS/Include/cmsis_gcc.h **** #pragma GCC diagnostic ignored "-Wsign-conversion"
  31:Drivers/CMSIS/Include/cmsis_gcc.h **** #pragma GCC diagnostic ignored "-Wconversion"
  32:Drivers/CMSIS/Include/cmsis_gcc.h **** #pragma GCC diagnostic ignored "-Wunused-parameter"
  33:Drivers/CMSIS/Include/cmsis_gcc.h **** 
  34:Drivers/CMSIS/Include/cmsis_gcc.h **** /* Fallback for __has_builtin */
  35:Drivers/CMSIS/Include/cmsis_gcc.h **** #ifndef __has_builtin
  36:Drivers/CMSIS/Include/cmsis_gcc.h ****   #define __has_builtin(x) (0)
  37:Drivers/CMSIS/Include/cmsis_gcc.h **** #endif
  38:Drivers/CMSIS/Include/cmsis_gcc.h **** 
  39:Drivers/CMSIS/Include/cmsis_gcc.h **** /* CMSIS compiler specific defines */
  40:Drivers/CMSIS/Include/cmsis_gcc.h **** #ifndef   __ASM
  41:Drivers/CMSIS/Include/cmsis_gcc.h ****   #define __ASM                                  __asm
  42:Drivers/CMSIS/Include/cmsis_gcc.h **** #endif
  43:Drivers/CMSIS/Include/cmsis_gcc.h **** #ifndef   __INLINE
  44:Drivers/CMSIS/Include/cmsis_gcc.h ****   #define __INLINE                               inline
  45:Drivers/CMSIS/Include/cmsis_gcc.h **** #endif
  46:Drivers/CMSIS/Include/cmsis_gcc.h **** #ifndef   __STATIC_INLINE
  47:Drivers/CMSIS/Include/cmsis_gcc.h ****   #define __STATIC_INLINE                        static inline
  48:Drivers/CMSIS/Include/cmsis_gcc.h **** #endif
  49:Drivers/CMSIS/Include/cmsis_gcc.h **** #ifndef   __STATIC_FORCEINLINE                 
  50:Drivers/CMSIS/Include/cmsis_gcc.h ****   #define __STATIC_FORCEINLINE                   __attribute__((always_inline)) static inline
  51:Drivers/CMSIS/Include/cmsis_gcc.h **** #endif                                           
  52:Drivers/CMSIS/Include/cmsis_gcc.h **** #ifndef   __NO_RETURN
  53:Drivers/CMSIS/Include/cmsis_gcc.h ****   #define __NO_RETURN                            __attribute__((__noreturn__))
  54:Drivers/CMSIS/Include/cmsis_gcc.h **** #endif
  55:Drivers/CMSIS/Include/cmsis_gcc.h **** #ifndef   __USED
  56:Drivers/CMSIS/Include/cmsis_gcc.h ****   #define __USED                                 __attribute__((used))
  57:Drivers/CMSIS/Include/cmsis_gcc.h **** #endif
  58:Drivers/CMSIS/Include/cmsis_gcc.h **** #ifndef   __WEAK
  59:Drivers/CMSIS/Include/cmsis_gcc.h ****   #define __WEAK                                 __attribute__((weak))
  60:Drivers/CMSIS/Include/cmsis_gcc.h **** #endif
  61:Drivers/CMSIS/Include/cmsis_gcc.h **** #ifndef   __PACKED
  62:Drivers/CMSIS/Include/cmsis_gcc.h ****   #define __PACKED                               __attribute__((packed, aligned(1)))
  63:Drivers/CMSIS/Include/cmsis_gcc.h **** #endif
  64:Drivers/CMSIS/Include/cmsis_gcc.h **** #ifndef   __PACKED_STRUCT
  65:Drivers/CMSIS/Include/cmsis_gcc.h ****   #define __PACKED_STRUCT                        struct __attribute__((packed, aligned(1)))
  66:Drivers/CMSIS/Include/cmsis_gcc.h **** #endif
  67:Drivers/CMSIS/Include/cmsis_gcc.h **** #ifndef   __PACKED_UNION
  68:Drivers/CMSIS/Include/cmsis_gcc.h ****   #define __PACKED_UNION                         union __attribute__((packed, aligned(1)))
  69:Drivers/CMSIS/Include/cmsis_gcc.h **** #endif
  70:Drivers/CMSIS/Include/cmsis_gcc.h **** #ifndef   __UNALIGNED_UINT32        /* deprecated */
  71:Drivers/CMSIS/Include/cmsis_gcc.h ****   #pragma GCC diagnostic push
  72:Drivers/CMSIS/Include/cmsis_gcc.h ****   #pragma GCC diagnostic ignored "-Wpacked"
  73:Drivers/CMSIS/Include/cmsis_gcc.h ****   #pragma GCC diagnostic ignored "-Wattributes"
  74:Drivers/CMSIS/Include/cmsis_gcc.h ****   struct __attribute__((packed)) T_UINT32 { uint32_t v; };
ARM GAS  C:\Users\Ali\AppData\Local\Temp\ccH49rLE.s 			page 26


  75:Drivers/CMSIS/Include/cmsis_gcc.h ****   #pragma GCC diagnostic pop
  76:Drivers/CMSIS/Include/cmsis_gcc.h ****   #define __UNALIGNED_UINT32(x)                  (((struct T_UINT32 *)(x))->v)
  77:Drivers/CMSIS/Include/cmsis_gcc.h **** #endif
  78:Drivers/CMSIS/Include/cmsis_gcc.h **** #ifndef   __UNALIGNED_UINT16_WRITE
  79:Drivers/CMSIS/Include/cmsis_gcc.h ****   #pragma GCC diagnostic push
  80:Drivers/CMSIS/Include/cmsis_gcc.h ****   #pragma GCC diagnostic ignored "-Wpacked"
  81:Drivers/CMSIS/Include/cmsis_gcc.h ****   #pragma GCC diagnostic ignored "-Wattributes"
  82:Drivers/CMSIS/Include/cmsis_gcc.h ****   __PACKED_STRUCT T_UINT16_WRITE { uint16_t v; };
  83:Drivers/CMSIS/Include/cmsis_gcc.h ****   #pragma GCC diagnostic pop
  84:Drivers/CMSIS/Include/cmsis_gcc.h ****   #define __UNALIGNED_UINT16_WRITE(addr, val)    (void)((((struct T_UINT16_WRITE *)(void *)(addr))-
  85:Drivers/CMSIS/Include/cmsis_gcc.h **** #endif
  86:Drivers/CMSIS/Include/cmsis_gcc.h **** #ifndef   __UNALIGNED_UINT16_READ
  87:Drivers/CMSIS/Include/cmsis_gcc.h ****   #pragma GCC diagnostic push
  88:Drivers/CMSIS/Include/cmsis_gcc.h ****   #pragma GCC diagnostic ignored "-Wpacked"
  89:Drivers/CMSIS/Include/cmsis_gcc.h ****   #pragma GCC diagnostic ignored "-Wattributes"
  90:Drivers/CMSIS/Include/cmsis_gcc.h ****   __PACKED_STRUCT T_UINT16_READ { uint16_t v; };
  91:Drivers/CMSIS/Include/cmsis_gcc.h ****   #pragma GCC diagnostic pop
  92:Drivers/CMSIS/Include/cmsis_gcc.h ****   #define __UNALIGNED_UINT16_READ(addr)          (((const struct T_UINT16_READ *)(const void *)(add
  93:Drivers/CMSIS/Include/cmsis_gcc.h **** #endif
  94:Drivers/CMSIS/Include/cmsis_gcc.h **** #ifndef   __UNALIGNED_UINT32_WRITE
  95:Drivers/CMSIS/Include/cmsis_gcc.h ****   #pragma GCC diagnostic push
  96:Drivers/CMSIS/Include/cmsis_gcc.h ****   #pragma GCC diagnostic ignored "-Wpacked"
  97:Drivers/CMSIS/Include/cmsis_gcc.h ****   #pragma GCC diagnostic ignored "-Wattributes"
  98:Drivers/CMSIS/Include/cmsis_gcc.h ****   __PACKED_STRUCT T_UINT32_WRITE { uint32_t v; };
  99:Drivers/CMSIS/Include/cmsis_gcc.h ****   #pragma GCC diagnostic pop
 100:Drivers/CMSIS/Include/cmsis_gcc.h ****   #define __UNALIGNED_UINT32_WRITE(addr, val)    (void)((((struct T_UINT32_WRITE *)(void *)(addr))-
 101:Drivers/CMSIS/Include/cmsis_gcc.h **** #endif
 102:Drivers/CMSIS/Include/cmsis_gcc.h **** #ifndef   __UNALIGNED_UINT32_READ
 103:Drivers/CMSIS/Include/cmsis_gcc.h ****   #pragma GCC diagnostic push
 104:Drivers/CMSIS/Include/cmsis_gcc.h ****   #pragma GCC diagnostic ignored "-Wpacked"
 105:Drivers/CMSIS/Include/cmsis_gcc.h ****   #pragma GCC diagnostic ignored "-Wattributes"
 106:Drivers/CMSIS/Include/cmsis_gcc.h ****   __PACKED_STRUCT T_UINT32_READ { uint32_t v; };
 107:Drivers/CMSIS/Include/cmsis_gcc.h ****   #pragma GCC diagnostic pop
 108:Drivers/CMSIS/Include/cmsis_gcc.h ****   #define __UNALIGNED_UINT32_READ(addr)          (((const struct T_UINT32_READ *)(const void *)(add
 109:Drivers/CMSIS/Include/cmsis_gcc.h **** #endif
 110:Drivers/CMSIS/Include/cmsis_gcc.h **** #ifndef   __ALIGNED
 111:Drivers/CMSIS/Include/cmsis_gcc.h ****   #define __ALIGNED(x)                           __attribute__((aligned(x)))
 112:Drivers/CMSIS/Include/cmsis_gcc.h **** #endif
 113:Drivers/CMSIS/Include/cmsis_gcc.h **** #ifndef   __RESTRICT
 114:Drivers/CMSIS/Include/cmsis_gcc.h ****   #define __RESTRICT                             __restrict
 115:Drivers/CMSIS/Include/cmsis_gcc.h **** #endif
 116:Drivers/CMSIS/Include/cmsis_gcc.h **** #ifndef   __COMPILER_BARRIER
 117:Drivers/CMSIS/Include/cmsis_gcc.h ****   #define __COMPILER_BARRIER()                   __ASM volatile("":::"memory")
 118:Drivers/CMSIS/Include/cmsis_gcc.h **** #endif
 119:Drivers/CMSIS/Include/cmsis_gcc.h **** 
 120:Drivers/CMSIS/Include/cmsis_gcc.h **** /* #########################  Startup and Lowlevel Init  ######################## */
 121:Drivers/CMSIS/Include/cmsis_gcc.h **** 
 122:Drivers/CMSIS/Include/cmsis_gcc.h **** #ifndef __PROGRAM_START
 123:Drivers/CMSIS/Include/cmsis_gcc.h **** 
 124:Drivers/CMSIS/Include/cmsis_gcc.h **** /**
 125:Drivers/CMSIS/Include/cmsis_gcc.h ****   \brief   Initializes data and bss sections
 126:Drivers/CMSIS/Include/cmsis_gcc.h ****   \details This default implementations initialized all data and additional bss
 127:Drivers/CMSIS/Include/cmsis_gcc.h ****            sections relying on .copy.table and .zero.table specified properly
 128:Drivers/CMSIS/Include/cmsis_gcc.h ****            in the used linker script.
 129:Drivers/CMSIS/Include/cmsis_gcc.h ****   
 130:Drivers/CMSIS/Include/cmsis_gcc.h ****  */
 131:Drivers/CMSIS/Include/cmsis_gcc.h **** __STATIC_FORCEINLINE __NO_RETURN void __cmsis_start(void)
ARM GAS  C:\Users\Ali\AppData\Local\Temp\ccH49rLE.s 			page 27


 132:Drivers/CMSIS/Include/cmsis_gcc.h **** {
 133:Drivers/CMSIS/Include/cmsis_gcc.h ****   extern void _start(void) __NO_RETURN;
 134:Drivers/CMSIS/Include/cmsis_gcc.h ****   
 135:Drivers/CMSIS/Include/cmsis_gcc.h ****   typedef struct {
 136:Drivers/CMSIS/Include/cmsis_gcc.h ****     uint32_t const* src;
 137:Drivers/CMSIS/Include/cmsis_gcc.h ****     uint32_t* dest;
 138:Drivers/CMSIS/Include/cmsis_gcc.h ****     uint32_t  wlen;
 139:Drivers/CMSIS/Include/cmsis_gcc.h ****   } __copy_table_t;
 140:Drivers/CMSIS/Include/cmsis_gcc.h ****   
 141:Drivers/CMSIS/Include/cmsis_gcc.h ****   typedef struct {
 142:Drivers/CMSIS/Include/cmsis_gcc.h ****     uint32_t* dest;
 143:Drivers/CMSIS/Include/cmsis_gcc.h ****     uint32_t  wlen;
 144:Drivers/CMSIS/Include/cmsis_gcc.h ****   } __zero_table_t;
 145:Drivers/CMSIS/Include/cmsis_gcc.h ****   
 146:Drivers/CMSIS/Include/cmsis_gcc.h ****   extern const __copy_table_t __copy_table_start__;
 147:Drivers/CMSIS/Include/cmsis_gcc.h ****   extern const __copy_table_t __copy_table_end__;
 148:Drivers/CMSIS/Include/cmsis_gcc.h ****   extern const __zero_table_t __zero_table_start__;
 149:Drivers/CMSIS/Include/cmsis_gcc.h ****   extern const __zero_table_t __zero_table_end__;
 150:Drivers/CMSIS/Include/cmsis_gcc.h **** 
 151:Drivers/CMSIS/Include/cmsis_gcc.h ****   for (__copy_table_t const* pTable = &__copy_table_start__; pTable < &__copy_table_end__; ++pTable
 152:Drivers/CMSIS/Include/cmsis_gcc.h ****     for(uint32_t i=0u; i<pTable->wlen; ++i) {
 153:Drivers/CMSIS/Include/cmsis_gcc.h ****       pTable->dest[i] = pTable->src[i];
 154:Drivers/CMSIS/Include/cmsis_gcc.h ****     }
 155:Drivers/CMSIS/Include/cmsis_gcc.h ****   }
 156:Drivers/CMSIS/Include/cmsis_gcc.h ****  
 157:Drivers/CMSIS/Include/cmsis_gcc.h ****   for (__zero_table_t const* pTable = &__zero_table_start__; pTable < &__zero_table_end__; ++pTable
 158:Drivers/CMSIS/Include/cmsis_gcc.h ****     for(uint32_t i=0u; i<pTable->wlen; ++i) {
 159:Drivers/CMSIS/Include/cmsis_gcc.h ****       pTable->dest[i] = 0u;
 160:Drivers/CMSIS/Include/cmsis_gcc.h ****     }
 161:Drivers/CMSIS/Include/cmsis_gcc.h ****   }
 162:Drivers/CMSIS/Include/cmsis_gcc.h ****  
 163:Drivers/CMSIS/Include/cmsis_gcc.h ****   _start();
 164:Drivers/CMSIS/Include/cmsis_gcc.h **** }
 165:Drivers/CMSIS/Include/cmsis_gcc.h ****   
 166:Drivers/CMSIS/Include/cmsis_gcc.h **** #define __PROGRAM_START           __cmsis_start
 167:Drivers/CMSIS/Include/cmsis_gcc.h **** #endif
 168:Drivers/CMSIS/Include/cmsis_gcc.h **** 
 169:Drivers/CMSIS/Include/cmsis_gcc.h **** #ifndef __INITIAL_SP
 170:Drivers/CMSIS/Include/cmsis_gcc.h **** #define __INITIAL_SP              __StackTop
 171:Drivers/CMSIS/Include/cmsis_gcc.h **** #endif
 172:Drivers/CMSIS/Include/cmsis_gcc.h **** 
 173:Drivers/CMSIS/Include/cmsis_gcc.h **** #ifndef __STACK_LIMIT
 174:Drivers/CMSIS/Include/cmsis_gcc.h **** #define __STACK_LIMIT             __StackLimit
 175:Drivers/CMSIS/Include/cmsis_gcc.h **** #endif
 176:Drivers/CMSIS/Include/cmsis_gcc.h **** 
 177:Drivers/CMSIS/Include/cmsis_gcc.h **** #ifndef __VECTOR_TABLE
 178:Drivers/CMSIS/Include/cmsis_gcc.h **** #define __VECTOR_TABLE            __Vectors
 179:Drivers/CMSIS/Include/cmsis_gcc.h **** #endif
 180:Drivers/CMSIS/Include/cmsis_gcc.h **** 
 181:Drivers/CMSIS/Include/cmsis_gcc.h **** #ifndef __VECTOR_TABLE_ATTRIBUTE
 182:Drivers/CMSIS/Include/cmsis_gcc.h **** #define __VECTOR_TABLE_ATTRIBUTE  __attribute((used, section(".vectors")))
 183:Drivers/CMSIS/Include/cmsis_gcc.h **** #endif
 184:Drivers/CMSIS/Include/cmsis_gcc.h **** 
 185:Drivers/CMSIS/Include/cmsis_gcc.h **** /* ###########################  Core Function Access  ########################### */
 186:Drivers/CMSIS/Include/cmsis_gcc.h **** /** \ingroup  CMSIS_Core_FunctionInterface
 187:Drivers/CMSIS/Include/cmsis_gcc.h ****     \defgroup CMSIS_Core_RegAccFunctions CMSIS Core Register Access Functions
 188:Drivers/CMSIS/Include/cmsis_gcc.h ****   @{
ARM GAS  C:\Users\Ali\AppData\Local\Temp\ccH49rLE.s 			page 28


 189:Drivers/CMSIS/Include/cmsis_gcc.h ****  */
 190:Drivers/CMSIS/Include/cmsis_gcc.h **** 
 191:Drivers/CMSIS/Include/cmsis_gcc.h **** /**
 192:Drivers/CMSIS/Include/cmsis_gcc.h ****   \brief   Enable IRQ Interrupts
 193:Drivers/CMSIS/Include/cmsis_gcc.h ****   \details Enables IRQ interrupts by clearing the I-bit in the CPSR.
 194:Drivers/CMSIS/Include/cmsis_gcc.h ****            Can only be executed in Privileged modes.
 195:Drivers/CMSIS/Include/cmsis_gcc.h ****  */
 196:Drivers/CMSIS/Include/cmsis_gcc.h **** __STATIC_FORCEINLINE void __enable_irq(void)
 197:Drivers/CMSIS/Include/cmsis_gcc.h **** {
 198:Drivers/CMSIS/Include/cmsis_gcc.h ****   __ASM volatile ("cpsie i" : : : "memory");
 199:Drivers/CMSIS/Include/cmsis_gcc.h **** }
 200:Drivers/CMSIS/Include/cmsis_gcc.h **** 
 201:Drivers/CMSIS/Include/cmsis_gcc.h **** 
 202:Drivers/CMSIS/Include/cmsis_gcc.h **** /**
 203:Drivers/CMSIS/Include/cmsis_gcc.h ****   \brief   Disable IRQ Interrupts
 204:Drivers/CMSIS/Include/cmsis_gcc.h ****   \details Disables IRQ interrupts by setting the I-bit in the CPSR.
 205:Drivers/CMSIS/Include/cmsis_gcc.h ****            Can only be executed in Privileged modes.
 206:Drivers/CMSIS/Include/cmsis_gcc.h ****  */
 207:Drivers/CMSIS/Include/cmsis_gcc.h **** __STATIC_FORCEINLINE void __disable_irq(void)
 420              		.loc 3 207 27 view .LVU84
 421              	.LBB15:
 208:Drivers/CMSIS/Include/cmsis_gcc.h **** {
 209:Drivers/CMSIS/Include/cmsis_gcc.h ****   __ASM volatile ("cpsid i" : : : "memory");
 422              		.loc 3 209 3 view .LVU85
 423              		.syntax unified
 424              	@ 209 "Drivers/CMSIS/Include/cmsis_gcc.h" 1
 425 0000 72B6     		cpsid i
 426              	@ 0 "" 2
 427              		.thumb
 428              		.syntax unified
 429              	.L31:
 430              	.LBE15:
 431              	.LBE14:
 743:Core/Src/main.c ****   while (1)
 432              		.loc 1 743 3 view .LVU86
 744:Core/Src/main.c ****   {
 745:Core/Src/main.c ****   }
 433              		.loc 1 745 3 view .LVU87
 743:Core/Src/main.c ****   while (1)
 434              		.loc 1 743 9 view .LVU88
 435 0002 FEE7     		b	.L31
 436              		.cfi_endproc
 437              	.LFE306:
 439              		.section	.text.MX_ADC1_Init,"ax",%progbits
 440              		.align	1
 441              		.syntax unified
 442              		.thumb
 443              		.thumb_func
 445              	MX_ADC1_Init:
 446              	.LFB294:
 330:Core/Src/main.c **** 
 447              		.loc 1 330 1 view -0
 448              		.cfi_startproc
 449              		@ args = 0, pretend = 0, frame = 24
 450              		@ frame_needed = 0, uses_anonymous_args = 0
 451 0000 00B5     		push	{lr}
 452              		.cfi_def_cfa_offset 4
ARM GAS  C:\Users\Ali\AppData\Local\Temp\ccH49rLE.s 			page 29


 453              		.cfi_offset 14, -4
 454 0002 87B0     		sub	sp, sp, #28
 455              		.cfi_def_cfa_offset 32
 336:Core/Src/main.c **** 
 456              		.loc 1 336 3 view .LVU90
 336:Core/Src/main.c **** 
 457              		.loc 1 336 26 is_stmt 0 view .LVU91
 458 0004 0023     		movs	r3, #0
 459 0006 0093     		str	r3, [sp]
 460 0008 0193     		str	r3, [sp, #4]
 461 000a 0293     		str	r3, [sp, #8]
 462 000c 0393     		str	r3, [sp, #12]
 463 000e 0493     		str	r3, [sp, #16]
 464 0010 0593     		str	r3, [sp, #20]
 344:Core/Src/main.c ****   hadc1.Init.ClockPrescaler = ADC_CLOCK_ASYNC_DIV1;
 465              		.loc 1 344 3 is_stmt 1 view .LVU92
 344:Core/Src/main.c ****   hadc1.Init.ClockPrescaler = ADC_CLOCK_ASYNC_DIV1;
 466              		.loc 1 344 18 is_stmt 0 view .LVU93
 467 0012 1848     		ldr	r0, .L38
 468 0014 184A     		ldr	r2, .L38+4
 469 0016 0260     		str	r2, [r0]
 345:Core/Src/main.c ****   hadc1.Init.Resolution = ADC_RESOLUTION_12B;
 470              		.loc 1 345 3 is_stmt 1 view .LVU94
 345:Core/Src/main.c ****   hadc1.Init.Resolution = ADC_RESOLUTION_12B;
 471              		.loc 1 345 29 is_stmt 0 view .LVU95
 472 0018 4360     		str	r3, [r0, #4]
 346:Core/Src/main.c ****   hadc1.Init.DataAlign = ADC_DATAALIGN_RIGHT;
 473              		.loc 1 346 3 is_stmt 1 view .LVU96
 346:Core/Src/main.c ****   hadc1.Init.DataAlign = ADC_DATAALIGN_RIGHT;
 474              		.loc 1 346 25 is_stmt 0 view .LVU97
 475 001a 8360     		str	r3, [r0, #8]
 347:Core/Src/main.c ****   hadc1.Init.ScanConvMode = ADC_SCAN_DISABLE;
 476              		.loc 1 347 3 is_stmt 1 view .LVU98
 347:Core/Src/main.c ****   hadc1.Init.ScanConvMode = ADC_SCAN_DISABLE;
 477              		.loc 1 347 24 is_stmt 0 view .LVU99
 478 001c C360     		str	r3, [r0, #12]
 348:Core/Src/main.c ****   hadc1.Init.EOCSelection = ADC_EOC_SINGLE_CONV;
 479              		.loc 1 348 3 is_stmt 1 view .LVU100
 348:Core/Src/main.c ****   hadc1.Init.EOCSelection = ADC_EOC_SINGLE_CONV;
 480              		.loc 1 348 27 is_stmt 0 view .LVU101
 481 001e 0361     		str	r3, [r0, #16]
 349:Core/Src/main.c ****   hadc1.Init.LowPowerAutoWait = DISABLE;
 482              		.loc 1 349 3 is_stmt 1 view .LVU102
 349:Core/Src/main.c ****   hadc1.Init.LowPowerAutoWait = DISABLE;
 483              		.loc 1 349 27 is_stmt 0 view .LVU103
 484 0020 0422     		movs	r2, #4
 485 0022 4261     		str	r2, [r0, #20]
 350:Core/Src/main.c ****   hadc1.Init.ContinuousConvMode = DISABLE;
 486              		.loc 1 350 3 is_stmt 1 view .LVU104
 350:Core/Src/main.c ****   hadc1.Init.ContinuousConvMode = DISABLE;
 487              		.loc 1 350 31 is_stmt 0 view .LVU105
 488 0024 0376     		strb	r3, [r0, #24]
 351:Core/Src/main.c ****   hadc1.Init.NbrOfConversion = 1;
 489              		.loc 1 351 3 is_stmt 1 view .LVU106
 351:Core/Src/main.c ****   hadc1.Init.NbrOfConversion = 1;
 490              		.loc 1 351 33 is_stmt 0 view .LVU107
 491 0026 4376     		strb	r3, [r0, #25]
ARM GAS  C:\Users\Ali\AppData\Local\Temp\ccH49rLE.s 			page 30


 352:Core/Src/main.c ****   hadc1.Init.DiscontinuousConvMode = DISABLE;
 492              		.loc 1 352 3 is_stmt 1 view .LVU108
 352:Core/Src/main.c ****   hadc1.Init.DiscontinuousConvMode = DISABLE;
 493              		.loc 1 352 30 is_stmt 0 view .LVU109
 494 0028 0122     		movs	r2, #1
 495 002a C261     		str	r2, [r0, #28]
 353:Core/Src/main.c ****   hadc1.Init.ExternalTrigConv = ADC_SOFTWARE_START;
 496              		.loc 1 353 3 is_stmt 1 view .LVU110
 353:Core/Src/main.c ****   hadc1.Init.ExternalTrigConv = ADC_SOFTWARE_START;
 497              		.loc 1 353 36 is_stmt 0 view .LVU111
 498 002c 80F82030 		strb	r3, [r0, #32]
 354:Core/Src/main.c ****   hadc1.Init.ExternalTrigConvEdge = ADC_EXTERNALTRIGCONVEDGE_NONE;
 499              		.loc 1 354 3 is_stmt 1 view .LVU112
 354:Core/Src/main.c ****   hadc1.Init.ExternalTrigConvEdge = ADC_EXTERNALTRIGCONVEDGE_NONE;
 500              		.loc 1 354 31 is_stmt 0 view .LVU113
 501 0030 8362     		str	r3, [r0, #40]
 355:Core/Src/main.c ****   hadc1.Init.DMAContinuousRequests = DISABLE;
 502              		.loc 1 355 3 is_stmt 1 view .LVU114
 355:Core/Src/main.c ****   hadc1.Init.DMAContinuousRequests = DISABLE;
 503              		.loc 1 355 35 is_stmt 0 view .LVU115
 504 0032 C362     		str	r3, [r0, #44]
 356:Core/Src/main.c ****   hadc1.Init.Overrun = ADC_OVR_DATA_PRESERVED;
 505              		.loc 1 356 3 is_stmt 1 view .LVU116
 356:Core/Src/main.c ****   hadc1.Init.Overrun = ADC_OVR_DATA_PRESERVED;
 506              		.loc 1 356 36 is_stmt 0 view .LVU117
 507 0034 80F83030 		strb	r3, [r0, #48]
 357:Core/Src/main.c ****   hadc1.Init.OversamplingMode = DISABLE;
 508              		.loc 1 357 3 is_stmt 1 view .LVU118
 357:Core/Src/main.c ****   hadc1.Init.OversamplingMode = DISABLE;
 509              		.loc 1 357 22 is_stmt 0 view .LVU119
 510 0038 4363     		str	r3, [r0, #52]
 358:Core/Src/main.c ****   if (HAL_ADC_Init(&hadc1) != HAL_OK)
 511              		.loc 1 358 3 is_stmt 1 view .LVU120
 358:Core/Src/main.c ****   if (HAL_ADC_Init(&hadc1) != HAL_OK)
 512              		.loc 1 358 31 is_stmt 0 view .LVU121
 513 003a 80F83830 		strb	r3, [r0, #56]
 359:Core/Src/main.c ****   {
 514              		.loc 1 359 3 is_stmt 1 view .LVU122
 359:Core/Src/main.c ****   {
 515              		.loc 1 359 7 is_stmt 0 view .LVU123
 516 003e FFF7FEFF 		bl	HAL_ADC_Init
 517              	.LVL20:
 359:Core/Src/main.c ****   {
 518              		.loc 1 359 6 discriminator 1 view .LVU124
 519 0042 98B9     		cbnz	r0, .L36
 366:Core/Src/main.c ****   sConfig.Rank = ADC_REGULAR_RANK_1;
 520              		.loc 1 366 3 is_stmt 1 view .LVU125
 366:Core/Src/main.c ****   sConfig.Rank = ADC_REGULAR_RANK_1;
 521              		.loc 1 366 19 is_stmt 0 view .LVU126
 522 0044 0D4B     		ldr	r3, .L38+8
 523 0046 0093     		str	r3, [sp]
 367:Core/Src/main.c ****   sConfig.SamplingTime = ADC_SAMPLETIME_640CYCLES_5;  // Longer sampling for high impedance thermis
 524              		.loc 1 367 3 is_stmt 1 view .LVU127
 367:Core/Src/main.c ****   sConfig.SamplingTime = ADC_SAMPLETIME_640CYCLES_5;  // Longer sampling for high impedance thermis
 525              		.loc 1 367 16 is_stmt 0 view .LVU128
 526 0048 0623     		movs	r3, #6
 527 004a 0193     		str	r3, [sp, #4]
ARM GAS  C:\Users\Ali\AppData\Local\Temp\ccH49rLE.s 			page 31


 368:Core/Src/main.c ****   sConfig.SingleDiff = ADC_SINGLE_ENDED;
 528              		.loc 1 368 3 is_stmt 1 view .LVU129
 368:Core/Src/main.c ****   sConfig.SingleDiff = ADC_SINGLE_ENDED;
 529              		.loc 1 368 24 is_stmt 0 view .LVU130
 530 004c 0723     		movs	r3, #7
 531 004e 0293     		str	r3, [sp, #8]
 369:Core/Src/main.c ****   sConfig.OffsetNumber = ADC_OFFSET_NONE;
 532              		.loc 1 369 3 is_stmt 1 view .LVU131
 369:Core/Src/main.c ****   sConfig.OffsetNumber = ADC_OFFSET_NONE;
 533              		.loc 1 369 22 is_stmt 0 view .LVU132
 534 0050 7F23     		movs	r3, #127
 535 0052 0393     		str	r3, [sp, #12]
 370:Core/Src/main.c ****   sConfig.Offset = 0;
 536              		.loc 1 370 3 is_stmt 1 view .LVU133
 370:Core/Src/main.c ****   sConfig.Offset = 0;
 537              		.loc 1 370 24 is_stmt 0 view .LVU134
 538 0054 0423     		movs	r3, #4
 539 0056 0493     		str	r3, [sp, #16]
 371:Core/Src/main.c ****   if (HAL_ADC_ConfigChannel(&hadc1, &sConfig) != HAL_OK)
 540              		.loc 1 371 3 is_stmt 1 view .LVU135
 371:Core/Src/main.c ****   if (HAL_ADC_ConfigChannel(&hadc1, &sConfig) != HAL_OK)
 541              		.loc 1 371 18 is_stmt 0 view .LVU136
 542 0058 0023     		movs	r3, #0
 543 005a 0593     		str	r3, [sp, #20]
 372:Core/Src/main.c ****   {
 544              		.loc 1 372 3 is_stmt 1 view .LVU137
 372:Core/Src/main.c ****   {
 545              		.loc 1 372 7 is_stmt 0 view .LVU138
 546 005c 6946     		mov	r1, sp
 547 005e 0548     		ldr	r0, .L38
 548 0060 FFF7FEFF 		bl	HAL_ADC_ConfigChannel
 549              	.LVL21:
 372:Core/Src/main.c ****   {
 550              		.loc 1 372 6 discriminator 1 view .LVU139
 551 0064 20B9     		cbnz	r0, .L37
 380:Core/Src/main.c **** 
 552              		.loc 1 380 1 view .LVU140
 553 0066 07B0     		add	sp, sp, #28
 554              		.cfi_remember_state
 555              		.cfi_def_cfa_offset 4
 556              		@ sp needed
 557 0068 5DF804FB 		ldr	pc, [sp], #4
 558              	.L36:
 559              		.cfi_restore_state
 361:Core/Src/main.c ****   }
 560              		.loc 1 361 5 is_stmt 1 view .LVU141
 561 006c FFF7FEFF 		bl	Error_Handler
 562              	.LVL22:
 563              	.L37:
 374:Core/Src/main.c ****   }
 564              		.loc 1 374 5 view .LVU142
 565 0070 FFF7FEFF 		bl	Error_Handler
 566              	.LVL23:
 567              	.L39:
 568              		.align	2
 569              	.L38:
 570 0074 00000000 		.word	hadc1
ARM GAS  C:\Users\Ali\AppData\Local\Temp\ccH49rLE.s 			page 32


 571 0078 00000450 		.word	1342439424
 572 007c 2000F014 		.word	351272992
 573              		.cfi_endproc
 574              	.LFE294:
 576              		.section	.text.MX_CAN1_Init,"ax",%progbits
 577              		.align	1
 578              		.syntax unified
 579              		.thumb
 580              		.thumb_func
 582              	MX_CAN1_Init:
 583              	.LFB295:
 388:Core/Src/main.c **** 
 584              		.loc 1 388 1 view -0
 585              		.cfi_startproc
 586              		@ args = 0, pretend = 0, frame = 40
 587              		@ frame_needed = 0, uses_anonymous_args = 0
 588 0000 00B5     		push	{lr}
 589              		.cfi_def_cfa_offset 4
 590              		.cfi_offset 14, -4
 591 0002 8BB0     		sub	sp, sp, #44
 592              		.cfi_def_cfa_offset 48
 397:Core/Src/main.c ****   hcan1.Init.Prescaler = 10;
 593              		.loc 1 397 3 view .LVU144
 397:Core/Src/main.c ****   hcan1.Init.Prescaler = 10;
 594              		.loc 1 397 18 is_stmt 0 view .LVU145
 595 0004 1848     		ldr	r0, .L46
 596 0006 194B     		ldr	r3, .L46+4
 597 0008 0360     		str	r3, [r0]
 398:Core/Src/main.c ****   hcan1.Init.Mode = CAN_MODE_NORMAL;
 598              		.loc 1 398 3 is_stmt 1 view .LVU146
 398:Core/Src/main.c ****   hcan1.Init.Mode = CAN_MODE_NORMAL;
 599              		.loc 1 398 24 is_stmt 0 view .LVU147
 600 000a 0A23     		movs	r3, #10
 601 000c 4360     		str	r3, [r0, #4]
 399:Core/Src/main.c ****   hcan1.Init.SyncJumpWidth = CAN_SJW_1TQ;
 602              		.loc 1 399 3 is_stmt 1 view .LVU148
 399:Core/Src/main.c ****   hcan1.Init.SyncJumpWidth = CAN_SJW_1TQ;
 603              		.loc 1 399 19 is_stmt 0 view .LVU149
 604 000e 0023     		movs	r3, #0
 605 0010 8360     		str	r3, [r0, #8]
 400:Core/Src/main.c ****   hcan1.Init.TimeSeg1 = CAN_BS1_13TQ;
 606              		.loc 1 400 3 is_stmt 1 view .LVU150
 400:Core/Src/main.c ****   hcan1.Init.TimeSeg1 = CAN_BS1_13TQ;
 607              		.loc 1 400 28 is_stmt 0 view .LVU151
 608 0012 C360     		str	r3, [r0, #12]
 401:Core/Src/main.c ****   hcan1.Init.TimeSeg2 = CAN_BS2_2TQ;
 609              		.loc 1 401 3 is_stmt 1 view .LVU152
 401:Core/Src/main.c ****   hcan1.Init.TimeSeg2 = CAN_BS2_2TQ;
 610              		.loc 1 401 23 is_stmt 0 view .LVU153
 611 0014 4FF44022 		mov	r2, #786432
 612 0018 0261     		str	r2, [r0, #16]
 402:Core/Src/main.c ****   hcan1.Init.TimeTriggeredMode = DISABLE;
 613              		.loc 1 402 3 is_stmt 1 view .LVU154
 402:Core/Src/main.c ****   hcan1.Init.TimeTriggeredMode = DISABLE;
 614              		.loc 1 402 23 is_stmt 0 view .LVU155
 615 001a 4FF48012 		mov	r2, #1048576
 616 001e 4261     		str	r2, [r0, #20]
ARM GAS  C:\Users\Ali\AppData\Local\Temp\ccH49rLE.s 			page 33


 403:Core/Src/main.c ****   hcan1.Init.AutoBusOff = DISABLE;
 617              		.loc 1 403 3 is_stmt 1 view .LVU156
 403:Core/Src/main.c ****   hcan1.Init.AutoBusOff = DISABLE;
 618              		.loc 1 403 32 is_stmt 0 view .LVU157
 619 0020 0376     		strb	r3, [r0, #24]
 404:Core/Src/main.c ****   hcan1.Init.AutoWakeUp = DISABLE;
 620              		.loc 1 404 3 is_stmt 1 view .LVU158
 404:Core/Src/main.c ****   hcan1.Init.AutoWakeUp = DISABLE;
 621              		.loc 1 404 25 is_stmt 0 view .LVU159
 622 0022 4376     		strb	r3, [r0, #25]
 405:Core/Src/main.c ****   hcan1.Init.AutoRetransmission = DISABLE;
 623              		.loc 1 405 3 is_stmt 1 view .LVU160
 405:Core/Src/main.c ****   hcan1.Init.AutoRetransmission = DISABLE;
 624              		.loc 1 405 25 is_stmt 0 view .LVU161
 625 0024 8376     		strb	r3, [r0, #26]
 406:Core/Src/main.c ****   hcan1.Init.ReceiveFifoLocked = DISABLE;
 626              		.loc 1 406 3 is_stmt 1 view .LVU162
 406:Core/Src/main.c ****   hcan1.Init.ReceiveFifoLocked = DISABLE;
 627              		.loc 1 406 33 is_stmt 0 view .LVU163
 628 0026 C376     		strb	r3, [r0, #27]
 407:Core/Src/main.c ****   hcan1.Init.TransmitFifoPriority = DISABLE;
 629              		.loc 1 407 3 is_stmt 1 view .LVU164
 407:Core/Src/main.c ****   hcan1.Init.TransmitFifoPriority = DISABLE;
 630              		.loc 1 407 32 is_stmt 0 view .LVU165
 631 0028 0377     		strb	r3, [r0, #28]
 408:Core/Src/main.c ****   if (HAL_CAN_Init(&hcan1) != HAL_OK)
 632              		.loc 1 408 3 is_stmt 1 view .LVU166
 408:Core/Src/main.c ****   if (HAL_CAN_Init(&hcan1) != HAL_OK)
 633              		.loc 1 408 35 is_stmt 0 view .LVU167
 634 002a 4377     		strb	r3, [r0, #29]
 409:Core/Src/main.c ****   {
 635              		.loc 1 409 3 is_stmt 1 view .LVU168
 409:Core/Src/main.c ****   {
 636              		.loc 1 409 7 is_stmt 0 view .LVU169
 637 002c FFF7FEFF 		bl	HAL_CAN_Init
 638              	.LVL24:
 409:Core/Src/main.c ****   {
 639              		.loc 1 409 6 discriminator 1 view .LVU170
 640 0030 A8B9     		cbnz	r0, .L44
 417:Core/Src/main.c ****   filterConfig.FilterBank = 0;
 641              		.loc 1 417 3 is_stmt 1 view .LVU171
 418:Core/Src/main.c ****   filterConfig.FilterMode = CAN_FILTERMODE_IDMASK;
 642              		.loc 1 418 3 view .LVU172
 418:Core/Src/main.c ****   filterConfig.FilterMode = CAN_FILTERMODE_IDMASK;
 643              		.loc 1 418 27 is_stmt 0 view .LVU173
 644 0032 0023     		movs	r3, #0
 645 0034 0593     		str	r3, [sp, #20]
 419:Core/Src/main.c ****   filterConfig.FilterScale = CAN_FILTERSCALE_32BIT;
 646              		.loc 1 419 3 is_stmt 1 view .LVU174
 419:Core/Src/main.c ****   filterConfig.FilterScale = CAN_FILTERSCALE_32BIT;
 647              		.loc 1 419 27 is_stmt 0 view .LVU175
 648 0036 0693     		str	r3, [sp, #24]
 420:Core/Src/main.c ****   
 649              		.loc 1 420 3 is_stmt 1 view .LVU176
 420:Core/Src/main.c ****   
 650              		.loc 1 420 28 is_stmt 0 view .LVU177
 651 0038 0122     		movs	r2, #1
ARM GAS  C:\Users\Ali\AppData\Local\Temp\ccH49rLE.s 			page 34


 652 003a 0792     		str	r2, [sp, #28]
 423:Core/Src/main.c ****   filterConfig.FilterIdLow = 0x0004;   // Only IDE bit set (extended ID)
 653              		.loc 1 423 3 is_stmt 1 view .LVU178
 423:Core/Src/main.c ****   filterConfig.FilterIdLow = 0x0004;   // Only IDE bit set (extended ID)
 654              		.loc 1 423 29 is_stmt 0 view .LVU179
 655 003c 0093     		str	r3, [sp]
 424:Core/Src/main.c ****   filterConfig.FilterMaskIdHigh = 0x0000;  // Don't care about any ID bits
 656              		.loc 1 424 3 is_stmt 1 view .LVU180
 424:Core/Src/main.c ****   filterConfig.FilterMaskIdHigh = 0x0000;  // Don't care about any ID bits
 657              		.loc 1 424 28 is_stmt 0 view .LVU181
 658 003e 0421     		movs	r1, #4
 659 0040 0191     		str	r1, [sp, #4]
 425:Core/Src/main.c ****   filterConfig.FilterMaskIdLow = 0x0004;   // But we DO care about IDE bit (only extended)
 660              		.loc 1 425 3 is_stmt 1 view .LVU182
 425:Core/Src/main.c ****   filterConfig.FilterMaskIdLow = 0x0004;   // But we DO care about IDE bit (only extended)
 661              		.loc 1 425 33 is_stmt 0 view .LVU183
 662 0042 0293     		str	r3, [sp, #8]
 426:Core/Src/main.c ****   
 663              		.loc 1 426 3 is_stmt 1 view .LVU184
 426:Core/Src/main.c ****   
 664              		.loc 1 426 32 is_stmt 0 view .LVU185
 665 0044 0391     		str	r1, [sp, #12]
 428:Core/Src/main.c ****   filterConfig.FilterActivation = ENABLE;
 666              		.loc 1 428 3 is_stmt 1 view .LVU186
 428:Core/Src/main.c ****   filterConfig.FilterActivation = ENABLE;
 667              		.loc 1 428 37 is_stmt 0 view .LVU187
 668 0046 0493     		str	r3, [sp, #16]
 429:Core/Src/main.c ****   filterConfig.SlaveStartFilterBank = 14;
 669              		.loc 1 429 3 is_stmt 1 view .LVU188
 429:Core/Src/main.c ****   filterConfig.SlaveStartFilterBank = 14;
 670              		.loc 1 429 33 is_stmt 0 view .LVU189
 671 0048 0892     		str	r2, [sp, #32]
 430:Core/Src/main.c ****   
 672              		.loc 1 430 3 is_stmt 1 view .LVU190
 430:Core/Src/main.c ****   
 673              		.loc 1 430 37 is_stmt 0 view .LVU191
 674 004a 0E23     		movs	r3, #14
 675 004c 0993     		str	r3, [sp, #36]
 432:Core/Src/main.c ****   {
 676              		.loc 1 432 3 is_stmt 1 view .LVU192
 432:Core/Src/main.c ****   {
 677              		.loc 1 432 7 is_stmt 0 view .LVU193
 678 004e 6946     		mov	r1, sp
 679 0050 0548     		ldr	r0, .L46
 680 0052 FFF7FEFF 		bl	HAL_CAN_ConfigFilter
 681              	.LVL25:
 432:Core/Src/main.c ****   {
 682              		.loc 1 432 6 discriminator 1 view .LVU194
 683 0056 20B9     		cbnz	r0, .L45
 439:Core/Src/main.c **** 
 684              		.loc 1 439 1 view .LVU195
 685 0058 0BB0     		add	sp, sp, #44
 686              		.cfi_remember_state
 687              		.cfi_def_cfa_offset 4
 688              		@ sp needed
 689 005a 5DF804FB 		ldr	pc, [sp], #4
 690              	.L44:
ARM GAS  C:\Users\Ali\AppData\Local\Temp\ccH49rLE.s 			page 35


 691              		.cfi_restore_state
 411:Core/Src/main.c ****   }
 692              		.loc 1 411 5 is_stmt 1 view .LVU196
 693 005e FFF7FEFF 		bl	Error_Handler
 694              	.LVL26:
 695              	.L45:
 434:Core/Src/main.c ****   }
 696              		.loc 1 434 5 view .LVU197
 697 0062 FFF7FEFF 		bl	Error_Handler
 698              	.LVL27:
 699              	.L47:
 700 0066 00BF     		.align	2
 701              	.L46:
 702 0068 00000000 		.word	hcan1
 703 006c 00640040 		.word	1073767424
 704              		.cfi_endproc
 705              	.LFE295:
 707              		.section	.text.MX_CRC_Init,"ax",%progbits
 708              		.align	1
 709              		.syntax unified
 710              		.thumb
 711              		.thumb_func
 713              	MX_CRC_Init:
 714              	.LFB296:
 447:Core/Src/main.c **** 
 715              		.loc 1 447 1 view -0
 716              		.cfi_startproc
 717              		@ args = 0, pretend = 0, frame = 0
 718              		@ frame_needed = 0, uses_anonymous_args = 0
 719 0000 08B5     		push	{r3, lr}
 720              		.cfi_def_cfa_offset 8
 721              		.cfi_offset 3, -8
 722              		.cfi_offset 14, -4
 456:Core/Src/main.c ****   hcrc.Init.DefaultPolynomialUse = DEFAULT_POLYNOMIAL_ENABLE;
 723              		.loc 1 456 3 view .LVU199
 456:Core/Src/main.c ****   hcrc.Init.DefaultPolynomialUse = DEFAULT_POLYNOMIAL_ENABLE;
 724              		.loc 1 456 17 is_stmt 0 view .LVU200
 725 0002 0848     		ldr	r0, .L52
 726 0004 084B     		ldr	r3, .L52+4
 727 0006 0360     		str	r3, [r0]
 457:Core/Src/main.c ****   hcrc.Init.DefaultInitValueUse = DEFAULT_INIT_VALUE_ENABLE;
 728              		.loc 1 457 3 is_stmt 1 view .LVU201
 457:Core/Src/main.c ****   hcrc.Init.DefaultInitValueUse = DEFAULT_INIT_VALUE_ENABLE;
 729              		.loc 1 457 34 is_stmt 0 view .LVU202
 730 0008 0023     		movs	r3, #0
 731 000a 0371     		strb	r3, [r0, #4]
 458:Core/Src/main.c ****   hcrc.Init.InputDataInversionMode = CRC_INPUTDATA_INVERSION_NONE;
 732              		.loc 1 458 3 is_stmt 1 view .LVU203
 458:Core/Src/main.c ****   hcrc.Init.InputDataInversionMode = CRC_INPUTDATA_INVERSION_NONE;
 733              		.loc 1 458 33 is_stmt 0 view .LVU204
 734 000c 4371     		strb	r3, [r0, #5]
 459:Core/Src/main.c ****   hcrc.Init.OutputDataInversionMode = CRC_OUTPUTDATA_INVERSION_DISABLE;
 735              		.loc 1 459 3 is_stmt 1 view .LVU205
 459:Core/Src/main.c ****   hcrc.Init.OutputDataInversionMode = CRC_OUTPUTDATA_INVERSION_DISABLE;
 736              		.loc 1 459 36 is_stmt 0 view .LVU206
 737 000e 4361     		str	r3, [r0, #20]
 460:Core/Src/main.c ****   hcrc.InputDataFormat = CRC_INPUTDATA_FORMAT_BYTES;
ARM GAS  C:\Users\Ali\AppData\Local\Temp\ccH49rLE.s 			page 36


 738              		.loc 1 460 3 is_stmt 1 view .LVU207
 460:Core/Src/main.c ****   hcrc.InputDataFormat = CRC_INPUTDATA_FORMAT_BYTES;
 739              		.loc 1 460 37 is_stmt 0 view .LVU208
 740 0010 8361     		str	r3, [r0, #24]
 461:Core/Src/main.c ****   if (HAL_CRC_Init(&hcrc) != HAL_OK)
 741              		.loc 1 461 3 is_stmt 1 view .LVU209
 461:Core/Src/main.c ****   if (HAL_CRC_Init(&hcrc) != HAL_OK)
 742              		.loc 1 461 24 is_stmt 0 view .LVU210
 743 0012 0123     		movs	r3, #1
 744 0014 0362     		str	r3, [r0, #32]
 462:Core/Src/main.c ****   {
 745              		.loc 1 462 3 is_stmt 1 view .LVU211
 462:Core/Src/main.c ****   {
 746              		.loc 1 462 7 is_stmt 0 view .LVU212
 747 0016 FFF7FEFF 		bl	HAL_CRC_Init
 748              	.LVL28:
 462:Core/Src/main.c ****   {
 749              		.loc 1 462 6 discriminator 1 view .LVU213
 750 001a 00B9     		cbnz	r0, .L51
 470:Core/Src/main.c **** 
 751              		.loc 1 470 1 view .LVU214
 752 001c 08BD     		pop	{r3, pc}
 753              	.L51:
 464:Core/Src/main.c ****   }
 754              		.loc 1 464 5 is_stmt 1 view .LVU215
 755 001e FFF7FEFF 		bl	Error_Handler
 756              	.LVL29:
 757              	.L53:
 758 0022 00BF     		.align	2
 759              	.L52:
 760 0024 00000000 		.word	hcrc
 761 0028 00300240 		.word	1073885184
 762              		.cfi_endproc
 763              	.LFE296:
 765              		.section	.text.MX_I2C1_Init,"ax",%progbits
 766              		.align	1
 767              		.syntax unified
 768              		.thumb
 769              		.thumb_func
 771              	MX_I2C1_Init:
 772              	.LFB297:
 478:Core/Src/main.c **** 
 773              		.loc 1 478 1 view -0
 774              		.cfi_startproc
 775              		@ args = 0, pretend = 0, frame = 0
 776              		@ frame_needed = 0, uses_anonymous_args = 0
 777 0000 08B5     		push	{r3, lr}
 778              		.cfi_def_cfa_offset 8
 779              		.cfi_offset 3, -8
 780              		.cfi_offset 14, -4
 487:Core/Src/main.c ****   hi2c1.Init.Timing = 0x00503D58;
 781              		.loc 1 487 3 view .LVU217
 487:Core/Src/main.c ****   hi2c1.Init.Timing = 0x00503D58;
 782              		.loc 1 487 18 is_stmt 0 view .LVU218
 783 0002 1148     		ldr	r0, .L62
 784 0004 114B     		ldr	r3, .L62+4
 785 0006 0360     		str	r3, [r0]
ARM GAS  C:\Users\Ali\AppData\Local\Temp\ccH49rLE.s 			page 37


 488:Core/Src/main.c ****   hi2c1.Init.OwnAddress1 = 0;
 786              		.loc 1 488 3 is_stmt 1 view .LVU219
 488:Core/Src/main.c ****   hi2c1.Init.OwnAddress1 = 0;
 787              		.loc 1 488 21 is_stmt 0 view .LVU220
 788 0008 114B     		ldr	r3, .L62+8
 789 000a 4360     		str	r3, [r0, #4]
 489:Core/Src/main.c ****   hi2c1.Init.AddressingMode = I2C_ADDRESSINGMODE_7BIT;
 790              		.loc 1 489 3 is_stmt 1 view .LVU221
 489:Core/Src/main.c ****   hi2c1.Init.AddressingMode = I2C_ADDRESSINGMODE_7BIT;
 791              		.loc 1 489 26 is_stmt 0 view .LVU222
 792 000c 0023     		movs	r3, #0
 793 000e 8360     		str	r3, [r0, #8]
 490:Core/Src/main.c ****   hi2c1.Init.DualAddressMode = I2C_DUALADDRESS_DISABLE;
 794              		.loc 1 490 3 is_stmt 1 view .LVU223
 490:Core/Src/main.c ****   hi2c1.Init.DualAddressMode = I2C_DUALADDRESS_DISABLE;
 795              		.loc 1 490 29 is_stmt 0 view .LVU224
 796 0010 0122     		movs	r2, #1
 797 0012 C260     		str	r2, [r0, #12]
 491:Core/Src/main.c ****   hi2c1.Init.OwnAddress2 = 0;
 798              		.loc 1 491 3 is_stmt 1 view .LVU225
 491:Core/Src/main.c ****   hi2c1.Init.OwnAddress2 = 0;
 799              		.loc 1 491 30 is_stmt 0 view .LVU226
 800 0014 0361     		str	r3, [r0, #16]
 492:Core/Src/main.c ****   hi2c1.Init.OwnAddress2Masks = I2C_OA2_NOMASK;
 801              		.loc 1 492 3 is_stmt 1 view .LVU227
 492:Core/Src/main.c ****   hi2c1.Init.OwnAddress2Masks = I2C_OA2_NOMASK;
 802              		.loc 1 492 26 is_stmt 0 view .LVU228
 803 0016 4361     		str	r3, [r0, #20]
 493:Core/Src/main.c ****   hi2c1.Init.GeneralCallMode = I2C_GENERALCALL_DISABLE;
 804              		.loc 1 493 3 is_stmt 1 view .LVU229
 493:Core/Src/main.c ****   hi2c1.Init.GeneralCallMode = I2C_GENERALCALL_DISABLE;
 805              		.loc 1 493 31 is_stmt 0 view .LVU230
 806 0018 8361     		str	r3, [r0, #24]
 494:Core/Src/main.c ****   hi2c1.Init.NoStretchMode = I2C_NOSTRETCH_DISABLE;
 807              		.loc 1 494 3 is_stmt 1 view .LVU231
 494:Core/Src/main.c ****   hi2c1.Init.NoStretchMode = I2C_NOSTRETCH_DISABLE;
 808              		.loc 1 494 30 is_stmt 0 view .LVU232
 809 001a C361     		str	r3, [r0, #28]
 495:Core/Src/main.c ****   if (HAL_I2C_Init(&hi2c1) != HAL_OK)
 810              		.loc 1 495 3 is_stmt 1 view .LVU233
 495:Core/Src/main.c ****   if (HAL_I2C_Init(&hi2c1) != HAL_OK)
 811              		.loc 1 495 28 is_stmt 0 view .LVU234
 812 001c 0362     		str	r3, [r0, #32]
 496:Core/Src/main.c ****   {
 813              		.loc 1 496 3 is_stmt 1 view .LVU235
 496:Core/Src/main.c ****   {
 814              		.loc 1 496 7 is_stmt 0 view .LVU236
 815 001e FFF7FEFF 		bl	HAL_I2C_Init
 816              	.LVL30:
 496:Core/Src/main.c ****   {
 817              		.loc 1 496 6 discriminator 1 view .LVU237
 818 0022 50B9     		cbnz	r0, .L59
 503:Core/Src/main.c ****   {
 819              		.loc 1 503 3 is_stmt 1 view .LVU238
 503:Core/Src/main.c ****   {
 820              		.loc 1 503 7 is_stmt 0 view .LVU239
 821 0024 0021     		movs	r1, #0
ARM GAS  C:\Users\Ali\AppData\Local\Temp\ccH49rLE.s 			page 38


 822 0026 0848     		ldr	r0, .L62
 823 0028 FFF7FEFF 		bl	HAL_I2CEx_ConfigAnalogFilter
 824              	.LVL31:
 503:Core/Src/main.c ****   {
 825              		.loc 1 503 6 discriminator 1 view .LVU240
 826 002c 38B9     		cbnz	r0, .L60
 510:Core/Src/main.c ****   {
 827              		.loc 1 510 3 is_stmt 1 view .LVU241
 510:Core/Src/main.c ****   {
 828              		.loc 1 510 7 is_stmt 0 view .LVU242
 829 002e 0021     		movs	r1, #0
 830 0030 0548     		ldr	r0, .L62
 831 0032 FFF7FEFF 		bl	HAL_I2CEx_ConfigDigitalFilter
 832              	.LVL32:
 510:Core/Src/main.c ****   {
 833              		.loc 1 510 6 discriminator 1 view .LVU243
 834 0036 20B9     		cbnz	r0, .L61
 518:Core/Src/main.c **** 
 835              		.loc 1 518 1 view .LVU244
 836 0038 08BD     		pop	{r3, pc}
 837              	.L59:
 498:Core/Src/main.c ****   }
 838              		.loc 1 498 5 is_stmt 1 view .LVU245
 839 003a FFF7FEFF 		bl	Error_Handler
 840              	.LVL33:
 841              	.L60:
 505:Core/Src/main.c ****   }
 842              		.loc 1 505 5 view .LVU246
 843 003e FFF7FEFF 		bl	Error_Handler
 844              	.LVL34:
 845              	.L61:
 512:Core/Src/main.c ****   }
 846              		.loc 1 512 5 view .LVU247
 847 0042 FFF7FEFF 		bl	Error_Handler
 848              	.LVL35:
 849              	.L63:
 850 0046 00BF     		.align	2
 851              	.L62:
 852 0048 00000000 		.word	hi2c1
 853 004c 00540040 		.word	1073763328
 854 0050 583D5000 		.word	5258584
 855              		.cfi_endproc
 856              	.LFE297:
 858              		.section	.text.MX_I2C3_Init,"ax",%progbits
 859              		.align	1
 860              		.syntax unified
 861              		.thumb
 862              		.thumb_func
 864              	MX_I2C3_Init:
 865              	.LFB298:
 526:Core/Src/main.c **** 
 866              		.loc 1 526 1 view -0
 867              		.cfi_startproc
 868              		@ args = 0, pretend = 0, frame = 0
 869              		@ frame_needed = 0, uses_anonymous_args = 0
 870 0000 08B5     		push	{r3, lr}
 871              		.cfi_def_cfa_offset 8
ARM GAS  C:\Users\Ali\AppData\Local\Temp\ccH49rLE.s 			page 39


 872              		.cfi_offset 3, -8
 873              		.cfi_offset 14, -4
 535:Core/Src/main.c ****   hi2c3.Init.Timing = 0x00503D58;
 874              		.loc 1 535 3 view .LVU249
 535:Core/Src/main.c ****   hi2c3.Init.Timing = 0x00503D58;
 875              		.loc 1 535 18 is_stmt 0 view .LVU250
 876 0002 1148     		ldr	r0, .L72
 877 0004 114B     		ldr	r3, .L72+4
 878 0006 0360     		str	r3, [r0]
 536:Core/Src/main.c ****   hi2c3.Init.OwnAddress1 = 0;
 879              		.loc 1 536 3 is_stmt 1 view .LVU251
 536:Core/Src/main.c ****   hi2c3.Init.OwnAddress1 = 0;
 880              		.loc 1 536 21 is_stmt 0 view .LVU252
 881 0008 114B     		ldr	r3, .L72+8
 882 000a 4360     		str	r3, [r0, #4]
 537:Core/Src/main.c ****   hi2c3.Init.AddressingMode = I2C_ADDRESSINGMODE_7BIT;
 883              		.loc 1 537 3 is_stmt 1 view .LVU253
 537:Core/Src/main.c ****   hi2c3.Init.AddressingMode = I2C_ADDRESSINGMODE_7BIT;
 884              		.loc 1 537 26 is_stmt 0 view .LVU254
 885 000c 0023     		movs	r3, #0
 886 000e 8360     		str	r3, [r0, #8]
 538:Core/Src/main.c ****   hi2c3.Init.DualAddressMode = I2C_DUALADDRESS_DISABLE;
 887              		.loc 1 538 3 is_stmt 1 view .LVU255
 538:Core/Src/main.c ****   hi2c3.Init.DualAddressMode = I2C_DUALADDRESS_DISABLE;
 888              		.loc 1 538 29 is_stmt 0 view .LVU256
 889 0010 0122     		movs	r2, #1
 890 0012 C260     		str	r2, [r0, #12]
 539:Core/Src/main.c ****   hi2c3.Init.OwnAddress2 = 0;
 891              		.loc 1 539 3 is_stmt 1 view .LVU257
 539:Core/Src/main.c ****   hi2c3.Init.OwnAddress2 = 0;
 892              		.loc 1 539 30 is_stmt 0 view .LVU258
 893 0014 0361     		str	r3, [r0, #16]
 540:Core/Src/main.c ****   hi2c3.Init.OwnAddress2Masks = I2C_OA2_NOMASK;
 894              		.loc 1 540 3 is_stmt 1 view .LVU259
 540:Core/Src/main.c ****   hi2c3.Init.OwnAddress2Masks = I2C_OA2_NOMASK;
 895              		.loc 1 540 26 is_stmt 0 view .LVU260
 896 0016 4361     		str	r3, [r0, #20]
 541:Core/Src/main.c ****   hi2c3.Init.GeneralCallMode = I2C_GENERALCALL_DISABLE;
 897              		.loc 1 541 3 is_stmt 1 view .LVU261
 541:Core/Src/main.c ****   hi2c3.Init.GeneralCallMode = I2C_GENERALCALL_DISABLE;
 898              		.loc 1 541 31 is_stmt 0 view .LVU262
 899 0018 8361     		str	r3, [r0, #24]
 542:Core/Src/main.c ****   hi2c3.Init.NoStretchMode = I2C_NOSTRETCH_DISABLE;
 900              		.loc 1 542 3 is_stmt 1 view .LVU263
 542:Core/Src/main.c ****   hi2c3.Init.NoStretchMode = I2C_NOSTRETCH_DISABLE;
 901              		.loc 1 542 30 is_stmt 0 view .LVU264
 902 001a C361     		str	r3, [r0, #28]
 543:Core/Src/main.c ****   if (HAL_I2C_Init(&hi2c3) != HAL_OK)
 903              		.loc 1 543 3 is_stmt 1 view .LVU265
 543:Core/Src/main.c ****   if (HAL_I2C_Init(&hi2c3) != HAL_OK)
 904              		.loc 1 543 28 is_stmt 0 view .LVU266
 905 001c 0362     		str	r3, [r0, #32]
 544:Core/Src/main.c ****   {
 906              		.loc 1 544 3 is_stmt 1 view .LVU267
 544:Core/Src/main.c ****   {
 907              		.loc 1 544 7 is_stmt 0 view .LVU268
 908 001e FFF7FEFF 		bl	HAL_I2C_Init
ARM GAS  C:\Users\Ali\AppData\Local\Temp\ccH49rLE.s 			page 40


 909              	.LVL36:
 544:Core/Src/main.c ****   {
 910              		.loc 1 544 6 discriminator 1 view .LVU269
 911 0022 50B9     		cbnz	r0, .L69
 551:Core/Src/main.c ****   {
 912              		.loc 1 551 3 is_stmt 1 view .LVU270
 551:Core/Src/main.c ****   {
 913              		.loc 1 551 7 is_stmt 0 view .LVU271
 914 0024 0021     		movs	r1, #0
 915 0026 0848     		ldr	r0, .L72
 916 0028 FFF7FEFF 		bl	HAL_I2CEx_ConfigAnalogFilter
 917              	.LVL37:
 551:Core/Src/main.c ****   {
 918              		.loc 1 551 6 discriminator 1 view .LVU272
 919 002c 38B9     		cbnz	r0, .L70
 558:Core/Src/main.c ****   {
 920              		.loc 1 558 3 is_stmt 1 view .LVU273
 558:Core/Src/main.c ****   {
 921              		.loc 1 558 7 is_stmt 0 view .LVU274
 922 002e 0021     		movs	r1, #0
 923 0030 0548     		ldr	r0, .L72
 924 0032 FFF7FEFF 		bl	HAL_I2CEx_ConfigDigitalFilter
 925              	.LVL38:
 558:Core/Src/main.c ****   {
 926              		.loc 1 558 6 discriminator 1 view .LVU275
 927 0036 20B9     		cbnz	r0, .L71
 566:Core/Src/main.c **** 
 928              		.loc 1 566 1 view .LVU276
 929 0038 08BD     		pop	{r3, pc}
 930              	.L69:
 546:Core/Src/main.c ****   }
 931              		.loc 1 546 5 is_stmt 1 view .LVU277
 932 003a FFF7FEFF 		bl	Error_Handler
 933              	.LVL39:
 934              	.L70:
 553:Core/Src/main.c ****   }
 935              		.loc 1 553 5 view .LVU278
 936 003e FFF7FEFF 		bl	Error_Handler
 937              	.LVL40:
 938              	.L71:
 560:Core/Src/main.c ****   }
 939              		.loc 1 560 5 view .LVU279
 940 0042 FFF7FEFF 		bl	Error_Handler
 941              	.LVL41:
 942              	.L73:
 943 0046 00BF     		.align	2
 944              	.L72:
 945 0048 00000000 		.word	hi2c3
 946 004c 005C0040 		.word	1073765376
 947 0050 583D5000 		.word	5258584
 948              		.cfi_endproc
 949              	.LFE298:
 951              		.section	.text.SystemClock_Config,"ax",%progbits
 952              		.align	1
 953              		.global	SystemClock_Config
 954              		.syntax unified
 955              		.thumb
ARM GAS  C:\Users\Ali\AppData\Local\Temp\ccH49rLE.s 			page 41


 956              		.thumb_func
 958              	SystemClock_Config:
 959              	.LFB293:
 280:Core/Src/main.c ****   RCC_OscInitTypeDef RCC_OscInitStruct = {0};
 960              		.loc 1 280 1 view -0
 961              		.cfi_startproc
 962              		@ args = 0, pretend = 0, frame = 88
 963              		@ frame_needed = 0, uses_anonymous_args = 0
 964 0000 00B5     		push	{lr}
 965              		.cfi_def_cfa_offset 4
 966              		.cfi_offset 14, -4
 967 0002 97B0     		sub	sp, sp, #92
 968              		.cfi_def_cfa_offset 96
 281:Core/Src/main.c ****   RCC_ClkInitTypeDef RCC_ClkInitStruct = {0};
 969              		.loc 1 281 3 view .LVU281
 281:Core/Src/main.c ****   RCC_ClkInitTypeDef RCC_ClkInitStruct = {0};
 970              		.loc 1 281 22 is_stmt 0 view .LVU282
 971 0004 4422     		movs	r2, #68
 972 0006 0021     		movs	r1, #0
 973 0008 05A8     		add	r0, sp, #20
 974 000a FFF7FEFF 		bl	memset
 975              	.LVL42:
 282:Core/Src/main.c **** 
 976              		.loc 1 282 3 is_stmt 1 view .LVU283
 282:Core/Src/main.c **** 
 977              		.loc 1 282 22 is_stmt 0 view .LVU284
 978 000e 0023     		movs	r3, #0
 979 0010 0093     		str	r3, [sp]
 980 0012 0193     		str	r3, [sp, #4]
 981 0014 0293     		str	r3, [sp, #8]
 982 0016 0393     		str	r3, [sp, #12]
 983 0018 0493     		str	r3, [sp, #16]
 286:Core/Src/main.c ****   {
 984              		.loc 1 286 3 is_stmt 1 view .LVU285
 286:Core/Src/main.c ****   {
 985              		.loc 1 286 7 is_stmt 0 view .LVU286
 986 001a 4FF40070 		mov	r0, #512
 987 001e FFF7FEFF 		bl	HAL_PWREx_ControlVoltageScaling
 988              	.LVL43:
 286:Core/Src/main.c ****   {
 989              		.loc 1 286 6 discriminator 1 view .LVU287
 990 0022 18BB     		cbnz	r0, .L79
 294:Core/Src/main.c ****   RCC_OscInitStruct.HSIState = RCC_HSI_ON;
 991              		.loc 1 294 3 is_stmt 1 view .LVU288
 294:Core/Src/main.c ****   RCC_OscInitStruct.HSIState = RCC_HSI_ON;
 992              		.loc 1 294 36 is_stmt 0 view .LVU289
 993 0024 0223     		movs	r3, #2
 994 0026 0593     		str	r3, [sp, #20]
 295:Core/Src/main.c ****   RCC_OscInitStruct.HSICalibrationValue = RCC_HSICALIBRATION_DEFAULT;
 995              		.loc 1 295 3 is_stmt 1 view .LVU290
 295:Core/Src/main.c ****   RCC_OscInitStruct.HSICalibrationValue = RCC_HSICALIBRATION_DEFAULT;
 996              		.loc 1 295 30 is_stmt 0 view .LVU291
 997 0028 4FF48072 		mov	r2, #256
 998 002c 0892     		str	r2, [sp, #32]
 296:Core/Src/main.c ****   RCC_OscInitStruct.PLL.PLLState = RCC_PLL_ON;
 999              		.loc 1 296 3 is_stmt 1 view .LVU292
 296:Core/Src/main.c ****   RCC_OscInitStruct.PLL.PLLState = RCC_PLL_ON;
ARM GAS  C:\Users\Ali\AppData\Local\Temp\ccH49rLE.s 			page 42


 1000              		.loc 1 296 41 is_stmt 0 view .LVU293
 1001 002e 1022     		movs	r2, #16
 1002 0030 0992     		str	r2, [sp, #36]
 297:Core/Src/main.c ****   RCC_OscInitStruct.PLL.PLLSource = RCC_PLLSOURCE_HSI;
 1003              		.loc 1 297 3 is_stmt 1 view .LVU294
 297:Core/Src/main.c ****   RCC_OscInitStruct.PLL.PLLSource = RCC_PLLSOURCE_HSI;
 1004              		.loc 1 297 34 is_stmt 0 view .LVU295
 1005 0032 0F93     		str	r3, [sp, #60]
 298:Core/Src/main.c ****   RCC_OscInitStruct.PLL.PLLM = 2;
 1006              		.loc 1 298 3 is_stmt 1 view .LVU296
 298:Core/Src/main.c ****   RCC_OscInitStruct.PLL.PLLM = 2;
 1007              		.loc 1 298 35 is_stmt 0 view .LVU297
 1008 0034 1093     		str	r3, [sp, #64]
 299:Core/Src/main.c ****   RCC_OscInitStruct.PLL.PLLN = 20;
 1009              		.loc 1 299 3 is_stmt 1 view .LVU298
 299:Core/Src/main.c ****   RCC_OscInitStruct.PLL.PLLN = 20;
 1010              		.loc 1 299 30 is_stmt 0 view .LVU299
 1011 0036 1193     		str	r3, [sp, #68]
 300:Core/Src/main.c ****   RCC_OscInitStruct.PLL.PLLP = RCC_PLLP_DIV7;
 1012              		.loc 1 300 3 is_stmt 1 view .LVU300
 300:Core/Src/main.c ****   RCC_OscInitStruct.PLL.PLLP = RCC_PLLP_DIV7;
 1013              		.loc 1 300 30 is_stmt 0 view .LVU301
 1014 0038 1422     		movs	r2, #20
 1015 003a 1292     		str	r2, [sp, #72]
 301:Core/Src/main.c ****   RCC_OscInitStruct.PLL.PLLQ = RCC_PLLQ_DIV2;
 1016              		.loc 1 301 3 is_stmt 1 view .LVU302
 301:Core/Src/main.c ****   RCC_OscInitStruct.PLL.PLLQ = RCC_PLLQ_DIV2;
 1017              		.loc 1 301 30 is_stmt 0 view .LVU303
 1018 003c 0722     		movs	r2, #7
 1019 003e 1392     		str	r2, [sp, #76]
 302:Core/Src/main.c ****   RCC_OscInitStruct.PLL.PLLR = RCC_PLLR_DIV2;
 1020              		.loc 1 302 3 is_stmt 1 view .LVU304
 302:Core/Src/main.c ****   RCC_OscInitStruct.PLL.PLLR = RCC_PLLR_DIV2;
 1021              		.loc 1 302 30 is_stmt 0 view .LVU305
 1022 0040 1493     		str	r3, [sp, #80]
 303:Core/Src/main.c ****   if (HAL_RCC_OscConfig(&RCC_OscInitStruct) != HAL_OK)
 1023              		.loc 1 303 3 is_stmt 1 view .LVU306
 303:Core/Src/main.c ****   if (HAL_RCC_OscConfig(&RCC_OscInitStruct) != HAL_OK)
 1024              		.loc 1 303 30 is_stmt 0 view .LVU307
 1025 0042 1593     		str	r3, [sp, #84]
 304:Core/Src/main.c ****   {
 1026              		.loc 1 304 3 is_stmt 1 view .LVU308
 304:Core/Src/main.c ****   {
 1027              		.loc 1 304 7 is_stmt 0 view .LVU309
 1028 0044 05A8     		add	r0, sp, #20
 1029 0046 FFF7FEFF 		bl	HAL_RCC_OscConfig
 1030              	.LVL44:
 304:Core/Src/main.c ****   {
 1031              		.loc 1 304 6 discriminator 1 view .LVU310
 1032 004a 88B9     		cbnz	r0, .L80
 311:Core/Src/main.c ****                               |RCC_CLOCKTYPE_PCLK1|RCC_CLOCKTYPE_PCLK2;
 1033              		.loc 1 311 3 is_stmt 1 view .LVU311
 311:Core/Src/main.c ****                               |RCC_CLOCKTYPE_PCLK1|RCC_CLOCKTYPE_PCLK2;
 1034              		.loc 1 311 31 is_stmt 0 view .LVU312
 1035 004c 0F23     		movs	r3, #15
 1036 004e 0093     		str	r3, [sp]
 313:Core/Src/main.c ****   RCC_ClkInitStruct.AHBCLKDivider = RCC_SYSCLK_DIV1;
ARM GAS  C:\Users\Ali\AppData\Local\Temp\ccH49rLE.s 			page 43


 1037              		.loc 1 313 3 is_stmt 1 view .LVU313
 313:Core/Src/main.c ****   RCC_ClkInitStruct.AHBCLKDivider = RCC_SYSCLK_DIV1;
 1038              		.loc 1 313 34 is_stmt 0 view .LVU314
 1039 0050 0323     		movs	r3, #3
 1040 0052 0193     		str	r3, [sp, #4]
 314:Core/Src/main.c ****   RCC_ClkInitStruct.APB1CLKDivider = RCC_HCLK_DIV1;
 1041              		.loc 1 314 3 is_stmt 1 view .LVU315
 314:Core/Src/main.c ****   RCC_ClkInitStruct.APB1CLKDivider = RCC_HCLK_DIV1;
 1042              		.loc 1 314 35 is_stmt 0 view .LVU316
 1043 0054 0023     		movs	r3, #0
 1044 0056 0293     		str	r3, [sp, #8]
 315:Core/Src/main.c ****   RCC_ClkInitStruct.APB2CLKDivider = RCC_HCLK_DIV1;
 1045              		.loc 1 315 3 is_stmt 1 view .LVU317
 315:Core/Src/main.c ****   RCC_ClkInitStruct.APB2CLKDivider = RCC_HCLK_DIV1;
 1046              		.loc 1 315 36 is_stmt 0 view .LVU318
 1047 0058 0393     		str	r3, [sp, #12]
 316:Core/Src/main.c **** 
 1048              		.loc 1 316 3 is_stmt 1 view .LVU319
 316:Core/Src/main.c **** 
 1049              		.loc 1 316 36 is_stmt 0 view .LVU320
 1050 005a 0493     		str	r3, [sp, #16]
 318:Core/Src/main.c ****   {
 1051              		.loc 1 318 3 is_stmt 1 view .LVU321
 318:Core/Src/main.c ****   {
 1052              		.loc 1 318 7 is_stmt 0 view .LVU322
 1053 005c 0421     		movs	r1, #4
 1054 005e 6846     		mov	r0, sp
 1055 0060 FFF7FEFF 		bl	HAL_RCC_ClockConfig
 1056              	.LVL45:
 318:Core/Src/main.c ****   {
 1057              		.loc 1 318 6 discriminator 1 view .LVU323
 1058 0064 30B9     		cbnz	r0, .L81
 322:Core/Src/main.c **** 
 1059              		.loc 1 322 1 view .LVU324
 1060 0066 17B0     		add	sp, sp, #92
 1061              		.cfi_remember_state
 1062              		.cfi_def_cfa_offset 4
 1063              		@ sp needed
 1064 0068 5DF804FB 		ldr	pc, [sp], #4
 1065              	.L79:
 1066              		.cfi_restore_state
 288:Core/Src/main.c ****   }
 1067              		.loc 1 288 5 is_stmt 1 view .LVU325
 1068 006c FFF7FEFF 		bl	Error_Handler
 1069              	.LVL46:
 1070              	.L80:
 306:Core/Src/main.c ****   }
 1071              		.loc 1 306 5 view .LVU326
 1072 0070 FFF7FEFF 		bl	Error_Handler
 1073              	.LVL47:
 1074              	.L81:
 320:Core/Src/main.c ****   }
 1075              		.loc 1 320 5 view .LVU327
 1076 0074 FFF7FEFF 		bl	Error_Handler
 1077              	.LVL48:
 1078              		.cfi_endproc
 1079              	.LFE293:
ARM GAS  C:\Users\Ali\AppData\Local\Temp\ccH49rLE.s 			page 44


 1081              		.section	.text.main,"ax",%progbits
 1082              		.align	1
 1083              		.global	main
 1084              		.syntax unified
 1085              		.thumb
 1086              		.thumb_func
 1088              	main:
 1089              	.LFB292:
 139:Core/Src/main.c **** 
 1090              		.loc 1 139 1 view -0
 1091              		.cfi_startproc
 1092              		@ Volatile: function does not return.
 1093              		@ args = 0, pretend = 0, frame = 0
 1094              		@ frame_needed = 0, uses_anonymous_args = 0
 1095 0000 08B5     		push	{r3, lr}
 1096              		.cfi_def_cfa_offset 8
 1097              		.cfi_offset 3, -8
 1098              		.cfi_offset 14, -4
 143:Core/Src/main.c **** 
 1099              		.loc 1 143 3 view .LVU329
 1100              	.LBB16:
 1101              	.LBI16:
 207:Drivers/CMSIS/Include/cmsis_gcc.h **** {
 1102              		.loc 3 207 27 view .LVU330
 1103              	.LBB17:
 1104              		.loc 3 209 3 view .LVU331
 1105              		.syntax unified
 1106              	@ 209 "Drivers/CMSIS/Include/cmsis_gcc.h" 1
 1107 0002 72B6     		cpsid i
 1108              	@ 0 "" 2
 1109              		.thumb
 1110              		.syntax unified
 1111              	.LBE17:
 1112              	.LBE16:
 146:Core/Src/main.c ****   SysTick->LOAD = 0;
 1113              		.loc 1 146 3 view .LVU332
 146:Core/Src/main.c ****   SysTick->LOAD = 0;
 1114              		.loc 1 146 17 is_stmt 0 view .LVU333
 1115 0004 4FF0E023 		mov	r3, #-536813568
 1116 0008 0022     		movs	r2, #0
 1117 000a 1A61     		str	r2, [r3, #16]
 147:Core/Src/main.c ****   SysTick->VAL = 0;
 1118              		.loc 1 147 3 is_stmt 1 view .LVU334
 147:Core/Src/main.c ****   SysTick->VAL = 0;
 1119              		.loc 1 147 17 is_stmt 0 view .LVU335
 1120 000c 5A61     		str	r2, [r3, #20]
 148:Core/Src/main.c **** 
 1121              		.loc 1 148 3 is_stmt 1 view .LVU336
 148:Core/Src/main.c **** 
 1122              		.loc 1 148 16 is_stmt 0 view .LVU337
 1123 000e 9A61     		str	r2, [r3, #24]
 155:Core/Src/main.c **** 
 1124              		.loc 1 155 3 is_stmt 1 view .LVU338
 1125 0010 FFF7FEFF 		bl	HAL_Init
 1126              	.LVL49:
 162:Core/Src/main.c **** 
 1127              		.loc 1 162 3 view .LVU339
ARM GAS  C:\Users\Ali\AppData\Local\Temp\ccH49rLE.s 			page 45


 1128 0014 FFF7FEFF 		bl	SystemClock_Config
 1129              	.LVL50:
 169:Core/Src/main.c ****   MX_ADC1_Init();
 1130              		.loc 1 169 3 view .LVU340
 1131 0018 FFF7FEFF 		bl	MX_GPIO_Init
 1132              	.LVL51:
 170:Core/Src/main.c ****   MX_CAN1_Init();
 1133              		.loc 1 170 3 view .LVU341
 1134 001c FFF7FEFF 		bl	MX_ADC1_Init
 1135              	.LVL52:
 171:Core/Src/main.c ****   MX_CRC_Init();
 1136              		.loc 1 171 3 view .LVU342
 1137 0020 FFF7FEFF 		bl	MX_CAN1_Init
 1138              	.LVL53:
 172:Core/Src/main.c ****   MX_I2C1_Init();
 1139              		.loc 1 172 3 view .LVU343
 1140 0024 FFF7FEFF 		bl	MX_CRC_Init
 1141              	.LVL54:
 173:Core/Src/main.c ****   MX_I2C3_Init();
 1142              		.loc 1 173 3 view .LVU344
 1143 0028 FFF7FEFF 		bl	MX_I2C1_Init
 1144              	.LVL55:
 174:Core/Src/main.c ****   /* USER CODE BEGIN 2 */
 1145              		.loc 1 174 3 view .LVU345
 1146 002c FFF7FEFF 		bl	MX_I2C3_Init
 1147              	.LVL56:
 178:Core/Src/main.c ****   {
 1148              		.loc 1 178 3 view .LVU346
 178:Core/Src/main.c ****   {
 1149              		.loc 1 178 7 is_stmt 0 view .LVU347
 1150 0030 7F21     		movs	r1, #127
 1151 0032 2B48     		ldr	r0, .L91
 1152 0034 FFF7FEFF 		bl	HAL_ADCEx_Calibration_Start
 1153              	.LVL57:
 178:Core/Src/main.c ****   {
 1154              		.loc 1 178 6 discriminator 1 view .LVU348
 1155 0038 08B1     		cbz	r0, .L83
 180:Core/Src/main.c ****   }
 1156              		.loc 1 180 5 is_stmt 1 view .LVU349
 1157 003a FFF7FEFF 		bl	Error_Handler
 1158              	.LVL58:
 1159              	.L83:
 184:Core/Src/main.c ****   {
 1160              		.loc 1 184 3 view .LVU350
 184:Core/Src/main.c ****   {
 1161              		.loc 1 184 7 is_stmt 0 view .LVU351
 1162 003e 2948     		ldr	r0, .L91+4
 1163 0040 FFF7FEFF 		bl	HAL_CAN_Start
 1164              	.LVL59:
 184:Core/Src/main.c ****   {
 1165              		.loc 1 184 6 discriminator 1 view .LVU352
 1166 0044 08B1     		cbz	r0, .L84
 186:Core/Src/main.c ****   }
 1167              		.loc 1 186 5 is_stmt 1 view .LVU353
 1168 0046 FFF7FEFF 		bl	Error_Handler
 1169              	.LVL60:
 1170              	.L84:
ARM GAS  C:\Users\Ali\AppData\Local\Temp\ccH49rLE.s 			page 46


 192:Core/Src/main.c ****   /* Create the mutex(es) */
 1171              		.loc 1 192 3 view .LVU354
 1172 004a FFF7FEFF 		bl	osKernelInitialize
 1173              	.LVL61:
 195:Core/Src/main.c **** 
 1174              		.loc 1 195 3 view .LVU355
 195:Core/Src/main.c **** 
 1175              		.loc 1 195 16 is_stmt 0 view .LVU356
 1176 004e 2648     		ldr	r0, .L91+8
 1177 0050 FFF7FEFF 		bl	osMutexNew
 1178              	.LVL62:
 195:Core/Src/main.c **** 
 1179              		.loc 1 195 14 discriminator 1 view .LVU357
 1180 0054 254B     		ldr	r3, .L91+12
 1181 0056 1860     		str	r0, [r3]
 198:Core/Src/main.c **** 
 1182              		.loc 1 198 3 is_stmt 1 view .LVU358
 198:Core/Src/main.c **** 
 1183              		.loc 1 198 16 is_stmt 0 view .LVU359
 1184 0058 2548     		ldr	r0, .L91+16
 1185 005a FFF7FEFF 		bl	osMutexNew
 1186              	.LVL63:
 198:Core/Src/main.c **** 
 1187              		.loc 1 198 14 discriminator 1 view .LVU360
 1188 005e 254B     		ldr	r3, .L91+20
 1189 0060 1860     		str	r0, [r3]
 206:Core/Src/main.c ****   if (BMSResetSemHandle == NULL)
 1190              		.loc 1 206 3 is_stmt 1 view .LVU361
 206:Core/Src/main.c ****   if (BMSResetSemHandle == NULL)
 1191              		.loc 1 206 23 is_stmt 0 view .LVU362
 1192 0062 254A     		ldr	r2, .L91+24
 1193 0064 0021     		movs	r1, #0
 1194 0066 0120     		movs	r0, #1
 1195 0068 FFF7FEFF 		bl	osSemaphoreNew
 1196              	.LVL64:
 206:Core/Src/main.c ****   if (BMSResetSemHandle == NULL)
 1197              		.loc 1 206 21 discriminator 1 view .LVU363
 1198 006c 234B     		ldr	r3, .L91+28
 1199 006e 1860     		str	r0, [r3]
 207:Core/Src/main.c ****   {
 1200              		.loc 1 207 3 is_stmt 1 view .LVU364
 207:Core/Src/main.c ****   {
 1201              		.loc 1 207 6 is_stmt 0 view .LVU365
 1202 0070 30B1     		cbz	r0, .L90
 219:Core/Src/main.c ****   
 1203              		.loc 1 219 3 is_stmt 1 view .LVU366
 1204 0072 FFF7FEFF 		bl	Config_Init
 1205              	.LVL65:
 222:Core/Src/main.c ****   {
 1206              		.loc 1 222 3 view .LVU367
 222:Core/Src/main.c ****   {
 1207              		.loc 1 222 7 is_stmt 0 view .LVU368
 1208 0076 FFF7FEFF 		bl	ErrorMgr_Init
 1209              	.LVL66:
 222:Core/Src/main.c ****   {
 1210              		.loc 1 222 6 discriminator 1 view .LVU369
 1211 007a 18B1     		cbz	r0, .L86
ARM GAS  C:\Users\Ali\AppData\Local\Temp\ccH49rLE.s 			page 47


 224:Core/Src/main.c ****   }
 1212              		.loc 1 224 5 is_stmt 1 view .LVU370
 1213 007c FFF7FEFF 		bl	Error_Handler
 1214              	.LVL67:
 1215              	.L90:
 209:Core/Src/main.c ****   }
 1216              		.loc 1 209 5 view .LVU371
 1217 0080 FFF7FEFF 		bl	Error_Handler
 1218              	.LVL68:
 1219              	.L86:
 228:Core/Src/main.c ****   {
 1220              		.loc 1 228 3 view .LVU372
 228:Core/Src/main.c ****   {
 1221              		.loc 1 228 7 is_stmt 0 view .LVU373
 1222 0084 FFF7FEFF 		bl	CAN_Manager_Init
 1223              	.LVL69:
 228:Core/Src/main.c ****   {
 1224              		.loc 1 228 6 discriminator 1 view .LVU374
 1225 0088 08B1     		cbz	r0, .L87
 230:Core/Src/main.c ****   }
 1226              		.loc 1 230 5 is_stmt 1 view .LVU375
 1227 008a FFF7FEFF 		bl	Error_Handler
 1228              	.LVL70:
 1229              	.L87:
 234:Core/Src/main.c ****   /* USER CODE END RTOS_QUEUES */
 1230              		.loc 1 234 3 view .LVU376
 1231 008e 0120     		movs	r0, #1
 1232 0090 FFF7FEFF 		bl	ErrorMgr_SetState
 1233              	.LVL71:
 240:Core/Src/main.c **** 
 1234              		.loc 1 240 3 view .LVU377
 240:Core/Src/main.c **** 
 1235              		.loc 1 240 27 is_stmt 0 view .LVU378
 1236 0094 1A4A     		ldr	r2, .L91+32
 1237 0096 0021     		movs	r1, #0
 1238 0098 1A48     		ldr	r0, .L91+36
 1239 009a FFF7FEFF 		bl	osThreadNew
 1240              	.LVL72:
 240:Core/Src/main.c **** 
 1241              		.loc 1 240 25 discriminator 1 view .LVU379
 1242 009e 1A4B     		ldr	r3, .L91+40
 1243 00a0 1860     		str	r0, [r3]
 243:Core/Src/main.c **** 
 1244              		.loc 1 243 3 is_stmt 1 view .LVU380
 243:Core/Src/main.c **** 
 1245              		.loc 1 243 27 is_stmt 0 view .LVU381
 1246 00a2 1A4A     		ldr	r2, .L91+44
 1247 00a4 0021     		movs	r1, #0
 1248 00a6 1A48     		ldr	r0, .L91+48
 1249 00a8 FFF7FEFF 		bl	osThreadNew
 1250              	.LVL73:
 243:Core/Src/main.c **** 
 1251              		.loc 1 243 25 discriminator 1 view .LVU382
 1252 00ac 194B     		ldr	r3, .L91+52
 1253 00ae 1860     		str	r0, [r3]
 246:Core/Src/main.c **** 
 1254              		.loc 1 246 3 is_stmt 1 view .LVU383
ARM GAS  C:\Users\Ali\AppData\Local\Temp\ccH49rLE.s 			page 48


 246:Core/Src/main.c **** 
 1255              		.loc 1 246 27 is_stmt 0 view .LVU384
 1256 00b0 194A     		ldr	r2, .L91+56
 1257 00b2 0021     		movs	r1, #0
 1258 00b4 1948     		ldr	r0, .L91+60
 1259 00b6 FFF7FEFF 		bl	osThreadNew
 1260              	.LVL74:
 246:Core/Src/main.c **** 
 1261              		.loc 1 246 25 discriminator 1 view .LVU385
 1262 00ba 194B     		ldr	r3, .L91+64
 1263 00bc 1860     		str	r0, [r3]
 249:Core/Src/main.c **** 
 1264              		.loc 1 249 3 is_stmt 1 view .LVU386
 249:Core/Src/main.c **** 
 1265              		.loc 1 249 22 is_stmt 0 view .LVU387
 1266 00be 194A     		ldr	r2, .L91+68
 1267 00c0 0021     		movs	r1, #0
 1268 00c2 1948     		ldr	r0, .L91+72
 1269 00c4 FFF7FEFF 		bl	osThreadNew
 1270              	.LVL75:
 249:Core/Src/main.c **** 
 1271              		.loc 1 249 20 discriminator 1 view .LVU388
 1272 00c8 184B     		ldr	r3, .L91+76
 1273 00ca 1860     		str	r0, [r3]
 252:Core/Src/main.c ****   /* USER CODE END RTOS_THREADS */
 1274              		.loc 1 252 3 is_stmt 1 view .LVU389
 252:Core/Src/main.c ****   /* USER CODE END RTOS_THREADS */
 1275              		.loc 1 252 27 is_stmt 0 view .LVU390
 1276 00cc 184A     		ldr	r2, .L91+80
 1277 00ce 0021     		movs	r1, #0
 1278 00d0 1848     		ldr	r0, .L91+84
 1279 00d2 FFF7FEFF 		bl	osThreadNew
 1280              	.LVL76:
 252:Core/Src/main.c ****   /* USER CODE END RTOS_THREADS */
 1281              		.loc 1 252 25 discriminator 1 view .LVU391
 1282 00d6 184B     		ldr	r3, .L91+88
 1283 00d8 1860     		str	r0, [r3]
 260:Core/Src/main.c **** 
 1284              		.loc 1 260 3 is_stmt 1 view .LVU392
 1285 00da FFF7FEFF 		bl	osKernelStart
 1286              	.LVL77:
 1287              	.L88:
 266:Core/Src/main.c ****   {
 1288              		.loc 1 266 3 view .LVU393
 271:Core/Src/main.c ****   /* USER CODE END 3 */
 1289              		.loc 1 271 3 view .LVU394
 266:Core/Src/main.c ****   {
 1290              		.loc 1 266 9 view .LVU395
 1291 00de FEE7     		b	.L88
 1292              	.L92:
 1293              		.align	2
 1294              	.L91:
 1295 00e0 00000000 		.word	hadc1
 1296 00e4 00000000 		.word	hcan1
 1297 00e8 00000000 		.word	I2C1_attributes
 1298 00ec 00000000 		.word	I2C1Handle
 1299 00f0 00000000 		.word	I2C3_attributes
ARM GAS  C:\Users\Ali\AppData\Local\Temp\ccH49rLE.s 			page 49


 1300 00f4 00000000 		.word	I2C3Handle
 1301 00f8 00000000 		.word	BMSResetSem_attributes
 1302 00fc 00000000 		.word	BMSResetSemHandle
 1303 0100 00000000 		.word	CellVoltageBMS1_attributes
 1304 0104 00000000 		.word	ReadBQBMS1
 1305 0108 00000000 		.word	CellVoltageBMS1Handle
 1306 010c 00000000 		.word	CellVoltageBMS2_attributes
 1307 0110 00000000 		.word	ReadBQBMS2
 1308 0114 00000000 		.word	CellVoltageBMS2Handle
 1309 0118 00000000 		.word	CellTemperature_attributes
 1310 011c 00000000 		.word	ReadCellTemps
 1311 0120 00000000 		.word	CellTemperatureHandle
 1312 0124 00000000 		.word	CANManager_attributes
 1313 0128 00000000 		.word	CAN_ManagerTask
 1314 012c 00000000 		.word	CANManagerHandle
 1315 0130 00000000 		.word	BMSResetHandler_attributes
 1316 0134 00000000 		.word	BMSResetHandlerTask
 1317 0138 00000000 		.word	BMSResetHandlerHandle
 1318              		.cfi_endproc
 1319              	.LFE292:
 1321              		.global	BMSResetHandler_attributes
 1322              		.section	.rodata.str1.4,"aMS",%progbits,1
 1323              		.align	2
 1324              	.LC0:
 1325 0000 424D5352 		.ascii	"BMSResetHandler\000"
 1325      65736574 
 1325      48616E64 
 1325      6C657200 
 1326              		.section	.rodata.BMSResetHandler_attributes,"a"
 1327              		.align	2
 1330              	BMSResetHandler_attributes:
 1331 0000 00000000 		.word	.LC0
 1332 0004 00000000 		.space	16
 1332      00000000 
 1332      00000000 
 1332      00000000 
 1333 0014 00020000 		.word	512
 1334 0018 08000000 		.word	8
 1335 001c 00000000 		.space	8
 1335      00000000 
 1336              		.global	BMSResetHandlerHandle
 1337              		.section	.bss.BMSResetHandlerHandle,"aw",%nobits
 1338              		.align	2
 1341              	BMSResetHandlerHandle:
 1342 0000 00000000 		.space	4
 1343              		.global	BMSResetSem_attributes
 1344              		.section	.rodata.str1.4
 1345              		.align	2
 1346              	.LC1:
 1347 0010 424D5352 		.ascii	"BMSResetSem\000"
 1347      65736574 
 1347      53656D00 
 1348              		.section	.rodata.BMSResetSem_attributes,"a"
 1349              		.align	2
 1352              	BMSResetSem_attributes:
 1353 0000 10000000 		.word	.LC1
 1354 0004 00000000 		.space	12
ARM GAS  C:\Users\Ali\AppData\Local\Temp\ccH49rLE.s 			page 50


 1354      00000000 
 1354      00000000 
 1355              		.global	BMSResetSemHandle
 1356              		.section	.bss.BMSResetSemHandle,"aw",%nobits
 1357              		.align	2
 1360              	BMSResetSemHandle:
 1361 0000 00000000 		.space	4
 1362              		.global	I2C3_attributes
 1363              		.section	.rodata.str1.4
 1364              		.align	2
 1365              	.LC2:
 1366 001c 49324333 		.ascii	"I2C3\000"
 1366      00
 1367              		.section	.rodata.I2C3_attributes,"a"
 1368              		.align	2
 1371              	I2C3_attributes:
 1372 0000 1C000000 		.word	.LC2
 1373 0004 00000000 		.space	12
 1373      00000000 
 1373      00000000 
 1374              		.global	I2C3Handle
 1375              		.section	.bss.I2C3Handle,"aw",%nobits
 1376              		.align	2
 1379              	I2C3Handle:
 1380 0000 00000000 		.space	4
 1381              		.global	I2C1_attributes
 1382              		.section	.rodata.str1.4
 1383 0021 000000   		.align	2
 1384              	.LC3:
 1385 0024 49324331 		.ascii	"I2C1\000"
 1385      00
 1386              		.section	.rodata.I2C1_attributes,"a"
 1387              		.align	2
 1390              	I2C1_attributes:
 1391 0000 24000000 		.word	.LC3
 1392 0004 00000000 		.space	12
 1392      00000000 
 1392      00000000 
 1393              		.global	I2C1Handle
 1394              		.section	.bss.I2C1Handle,"aw",%nobits
 1395              		.align	2
 1398              	I2C1Handle:
 1399 0000 00000000 		.space	4
 1400              		.global	CANManager_attributes
 1401              		.section	.rodata.str1.4
 1402 0029 000000   		.align	2
 1403              	.LC4:
 1404 002c 43414E4D 		.ascii	"CANManager\000"
 1404      616E6167 
 1404      657200
 1405              		.section	.rodata.CANManager_attributes,"a"
 1406              		.align	2
 1409              	CANManager_attributes:
 1410 0000 2C000000 		.word	.LC4
 1411 0004 00000000 		.space	16
 1411      00000000 
 1411      00000000 
ARM GAS  C:\Users\Ali\AppData\Local\Temp\ccH49rLE.s 			page 51


 1411      00000000 
 1412 0014 00040000 		.word	1024
 1413 0018 30000000 		.word	48
 1414 001c 00000000 		.space	8
 1414      00000000 
 1415              		.global	CANManagerHandle
 1416              		.section	.bss.CANManagerHandle,"aw",%nobits
 1417              		.align	2
 1420              	CANManagerHandle:
 1421 0000 00000000 		.space	4
 1422              		.global	CellTemperature_attributes
 1423              		.section	.rodata.str1.4
 1424 0037 00       		.align	2
 1425              	.LC5:
 1426 0038 43656C6C 		.ascii	"CellTemperature\000"
 1426      54656D70 
 1426      65726174 
 1426      75726500 
 1427              		.section	.rodata.CellTemperature_attributes,"a"
 1428              		.align	2
 1431              	CellTemperature_attributes:
 1432 0000 38000000 		.word	.LC5
 1433 0004 00000000 		.space	16
 1433      00000000 
 1433      00000000 
 1433      00000000 
 1434 0014 00020000 		.word	512
 1435 0018 28000000 		.word	40
 1436 001c 00000000 		.space	8
 1436      00000000 
 1437              		.global	CellTemperatureHandle
 1438              		.section	.bss.CellTemperatureHandle,"aw",%nobits
 1439              		.align	2
 1442              	CellTemperatureHandle:
 1443 0000 00000000 		.space	4
 1444              		.global	CellVoltageBMS2_attributes
 1445              		.section	.rodata.str1.4
 1446              		.align	2
 1447              	.LC6:
 1448 0048 43656C6C 		.ascii	"CellVoltageBMS2\000"
 1448      566F6C74 
 1448      61676542 
 1448      4D533200 
 1449              		.section	.rodata.CellVoltageBMS2_attributes,"a"
 1450              		.align	2
 1453              	CellVoltageBMS2_attributes:
 1454 0000 48000000 		.word	.LC6
 1455 0004 00000000 		.space	16
 1455      00000000 
 1455      00000000 
 1455      00000000 
 1456 0014 00020000 		.word	512
 1457 0018 28000000 		.word	40
 1458 001c 00000000 		.space	8
 1458      00000000 
 1459              		.global	CellVoltageBMS2Handle
 1460              		.section	.bss.CellVoltageBMS2Handle,"aw",%nobits
ARM GAS  C:\Users\Ali\AppData\Local\Temp\ccH49rLE.s 			page 52


 1461              		.align	2
 1464              	CellVoltageBMS2Handle:
 1465 0000 00000000 		.space	4
 1466              		.global	CellVoltageBMS1_attributes
 1467              		.section	.rodata.str1.4
 1468              		.align	2
 1469              	.LC7:
 1470 0058 43656C6C 		.ascii	"CellVoltageBMS1\000"
 1470      566F6C74 
 1470      61676542 
 1470      4D533100 
 1471              		.section	.rodata.CellVoltageBMS1_attributes,"a"
 1472              		.align	2
 1475              	CellVoltageBMS1_attributes:
 1476 0000 58000000 		.word	.LC7
 1477 0004 00000000 		.space	16
 1477      00000000 
 1477      00000000 
 1477      00000000 
 1478 0014 00020000 		.word	512
 1479 0018 28000000 		.word	40
 1480 001c 00000000 		.space	8
 1480      00000000 
 1481              		.global	CellVoltageBMS1Handle
 1482              		.section	.bss.CellVoltageBMS1Handle,"aw",%nobits
 1483              		.align	2
 1486              	CellVoltageBMS1Handle:
 1487 0000 00000000 		.space	4
 1488              		.global	hi2c3
 1489              		.section	.bss.hi2c3,"aw",%nobits
 1490              		.align	2
 1493              	hi2c3:
 1494 0000 00000000 		.space	84
 1494      00000000 
 1494      00000000 
 1494      00000000 
 1494      00000000 
 1495              		.global	hi2c1
 1496              		.section	.bss.hi2c1,"aw",%nobits
 1497              		.align	2
 1500              	hi2c1:
 1501 0000 00000000 		.space	84
 1501      00000000 
 1501      00000000 
 1501      00000000 
 1501      00000000 
 1502              		.global	hcrc
 1503              		.section	.bss.hcrc,"aw",%nobits
 1504              		.align	2
 1507              	hcrc:
 1508 0000 00000000 		.space	36
 1508      00000000 
 1508      00000000 
 1508      00000000 
 1508      00000000 
 1509              		.global	hcan1
 1510              		.section	.bss.hcan1,"aw",%nobits
ARM GAS  C:\Users\Ali\AppData\Local\Temp\ccH49rLE.s 			page 53


 1511              		.align	2
 1514              	hcan1:
 1515 0000 00000000 		.space	40
 1515      00000000 
 1515      00000000 
 1515      00000000 
 1515      00000000 
 1516              		.global	hadc1
 1517              		.section	.bss.hadc1,"aw",%nobits
 1518              		.align	2
 1521              	hadc1:
 1522 0000 00000000 		.space	100
 1522      00000000 
 1522      00000000 
 1522      00000000 
 1522      00000000 
 1523              		.text
 1524              	.Letext0:
 1525              		.file 4 "C:/Users/Ali/AppData/Roaming/Code/User/globalStorage/bmd.stm32-for-vscode/@xpack-dev-tool
 1526              		.file 5 "C:/Users/Ali/AppData/Roaming/Code/User/globalStorage/bmd.stm32-for-vscode/@xpack-dev-tool
 1527              		.file 6 "Drivers/CMSIS/Include/core_cm4.h"
 1528              		.file 7 "Drivers/CMSIS/Device/ST/STM32L4xx/Include/stm32l432xx.h"
 1529              		.file 8 "Drivers/CMSIS/Device/ST/STM32L4xx/Include/stm32l4xx.h"
 1530              		.file 9 "Drivers/STM32L4xx_HAL_Driver/Inc/stm32l4xx_hal_def.h"
 1531              		.file 10 "Drivers/STM32L4xx_HAL_Driver/Inc/stm32l4xx_hal_rcc.h"
 1532              		.file 11 "Drivers/STM32L4xx_HAL_Driver/Inc/stm32l4xx_hal_gpio.h"
 1533              		.file 12 "Drivers/STM32L4xx_HAL_Driver/Inc/stm32l4xx_hal_dma.h"
 1534              		.file 13 "Drivers/STM32L4xx_HAL_Driver/Inc/stm32l4xx_hal_adc.h"
 1535              		.file 14 "Drivers/STM32L4xx_HAL_Driver/Inc/stm32l4xx_hal_can.h"
 1536              		.file 15 "Drivers/STM32L4xx_HAL_Driver/Inc/stm32l4xx_hal_crc.h"
 1537              		.file 16 "Drivers/STM32L4xx_HAL_Driver/Inc/stm32l4xx_hal_i2c.h"
 1538              		.file 17 "Drivers/STM32L4xx_HAL_Driver/Inc/stm32l4xx_hal_tim.h"
 1539              		.file 18 "Middlewares/Third_Party/FreeRTOS/Source/CMSIS_RTOS_V2/cmsis_os2.h"
 1540              		.file 19 "Core/Inc/main.h"
 1541              		.file 20 "Core/Inc/cell_temp_handler.h"
 1542              		.file 21 "Core/Inc/bq_handler.h"
 1543              		.file 22 "Core/Inc/error_manager.h"
 1544              		.file 23 "Drivers/STM32L4xx_HAL_Driver/Inc/stm32l4xx_hal_pwr_ex.h"
 1545              		.file 24 "Drivers/STM32L4xx_HAL_Driver/Inc/stm32l4xx_hal_i2c_ex.h"
 1546              		.file 25 "Core/Inc/can_manager.h"
 1547              		.file 26 "Drivers/STM32L4xx_HAL_Driver/Inc/stm32l4xx_hal.h"
 1548              		.file 27 "Core/Inc/config_manager.h"
 1549              		.file 28 "Drivers/STM32L4xx_HAL_Driver/Inc/stm32l4xx_hal_adc_ex.h"
 1550              		.file 29 "<built-in>"
ARM GAS  C:\Users\Ali\AppData\Local\Temp\ccH49rLE.s 			page 54


DEFINED SYMBOLS
                            *ABS*:00000000 main.c
C:\Users\Ali\AppData\Local\Temp\ccH49rLE.s:21     .text.MX_GPIO_Init:00000000 $t
C:\Users\Ali\AppData\Local\Temp\ccH49rLE.s:26     .text.MX_GPIO_Init:00000000 MX_GPIO_Init
C:\Users\Ali\AppData\Local\Temp\ccH49rLE.s:155    .text.MX_GPIO_Init:00000094 $d
C:\Users\Ali\AppData\Local\Temp\ccH49rLE.s:161    .text.ReadBQBMS1:00000000 $t
C:\Users\Ali\AppData\Local\Temp\ccH49rLE.s:167    .text.ReadBQBMS1:00000000 ReadBQBMS1
C:\Users\Ali\AppData\Local\Temp\ccH49rLE.s:188    .text.ReadBQBMS2:00000000 $t
C:\Users\Ali\AppData\Local\Temp\ccH49rLE.s:194    .text.ReadBQBMS2:00000000 ReadBQBMS2
C:\Users\Ali\AppData\Local\Temp\ccH49rLE.s:215    .text.ReadCellTemps:00000000 $t
C:\Users\Ali\AppData\Local\Temp\ccH49rLE.s:221    .text.ReadCellTemps:00000000 ReadCellTemps
C:\Users\Ali\AppData\Local\Temp\ccH49rLE.s:242    .text.BMSResetHandlerTask:00000000 $t
C:\Users\Ali\AppData\Local\Temp\ccH49rLE.s:248    .text.BMSResetHandlerTask:00000000 BMSResetHandlerTask
C:\Users\Ali\AppData\Local\Temp\ccH49rLE.s:281    .text.BMSResetHandlerTask:00000018 $d
C:\Users\Ali\AppData\Local\Temp\ccH49rLE.s:1360   .bss.BMSResetSemHandle:00000000 BMSResetSemHandle
C:\Users\Ali\AppData\Local\Temp\ccH49rLE.s:286    .text.vApplicationMallocFailedHook:00000000 $t
C:\Users\Ali\AppData\Local\Temp\ccH49rLE.s:292    .text.vApplicationMallocFailedHook:00000000 vApplicationMallocFailedHook
C:\Users\Ali\AppData\Local\Temp\ccH49rLE.s:351    .text.vApplicationMallocFailedHook:00000030 $d
C:\Users\Ali\AppData\Local\Temp\ccH49rLE.s:358    .text.HAL_TIM_PeriodElapsedCallback:00000000 $t
C:\Users\Ali\AppData\Local\Temp\ccH49rLE.s:364    .text.HAL_TIM_PeriodElapsedCallback:00000000 HAL_TIM_PeriodElapsedCallback
C:\Users\Ali\AppData\Local\Temp\ccH49rLE.s:397    .text.HAL_TIM_PeriodElapsedCallback:00000014 $d
C:\Users\Ali\AppData\Local\Temp\ccH49rLE.s:402    .text.Error_Handler:00000000 $t
C:\Users\Ali\AppData\Local\Temp\ccH49rLE.s:408    .text.Error_Handler:00000000 Error_Handler
C:\Users\Ali\AppData\Local\Temp\ccH49rLE.s:440    .text.MX_ADC1_Init:00000000 $t
C:\Users\Ali\AppData\Local\Temp\ccH49rLE.s:445    .text.MX_ADC1_Init:00000000 MX_ADC1_Init
C:\Users\Ali\AppData\Local\Temp\ccH49rLE.s:570    .text.MX_ADC1_Init:00000074 $d
C:\Users\Ali\AppData\Local\Temp\ccH49rLE.s:1521   .bss.hadc1:00000000 hadc1
C:\Users\Ali\AppData\Local\Temp\ccH49rLE.s:577    .text.MX_CAN1_Init:00000000 $t
C:\Users\Ali\AppData\Local\Temp\ccH49rLE.s:582    .text.MX_CAN1_Init:00000000 MX_CAN1_Init
C:\Users\Ali\AppData\Local\Temp\ccH49rLE.s:702    .text.MX_CAN1_Init:00000068 $d
C:\Users\Ali\AppData\Local\Temp\ccH49rLE.s:1514   .bss.hcan1:00000000 hcan1
C:\Users\Ali\AppData\Local\Temp\ccH49rLE.s:708    .text.MX_CRC_Init:00000000 $t
C:\Users\Ali\AppData\Local\Temp\ccH49rLE.s:713    .text.MX_CRC_Init:00000000 MX_CRC_Init
C:\Users\Ali\AppData\Local\Temp\ccH49rLE.s:760    .text.MX_CRC_Init:00000024 $d
C:\Users\Ali\AppData\Local\Temp\ccH49rLE.s:1507   .bss.hcrc:00000000 hcrc
C:\Users\Ali\AppData\Local\Temp\ccH49rLE.s:766    .text.MX_I2C1_Init:00000000 $t
C:\Users\Ali\AppData\Local\Temp\ccH49rLE.s:771    .text.MX_I2C1_Init:00000000 MX_I2C1_Init
C:\Users\Ali\AppData\Local\Temp\ccH49rLE.s:852    .text.MX_I2C1_Init:00000048 $d
C:\Users\Ali\AppData\Local\Temp\ccH49rLE.s:1500   .bss.hi2c1:00000000 hi2c1
C:\Users\Ali\AppData\Local\Temp\ccH49rLE.s:859    .text.MX_I2C3_Init:00000000 $t
C:\Users\Ali\AppData\Local\Temp\ccH49rLE.s:864    .text.MX_I2C3_Init:00000000 MX_I2C3_Init
C:\Users\Ali\AppData\Local\Temp\ccH49rLE.s:945    .text.MX_I2C3_Init:00000048 $d
C:\Users\Ali\AppData\Local\Temp\ccH49rLE.s:1493   .bss.hi2c3:00000000 hi2c3
C:\Users\Ali\AppData\Local\Temp\ccH49rLE.s:952    .text.SystemClock_Config:00000000 $t
C:\Users\Ali\AppData\Local\Temp\ccH49rLE.s:958    .text.SystemClock_Config:00000000 SystemClock_Config
C:\Users\Ali\AppData\Local\Temp\ccH49rLE.s:1082   .text.main:00000000 $t
C:\Users\Ali\AppData\Local\Temp\ccH49rLE.s:1088   .text.main:00000000 main
C:\Users\Ali\AppData\Local\Temp\ccH49rLE.s:1295   .text.main:000000e0 $d
C:\Users\Ali\AppData\Local\Temp\ccH49rLE.s:1390   .rodata.I2C1_attributes:00000000 I2C1_attributes
C:\Users\Ali\AppData\Local\Temp\ccH49rLE.s:1398   .bss.I2C1Handle:00000000 I2C1Handle
C:\Users\Ali\AppData\Local\Temp\ccH49rLE.s:1371   .rodata.I2C3_attributes:00000000 I2C3_attributes
C:\Users\Ali\AppData\Local\Temp\ccH49rLE.s:1379   .bss.I2C3Handle:00000000 I2C3Handle
C:\Users\Ali\AppData\Local\Temp\ccH49rLE.s:1352   .rodata.BMSResetSem_attributes:00000000 BMSResetSem_attributes
C:\Users\Ali\AppData\Local\Temp\ccH49rLE.s:1475   .rodata.CellVoltageBMS1_attributes:00000000 CellVoltageBMS1_attributes
C:\Users\Ali\AppData\Local\Temp\ccH49rLE.s:1486   .bss.CellVoltageBMS1Handle:00000000 CellVoltageBMS1Handle
C:\Users\Ali\AppData\Local\Temp\ccH49rLE.s:1453   .rodata.CellVoltageBMS2_attributes:00000000 CellVoltageBMS2_attributes
C:\Users\Ali\AppData\Local\Temp\ccH49rLE.s:1464   .bss.CellVoltageBMS2Handle:00000000 CellVoltageBMS2Handle
ARM GAS  C:\Users\Ali\AppData\Local\Temp\ccH49rLE.s 			page 55


C:\Users\Ali\AppData\Local\Temp\ccH49rLE.s:1431   .rodata.CellTemperature_attributes:00000000 CellTemperature_attributes
C:\Users\Ali\AppData\Local\Temp\ccH49rLE.s:1442   .bss.CellTemperatureHandle:00000000 CellTemperatureHandle
C:\Users\Ali\AppData\Local\Temp\ccH49rLE.s:1409   .rodata.CANManager_attributes:00000000 CANManager_attributes
C:\Users\Ali\AppData\Local\Temp\ccH49rLE.s:1420   .bss.CANManagerHandle:00000000 CANManagerHandle
C:\Users\Ali\AppData\Local\Temp\ccH49rLE.s:1330   .rodata.BMSResetHandler_attributes:00000000 BMSResetHandler_attributes
C:\Users\Ali\AppData\Local\Temp\ccH49rLE.s:1341   .bss.BMSResetHandlerHandle:00000000 BMSResetHandlerHandle
C:\Users\Ali\AppData\Local\Temp\ccH49rLE.s:1323   .rodata.str1.4:00000000 $d
C:\Users\Ali\AppData\Local\Temp\ccH49rLE.s:1327   .rodata.BMSResetHandler_attributes:00000000 $d
C:\Users\Ali\AppData\Local\Temp\ccH49rLE.s:1338   .bss.BMSResetHandlerHandle:00000000 $d
C:\Users\Ali\AppData\Local\Temp\ccH49rLE.s:1349   .rodata.BMSResetSem_attributes:00000000 $d
C:\Users\Ali\AppData\Local\Temp\ccH49rLE.s:1357   .bss.BMSResetSemHandle:00000000 $d
C:\Users\Ali\AppData\Local\Temp\ccH49rLE.s:1368   .rodata.I2C3_attributes:00000000 $d
C:\Users\Ali\AppData\Local\Temp\ccH49rLE.s:1376   .bss.I2C3Handle:00000000 $d
C:\Users\Ali\AppData\Local\Temp\ccH49rLE.s:1387   .rodata.I2C1_attributes:00000000 $d
C:\Users\Ali\AppData\Local\Temp\ccH49rLE.s:1395   .bss.I2C1Handle:00000000 $d
C:\Users\Ali\AppData\Local\Temp\ccH49rLE.s:1406   .rodata.CANManager_attributes:00000000 $d
C:\Users\Ali\AppData\Local\Temp\ccH49rLE.s:1417   .bss.CANManagerHandle:00000000 $d
C:\Users\Ali\AppData\Local\Temp\ccH49rLE.s:1428   .rodata.CellTemperature_attributes:00000000 $d
C:\Users\Ali\AppData\Local\Temp\ccH49rLE.s:1439   .bss.CellTemperatureHandle:00000000 $d
C:\Users\Ali\AppData\Local\Temp\ccH49rLE.s:1450   .rodata.CellVoltageBMS2_attributes:00000000 $d
C:\Users\Ali\AppData\Local\Temp\ccH49rLE.s:1461   .bss.CellVoltageBMS2Handle:00000000 $d
C:\Users\Ali\AppData\Local\Temp\ccH49rLE.s:1472   .rodata.CellVoltageBMS1_attributes:00000000 $d
C:\Users\Ali\AppData\Local\Temp\ccH49rLE.s:1483   .bss.CellVoltageBMS1Handle:00000000 $d
C:\Users\Ali\AppData\Local\Temp\ccH49rLE.s:1490   .bss.hi2c3:00000000 $d
C:\Users\Ali\AppData\Local\Temp\ccH49rLE.s:1497   .bss.hi2c1:00000000 $d
C:\Users\Ali\AppData\Local\Temp\ccH49rLE.s:1504   .bss.hcrc:00000000 $d
C:\Users\Ali\AppData\Local\Temp\ccH49rLE.s:1511   .bss.hcan1:00000000 $d
C:\Users\Ali\AppData\Local\Temp\ccH49rLE.s:1518   .bss.hadc1:00000000 $d

UNDEFINED SYMBOLS
HAL_GPIO_WritePin
HAL_GPIO_Init
BQ_MonitorTask
BQ_MonitorTask_BMS2
CellTemp_MonitorTask
osSemaphoreAcquire
BQ_ResetChips
HAL_GPIO_TogglePin
HAL_IncTick
HAL_ADC_Init
HAL_ADC_ConfigChannel
HAL_CAN_Init
HAL_CAN_ConfigFilter
HAL_CRC_Init
HAL_I2C_Init
HAL_I2CEx_ConfigAnalogFilter
HAL_I2CEx_ConfigDigitalFilter
memset
HAL_PWREx_ControlVoltageScaling
HAL_RCC_OscConfig
HAL_RCC_ClockConfig
HAL_Init
HAL_ADCEx_Calibration_Start
HAL_CAN_Start
osKernelInitialize
osMutexNew
osSemaphoreNew
ARM GAS  C:\Users\Ali\AppData\Local\Temp\ccH49rLE.s 			page 56


Config_Init
ErrorMgr_Init
CAN_Manager_Init
ErrorMgr_SetState
osThreadNew
osKernelStart
CAN_ManagerTask
